year_month,district,okrug,secondary_price_per_sqm,newbuild_price_per_sqm,rental_price_per_sqm_monthly,n_listings_secondary,n_listings_newbuild,n_listings_rental,cbr_key_rate_pct,avg_mortgage_rate_pct
2020-01,Arbat,CAO,480000,543700,2000,104,68,41,6.0,8.5
2020-02,Arbat,CAO,469100,531500,1955,22,63,50,6.0,8.5
2020-03,Arbat,CAO,502200,559800,2093,104,56,28,6.0,8.5
2020-04,Arbat,CAO,505100,541500,2104,168,29,107,4.25,6.75
2020-05,Arbat,CAO,523500,594800,2181,66,58,57,4.25,6.75
2020-06,Arbat,CAO,515700,563900,2149,182,29,81,4.25,6.75
2020-07,Arbat,CAO,499300,560800,2081,63,17,115,4.25,6.75
2020-08,Arbat,CAO,531700,582700,2215,73,28,114,4.25,6.75
2020-09,Arbat,CAO,530700,575500,2211,148,20,42,4.25,6.75
2020-10,Arbat,CAO,551200,595900,2297,166,43,100,4.25,6.75
2020-11,Arbat,CAO,565400,618200,2356,159,69,98,4.25,6.75
2020-12,Arbat,CAO,522200,567500,2176,55,18,89,4.25,6.75
2021-01,Arbat,CAO,579900,630400,2416,118,55,28,4.25,6.75
2021-02,Arbat,CAO,584900,637100,2437,112,6,51,4.25,6.75
2021-03,Arbat,CAO,593100,657200,2471,172,26,19,4.25,6.75
2021-04,Arbat,CAO,607600,684300,2532,144,32,118,8.5,11.0
2021-05,Arbat,CAO,604300,680100,2518,66,12,79,8.5,11.0
2021-06,Arbat,CAO,605100,682700,2521,135,78,59,8.5,11.0
2021-07,Arbat,CAO,617200,674600,2572,136,16,115,8.5,11.0
2021-08,Arbat,CAO,640700,703700,2669,130,26,84,8.5,11.0
2021-09,Arbat,CAO,635900,690500,2650,131,17,54,8.5,11.0
2021-10,Arbat,CAO,651900,706100,2716,131,57,24,8.5,11.0
2021-11,Arbat,CAO,636800,714800,2653,45,5,58,8.5,11.0
2021-12,Arbat,CAO,656800,739400,2737,75,21,48,8.5,11.0
2022-01,Arbat,CAO,667200,738900,2780,66,69,81,20.0,22.5
2022-02,Arbat,CAO,671300,745400,2797,62,49,47,20.0,22.5
2022-03,Arbat,CAO,636200,702100,2651,192,40,110,20.0,22.5
2022-04,Arbat,CAO,615500,649400,2565,171,23,49,9.5,12.0
2022-05,Arbat,CAO,635600,680600,2648,116,62,89,9.5,12.0
2022-06,Arbat,CAO,625900,692600,2608,34,17,50,9.5,12.0
2022-07,Arbat,CAO,643500,704300,2681,21,45,71,9.5,12.0
2022-08,Arbat,CAO,685100,738900,2855,69,79,23,9.5,12.0
2022-09,Arbat,CAO,683100,723600,2846,148,46,90,9.5,12.0
2022-10,Arbat,CAO,654200,719000,2726,92,60,36,7.5,10.0
2022-11,Arbat,CAO,696600,766200,2903,91,66,48,7.5,10.0
2022-12,Arbat,CAO,677900,743300,2825,162,14,63,7.5,10.0
2023-01,Arbat,CAO,685900,773300,2858,59,35,57,7.5,10.0
2023-02,Arbat,CAO,684200,771800,2851,146,18,38,7.5,10.0
2023-03,Arbat,CAO,680500,738700,2835,131,63,105,7.5,10.0
2023-04,Arbat,CAO,730200,828900,3042,128,70,59,7.5,10.0
2023-05,Arbat,CAO,727700,829900,3032,127,46,106,7.5,10.0
2023-06,Arbat,CAO,750100,808400,3125,97,63,19,7.5,10.0
2023-07,Arbat,CAO,730000,786100,3042,109,52,66,13.0,15.5
2023-08,Arbat,CAO,737800,839600,3074,67,76,43,13.0,15.5
2023-09,Arbat,CAO,716400,765500,2985,183,43,28,13.0,15.5
2023-10,Arbat,CAO,738800,805100,3079,163,16,68,13.0,15.5
2023-11,Arbat,CAO,761500,864800,3173,46,45,84,13.0,15.5
2023-12,Arbat,CAO,721100,767600,3005,87,66,19,13.0,15.5
2024-01,Arbat,CAO,728500,799600,3035,128,55,41,16.0,18.5
2024-02,Arbat,CAO,776200,867500,3234,199,11,28,16.0,18.5
2024-03,Arbat,CAO,745000,780500,3104,108,57,42,16.0,18.5
2024-04,Arbat,CAO,729400,815400,3039,46,68,52,16.0,18.5
2024-05,Arbat,CAO,766400,827600,3194,91,70,91,16.0,18.5
2024-06,Arbat,CAO,736100,790000,3067,80,33,98,16.0,18.5
2024-07,Arbat,CAO,740500,795400,3085,57,66,59,16.0,18.5
2024-08,Arbat,CAO,751100,824900,3130,177,30,88,16.0,18.5
2024-09,Arbat,CAO,728400,806700,3035,162,19,68,16.0,18.5
2024-10,Arbat,CAO,763500,867100,3181,95,33,23,21.0,23.5
2024-11,Arbat,CAO,762800,842300,3178,165,10,61,21.0,23.5
2024-12,Arbat,CAO,722900,794500,3012,105,9,17,21.0,23.5
2025-01,Arbat,CAO,748000,826800,3117,118,66,60,21.0,23.5
2025-02,Arbat,CAO,710800,803900,2962,59,32,44,21.0,23.5
2025-03,Arbat,CAO,700200,771700,2917,115,5,111,21.0,23.5
2025-04,Arbat,CAO,734400,838800,3060,135,10,103,21.0,23.5
2025-05,Arbat,CAO,746000,815400,3108,86,53,14,21.0,23.5
2025-06,Arbat,CAO,723800,808300,3016,55,65,52,21.0,23.5
2025-07,Arbat,CAO,729500,784600,3040,180,23,53,17.0,19.5
2025-08,Arbat,CAO,754400,827200,3143,118,14,79,17.0,19.5
2025-09,Arbat,CAO,728200,806300,3034,93,35,103,17.0,19.5
2025-10,Arbat,CAO,756700,825600,3153,186,21,64,17.0,19.5
2025-11,Arbat,CAO,760200,840000,3167,74,18,84,17.0,19.5
2025-12,Arbat,CAO,742600,766700,3094,174,37,71,17.0,19.5
2026-01,Arbat,CAO,741700,809700,3091,105,27,26,17.0,19.5
2026-02,Arbat,CAO,763800,806300,3183,172,47,49,17.0,19.5
2026-03,Arbat,CAO,759500,847100,3165,182,21,40,17.0,19.5
2026-04,Arbat,CAO,761700,822100,3174,47,43,70,17.0,19.5
2020-01,Basmanny,CAO,380000,430100,1583,23,73,43,6.0,8.5
2020-02,Basmanny,CAO,382700,414900,1594,103,75,98,6.0,8.5
2020-03,Basmanny,CAO,368800,389200,1537,65,55,67,6.0,8.5
2020-04,Basmanny,CAO,384700,419600,1603,22,17,68,4.25,6.75
2020-05,Basmanny,CAO,398100,460800,1659,95,71,41,4.25,6.75
2020-06,Basmanny,CAO,401800,453200,1674,52,38,32,4.25,6.75
2020-07,Basmanny,CAO,399700,453900,1665,90,59,96,4.25,6.75
2020-08,Basmanny,CAO,398500,449500,1661,93,13,51,4.25,6.75
2020-09,Basmanny,CAO,407200,444100,1697,47,52,47,4.25,6.75
2020-10,Basmanny,CAO,405300,448600,1689,43,65,12,4.25,6.75
2020-11,Basmanny,CAO,425000,473400,1771,138,42,20,4.25,6.75
2020-12,Basmanny,CAO,441100,496500,1838,95,63,48,4.25,6.75
2021-01,Basmanny,CAO,443000,479800,1846,105,44,46,4.25,6.75
2021-02,Basmanny,CAO,433900,484800,1808,32,11,85,4.25,6.75
2021-03,Basmanny,CAO,436400,484900,1818,34,17,95,4.25,6.75
2021-04,Basmanny,CAO,459500,509800,1914,185,21,118,8.5,11.0
2021-05,Basmanny,CAO,491200,535100,2046,144,45,13,8.5,11.0
2021-06,Basmanny,CAO,464600,501800,1936,187,5,37,8.5,11.0
2021-07,Basmanny,CAO,490000,537200,2042,156,78,68,8.5,11.0
2021-08,Basmanny,CAO,500700,529100,2086,119,10,98,8.5,11.0
2021-09,Basmanny,CAO,498100,518700,2075,75,34,90,8.5,11.0
2021-10,Basmanny,CAO,491200,555100,2047,50,74,68,8.5,11.0
2021-11,Basmanny,CAO,497400,549000,2072,105,73,101,8.5,11.0
2021-12,Basmanny,CAO,520500,587900,2169,123,48,56,8.5,11.0
2022-01,Basmanny,CAO,509800,540600,2124,71,72,74,20.0,22.5
2022-02,Basmanny,CAO,514200,560900,2142,166,65,20,20.0,22.5
2022-03,Basmanny,CAO,505200,563600,2105,96,10,113,20.0,22.5
2022-04,Basmanny,CAO,512600,556200,2136,64,49,62,9.5,12.0
2022-05,Basmanny,CAO,514700,539900,2145,26,74,117,9.5,12.0
2022-06,Basmanny,CAO,504600,533700,2103,175,39,83,9.5,12.0
2022-07,Basmanny,CAO,507800,555000,2116,26,49,99,9.5,12.0
2022-08,Basmanny,CAO,529000,603000,2204,126,69,20,9.5,12.0
2022-09,Basmanny,CAO,502700,540400,2095,85,11,112,9.5,12.0
2022-10,Basmanny,CAO,522500,574000,2177,35,27,91,7.5,10.0
2022-11,Basmanny,CAO,542900,568200,2262,165,13,114,7.5,10.0
2022-12,Basmanny,CAO,531300,589600,2214,123,19,39,7.5,10.0
2023-01,Basmanny,CAO,546100,607500,2275,141,39,46,7.5,10.0
2023-02,Basmanny,CAO,526900,586100,2195,64,59,79,7.5,10.0
2023-03,Basmanny,CAO,526800,582000,2195,58,34,82,7.5,10.0
2023-04,Basmanny,CAO,563500,584500,2348,88,29,89,7.5,10.0
2023-05,Basmanny,CAO,556900,617200,2321,90,28,61,7.5,10.0
2023-06,Basmanny,CAO,557900,603300,2324,26,22,103,7.5,10.0
2023-07,Basmanny,CAO,547800,607300,2283,131,25,80,13.0,15.5
2023-08,Basmanny,CAO,553800,628300,2308,61,56,79,13.0,15.5
2023-09,Basmanny,CAO,569400,638400,2372,182,22,113,13.0,15.5
2023-10,Basmanny,CAO,573500,625200,2390,27,30,83,13.0,15.5
2023-11,Basmanny,CAO,584200,629900,2434,155,73,25,13.0,15.5
2023-12,Basmanny,CAO,561100,598900,2338,112,26,80,13.0,15.5
2024-01,Basmanny,CAO,571700,638800,2382,51,46,55,16.0,18.5
2024-02,Basmanny,CAO,587400,668700,2448,45,72,66,16.0,18.5
2024-03,Basmanny,CAO,558400,645300,2327,159,56,81,16.0,18.5
2024-04,Basmanny,CAO,596500,636600,2486,47,72,76,16.0,18.5
2024-05,Basmanny,CAO,573000,605700,2388,29,72,58,16.0,18.5
2024-06,Basmanny,CAO,596000,643100,2483,185,78,30,16.0,18.5
2024-07,Basmanny,CAO,583200,637100,2430,169,66,84,16.0,18.5
2024-08,Basmanny,CAO,579100,658800,2413,140,29,75,16.0,18.5
2024-09,Basmanny,CAO,606600,673600,2527,132,19,21,16.0,18.5
2024-10,Basmanny,CAO,585200,641600,2438,26,73,18,21.0,23.5
2024-11,Basmanny,CAO,553900,597400,2308,34,63,86,21.0,23.5
2024-12,Basmanny,CAO,554600,597300,2311,50,47,113,21.0,23.5
2025-01,Basmanny,CAO,558500,603400,2327,174,5,30,21.0,23.5
2025-02,Basmanny,CAO,586400,635000,2443,35,18,115,21.0,23.5
2025-03,Basmanny,CAO,569500,642100,2373,58,68,59,21.0,23.5
2025-04,Basmanny,CAO,564400,630400,2352,42,36,111,21.0,23.5
2025-05,Basmanny,CAO,556400,619600,2318,56,16,24,21.0,23.5
2025-06,Basmanny,CAO,546600,605800,2278,45,18,61,21.0,23.5
2025-07,Basmanny,CAO,588700,629800,2453,83,60,46,17.0,19.5
2025-08,Basmanny,CAO,561200,627500,2338,89,61,68,17.0,19.5
2025-09,Basmanny,CAO,572000,614400,2383,150,59,27,17.0,19.5
2025-10,Basmanny,CAO,590000,654400,2458,95,59,97,17.0,19.5
2025-11,Basmanny,CAO,604400,675600,2518,96,65,60,17.0,19.5
2025-12,Basmanny,CAO,555100,573800,2313,188,44,23,17.0,19.5
2026-01,Basmanny,CAO,558900,591700,2329,82,53,37,17.0,19.5
2026-02,Basmanny,CAO,588500,642900,2452,178,43,103,17.0,19.5
2026-03,Basmanny,CAO,571600,630200,2382,65,47,45,17.0,19.5
2026-04,Basmanny,CAO,578100,652100,2409,58,72,103,17.0,19.5
2020-01,Zamoskvorechye,CAO,411600,464100,1715,134,15,66,6.0,8.5
2020-02,Zamoskvorechye,CAO,410700,454900,1711,196,31,12,6.0,8.5
2020-03,Zamoskvorechye,CAO,411700,443600,1715,101,53,107,6.0,8.5
2020-04,Zamoskvorechye,CAO,402200,449000,1676,196,56,22,4.25,6.75
2020-05,Zamoskvorechye,CAO,418100,451200,1742,46,74,96,4.25,6.75
2020-06,Zamoskvorechye,CAO,434900,482000,1812,101,34,106,4.25,6.75
2020-07,Zamoskvorechye,CAO,444800,484300,1853,34,5,24,4.25,6.75
2020-08,Zamoskvorechye,CAO,458600,508800,1911,169,45,91,4.25,6.75
2020-09,Zamoskvorechye,CAO,459200,517100,1913,37,9,27,4.25,6.75
2020-10,Zamoskvorechye,CAO,459900,508600,1916,184,19,73,4.25,6.75
2020-11,Zamoskvorechye,CAO,465400,501400,1939,135,41,49,4.25,6.75
2020-12,Zamoskvorechye,CAO,485000,542400,2021,148,48,94,4.25,6.75
2021-01,Zamoskvorechye,CAO,469500,512700,1956,140,75,116,4.25,6.75
2021-02,Zamoskvorechye,CAO,468800,527000,1953,103,11,35,4.25,6.75
2021-03,Zamoskvorechye,CAO,481100,542700,2005,122,23,44,4.25,6.75
2021-04,Zamoskvorechye,CAO,527400,594700,2197,164,77,90,8.5,11.0
2021-05,Zamoskvorechye,CAO,499700,555400,2082,100,17,64,8.5,11.0
2021-06,Zamoskvorechye,CAO,519800,574700,2166,141,77,81,8.5,11.0
2021-07,Zamoskvorechye,CAO,537900,587800,2241,119,25,78,8.5,11.0
2021-08,Zamoskvorechye,CAO,525200,597000,2188,88,77,79,8.5,11.0
2021-09,Zamoskvorechye,CAO,515200,560600,2147,62,76,49,8.5,11.0
2021-10,Zamoskvorechye,CAO,531000,572900,2212,150,39,86,8.5,11.0
2021-11,Zamoskvorechye,CAO,559500,618400,2331,136,6,36,8.5,11.0
2021-12,Zamoskvorechye,CAO,561100,618000,2338,151,21,103,8.5,11.0
2022-01,Zamoskvorechye,CAO,585200,635400,2439,126,8,44,20.0,22.5
2022-02,Zamoskvorechye,CAO,553900,591200,2308,137,35,34,20.0,22.5
2022-03,Zamoskvorechye,CAO,527900,580100,2200,97,79,15,20.0,22.5
2022-04,Zamoskvorechye,CAO,520800,602100,2170,135,6,109,9.5,12.0
2022-05,Zamoskvorechye,CAO,544800,596000,2270,71,28,40,9.5,12.0
2022-06,Zamoskvorechye,CAO,527600,589600,2198,130,25,114,9.5,12.0
2022-07,Zamoskvorechye,CAO,574400,657800,2393,70,69,62,9.5,12.0
2022-08,Zamoskvorechye,CAO,550400,607400,2293,42,20,74,9.5,12.0
2022-09,Zamoskvorechye,CAO,545600,593900,2273,104,48,71,9.5,12.0
2022-10,Zamoskvorechye,CAO,580400,647700,2418,127,23,100,7.5,10.0
2022-11,Zamoskvorechye,CAO,566000,612600,2358,154,17,15,7.5,10.0
2022-12,Zamoskvorechye,CAO,596000,643400,2484,94,60,35,7.5,10.0
2023-01,Zamoskvorechye,CAO,590900,668300,2462,185,58,85,7.5,10.0
2023-02,Zamoskvorechye,CAO,560000,632900,2333,109,64,70,7.5,10.0
2023-03,Zamoskvorechye,CAO,602500,674100,2510,28,72,106,7.5,10.0
2023-04,Zamoskvorechye,CAO,625200,669000,2605,156,79,54,7.5,10.0
2023-05,Zamoskvorechye,CAO,618800,690400,2578,101,55,93,7.5,10.0
2023-06,Zamoskvorechye,CAO,592300,672900,2468,50,68,33,7.5,10.0
2023-07,Zamoskvorechye,CAO,607300,645800,2531,184,38,32,13.0,15.5
2023-08,Zamoskvorechye,CAO,622300,694200,2593,156,77,97,13.0,15.5
2023-09,Zamoskvorechye,CAO,618800,660900,2578,51,65,26,13.0,15.5
2023-10,Zamoskvorechye,CAO,616600,659100,2569,115,29,14,13.0,15.5
2023-11,Zamoskvorechye,CAO,607500,655000,2531,163,71,15,13.0,15.5
2023-12,Zamoskvorechye,CAO,592800,645500,2470,86,28,58,13.0,15.5
2024-01,Zamoskvorechye,CAO,605700,635700,2524,31,49,24,16.0,18.5
2024-02,Zamoskvorechye,CAO,656600,697800,2736,138,46,106,16.0,18.5
2024-03,Zamoskvorechye,CAO,598000,665300,2492,158,60,66,16.0,18.5
2024-04,Zamoskvorechye,CAO,634700,704900,2644,191,61,111,16.0,18.5
2024-05,Zamoskvorechye,CAO,639800,704300,2666,114,54,113,16.0,18.5
2024-06,Zamoskvorechye,CAO,628900,686300,2620,71,38,119,16.0,18.5
2024-07,Zamoskvorechye,CAO,627300,692500,2614,123,25,34,16.0,18.5
2024-08,Zamoskvorechye,CAO,635000,694600,2646,112,54,38,16.0,18.5
2024-09,Zamoskvorechye,CAO,632000,694800,2633,128,7,77,16.0,18.5
2024-10,Zamoskvorechye,CAO,631300,688800,2631,90,25,64,21.0,23.5
2024-11,Zamoskvorechye,CAO,622000,666800,2592,168,37,97,21.0,23.5
2024-12,Zamoskvorechye,CAO,594600,689400,2477,121,28,102,21.0,23.5
2025-01,Zamoskvorechye,CAO,606400,688500,2527,77,21,31,21.0,23.5
2025-02,Zamoskvorechye,CAO,610000,707100,2542,172,14,102,21.0,23.5
2025-03,Zamoskvorechye,CAO,634400,722600,2643,50,75,15,21.0,23.5
2025-04,Zamoskvorechye,CAO,585300,638700,2439,28,11,16,21.0,23.5
2025-05,Zamoskvorechye,CAO,578300,627500,2409,119,54,52,21.0,23.5
2025-06,Zamoskvorechye,CAO,631100,676400,2629,22,61,42,21.0,23.5
2025-07,Zamoskvorechye,CAO,611100,665500,2546,173,52,64,17.0,19.5
2025-08,Zamoskvorechye,CAO,653400,706600,2722,55,9,63,17.0,19.5
2025-09,Zamoskvorechye,CAO,638700,702600,2661,28,32,106,17.0,19.5
2025-10,Zamoskvorechye,CAO,612300,680900,2551,48,32,101,17.0,19.5
2025-11,Zamoskvorechye,CAO,652400,689000,2718,138,9,84,17.0,19.5
2025-12,Zamoskvorechye,CAO,617600,671800,2574,120,11,23,17.0,19.5
2026-01,Zamoskvorechye,CAO,657200,731500,2738,188,50,82,17.0,19.5
2026-02,Zamoskvorechye,CAO,640600,714200,2669,141,19,117,17.0,19.5
2026-03,Zamoskvorechye,CAO,617700,700600,2574,45,32,88,17.0,19.5
2026-04,Zamoskvorechye,CAO,637900,722200,2658,45,68,86,17.0,19.5
2020-01,Krasnoselsky,CAO,358800,392700,1495,115,27,66,6.0,8.5
2020-02,Krasnoselsky,CAO,376700,415500,1570,160,33,51,6.0,8.5
2020-03,Krasnoselsky,CAO,367000,403400,1529,151,19,107,6.0,8.5
2020-04,Krasnoselsky,CAO,357700,389700,1491,178,67,40,4.25,6.75
2020-05,Krasnoselsky,CAO,390900,429700,1629,104,46,24,4.25,6.75
2020-06,Krasnoselsky,CAO,368700,412700,1536,103,79,56,4.25,6.75
2020-07,Krasnoselsky,CAO,380000,419500,1583,54,67,39,4.25,6.75
2020-08,Krasnoselsky,CAO,377800,410600,1574,40,60,38,4.25,6.75
2020-09,Krasnoselsky,CAO,388600,439800,1619,34,39,32,4.25,6.75
2020-10,Krasnoselsky,CAO,405000,435900,1687,101,61,99,4.25,6.75
2020-11,Krasnoselsky,CAO,400600,437400,1669,180,22,34,4.25,6.75
2020-12,Krasnoselsky,CAO,426500,474900,1777,94,24,87,4.25,6.75
2021-01,Krasnoselsky,CAO,423300,467400,1764,140,68,53,4.25,6.75
2021-02,Krasnoselsky,CAO,422100,457000,1759,183,66,95,4.25,6.75
2021-03,Krasnoselsky,CAO,417300,467300,1739,57,31,118,4.25,6.75
2021-04,Krasnoselsky,CAO,439500,482200,1831,81,43,33,8.5,11.0
2021-05,Krasnoselsky,CAO,437800,493000,1824,37,49,49,8.5,11.0
2021-06,Krasnoselsky,CAO,447700,472300,1865,60,33,19,8.5,11.0
2021-07,Krasnoselsky,CAO,423700,458400,1765,73,46,109,8.5,11.0
2021-08,Krasnoselsky,CAO,459600,494700,1915,114,40,23,8.5,11.0
2021-09,Krasnoselsky,CAO,464800,516900,1937,159,21,99,8.5,11.0
2021-10,Krasnoselsky,CAO,483700,518500,2015,94,23,69,8.5,11.0
2021-11,Krasnoselsky,CAO,477500,512100,1990,42,79,33,8.5,11.0
2021-12,Krasnoselsky,CAO,487400,521100,2031,61,49,39,8.5,11.0
2022-01,Krasnoselsky,CAO,490700,538900,2045,51,48,87,20.0,22.5
2022-02,Krasnoselsky,CAO,464900,505700,1937,157,62,119,20.0,22.5
2022-03,Krasnoselsky,CAO,464900,521200,1937,169,6,86,20.0,22.5
2022-04,Krasnoselsky,CAO,463800,509000,1932,173,15,65,9.5,12.0
2022-05,Krasnoselsky,CAO,478800,502600,1995,199,49,21,9.5,12.0
2022-06,Krasnoselsky,CAO,471700,507300,1965,193,26,115,9.5,12.0
2022-07,Krasnoselsky,CAO,473400,491900,1973,148,53,22,9.5,12.0
2022-08,Krasnoselsky,CAO,490400,532200,2043,27,30,23,9.5,12.0
2022-09,Krasnoselsky,CAO,494000,541600,2058,170,59,113,9.5,12.0
2022-10,Krasnoselsky,CAO,490800,522200,2045,101,11,90,7.5,10.0
2022-11,Krasnoselsky,CAO,479200,528300,1997,107,40,33,7.5,10.0
2022-12,Krasnoselsky,CAO,485000,516000,2021,67,52,72,7.5,10.0
2023-01,Krasnoselsky,CAO,535400,583100,2231,143,56,86,7.5,10.0
2023-02,Krasnoselsky,CAO,509800,570100,2124,69,44,59,7.5,10.0
2023-03,Krasnoselsky,CAO,498400,542900,2077,67,5,106,7.5,10.0
2023-04,Krasnoselsky,CAO,494500,540200,2060,149,15,50,7.5,10.0
2023-05,Krasnoselsky,CAO,525900,595300,2191,53,22,117,7.5,10.0
2023-06,Krasnoselsky,CAO,513500,575000,2140,64,31,114,7.5,10.0
2023-07,Krasnoselsky,CAO,519400,584000,2164,114,7,104,13.0,15.5
2023-08,Krasnoselsky,CAO,522900,585200,2179,33,7,38,13.0,15.5
2023-09,Krasnoselsky,CAO,521400,557500,2173,116,18,14,13.0,15.5
2023-10,Krasnoselsky,CAO,527100,557300,2196,180,36,116,13.0,15.5
2023-11,Krasnoselsky,CAO,546200,619100,2276,136,32,33,13.0,15.5
2023-12,Krasnoselsky,CAO,535800,585600,2232,27,75,32,13.0,15.5
2024-01,Krasnoselsky,CAO,528000,586400,2200,22,13,51,16.0,18.5
2024-02,Krasnoselsky,CAO,563900,602700,2350,186,47,103,16.0,18.5
2024-03,Krasnoselsky,CAO,537700,595400,2240,183,47,30,16.0,18.5
2024-04,Krasnoselsky,CAO,555400,633500,2314,97,69,15,16.0,18.5
2024-05,Krasnoselsky,CAO,552400,591100,2302,187,58,57,16.0,18.5
2024-06,Krasnoselsky,CAO,537000,591400,2237,148,42,10,16.0,18.5
2024-07,Krasnoselsky,CAO,544100,592300,2267,102,68,22,16.0,18.5
2024-08,Krasnoselsky,CAO,560900,649100,2337,23,74,34,16.0,18.5
2024-09,Krasnoselsky,CAO,555600,590400,2315,162,57,105,16.0,18.5
2024-10,Krasnoselsky,CAO,566300,614800,2360,30,66,19,21.0,23.5
2024-11,Krasnoselsky,CAO,506200,563400,2109,131,10,52,21.0,23.5
2024-12,Krasnoselsky,CAO,551900,600500,2300,144,61,75,21.0,23.5
2025-01,Krasnoselsky,CAO,497200,515700,2072,161,29,70,21.0,23.5
2025-02,Krasnoselsky,CAO,527100,561400,2196,146,8,79,21.0,23.5
2025-03,Krasnoselsky,CAO,539400,587800,2247,177,48,10,21.0,23.5
2025-04,Krasnoselsky,CAO,503800,569100,2099,90,75,107,21.0,23.5
2025-05,Krasnoselsky,CAO,536300,597800,2235,111,48,27,21.0,23.5
2025-06,Krasnoselsky,CAO,540700,584500,2253,143,75,14,21.0,23.5
2025-07,Krasnoselsky,CAO,515700,553300,2149,20,72,27,17.0,19.5
2025-08,Krasnoselsky,CAO,541200,609600,2255,29,38,42,17.0,19.5
2025-09,Krasnoselsky,CAO,556500,616900,2319,70,46,98,17.0,19.5
2025-10,Krasnoselsky,CAO,548100,613400,2284,70,58,13,17.0,19.5
2025-11,Krasnoselsky,CAO,557800,590800,2324,78,22,11,17.0,19.5
2025-12,Krasnoselsky,CAO,548100,595900,2284,45,45,69,17.0,19.5
2026-01,Krasnoselsky,CAO,527000,570800,2196,103,16,68,17.0,19.5
2026-02,Krasnoselsky,CAO,542400,581200,2260,83,52,45,17.0,19.5
2026-03,Krasnoselsky,CAO,532600,573800,2219,64,57,55,17.0,19.5
2026-04,Krasnoselsky,CAO,520700,581300,2169,112,21,36,17.0,19.5
2020-01,Meshchansky,CAO,367300,393700,1530,93,31,85,6.0,8.5
2020-02,Meshchansky,CAO,386400,422800,1610,183,26,41,6.0,8.5
2020-03,Meshchansky,CAO,350700,387000,1461,130,73,79,6.0,8.5
2020-04,Meshchansky,CAO,383200,427000,1597,193,29,92,4.25,6.75
2020-05,Meshchansky,CAO,389800,459500,1624,98,49,84,4.25,6.75
2020-06,Meshchansky,CAO,384700,427800,1603,97,39,105,4.25,6.75
2020-07,Meshchansky,CAO,411500,465400,1714,117,58,86,4.25,6.75
2020-08,Meshchansky,CAO,389700,418800,1624,114,24,52,4.25,6.75
2020-09,Meshchansky,CAO,419200,467400,1746,153,29,43,4.25,6.75
2020-10,Meshchansky,CAO,411200,444000,1714,187,69,31,4.25,6.75
2020-11,Meshchansky,CAO,429800,469700,1791,47,79,57,4.25,6.75
2020-12,Meshchansky,CAO,429200,491100,1788,149,63,18,4.25,6.75
2021-01,Meshchansky,CAO,446500,492300,1861,50,62,96,4.25,6.75
2021-02,Meshchansky,CAO,437700,486800,1824,138,37,73,4.25,6.75
2021-03,Meshchansky,CAO,437300,499100,1822,183,60,14,4.25,6.75
2021-04,Meshchansky,CAO,427900,449300,1783,142,33,110,8.5,11.0
2021-05,Meshchansky,CAO,455600,524400,1898,145,78,70,8.5,11.0
2021-06,Meshchansky,CAO,476200,528100,1984,84,79,115,8.5,11.0
2021-07,Meshchansky,CAO,484900,551100,2020,103,18,107,8.5,11.0
2021-08,Meshchansky,CAO,480500,520700,2002,156,20,118,8.5,11.0
2021-09,Meshchansky,CAO,462700,510700,1928,136,78,54,8.5,11.0
2021-10,Meshchansky,CAO,483300,518500,2014,119,22,118,8.5,11.0
2021-11,Meshchansky,CAO,500100,528000,2084,33,32,39,8.5,11.0
2021-12,Meshchansky,CAO,496100,546500,2067,76,77,91,8.5,11.0
2022-01,Meshchansky,CAO,492800,537400,2053,52,65,57,20.0,22.5
2022-02,Meshchansky,CAO,474300,530800,1976,69,37,98,20.0,22.5
2022-03,Meshchansky,CAO,505000,558400,2104,42,74,101,20.0,22.5
2022-04,Meshchansky,CAO,480900,542000,2004,84,18,112,9.5,12.0
2022-05,Meshchansky,CAO,477300,508200,1989,32,11,110,9.5,12.0
2022-06,Meshchansky,CAO,488100,538900,2034,57,67,36,9.5,12.0
2022-07,Meshchansky,CAO,490200,569700,2043,53,65,71,9.5,12.0
2022-08,Meshchansky,CAO,495300,540400,2064,108,51,85,9.5,12.0
2022-09,Meshchansky,CAO,473700,514600,1974,78,40,87,9.5,12.0
2022-10,Meshchansky,CAO,508800,550100,2120,86,22,109,7.5,10.0
2022-11,Meshchansky,CAO,536000,553700,2233,99,18,37,7.5,10.0
2022-12,Meshchansky,CAO,520900,573100,2171,185,56,119,7.5,10.0
2023-01,Meshchansky,CAO,515500,555900,2148,53,30,102,7.5,10.0
2023-02,Meshchansky,CAO,527100,571300,2196,102,42,43,7.5,10.0
2023-03,Meshchansky,CAO,545500,575200,2273,162,75,109,7.5,10.0
2023-04,Meshchansky,CAO,521400,577300,2172,98,9,31,7.5,10.0
2023-05,Meshchansky,CAO,534700,612800,2228,170,75,60,7.5,10.0
2023-06,Meshchansky,CAO,536100,582700,2234,150,20,71,7.5,10.0
2023-07,Meshchansky,CAO,537300,592100,2239,99,71,19,13.0,15.5
2023-08,Meshchansky,CAO,563800,607600,2349,31,36,93,13.0,15.5
2023-09,Meshchansky,CAO,539100,604100,2246,141,79,95,13.0,15.5
2023-10,Meshchansky,CAO,557400,617700,2323,76,22,16,13.0,15.5
2023-11,Meshchansky,CAO,553600,597800,2306,78,60,12,13.0,15.5
2023-12,Meshchansky,CAO,580100,641100,2417,86,29,44,13.0,15.5
2024-01,Meshchansky,CAO,566000,620800,2358,80,78,113,16.0,18.5
2024-02,Meshchansky,CAO,567300,635400,2364,26,8,51,16.0,18.5
2024-03,Meshchansky,CAO,580200,627000,2418,112,22,106,16.0,18.5
2024-04,Meshchansky,CAO,552700,635600,2303,103,42,117,16.0,18.5
2024-05,Meshchansky,CAO,565200,636900,2355,41,70,30,16.0,18.5
2024-06,Meshchansky,CAO,560600,606600,2336,77,14,33,16.0,18.5
2024-07,Meshchansky,CAO,604300,662700,2518,182,5,46,16.0,18.5
2024-08,Meshchansky,CAO,574000,640500,2392,49,25,71,16.0,18.5
2024-09,Meshchansky,CAO,573900,628800,2391,169,30,45,16.0,18.5
2024-10,Meshchansky,CAO,548700,605400,2286,54,19,14,21.0,23.5
2024-11,Meshchansky,CAO,567900,607000,2366,54,45,93,21.0,23.5
2024-12,Meshchansky,CAO,533700,588000,2224,75,14,76,21.0,23.5
2025-01,Meshchansky,CAO,564000,626700,2350,32,65,12,21.0,23.5
2025-02,Meshchansky,CAO,569300,628100,2372,93,67,81,21.0,23.5
2025-03,Meshchansky,CAO,547100,619600,2280,125,71,84,21.0,23.5
2025-04,Meshchansky,CAO,558200,638700,2326,34,77,17,21.0,23.5
2025-05,Meshchansky,CAO,576500,618300,2402,82,49,12,21.0,23.5
2025-06,Meshchansky,CAO,569600,647500,2373,59,15,54,21.0,23.5
2025-07,Meshchansky,CAO,566100,600800,2359,104,21,72,17.0,19.5
2025-08,Meshchansky,CAO,527300,566600,2197,22,14,35,17.0,19.5
2025-09,Meshchansky,CAO,571600,616500,2382,112,20,45,17.0,19.5
2025-10,Meshchansky,CAO,570800,622000,2378,143,29,77,17.0,19.5
2025-11,Meshchansky,CAO,583900,646300,2433,107,9,117,17.0,19.5
2025-12,Meshchansky,CAO,545000,616000,2271,59,47,24,17.0,19.5
2026-01,Meshchansky,CAO,572300,638500,2384,141,24,95,17.0,19.5
2026-02,Meshchansky,CAO,582300,652100,2426,40,41,107,17.0,19.5
2026-03,Meshchansky,CAO,550100,611600,2292,146,61,71,17.0,19.5
2026-04,Meshchansky,CAO,564600,600800,2353,92,31,56,17.0,19.5
2020-01,Presnensky,CAO,439400,504100,1831,155,68,39,6.0,8.5
2020-02,Presnensky,CAO,476500,499100,1985,182,35,52,6.0,8.5
2020-03,Presnensky,CAO,457800,497200,1908,70,23,39,6.0,8.5
2020-04,Presnensky,CAO,460100,484700,1917,172,74,83,4.25,6.75
2020-05,Presnensky,CAO,489200,516600,2038,139,50,10,4.25,6.75
2020-06,Presnensky,CAO,471900,544700,1966,70,41,62,4.25,6.75
2020-07,Presnensky,CAO,493500,526900,2056,121,9,71,4.25,6.75
2020-08,Presnensky,CAO,493900,552700,2058,97,8,33,4.25,6.75
2020-09,Presnensky,CAO,506000,540400,2108,198,13,71,4.25,6.75
2020-10,Presnensky,CAO,519800,579700,2166,196,76,106,4.25,6.75
2020-11,Presnensky,CAO,508800,551000,2120,104,20,115,4.25,6.75
2020-12,Presnensky,CAO,495700,541000,2065,43,74,70,4.25,6.75
2021-01,Presnensky,CAO,526600,568100,2194,108,24,24,4.25,6.75
2021-02,Presnensky,CAO,545300,627000,2272,192,77,42,4.25,6.75
2021-03,Presnensky,CAO,537500,564700,2240,133,24,91,4.25,6.75
2021-04,Presnensky,CAO,549800,586800,2291,75,8,69,8.5,11.0
2021-05,Presnensky,CAO,551600,613100,2299,98,26,65,8.5,11.0
2021-06,Presnensky,CAO,569900,630300,2374,188,49,41,8.5,11.0
2021-07,Presnensky,CAO,561400,606100,2339,96,73,51,8.5,11.0
2021-08,Presnensky,CAO,556700,590100,2319,152,11,102,8.5,11.0
2021-09,Presnensky,CAO,611900,657100,2549,36,15,18,8.5,11.0
2021-10,Presnensky,CAO,613000,704700,2554,24,22,20,8.5,11.0
2021-11,Presnensky,CAO,608500,636700,2535,22,59,26,8.5,11.0
2021-12,Presnensky,CAO,601600,657800,2507,31,60,25,8.5,11.0
2022-01,Presnensky,CAO,642200,733900,2676,62,58,112,20.0,22.5
2022-02,Presnensky,CAO,622300,667800,2593,133,57,110,20.0,22.5
2022-03,Presnensky,CAO,623100,694100,2596,74,65,102,20.0,22.5
2022-04,Presnensky,CAO,608400,680800,2535,198,34,82,9.5,12.0
2022-05,Presnensky,CAO,605500,695000,2523,135,15,89,9.5,12.0
2022-06,Presnensky,CAO,602400,679000,2510,50,53,27,9.5,12.0
2022-07,Presnensky,CAO,589700,671000,2457,83,55,38,9.5,12.0
2022-08,Presnensky,CAO,595900,645000,2483,114,74,105,9.5,12.0
2022-09,Presnensky,CAO,591500,677500,2464,153,16,18,9.5,12.0
2022-10,Presnensky,CAO,651500,734300,2714,95,28,54,7.5,10.0
2022-11,Presnensky,CAO,669800,701300,2791,30,61,19,7.5,10.0
2022-12,Presnensky,CAO,616700,666200,2569,20,8,43,7.5,10.0
2023-01,Presnensky,CAO,693600,768600,2890,138,34,71,7.5,10.0
2023-02,Presnensky,CAO,656400,741800,2735,29,79,62,7.5,10.0
2023-03,Presnensky,CAO,673700,708800,2807,188,7,101,7.5,10.0
2023-04,Presnensky,CAO,667600,779700,2782,151,46,27,7.5,10.0
2023-05,Presnensky,CAO,653800,708500,2724,144,73,30,7.5,10.0
2023-06,Presnensky,CAO,681300,740100,2839,158,36,17,7.5,10.0
2023-07,Presnensky,CAO,702300,791800,2926,178,47,95,13.0,15.5
2023-08,Presnensky,CAO,670900,732400,2795,102,55,21,13.0,15.5
2023-09,Presnensky,CAO,648100,737400,2701,33,63,119,13.0,15.5
2023-10,Presnensky,CAO,702300,791300,2926,80,69,57,13.0,15.5
2023-11,Presnensky,CAO,681000,716300,2837,75,70,94,13.0,15.5
2023-12,Presnensky,CAO,675000,750100,2812,27,13,24,13.0,15.5
2024-01,Presnensky,CAO,727000,821400,3029,170,46,82,16.0,18.5
2024-02,Presnensky,CAO,698200,776600,2909,102,46,45,16.0,18.5
2024-03,Presnensky,CAO,709300,795700,2955,167,43,82,16.0,18.5
2024-04,Presnensky,CAO,709900,786500,2958,184,74,54,16.0,18.5
2024-05,Presnensky,CAO,677600,744700,2823,28,37,50,16.0,18.5
2024-06,Presnensky,CAO,703300,803100,2930,148,40,63,16.0,18.5
2024-07,Presnensky,CAO,738300,816200,3076,135,75,37,16.0,18.5
2024-08,Presnensky,CAO,695300,772100,2897,60,36,90,16.0,18.5
2024-09,Presnensky,CAO,716200,792800,2984,132,35,33,16.0,18.5
2024-10,Presnensky,CAO,705700,783500,2940,68,33,105,21.0,23.5
2024-11,Presnensky,CAO,682000,767400,2842,153,50,38,21.0,23.5
2024-12,Presnensky,CAO,733500,798300,3056,120,59,71,21.0,23.5
2025-01,Presnensky,CAO,686400,765900,2860,47,15,88,21.0,23.5
2025-02,Presnensky,CAO,682700,741100,2845,119,78,75,21.0,23.5
2025-03,Presnensky,CAO,700600,763200,2919,146,76,36,21.0,23.5
2025-04,Presnensky,CAO,687300,740200,2864,192,67,46,21.0,23.5
2025-05,Presnensky,CAO,708100,763100,2950,95,27,99,21.0,23.5
2025-06,Presnensky,CAO,683500,761700,2848,127,66,75,21.0,23.5
2025-07,Presnensky,CAO,702000,806500,2925,50,58,10,17.0,19.5
2025-08,Presnensky,CAO,663100,756200,2763,115,32,60,17.0,19.5
2025-09,Presnensky,CAO,686900,770100,2862,40,57,81,17.0,19.5
2025-10,Presnensky,CAO,668100,767200,2784,42,23,72,17.0,19.5
2025-11,Presnensky,CAO,681100,764000,2838,176,20,49,17.0,19.5
2025-12,Presnensky,CAO,689900,756000,2875,184,70,20,17.0,19.5
2026-01,Presnensky,CAO,697700,784800,2907,61,73,111,17.0,19.5
2026-02,Presnensky,CAO,702700,773000,2928,98,33,37,17.0,19.5
2026-03,Presnensky,CAO,701800,787400,2924,23,7,111,17.0,19.5
2026-04,Presnensky,CAO,698700,783100,2911,190,42,56,17.0,19.5
2020-01,Tagansky,CAO,352300,391100,1468,184,20,50,6.0,8.5
2020-02,Tagansky,CAO,351900,380200,1466,87,67,19,6.0,8.5
2020-03,Tagansky,CAO,378400,418100,1577,191,61,80,6.0,8.5
2020-04,Tagansky,CAO,382200,422800,1593,71,21,26,4.25,6.75
2020-05,Tagansky,CAO,371800,423300,1549,53,67,67,4.25,6.75
2020-06,Tagansky,CAO,383900,408500,1600,125,14,105,4.25,6.75
2020-07,Tagansky,CAO,376400,404000,1568,63,66,87,4.25,6.75
2020-08,Tagansky,CAO,403000,434500,1679,188,75,63,4.25,6.75
2020-09,Tagansky,CAO,396000,434500,1650,135,14,58,4.25,6.75
2020-10,Tagansky,CAO,411200,453600,1713,107,27,45,4.25,6.75
2020-11,Tagansky,CAO,417100,456400,1738,169,47,24,4.25,6.75
2020-12,Tagansky,CAO,421000,467600,1754,183,13,106,4.25,6.75
2021-01,Tagansky,CAO,418200,466800,1743,140,34,25,4.25,6.75
2021-02,Tagansky,CAO,427200,475600,1780,172,75,110,4.25,6.75
2021-03,Tagansky,CAO,442400,491400,1844,87,54,61,4.25,6.75
2021-04,Tagansky,CAO,429800,452600,1791,178,77,23,8.5,11.0
2021-05,Tagansky,CAO,449200,479900,1871,73,38,104,8.5,11.0
2021-06,Tagansky,CAO,460200,493200,1918,26,51,51,8.5,11.0
2021-07,Tagansky,CAO,465800,489100,1941,27,51,18,8.5,11.0
2021-08,Tagansky,CAO,476500,533400,1985,186,33,27,8.5,11.0
2021-09,Tagansky,CAO,499500,558400,2081,137,57,58,8.5,11.0
2021-10,Tagansky,CAO,462500,509700,1927,71,49,105,8.5,11.0
2021-11,Tagansky,CAO,456300,488300,1901,151,36,108,8.5,11.0
2021-12,Tagansky,CAO,482100,540500,2009,53,7,32,8.5,11.0
2022-01,Tagansky,CAO,487000,535800,2029,130,55,95,20.0,22.5
2022-02,Tagansky,CAO,475900,543000,1983,22,33,14,20.0,22.5
2022-03,Tagansky,CAO,469500,520000,1956,126,21,18,20.0,22.5
2022-04,Tagansky,CAO,459200,522300,1914,198,75,88,9.5,12.0
2022-05,Tagansky,CAO,486700,539800,2028,93,57,67,9.5,12.0
2022-06,Tagansky,CAO,478400,531100,1994,77,33,34,9.5,12.0
2022-07,Tagansky,CAO,476400,516200,1985,122,64,38,9.5,12.0
2022-08,Tagansky,CAO,476000,532500,1983,44,7,12,9.5,12.0
2022-09,Tagansky,CAO,478800,521900,1995,90,21,87,9.5,12.0
2022-10,Tagansky,CAO,498900,543400,2079,116,34,68,7.5,10.0
2022-11,Tagansky,CAO,484800,520200,2020,45,60,39,7.5,10.0
2022-12,Tagansky,CAO,526300,573800,2193,31,5,109,7.5,10.0
2023-01,Tagansky,CAO,506900,593800,2112,131,20,101,7.5,10.0
2023-02,Tagansky,CAO,498900,523900,2079,96,53,96,7.5,10.0
2023-03,Tagansky,CAO,527700,599900,2199,180,46,51,7.5,10.0
2023-04,Tagansky,CAO,522000,557300,2175,33,37,75,7.5,10.0
2023-05,Tagansky,CAO,523300,595000,2180,173,70,69,7.5,10.0
2023-06,Tagansky,CAO,524100,572900,2184,83,66,91,7.5,10.0
2023-07,Tagansky,CAO,527100,555100,2196,155,67,82,13.0,15.5
2023-08,Tagansky,CAO,519000,562300,2162,150,51,44,13.0,15.5
2023-09,Tagansky,CAO,551100,615900,2296,116,66,85,13.0,15.5
2023-10,Tagansky,CAO,525300,594400,2189,148,39,83,13.0,15.5
2023-11,Tagansky,CAO,556700,596400,2320,40,48,60,13.0,15.5
2023-12,Tagansky,CAO,545400,593600,2273,40,58,62,13.0,15.5
2024-01,Tagansky,CAO,545900,607500,2275,136,75,11,16.0,18.5
2024-02,Tagansky,CAO,573700,636300,2390,136,9,46,16.0,18.5
2024-03,Tagansky,CAO,550800,605600,2295,91,25,82,16.0,18.5
2024-04,Tagansky,CAO,562900,608700,2346,139,25,26,16.0,18.5
2024-05,Tagansky,CAO,563400,623800,2348,41,79,119,16.0,18.5
2024-06,Tagansky,CAO,558600,605800,2328,27,12,59,16.0,18.5
2024-07,Tagansky,CAO,556100,594000,2317,83,25,43,16.0,18.5
2024-08,Tagansky,CAO,573800,653700,2391,122,58,113,16.0,18.5
2024-09,Tagansky,CAO,571200,643000,2380,121,13,25,16.0,18.5
2024-10,Tagansky,CAO,555400,582500,2314,149,7,45,21.0,23.5
2024-11,Tagansky,CAO,541000,601300,2254,24,71,44,21.0,23.5
2024-12,Tagansky,CAO,542000,590300,2258,93,70,117,21.0,23.5
2025-01,Tagansky,CAO,559700,618900,2332,162,24,113,21.0,23.5
2025-02,Tagansky,CAO,557600,618900,2323,68,59,63,21.0,23.5
2025-03,Tagansky,CAO,557100,588200,2321,64,30,77,21.0,23.5
2025-04,Tagansky,CAO,542200,590600,2259,64,41,87,21.0,23.5
2025-05,Tagansky,CAO,566400,653800,2360,166,20,93,21.0,23.5
2025-06,Tagansky,CAO,535100,583300,2230,63,24,89,21.0,23.5
2025-07,Tagansky,CAO,542800,581100,2262,38,31,21,17.0,19.5
2025-08,Tagansky,CAO,558200,592300,2326,77,57,98,17.0,19.5
2025-09,Tagansky,CAO,568900,626600,2370,173,7,98,17.0,19.5
2025-10,Tagansky,CAO,554200,637400,2309,26,6,48,17.0,19.5
2025-11,Tagansky,CAO,553000,597700,2304,77,44,62,17.0,19.5
2025-12,Tagansky,CAO,540100,598000,2250,183,53,76,17.0,19.5
2026-01,Tagansky,CAO,549900,603100,2291,21,41,73,17.0,19.5
2026-02,Tagansky,CAO,559000,604700,2329,197,43,86,17.0,19.5
2026-03,Tagansky,CAO,548500,595600,2286,125,64,34,17.0,19.5
2026-04,Tagansky,CAO,563700,629500,2349,139,79,26,17.0,19.5
2020-01,Tverskoy,CAO,464100,509600,1934,149,17,71,6.0,8.5
2020-02,Tverskoy,CAO,475700,498500,1982,144,54,74,6.0,8.5
2020-03,Tverskoy,CAO,472800,510800,1970,129,22,104,6.0,8.5
2020-04,Tverskoy,CAO,491200,550200,2047,54,68,65,4.25,6.75
2020-05,Tverskoy,CAO,475000,524900,1979,157,72,102,4.25,6.75
2020-06,Tverskoy,CAO,516300,533500,2151,94,38,15,4.25,6.75
2020-07,Tverskoy,CAO,497200,530100,2072,153,36,14,4.25,6.75
2020-08,Tverskoy,CAO,499900,557600,2083,185,28,105,4.25,6.75
2020-09,Tverskoy,CAO,509300,552000,2122,176,53,10,4.25,6.75
2020-10,Tverskoy,CAO,525700,580100,2190,36,65,77,4.25,6.75
2020-11,Tverskoy,CAO,508400,551300,2118,89,33,35,4.25,6.75
2020-12,Tverskoy,CAO,556400,609900,2319,152,14,36,4.25,6.75
2021-01,Tverskoy,CAO,522300,578000,2176,24,37,96,4.25,6.75
2021-02,Tverskoy,CAO,523200,567200,2180,43,64,14,4.25,6.75
2021-03,Tverskoy,CAO,563200,614800,2347,55,65,39,4.25,6.75
2021-04,Tverskoy,CAO,583900,628400,2433,75,41,93,8.5,11.0
2021-05,Tverskoy,CAO,578400,646800,2410,176,39,44,8.5,11.0
2021-06,Tverskoy,CAO,592300,653300,2468,74,78,29,8.5,11.0
2021-07,Tverskoy,CAO,618000,693900,2575,110,21,37,8.5,11.0
2021-08,Tverskoy,CAO,629200,665200,2622,108,7,45,8.5,11.0
2021-09,Tverskoy,CAO,594000,683800,2475,155,12,16,8.5,11.0
2021-10,Tverskoy,CAO,598600,658800,2494,38,34,19,8.5,11.0
2021-11,Tverskoy,CAO,657100,715400,2738,64,70,58,8.5,11.0
2021-12,Tverskoy,CAO,644000,690600,2683,48,40,42,8.5,11.0
2022-01,Tverskoy,CAO,651100,702500,2713,125,68,61,20.0,22.5
2022-02,Tverskoy,CAO,613000,679600,2554,146,58,20,20.0,22.5
2022-03,Tverskoy,CAO,606200,658200,2526,91,47,46,20.0,22.5
2022-04,Tverskoy,CAO,625900,687700,2608,106,12,49,9.5,12.0
2022-05,Tverskoy,CAO,636400,701500,2652,96,10,56,9.5,12.0
2022-06,Tverskoy,CAO,616400,640600,2568,167,9,72,9.5,12.0
2022-07,Tverskoy,CAO,620600,673500,2586,64,17,31,9.5,12.0
2022-08,Tverskoy,CAO,654000,709400,2725,195,14,30,9.5,12.0
2022-09,Tverskoy,CAO,669500,763200,2790,33,78,115,9.5,12.0
2022-10,Tverskoy,CAO,642800,698900,2678,110,71,112,7.5,10.0
2022-11,Tverskoy,CAO,649900,724800,2708,32,6,114,7.5,10.0
2022-12,Tverskoy,CAO,644500,701200,2685,130,17,65,7.5,10.0
2023-01,Tverskoy,CAO,647700,692700,2699,146,34,33,7.5,10.0
2023-02,Tverskoy,CAO,683000,743300,2846,194,72,104,7.5,10.0
2023-03,Tverskoy,CAO,677500,747200,2823,69,8,62,7.5,10.0
2023-04,Tverskoy,CAO,691500,747600,2881,60,79,13,7.5,10.0
2023-05,Tverskoy,CAO,691400,754900,2881,28,79,84,7.5,10.0
2023-06,Tverskoy,CAO,689000,751400,2871,155,35,35,7.5,10.0
2023-07,Tverskoy,CAO,686000,757200,2858,154,75,34,13.0,15.5
2023-08,Tverskoy,CAO,690200,729800,2876,150,29,89,13.0,15.5
2023-09,Tverskoy,CAO,700300,757500,2918,50,63,29,13.0,15.5
2023-10,Tverskoy,CAO,679700,770500,2832,139,16,66,13.0,15.5
2023-11,Tverskoy,CAO,740000,801500,3083,179,76,52,13.0,15.5
2023-12,Tverskoy,CAO,737100,834600,3071,168,28,115,13.0,15.5
2024-01,Tverskoy,CAO,712700,769700,2970,82,21,103,16.0,18.5
2024-02,Tverskoy,CAO,714300,821500,2976,93,5,80,16.0,18.5
2024-03,Tverskoy,CAO,724700,812500,3019,172,51,17,16.0,18.5
2024-04,Tverskoy,CAO,697600,783600,2907,131,56,30,16.0,18.5
2024-05,Tverskoy,CAO,757600,824800,3157,127,28,85,16.0,18.5
2024-06,Tverskoy,CAO,721600,806700,3007,132,53,59,16.0,18.5
2024-07,Tverskoy,CAO,737600,828200,3073,98,14,19,16.0,18.5
2024-08,Tverskoy,CAO,713400,791500,2973,108,32,55,16.0,18.5
2024-09,Tverskoy,CAO,721000,779000,3004,100,25,36,16.0,18.5
2024-10,Tverskoy,CAO,695000,760800,2896,81,45,109,21.0,23.5
2024-11,Tverskoy,CAO,716400,771800,2985,24,53,18,21.0,23.5
2024-12,Tverskoy,CAO,726400,769300,3026,88,61,97,21.0,23.5
2025-01,Tverskoy,CAO,668500,761100,2785,27,14,64,21.0,23.5
2025-02,Tverskoy,CAO,709100,767300,2954,194,74,103,21.0,23.5
2025-03,Tverskoy,CAO,739700,817900,3082,57,15,43,21.0,23.5
2025-04,Tverskoy,CAO,693100,756100,2888,120,39,117,21.0,23.5
2025-05,Tverskoy,CAO,748600,813100,3119,88,34,49,21.0,23.5
2025-06,Tverskoy,CAO,700900,784900,2920,133,59,69,21.0,23.5
2025-07,Tverskoy,CAO,715500,823900,2981,158,9,108,17.0,19.5
2025-08,Tverskoy,CAO,704700,796100,2936,186,40,18,17.0,19.5
2025-09,Tverskoy,CAO,730600,833900,3044,72,17,108,17.0,19.5
2025-10,Tverskoy,CAO,703700,775000,2932,66,74,58,17.0,19.5
2025-11,Tverskoy,CAO,740600,839400,3086,59,46,93,17.0,19.5
2025-12,Tverskoy,CAO,707800,787300,2949,43,62,114,17.0,19.5
2026-01,Tverskoy,CAO,741400,803500,3089,39,8,107,17.0,19.5
2026-02,Tverskoy,CAO,715200,768300,2980,87,26,59,17.0,19.5
2026-03,Tverskoy,CAO,745800,841300,3107,48,73,39,17.0,19.5
2026-04,Tverskoy,CAO,699900,780000,2916,144,56,62,17.0,19.5
2020-01,Khamovniki,CAO,514900,567000,2145,140,63,72,6.0,8.5
2020-02,Khamovniki,CAO,518900,568100,2162,44,37,76,6.0,8.5
2020-03,Khamovniki,CAO,529000,594500,2204,150,75,74,6.0,8.5
2020-04,Khamovniki,CAO,546900,585200,2279,104,48,37,4.25,6.75
2020-05,Khamovniki,CAO,517600,548200,2157,142,53,65,4.25,6.75
2020-06,Khamovniki,CAO,534400,585400,2227,113,30,103,4.25,6.75
2020-07,Khamovniki,CAO,533700,575700,2224,70,63,61,4.25,6.75
2020-08,Khamovniki,CAO,546600,584800,2278,169,27,116,4.25,6.75
2020-09,Khamovniki,CAO,579400,642400,2414,72,32,50,4.25,6.75
2020-10,Khamovniki,CAO,569400,640400,2373,195,72,54,4.25,6.75
2020-11,Khamovniki,CAO,568400,618000,2368,116,35,94,4.25,6.75
2020-12,Khamovniki,CAO,592600,630600,2469,138,21,90,4.25,6.75
2021-01,Khamovniki,CAO,582100,657100,2426,22,66,70,4.25,6.75
2021-02,Khamovniki,CAO,628900,671900,2620,66,16,34,4.25,6.75
2021-03,Khamovniki,CAO,595600,649000,2481,177,71,115,4.25,6.75
2021-04,Khamovniki,CAO,650300,707600,2709,42,25,80,8.5,11.0
2021-05,Khamovniki,CAO,661500,707700,2756,24,12,13,8.5,11.0
2021-06,Khamovniki,CAO,646000,696600,2692,181,68,63,8.5,11.0
2021-07,Khamovniki,CAO,632800,737600,2637,81,32,36,8.5,11.0
2021-08,Khamovniki,CAO,659200,752100,2746,182,52,92,8.5,11.0
2021-09,Khamovniki,CAO,645400,699000,2689,68,53,92,8.5,11.0
2021-10,Khamovniki,CAO,667300,737500,2780,48,49,16,8.5,11.0
2021-11,Khamovniki,CAO,683200,746300,2847,95,78,18,8.5,11.0
2021-12,Khamovniki,CAO,710000,781500,2958,163,19,68,8.5,11.0
2022-01,Khamovniki,CAO,698800,725300,2912,60,7,42,20.0,22.5
2022-02,Khamovniki,CAO,690500,765600,2877,167,17,48,20.0,22.5
2022-03,Khamovniki,CAO,636200,730000,2651,93,28,68,20.0,22.5
2022-04,Khamovniki,CAO,663500,745400,2764,111,18,117,9.5,12.0
2022-05,Khamovniki,CAO,685000,742100,2854,168,8,72,9.5,12.0
2022-06,Khamovniki,CAO,642500,705800,2677,36,39,37,9.5,12.0
2022-07,Khamovniki,CAO,671600,749100,2798,100,72,101,9.5,12.0
2022-08,Khamovniki,CAO,684500,776400,2852,20,63,118,9.5,12.0
2022-09,Khamovniki,CAO,699200,748300,2913,116,40,11,9.5,12.0
2022-10,Khamovniki,CAO,702600,777800,2927,167,26,85,7.5,10.0
2022-11,Khamovniki,CAO,731500,812200,3048,122,7,108,7.5,10.0
2022-12,Khamovniki,CAO,757900,821300,3158,195,29,25,7.5,10.0
2023-01,Khamovniki,CAO,732400,823400,3052,29,29,45,7.5,10.0
2023-02,Khamovniki,CAO,723400,803400,3014,159,9,103,7.5,10.0
2023-03,Khamovniki,CAO,741900,824200,3091,118,77,109,7.5,10.0
2023-04,Khamovniki,CAO,741900,811500,3091,130,67,60,7.5,10.0
2023-05,Khamovniki,CAO,737100,802600,3071,26,56,118,7.5,10.0
2023-06,Khamovniki,CAO,741500,808100,3090,99,54,88,7.5,10.0
2023-07,Khamovniki,CAO,754500,884100,3144,103,15,58,13.0,15.5
2023-08,Khamovniki,CAO,751400,829900,3131,167,39,21,13.0,15.5
2023-09,Khamovniki,CAO,780700,880600,3253,188,57,11,13.0,15.5
2023-10,Khamovniki,CAO,782900,859900,3262,119,57,90,13.0,15.5
2023-11,Khamovniki,CAO,756200,837100,3151,55,53,40,13.0,15.5
2023-12,Khamovniki,CAO,774500,865800,3227,53,9,45,13.0,15.5
2024-01,Khamovniki,CAO,767500,831200,3198,176,67,42,16.0,18.5
2024-02,Khamovniki,CAO,773300,859200,3222,196,36,110,16.0,18.5
2024-03,Khamovniki,CAO,762700,842400,3178,28,27,61,16.0,18.5
2024-04,Khamovniki,CAO,802100,884500,3342,187,69,98,16.0,18.5
2024-05,Khamovniki,CAO,786400,869300,3277,115,52,53,16.0,18.5
2024-06,Khamovniki,CAO,810300,916000,3376,128,52,89,16.0,18.5
2024-07,Khamovniki,CAO,771700,843100,3215,186,8,95,16.0,18.5
2024-08,Khamovniki,CAO,806700,924900,3361,81,23,102,16.0,18.5
2024-09,Khamovniki,CAO,784100,853600,3267,186,45,64,16.0,18.5
2024-10,Khamovniki,CAO,771000,814600,3212,29,64,50,21.0,23.5
2024-11,Khamovniki,CAO,761100,826500,3171,194,59,10,21.0,23.5
2024-12,Khamovniki,CAO,780500,893000,3252,125,47,79,21.0,23.5
2025-01,Khamovniki,CAO,770300,834300,3209,56,45,71,21.0,23.5
2025-02,Khamovniki,CAO,769100,814700,3205,27,79,103,21.0,23.5
2025-03,Khamovniki,CAO,768500,846500,3202,50,31,58,21.0,23.5
2025-04,Khamovniki,CAO,736300,784700,3068,62,42,31,21.0,23.5
2025-05,Khamovniki,CAO,750300,845900,3126,124,15,41,21.0,23.5
2025-06,Khamovniki,CAO,785500,841600,3273,79,68,91,21.0,23.5
2025-07,Khamovniki,CAO,746700,819500,3111,69,62,87,17.0,19.5
2025-08,Khamovniki,CAO,770000,837000,3208,59,9,115,17.0,19.5
2025-09,Khamovniki,CAO,787100,876500,3280,133,33,25,17.0,19.5
2025-10,Khamovniki,CAO,806800,894100,3362,96,73,22,17.0,19.5
2025-11,Khamovniki,CAO,777500,873700,3239,134,23,84,17.0,19.5
2025-12,Khamovniki,CAO,770700,845500,3211,83,25,42,17.0,19.5
2026-01,Khamovniki,CAO,794900,887100,3312,141,41,13,17.0,19.5
2026-02,Khamovniki,CAO,760500,848300,3169,188,76,29,17.0,19.5
2026-03,Khamovniki,CAO,780200,817700,3251,184,6,78,17.0,19.5
2026-04,Khamovniki,CAO,812700,891900,3386,133,65,116,17.0,19.5
2020-01,Yakimanka,CAO,462000,496900,1925,183,38,118,6.0,8.5
2020-02,Yakimanka,CAO,460400,498800,1918,77,31,69,6.0,8.5
2020-03,Yakimanka,CAO,468400,504100,1952,146,16,38,6.0,8.5
2020-04,Yakimanka,CAO,483400,537800,2014,24,60,116,4.25,6.75
2020-05,Yakimanka,CAO,501700,545600,2091,38,5,107,4.25,6.75
2020-06,Yakimanka,CAO,483400,556000,2014,31,33,55,4.25,6.75
2020-07,Yakimanka,CAO,483500,517200,2014,179,50,41,4.25,6.75
2020-08,Yakimanka,CAO,539400,588700,2248,37,34,17,4.25,6.75
2020-09,Yakimanka,CAO,510900,561300,2129,110,46,100,4.25,6.75
2020-10,Yakimanka,CAO,514600,590200,2144,181,25,71,4.25,6.75
2020-11,Yakimanka,CAO,518900,583900,2162,27,46,99,4.25,6.75
2020-12,Yakimanka,CAO,547000,588100,2279,171,76,60,4.25,6.75
2021-01,Yakimanka,CAO,541000,603300,2254,151,40,100,4.25,6.75
2021-02,Yakimanka,CAO,547200,605700,2280,98,51,94,4.25,6.75
2021-03,Yakimanka,CAO,563000,608300,2346,133,38,96,4.25,6.75
2021-04,Yakimanka,CAO,557100,620100,2321,69,71,88,8.5,11.0
2021-05,Yakimanka,CAO,608100,655000,2534,72,50,43,8.5,11.0
2021-06,Yakimanka,CAO,591500,670100,2465,199,15,65,8.5,11.0
2021-07,Yakimanka,CAO,607900,676500,2533,130,6,42,8.5,11.0
2021-08,Yakimanka,CAO,582200,636200,2426,87,68,79,8.5,11.0
2021-09,Yakimanka,CAO,589100,666200,2455,64,58,108,8.5,11.0
2021-10,Yakimanka,CAO,604200,655900,2517,117,53,93,8.5,11.0
2021-11,Yakimanka,CAO,631300,688500,2630,162,46,25,8.5,11.0
2021-12,Yakimanka,CAO,613200,676400,2555,22,41,39,8.5,11.0
2022-01,Yakimanka,CAO,620300,692600,2584,86,53,105,20.0,22.5
2022-02,Yakimanka,CAO,647400,723400,2698,158,69,42,20.0,22.5
2022-03,Yakimanka,CAO,584200,653700,2434,106,42,19,20.0,22.5
2022-04,Yakimanka,CAO,609000,655700,2538,97,40,98,9.5,12.0
2022-05,Yakimanka,CAO,601200,640400,2505,53,9,101,9.5,12.0
2022-06,Yakimanka,CAO,642900,691600,2679,153,43,88,9.5,12.0
2022-07,Yakimanka,CAO,602100,671300,2509,88,37,71,9.5,12.0
2022-08,Yakimanka,CAO,622200,670600,2592,198,68,64,9.5,12.0
2022-09,Yakimanka,CAO,621000,704600,2588,74,79,59,9.5,12.0
2022-10,Yakimanka,CAO,642000,723500,2675,130,11,31,7.5,10.0
2022-11,Yakimanka,CAO,631000,717500,2629,47,69,66,7.5,10.0
2022-12,Yakimanka,CAO,640900,692400,2670,53,19,91,7.5,10.0
2023-01,Yakimanka,CAO,649700,739300,2707,109,22,100,7.5,10.0
2023-02,Yakimanka,CAO,638400,693100,2660,165,51,85,7.5,10.0
2023-03,Yakimanka,CAO,649600,682700,2707,167,42,60,7.5,10.0
2023-04,Yakimanka,CAO,655000,697800,2729,125,61,23,7.5,10.0
2023-05,Yakimanka,CAO,674100,737800,2809,20,73,112,7.5,10.0
2023-06,Yakimanka,CAO,667700,792600,2782,74,57,41,7.5,10.0
2023-07,Yakimanka,CAO,673300,725200,2805,137,19,65,13.0,15.5
2023-08,Yakimanka,CAO,687000,753200,2863,38,28,20,13.0,15.5
2023-09,Yakimanka,CAO,720100,791500,3000,180,38,59,13.0,15.5
2023-10,Yakimanka,CAO,703500,774300,2931,94,50,55,13.0,15.5
2023-11,Yakimanka,CAO,677200,783200,2822,49,37,26,13.0,15.5
2023-12,Yakimanka,CAO,700000,766500,2917,176,49,85,13.0,15.5
2024-01,Yakimanka,CAO,713500,824300,2973,119,54,94,16.0,18.5
2024-02,Yakimanka,CAO,742600,834200,3094,194,29,114,16.0,18.5
2024-03,Yakimanka,CAO,697200,740600,2905,79,29,56,16.0,18.5
2024-04,Yakimanka,CAO,717800,801000,2991,104,78,24,16.0,18.5
2024-05,Yakimanka,CAO,751600,831100,3132,140,19,43,16.0,18.5
2024-06,Yakimanka,CAO,728700,794300,3036,36,12,73,16.0,18.5
2024-07,Yakimanka,CAO,758400,850600,3160,53,68,95,16.0,18.5
2024-08,Yakimanka,CAO,735300,841400,3064,42,14,15,16.0,18.5
2024-09,Yakimanka,CAO,733400,829800,3056,191,17,29,16.0,18.5
2024-10,Yakimanka,CAO,714800,790200,2978,193,34,56,21.0,23.5
2024-11,Yakimanka,CAO,676500,737200,2819,154,41,97,21.0,23.5
2024-12,Yakimanka,CAO,702500,782000,2927,43,5,22,21.0,23.5
2025-01,Yakimanka,CAO,701000,774900,2921,175,26,73,21.0,23.5
2025-02,Yakimanka,CAO,672800,730500,2803,160,59,106,21.0,23.5
2025-03,Yakimanka,CAO,707800,770800,2949,100,55,87,21.0,23.5
2025-04,Yakimanka,CAO,685700,742900,2857,43,5,52,21.0,23.5
2025-05,Yakimanka,CAO,665500,751400,2773,65,48,82,21.0,23.5
2025-06,Yakimanka,CAO,700300,750500,2918,167,30,105,21.0,23.5
2025-07,Yakimanka,CAO,658900,767700,2745,139,12,115,17.0,19.5
2025-08,Yakimanka,CAO,703800,766500,2932,148,37,27,17.0,19.5
2025-09,Yakimanka,CAO,692800,785200,2887,183,46,11,17.0,19.5
2025-10,Yakimanka,CAO,713500,778100,2973,109,76,83,17.0,19.5
2025-11,Yakimanka,CAO,723600,807200,3015,77,56,116,17.0,19.5
2025-12,Yakimanka,CAO,696800,791100,2903,114,54,43,17.0,19.5
2026-01,Yakimanka,CAO,728400,810900,3035,175,19,19,17.0,19.5
2026-02,Yakimanka,CAO,716300,773600,2985,95,54,106,17.0,19.5
2026-03,Yakimanka,CAO,686800,752600,2861,50,76,25,17.0,19.5
2026-04,Yakimanka,CAO,696300,770400,2901,116,58,115,17.0,19.5
2020-01,Aeroport,SAO,220700,248600,920,150,43,81,6.0,8.5
2020-02,Aeroport,SAO,241500,264200,1006,129,24,44,6.0,8.5
2020-03,Aeroport,SAO,248100,266500,1034,49,32,114,6.0,8.5
2020-04,Aeroport,SAO,243200,257000,1013,168,68,113,4.25,6.75
2020-05,Aeroport,SAO,243100,265900,1013,100,32,68,4.25,6.75
2020-06,Aeroport,SAO,255700,282400,1065,103,60,42,4.25,6.75
2020-07,Aeroport,SAO,253300,271300,1055,20,53,71,4.25,6.75
2020-08,Aeroport,SAO,249400,280200,1039,61,8,79,4.25,6.75
2020-09,Aeroport,SAO,273500,308200,1139,199,40,63,4.25,6.75
2020-10,Aeroport,SAO,260500,289100,1086,153,33,69,4.25,6.75
2020-11,Aeroport,SAO,282500,314200,1177,24,50,15,4.25,6.75
2020-12,Aeroport,SAO,265900,308500,1108,156,69,78,4.25,6.75
2021-01,Aeroport,SAO,295200,348700,1230,144,72,89,4.25,6.75
2021-02,Aeroport,SAO,288200,313600,1201,186,20,71,4.25,6.75
2021-03,Aeroport,SAO,289100,316600,1204,159,56,73,4.25,6.75
2021-04,Aeroport,SAO,280200,310600,1167,132,39,96,8.5,11.0
2021-05,Aeroport,SAO,283400,316300,1181,134,45,46,8.5,11.0
2021-06,Aeroport,SAO,298400,323500,1243,161,16,22,8.5,11.0
2021-07,Aeroport,SAO,291600,326800,1215,133,34,40,8.5,11.0
2021-08,Aeroport,SAO,310400,342200,1293,32,72,62,8.5,11.0
2021-09,Aeroport,SAO,303200,324100,1263,134,47,90,8.5,11.0
2021-10,Aeroport,SAO,316000,355000,1317,77,65,96,8.5,11.0
2021-11,Aeroport,SAO,313600,348800,1307,88,17,71,8.5,11.0
2021-12,Aeroport,SAO,322900,355800,1345,186,74,99,8.5,11.0
2022-01,Aeroport,SAO,323800,363900,1349,176,75,86,20.0,22.5
2022-02,Aeroport,SAO,325100,351500,1355,103,47,50,20.0,22.5
2022-03,Aeroport,SAO,304700,336900,1270,76,68,39,20.0,22.5
2022-04,Aeroport,SAO,296100,324100,1234,75,22,108,9.5,12.0
2022-05,Aeroport,SAO,310100,345000,1292,26,22,101,9.5,12.0
2022-06,Aeroport,SAO,312400,344200,1302,191,59,103,9.5,12.0
2022-07,Aeroport,SAO,329100,356800,1371,74,71,27,9.5,12.0
2022-08,Aeroport,SAO,328400,354200,1368,168,67,17,9.5,12.0
2022-09,Aeroport,SAO,322300,358800,1343,64,76,78,9.5,12.0
2022-10,Aeroport,SAO,325000,352800,1354,60,57,11,7.5,10.0
2022-11,Aeroport,SAO,341700,382000,1424,35,10,13,7.5,10.0
2022-12,Aeroport,SAO,321000,357800,1338,137,40,32,7.5,10.0
2023-01,Aeroport,SAO,332300,374100,1385,20,69,54,7.5,10.0
2023-02,Aeroport,SAO,341700,371500,1424,170,18,18,7.5,10.0
2023-03,Aeroport,SAO,330400,364400,1376,193,36,91,7.5,10.0
2023-04,Aeroport,SAO,350800,397900,1462,165,6,48,7.5,10.0
2023-05,Aeroport,SAO,352500,379400,1469,138,74,59,7.5,10.0
2023-06,Aeroport,SAO,343200,359700,1430,44,32,61,7.5,10.0
2023-07,Aeroport,SAO,348900,368800,1454,58,33,22,13.0,15.5
2023-08,Aeroport,SAO,347300,364100,1447,187,6,110,13.0,15.5
2023-09,Aeroport,SAO,351400,367800,1464,180,21,68,13.0,15.5
2023-10,Aeroport,SAO,352900,391700,1470,174,53,69,13.0,15.5
2023-11,Aeroport,SAO,371200,403100,1547,91,6,32,13.0,15.5
2023-12,Aeroport,SAO,363400,402300,1514,25,48,24,13.0,15.5
2024-01,Aeroport,SAO,349400,388000,1456,102,46,98,16.0,18.5
2024-02,Aeroport,SAO,347400,355700,1448,118,7,73,16.0,18.5
2024-03,Aeroport,SAO,354000,385200,1475,151,22,26,16.0,18.5
2024-04,Aeroport,SAO,353700,379000,1474,36,20,32,16.0,18.5
2024-05,Aeroport,SAO,364300,401600,1518,30,10,48,16.0,18.5
2024-06,Aeroport,SAO,348300,384200,1451,81,27,97,16.0,18.5
2024-07,Aeroport,SAO,361800,397300,1507,34,51,68,16.0,18.5
2024-08,Aeroport,SAO,349900,377400,1458,87,52,85,16.0,18.5
2024-09,Aeroport,SAO,366700,410300,1528,165,29,60,16.0,18.5
2024-10,Aeroport,SAO,359200,400500,1497,100,14,91,21.0,23.5
2024-11,Aeroport,SAO,367500,398900,1531,82,31,32,21.0,23.5
2024-12,Aeroport,SAO,357800,397000,1491,86,61,60,21.0,23.5
2025-01,Aeroport,SAO,363200,398800,1513,66,15,58,21.0,23.5
2025-02,Aeroport,SAO,346800,388000,1445,130,13,16,21.0,23.5
2025-03,Aeroport,SAO,349300,379900,1455,161,70,32,21.0,23.5
2025-04,Aeroport,SAO,355900,390200,1483,68,18,36,21.0,23.5
2025-05,Aeroport,SAO,330800,370800,1378,101,28,97,21.0,23.5
2025-06,Aeroport,SAO,357500,400600,1490,76,15,116,21.0,23.5
2025-07,Aeroport,SAO,358900,398800,1496,61,9,21,17.0,19.5
2025-08,Aeroport,SAO,355100,382300,1479,138,48,48,17.0,19.5
2025-09,Aeroport,SAO,339100,367900,1413,93,70,78,17.0,19.5
2025-10,Aeroport,SAO,374200,415200,1559,127,62,68,17.0,19.5
2025-11,Aeroport,SAO,375900,419000,1566,47,24,80,17.0,19.5
2025-12,Aeroport,SAO,379200,420500,1580,154,69,37,17.0,19.5
2026-01,Aeroport,SAO,358400,374500,1493,89,61,64,17.0,19.5
2026-02,Aeroport,SAO,379500,410500,1581,185,11,78,17.0,19.5
2026-03,Aeroport,SAO,369300,416700,1539,99,50,36,17.0,19.5
2026-04,Aeroport,SAO,364200,398100,1518,66,21,20,17.0,19.5
2020-01,Begovoy,SAO,246600,279900,1028,133,50,48,6.0,8.5
2020-02,Begovoy,SAO,260100,289600,1084,71,77,33,6.0,8.5
2020-03,Begovoy,SAO,252700,273800,1053,23,46,40,6.0,8.5
2020-04,Begovoy,SAO,267300,283800,1114,161,11,114,4.25,6.75
2020-05,Begovoy,SAO,271700,295400,1132,27,69,27,4.25,6.75
2020-06,Begovoy,SAO,268700,290000,1119,32,53,118,4.25,6.75
2020-07,Begovoy,SAO,275500,297800,1148,156,44,68,4.25,6.75
2020-08,Begovoy,SAO,268300,292200,1118,39,66,19,4.25,6.75
2020-09,Begovoy,SAO,289300,321700,1206,135,72,45,4.25,6.75
2020-10,Begovoy,SAO,293200,342900,1222,63,74,88,4.25,6.75
2020-11,Begovoy,SAO,285300,318500,1189,97,25,29,4.25,6.75
2020-12,Begovoy,SAO,289600,307500,1207,111,18,34,4.25,6.75
2021-01,Begovoy,SAO,306600,337400,1277,136,51,10,4.25,6.75
2021-02,Begovoy,SAO,297900,327000,1241,85,37,63,4.25,6.75
2021-03,Begovoy,SAO,314400,341600,1310,62,6,81,4.25,6.75
2021-04,Begovoy,SAO,309400,335300,1289,185,49,54,8.5,11.0
2021-05,Begovoy,SAO,318500,341600,1327,99,27,33,8.5,11.0
2021-06,Begovoy,SAO,320700,353600,1336,27,11,63,8.5,11.0
2021-07,Begovoy,SAO,335800,380300,1399,124,47,90,8.5,11.0
2021-08,Begovoy,SAO,326300,361100,1360,24,78,49,8.5,11.0
2021-09,Begovoy,SAO,330800,346300,1378,34,75,10,8.5,11.0
2021-10,Begovoy,SAO,328500,358400,1369,129,78,106,8.5,11.0
2021-11,Begovoy,SAO,359300,386000,1497,36,77,88,8.5,11.0
2021-12,Begovoy,SAO,340800,365800,1420,89,52,116,8.5,11.0
2022-01,Begovoy,SAO,344300,389200,1435,66,34,109,20.0,22.5
2022-02,Begovoy,SAO,329900,361700,1375,115,61,60,20.0,22.5
2022-03,Begovoy,SAO,342100,379400,1425,53,38,56,20.0,22.5
2022-04,Begovoy,SAO,326500,360100,1360,109,15,95,9.5,12.0
2022-05,Begovoy,SAO,331300,361200,1380,37,34,55,9.5,12.0
2022-06,Begovoy,SAO,339700,376800,1416,113,72,33,9.5,12.0
2022-07,Begovoy,SAO,334600,369800,1394,83,72,67,9.5,12.0
2022-08,Begovoy,SAO,344800,386500,1437,101,58,73,9.5,12.0
2022-09,Begovoy,SAO,347500,384100,1448,118,76,55,9.5,12.0
2022-10,Begovoy,SAO,350700,389900,1461,59,13,118,7.5,10.0
2022-11,Begovoy,SAO,357800,401700,1491,168,50,56,7.5,10.0
2022-12,Begovoy,SAO,345900,365800,1441,131,34,58,7.5,10.0
2023-01,Begovoy,SAO,350400,391900,1460,179,46,39,7.5,10.0
2023-02,Begovoy,SAO,356500,380200,1485,126,53,73,7.5,10.0
2023-03,Begovoy,SAO,368000,417600,1533,134,48,80,7.5,10.0
2023-04,Begovoy,SAO,359700,403500,1499,154,48,84,7.5,10.0
2023-05,Begovoy,SAO,378600,417600,1577,199,17,60,7.5,10.0
2023-06,Begovoy,SAO,363900,398000,1516,39,28,39,7.5,10.0
2023-07,Begovoy,SAO,367300,433200,1531,143,49,46,13.0,15.5
2023-08,Begovoy,SAO,389600,435500,1623,166,77,79,13.0,15.5
2023-09,Begovoy,SAO,370000,419400,1542,47,21,67,13.0,15.5
2023-10,Begovoy,SAO,375400,415200,1564,187,15,10,13.0,15.5
2023-11,Begovoy,SAO,382100,411000,1592,73,71,115,13.0,15.5
2023-12,Begovoy,SAO,376900,420600,1570,186,66,13,13.0,15.5
2024-01,Begovoy,SAO,382000,413000,1592,27,67,74,16.0,18.5
2024-02,Begovoy,SAO,390100,434300,1625,196,77,53,16.0,18.5
2024-03,Begovoy,SAO,393200,451600,1638,197,70,17,16.0,18.5
2024-04,Begovoy,SAO,389300,438700,1622,69,48,108,16.0,18.5
2024-05,Begovoy,SAO,391900,412500,1633,195,57,54,16.0,18.5
2024-06,Begovoy,SAO,383700,413700,1599,115,73,96,16.0,18.5
2024-07,Begovoy,SAO,414300,456600,1726,120,46,69,16.0,18.5
2024-08,Begovoy,SAO,394400,428800,1643,175,33,39,16.0,18.5
2024-09,Begovoy,SAO,388600,436300,1619,111,58,23,16.0,18.5
2024-10,Begovoy,SAO,378000,414800,1575,50,54,103,21.0,23.5
2024-11,Begovoy,SAO,393000,446900,1638,174,37,36,21.0,23.5
2024-12,Begovoy,SAO,380800,405200,1587,145,8,111,21.0,23.5
2025-01,Begovoy,SAO,380000,400400,1583,180,15,81,21.0,23.5
2025-02,Begovoy,SAO,380800,420800,1587,25,51,88,21.0,23.5
2025-03,Begovoy,SAO,389500,434400,1623,134,74,35,21.0,23.5
2025-04,Begovoy,SAO,388400,440800,1618,66,35,50,21.0,23.5
2025-05,Begovoy,SAO,378700,419200,1578,121,30,68,21.0,23.5
2025-06,Begovoy,SAO,403500,447900,1681,199,16,80,21.0,23.5
2025-07,Begovoy,SAO,383800,440000,1599,116,72,98,17.0,19.5
2025-08,Begovoy,SAO,390100,420200,1626,136,27,102,17.0,19.5
2025-09,Begovoy,SAO,393100,444900,1638,62,57,26,17.0,19.5
2025-10,Begovoy,SAO,398800,427500,1662,102,28,92,17.0,19.5
2025-11,Begovoy,SAO,373000,407600,1554,186,67,87,17.0,19.5
2025-12,Begovoy,SAO,390200,432300,1626,147,7,55,17.0,19.5
2026-01,Begovoy,SAO,395400,429500,1647,127,22,115,17.0,19.5
2026-02,Begovoy,SAO,395800,413200,1649,197,19,35,17.0,19.5
2026-03,Begovoy,SAO,379900,412600,1583,70,59,48,17.0,19.5
2026-04,Begovoy,SAO,387400,434800,1614,22,73,118,17.0,19.5
2020-01,Beskudnikovsky,SAO,178200,191700,742,27,7,87,6.0,8.5
2020-02,Beskudnikovsky,SAO,180700,204500,753,103,38,48,6.0,8.5
2020-03,Beskudnikovsky,SAO,182000,212600,758,46,48,82,6.0,8.5
2020-04,Beskudnikovsky,SAO,187200,199300,780,67,25,100,4.25,6.75
2020-05,Beskudnikovsky,SAO,184900,191900,770,188,11,104,4.25,6.75
2020-06,Beskudnikovsky,SAO,198700,211600,828,87,69,70,4.25,6.75
2020-07,Beskudnikovsky,SAO,189600,205400,790,44,66,102,4.25,6.75
2020-08,Beskudnikovsky,SAO,193300,216500,805,105,25,36,4.25,6.75
2020-09,Beskudnikovsky,SAO,197600,213600,823,112,23,76,4.25,6.75
2020-10,Beskudnikovsky,SAO,202000,221400,842,89,64,26,4.25,6.75
2020-11,Beskudnikovsky,SAO,203600,230200,848,60,72,22,4.25,6.75
2020-12,Beskudnikovsky,SAO,203700,227000,849,33,23,81,4.25,6.75
2021-01,Beskudnikovsky,SAO,200400,220200,835,33,13,105,4.25,6.75
2021-02,Beskudnikovsky,SAO,216000,240200,900,30,66,35,4.25,6.75
2021-03,Beskudnikovsky,SAO,220300,249200,918,138,43,11,4.25,6.75
2021-04,Beskudnikovsky,SAO,224600,241900,936,57,62,30,8.5,11.0
2021-05,Beskudnikovsky,SAO,221500,232900,923,159,43,15,8.5,11.0
2021-06,Beskudnikovsky,SAO,229200,261100,955,185,31,38,8.5,11.0
2021-07,Beskudnikovsky,SAO,228900,258100,954,86,77,94,8.5,11.0
2021-08,Beskudnikovsky,SAO,221500,240300,923,102,36,28,8.5,11.0
2021-09,Beskudnikovsky,SAO,238800,270500,995,183,45,19,8.5,11.0
2021-10,Beskudnikovsky,SAO,236400,266600,985,167,30,52,8.5,11.0
2021-11,Beskudnikovsky,SAO,240000,257400,1000,105,76,52,8.5,11.0
2021-12,Beskudnikovsky,SAO,236700,263900,986,184,51,112,8.5,11.0
2022-01,Beskudnikovsky,SAO,247200,265900,1030,81,20,103,20.0,22.5
2022-02,Beskudnikovsky,SAO,234600,262500,978,85,78,41,20.0,22.5
2022-03,Beskudnikovsky,SAO,249200,274700,1038,155,21,69,20.0,22.5
2022-04,Beskudnikovsky,SAO,232500,261900,969,94,78,27,9.5,12.0
2022-05,Beskudnikovsky,SAO,241300,256100,1005,158,46,103,9.5,12.0
2022-06,Beskudnikovsky,SAO,236000,261300,983,91,9,34,9.5,12.0
2022-07,Beskudnikovsky,SAO,254400,282500,1060,106,66,58,9.5,12.0
2022-08,Beskudnikovsky,SAO,240200,268500,1001,120,23,56,9.5,12.0
2022-09,Beskudnikovsky,SAO,248900,294200,1037,121,52,91,9.5,12.0
2022-10,Beskudnikovsky,SAO,244900,270400,1020,26,31,118,7.5,10.0
2022-11,Beskudnikovsky,SAO,236500,264200,986,29,62,55,7.5,10.0
2022-12,Beskudnikovsky,SAO,255400,282700,1064,40,49,78,7.5,10.0
2023-01,Beskudnikovsky,SAO,256100,278500,1067,154,66,81,7.5,10.0
2023-02,Beskudnikovsky,SAO,251500,289300,1048,111,7,44,7.5,10.0
2023-03,Beskudnikovsky,SAO,257200,283700,1071,52,75,62,7.5,10.0
2023-04,Beskudnikovsky,SAO,265500,298700,1106,187,72,44,7.5,10.0
2023-05,Beskudnikovsky,SAO,261800,301400,1091,48,45,13,7.5,10.0
2023-06,Beskudnikovsky,SAO,269400,298700,1122,34,60,110,7.5,10.0
2023-07,Beskudnikovsky,SAO,273200,299200,1138,115,19,60,13.0,15.5
2023-08,Beskudnikovsky,SAO,269400,292600,1123,86,43,106,13.0,15.5
2023-09,Beskudnikovsky,SAO,276500,305600,1152,176,47,23,13.0,15.5
2023-10,Beskudnikovsky,SAO,266000,287700,1108,45,59,55,13.0,15.5
2023-11,Beskudnikovsky,SAO,260800,301400,1087,76,61,49,13.0,15.5
2023-12,Beskudnikovsky,SAO,269200,300500,1122,47,5,71,13.0,15.5
2024-01,Beskudnikovsky,SAO,286600,307400,1194,52,32,105,16.0,18.5
2024-02,Beskudnikovsky,SAO,273300,297700,1139,139,28,16,16.0,18.5
2024-03,Beskudnikovsky,SAO,277900,316700,1158,164,74,105,16.0,18.5
2024-04,Beskudnikovsky,SAO,280800,309200,1170,85,23,47,16.0,18.5
2024-05,Beskudnikovsky,SAO,275000,292400,1146,133,48,105,16.0,18.5
2024-06,Beskudnikovsky,SAO,277400,316000,1156,135,50,112,16.0,18.5
2024-07,Beskudnikovsky,SAO,277400,302500,1156,40,14,91,16.0,18.5
2024-08,Beskudnikovsky,SAO,270700,285600,1128,194,57,57,16.0,18.5
2024-09,Beskudnikovsky,SAO,290200,323300,1209,78,69,50,16.0,18.5
2024-10,Beskudnikovsky,SAO,277100,295500,1155,72,34,90,21.0,23.5
2024-11,Beskudnikovsky,SAO,281200,290300,1172,44,54,48,21.0,23.5
2024-12,Beskudnikovsky,SAO,267000,296200,1112,87,74,58,21.0,23.5
2025-01,Beskudnikovsky,SAO,281200,314500,1172,125,7,32,21.0,23.5
2025-02,Beskudnikovsky,SAO,264600,290800,1103,26,67,109,21.0,23.5
2025-03,Beskudnikovsky,SAO,275000,293300,1146,48,17,66,21.0,23.5
2025-04,Beskudnikovsky,SAO,260300,293000,1085,113,31,118,21.0,23.5
2025-05,Beskudnikovsky,SAO,268800,299300,1120,42,78,56,21.0,23.5
2025-06,Beskudnikovsky,SAO,279200,305000,1163,87,68,38,21.0,23.5
2025-07,Beskudnikovsky,SAO,276700,298900,1153,132,58,56,17.0,19.5
2025-08,Beskudnikovsky,SAO,286100,322200,1192,119,73,56,17.0,19.5
2025-09,Beskudnikovsky,SAO,282600,313200,1178,51,49,39,17.0,19.5
2025-10,Beskudnikovsky,SAO,269100,295700,1121,141,50,64,17.0,19.5
2025-11,Beskudnikovsky,SAO,256900,295000,1070,165,56,54,17.0,19.5
2025-12,Beskudnikovsky,SAO,275100,293700,1146,122,27,94,17.0,19.5
2026-01,Beskudnikovsky,SAO,275500,295000,1148,177,46,23,17.0,19.5
2026-02,Beskudnikovsky,SAO,265600,295700,1107,53,79,102,17.0,19.5
2026-03,Beskudnikovsky,SAO,273100,306400,1138,124,11,50,17.0,19.5
2026-04,Beskudnikovsky,SAO,287400,314200,1197,180,61,111,17.0,19.5
2020-01,Voykovsky,SAO,216300,237200,901,132,35,102,6.0,8.5
2020-02,Voykovsky,SAO,208100,231500,867,119,54,104,6.0,8.5
2020-03,Voykovsky,SAO,223500,257800,931,87,31,100,6.0,8.5
2020-04,Voykovsky,SAO,216400,238700,902,22,73,117,4.25,6.75
2020-05,Voykovsky,SAO,226100,258900,942,187,58,64,4.25,6.75
2020-06,Voykovsky,SAO,211200,233000,880,176,55,108,4.25,6.75
2020-07,Voykovsky,SAO,237400,272200,989,113,10,102,4.25,6.75
2020-08,Voykovsky,SAO,226400,236200,943,146,74,39,4.25,6.75
2020-09,Voykovsky,SAO,238000,268900,992,152,34,51,4.25,6.75
2020-10,Voykovsky,SAO,238500,263800,994,28,12,25,4.25,6.75
2020-11,Voykovsky,SAO,237200,255900,988,72,41,21,4.25,6.75
2020-12,Voykovsky,SAO,244000,265000,1017,64,33,69,4.25,6.75
2021-01,Voykovsky,SAO,245400,269700,1022,42,79,88,4.25,6.75
2021-02,Voykovsky,SAO,245300,264300,1022,54,63,110,4.25,6.75
2021-03,Voykovsky,SAO,261200,288500,1088,124,54,42,4.25,6.75
2021-04,Voykovsky,SAO,258200,295800,1076,80,19,79,8.5,11.0
2021-05,Voykovsky,SAO,247200,271700,1030,115,68,114,8.5,11.0
2021-06,Voykovsky,SAO,264500,306700,1102,65,10,93,8.5,11.0
2021-07,Voykovsky,SAO,262200,298200,1092,108,77,46,8.5,11.0
2021-08,Voykovsky,SAO,268400,305600,1118,163,46,78,8.5,11.0
2021-09,Voykovsky,SAO,271700,293300,1132,197,58,73,8.5,11.0
2021-10,Voykovsky,SAO,279100,304400,1163,147,78,12,8.5,11.0
2021-11,Voykovsky,SAO,287900,327500,1199,115,13,103,8.5,11.0
2021-12,Voykovsky,SAO,287400,305400,1198,180,64,94,8.5,11.0
2022-01,Voykovsky,SAO,285500,320800,1189,113,75,72,20.0,22.5
2022-02,Voykovsky,SAO,293500,314800,1223,106,28,100,20.0,22.5
2022-03,Voykovsky,SAO,283600,310000,1182,196,35,67,20.0,22.5
2022-04,Voykovsky,SAO,278700,297800,1161,67,61,95,9.5,12.0
2022-05,Voykovsky,SAO,278100,305300,1159,58,51,42,9.5,12.0
2022-06,Voykovsky,SAO,273500,301500,1140,97,56,117,9.5,12.0
2022-07,Voykovsky,SAO,277000,293800,1154,54,46,36,9.5,12.0
2022-08,Voykovsky,SAO,279300,302700,1164,46,56,45,9.5,12.0
2022-09,Voykovsky,SAO,294300,317700,1226,120,9,16,9.5,12.0
2022-10,Voykovsky,SAO,299200,340000,1247,76,27,83,7.5,10.0
2022-11,Voykovsky,SAO,307900,324900,1283,30,44,93,7.5,10.0
2022-12,Voykovsky,SAO,299800,347400,1249,46,71,62,7.5,10.0
2023-01,Voykovsky,SAO,305600,332500,1273,171,28,92,7.5,10.0
2023-02,Voykovsky,SAO,301500,339200,1256,98,52,86,7.5,10.0
2023-03,Voykovsky,SAO,293600,310300,1223,125,54,34,7.5,10.0
2023-04,Voykovsky,SAO,304300,326500,1268,167,57,25,7.5,10.0
2023-05,Voykovsky,SAO,313200,358300,1305,128,34,41,7.5,10.0
2023-06,Voykovsky,SAO,319500,360400,1331,108,72,12,7.5,10.0
2023-07,Voykovsky,SAO,319500,349100,1331,104,50,16,13.0,15.5
2023-08,Voykovsky,SAO,317600,350100,1323,80,10,28,13.0,15.5
2023-09,Voykovsky,SAO,317400,344000,1322,85,45,49,13.0,15.5
2023-10,Voykovsky,SAO,315200,348600,1314,195,58,93,13.0,15.5
2023-11,Voykovsky,SAO,324700,348800,1353,148,78,92,13.0,15.5
2023-12,Voykovsky,SAO,314200,352000,1309,117,79,76,13.0,15.5
2024-01,Voykovsky,SAO,323200,356800,1347,169,18,73,16.0,18.5
2024-02,Voykovsky,SAO,326100,363200,1359,127,73,69,16.0,18.5
2024-03,Voykovsky,SAO,322100,345800,1342,87,9,15,16.0,18.5
2024-04,Voykovsky,SAO,338000,389300,1408,109,34,103,16.0,18.5
2024-05,Voykovsky,SAO,334700,356300,1395,118,25,77,16.0,18.5
2024-06,Voykovsky,SAO,318400,360000,1327,40,7,37,16.0,18.5
2024-07,Voykovsky,SAO,330100,363500,1375,103,12,86,16.0,18.5
2024-08,Voykovsky,SAO,324100,361300,1350,193,41,45,16.0,18.5
2024-09,Voykovsky,SAO,327400,370700,1364,139,19,85,16.0,18.5
2024-10,Voykovsky,SAO,322400,344800,1343,92,60,52,21.0,23.5
2024-11,Voykovsky,SAO,327300,360800,1364,112,33,42,21.0,23.5
2024-12,Voykovsky,SAO,327500,360200,1365,105,69,103,21.0,23.5
2025-01,Voykovsky,SAO,304600,320600,1269,84,47,31,21.0,23.5
2025-02,Voykovsky,SAO,313800,337500,1308,104,78,60,21.0,23.5
2025-03,Voykovsky,SAO,311400,351000,1298,36,20,52,21.0,23.5
2025-04,Voykovsky,SAO,316300,347900,1318,106,67,22,21.0,23.5
2025-05,Voykovsky,SAO,311700,339700,1299,199,31,49,21.0,23.5
2025-06,Voykovsky,SAO,316400,355000,1318,166,19,95,21.0,23.5
2025-07,Voykovsky,SAO,321400,355600,1339,119,15,33,17.0,19.5
2025-08,Voykovsky,SAO,330000,367900,1375,132,79,43,17.0,19.5
2025-09,Voykovsky,SAO,320000,351100,1333,52,18,35,17.0,19.5
2025-10,Voykovsky,SAO,316400,349600,1318,112,16,73,17.0,19.5
2025-11,Voykovsky,SAO,327300,349000,1364,26,50,73,17.0,19.5
2025-12,Voykovsky,SAO,319200,351500,1330,30,65,99,17.0,19.5
2026-01,Voykovsky,SAO,328000,365400,1367,33,42,90,17.0,19.5
2026-02,Voykovsky,SAO,326000,357800,1358,106,60,54,17.0,19.5
2026-03,Voykovsky,SAO,329600,368800,1373,192,20,30,17.0,19.5
2026-04,Voykovsky,SAO,325700,361800,1357,31,14,41,17.0,19.5
2020-01,Golovinsky,SAO,195500,213500,814,171,17,21,6.0,8.5
2020-02,Golovinsky,SAO,187900,205600,783,38,11,112,6.0,8.5
2020-03,Golovinsky,SAO,193300,211500,805,144,72,94,6.0,8.5
2020-04,Golovinsky,SAO,200400,225300,835,59,27,100,4.25,6.75
2020-05,Golovinsky,SAO,201500,229900,840,49,41,41,4.25,6.75
2020-06,Golovinsky,SAO,196800,213700,820,176,69,100,4.25,6.75
2020-07,Golovinsky,SAO,208300,232000,868,144,64,95,4.25,6.75
2020-08,Golovinsky,SAO,203300,216700,847,119,37,24,4.25,6.75
2020-09,Golovinsky,SAO,213700,243500,891,188,54,90,4.25,6.75
2020-10,Golovinsky,SAO,213000,230700,888,195,22,101,4.25,6.75
2020-11,Golovinsky,SAO,215800,233700,899,127,65,72,4.25,6.75
2020-12,Golovinsky,SAO,220900,245100,920,150,51,58,4.25,6.75
2021-01,Golovinsky,SAO,228100,250400,950,84,75,44,4.25,6.75
2021-02,Golovinsky,SAO,221800,235900,924,187,13,48,4.25,6.75
2021-03,Golovinsky,SAO,232400,256400,968,67,69,30,4.25,6.75
2021-04,Golovinsky,SAO,235100,255400,980,28,21,112,8.5,11.0
2021-05,Golovinsky,SAO,235700,259900,982,98,24,98,8.5,11.0
2021-06,Golovinsky,SAO,241900,272000,1008,83,75,103,8.5,11.0
2021-07,Golovinsky,SAO,235800,248200,983,130,17,86,8.5,11.0
2021-08,Golovinsky,SAO,253300,275500,1055,81,78,37,8.5,11.0
2021-09,Golovinsky,SAO,247800,275900,1033,69,19,64,8.5,11.0
2021-10,Golovinsky,SAO,257300,273400,1072,180,77,38,8.5,11.0
2021-11,Golovinsky,SAO,263000,291100,1096,76,23,28,8.5,11.0
2021-12,Golovinsky,SAO,258900,283300,1079,92,41,19,8.5,11.0
2022-01,Golovinsky,SAO,257800,276200,1074,95,66,56,20.0,22.5
2022-02,Golovinsky,SAO,270900,296600,1129,87,61,118,20.0,22.5
2022-03,Golovinsky,SAO,256500,282900,1069,49,66,118,20.0,22.5
2022-04,Golovinsky,SAO,250100,266900,1042,79,19,44,9.5,12.0
2022-05,Golovinsky,SAO,257500,282000,1073,167,62,52,9.5,12.0
2022-06,Golovinsky,SAO,271300,299100,1130,107,41,84,9.5,12.0
2022-07,Golovinsky,SAO,261000,291800,1088,110,11,78,9.5,12.0
2022-08,Golovinsky,SAO,266400,291000,1110,196,6,78,9.5,12.0
2022-09,Golovinsky,SAO,254400,279900,1060,177,30,87,9.5,12.0
2022-10,Golovinsky,SAO,269300,299500,1122,26,30,116,7.5,10.0
2022-11,Golovinsky,SAO,274200,298900,1142,64,26,40,7.5,10.0
2022-12,Golovinsky,SAO,275100,303200,1146,58,58,49,7.5,10.0
2023-01,Golovinsky,SAO,270700,297200,1128,168,10,25,7.5,10.0
2023-02,Golovinsky,SAO,277600,312500,1157,99,70,51,7.5,10.0
2023-03,Golovinsky,SAO,274300,309400,1143,72,19,115,7.5,10.0
2023-04,Golovinsky,SAO,275400,305700,1147,52,70,84,7.5,10.0
2023-05,Golovinsky,SAO,277400,312700,1156,122,41,44,7.5,10.0
2023-06,Golovinsky,SAO,289800,321200,1208,169,17,61,7.5,10.0
2023-07,Golovinsky,SAO,289000,314800,1204,131,68,113,13.0,15.5
2023-08,Golovinsky,SAO,280600,303600,1169,141,11,96,13.0,15.5
2023-09,Golovinsky,SAO,294500,324500,1227,135,20,115,13.0,15.5
2023-10,Golovinsky,SAO,292800,310000,1220,195,13,62,13.0,15.5
2023-11,Golovinsky,SAO,283400,303200,1181,192,78,79,13.0,15.5
2023-12,Golovinsky,SAO,290300,320000,1210,68,64,53,13.0,15.5
2024-01,Golovinsky,SAO,291100,322800,1213,27,79,117,16.0,18.5
2024-02,Golovinsky,SAO,293600,322600,1223,42,33,55,16.0,18.5
2024-03,Golovinsky,SAO,298400,312300,1243,23,14,23,16.0,18.5
2024-04,Golovinsky,SAO,301600,337700,1257,102,15,91,16.0,18.5
2024-05,Golovinsky,SAO,310400,339700,1293,192,53,19,16.0,18.5
2024-06,Golovinsky,SAO,287900,312900,1199,52,31,116,16.0,18.5
2024-07,Golovinsky,SAO,297600,333200,1240,120,54,75,16.0,18.5
2024-08,Golovinsky,SAO,301800,343500,1258,135,33,119,16.0,18.5
2024-09,Golovinsky,SAO,292100,336900,1217,29,55,96,16.0,18.5
2024-10,Golovinsky,SAO,292300,300300,1218,170,54,48,21.0,23.5
2024-11,Golovinsky,SAO,282700,294300,1178,42,37,62,21.0,23.5
2024-12,Golovinsky,SAO,299200,329500,1247,187,57,79,21.0,23.5
2025-01,Golovinsky,SAO,289500,323400,1206,194,71,73,21.0,23.5
2025-02,Golovinsky,SAO,300400,326400,1252,140,68,32,21.0,23.5
2025-03,Golovinsky,SAO,290100,314100,1209,76,68,76,21.0,23.5
2025-04,Golovinsky,SAO,294300,321200,1226,98,33,22,21.0,23.5
2025-05,Golovinsky,SAO,294000,328600,1225,36,14,87,21.0,23.5
2025-06,Golovinsky,SAO,286600,319000,1194,165,20,27,21.0,23.5
2025-07,Golovinsky,SAO,288700,305500,1203,175,18,33,17.0,19.5
2025-08,Golovinsky,SAO,301300,340100,1255,149,72,107,17.0,19.5
2025-09,Golovinsky,SAO,296000,330100,1233,60,67,12,17.0,19.5
2025-10,Golovinsky,SAO,290700,334200,1211,139,36,59,17.0,19.5
2025-11,Golovinsky,SAO,289300,318100,1205,140,72,42,17.0,19.5
2025-12,Golovinsky,SAO,298400,336200,1243,51,33,68,17.0,19.5
2026-01,Golovinsky,SAO,296100,318700,1234,137,49,17,17.0,19.5
2026-02,Golovinsky,SAO,296300,339200,1235,59,40,56,17.0,19.5
2026-03,Golovinsky,SAO,294500,330300,1227,185,78,96,17.0,19.5
2026-04,Golovinsky,SAO,298400,328700,1243,138,76,51,17.0,19.5
2020-01,Dmitrovsky,SAO,178000,193800,741,133,31,38,6.0,8.5
2020-02,Dmitrovsky,SAO,177300,201100,739,65,11,67,6.0,8.5
2020-03,Dmitrovsky,SAO,184600,203300,769,127,13,29,6.0,8.5
2020-04,Dmitrovsky,SAO,182800,198400,762,63,13,89,4.25,6.75
2020-05,Dmitrovsky,SAO,176000,199600,733,36,69,11,4.25,6.75
2020-06,Dmitrovsky,SAO,192500,213300,802,126,57,42,4.25,6.75
2020-07,Dmitrovsky,SAO,192700,204500,803,146,60,89,4.25,6.75
2020-08,Dmitrovsky,SAO,183100,203500,763,121,19,39,4.25,6.75
2020-09,Dmitrovsky,SAO,194400,204600,810,108,72,41,4.25,6.75
2020-10,Dmitrovsky,SAO,187700,209300,782,152,43,78,4.25,6.75
2020-11,Dmitrovsky,SAO,196800,211200,820,141,53,69,4.25,6.75
2020-12,Dmitrovsky,SAO,199700,217200,832,177,22,36,4.25,6.75
2021-01,Dmitrovsky,SAO,202700,232600,845,183,60,16,4.25,6.75
2021-02,Dmitrovsky,SAO,210400,224000,877,83,17,61,4.25,6.75
2021-03,Dmitrovsky,SAO,211900,237400,883,46,12,22,4.25,6.75
2021-04,Dmitrovsky,SAO,215100,234000,896,36,7,31,8.5,11.0
2021-05,Dmitrovsky,SAO,207100,231500,863,111,18,76,8.5,11.0
2021-06,Dmitrovsky,SAO,221200,245800,922,141,75,43,8.5,11.0
2021-07,Dmitrovsky,SAO,216500,238000,902,88,9,108,8.5,11.0
2021-08,Dmitrovsky,SAO,227100,255400,946,100,51,53,8.5,11.0
2021-09,Dmitrovsky,SAO,224200,245900,934,44,69,84,8.5,11.0
2021-10,Dmitrovsky,SAO,232900,260500,970,52,9,74,8.5,11.0
2021-11,Dmitrovsky,SAO,234500,255900,977,155,16,27,8.5,11.0
2021-12,Dmitrovsky,SAO,230000,271900,958,130,18,57,8.5,11.0
2022-01,Dmitrovsky,SAO,237500,261900,990,157,19,65,20.0,22.5
2022-02,Dmitrovsky,SAO,236300,260700,985,40,62,15,20.0,22.5
2022-03,Dmitrovsky,SAO,227600,248500,948,183,52,16,20.0,22.5
2022-04,Dmitrovsky,SAO,226500,242800,944,136,74,58,9.5,12.0
2022-05,Dmitrovsky,SAO,214200,237600,893,152,61,55,9.5,12.0
2022-06,Dmitrovsky,SAO,228300,251200,951,181,37,85,9.5,12.0
2022-07,Dmitrovsky,SAO,228400,259300,951,183,16,51,9.5,12.0
2022-08,Dmitrovsky,SAO,243700,271100,1015,64,59,32,9.5,12.0
2022-09,Dmitrovsky,SAO,241800,265300,1008,89,74,46,9.5,12.0
2022-10,Dmitrovsky,SAO,228900,263900,954,102,38,25,7.5,10.0
2022-11,Dmitrovsky,SAO,245700,268400,1024,21,74,53,7.5,10.0
2022-12,Dmitrovsky,SAO,247000,272700,1029,128,34,39,7.5,10.0
2023-01,Dmitrovsky,SAO,249400,270600,1039,61,44,41,7.5,10.0
2023-02,Dmitrovsky,SAO,249300,273000,1039,79,65,117,7.5,10.0
2023-03,Dmitrovsky,SAO,258900,293600,1079,155,25,91,7.5,10.0
2023-04,Dmitrovsky,SAO,257900,280700,1075,43,61,20,7.5,10.0
2023-05,Dmitrovsky,SAO,255100,270500,1063,111,8,70,7.5,10.0
2023-06,Dmitrovsky,SAO,259000,268700,1079,125,55,44,7.5,10.0
2023-07,Dmitrovsky,SAO,248300,274000,1035,138,42,87,13.0,15.5
2023-08,Dmitrovsky,SAO,263500,282700,1098,89,27,100,13.0,15.5
2023-09,Dmitrovsky,SAO,271800,296100,1133,112,15,105,13.0,15.5
2023-10,Dmitrovsky,SAO,263200,283400,1097,177,23,18,13.0,15.5
2023-11,Dmitrovsky,SAO,257400,291500,1073,156,22,112,13.0,15.5
2023-12,Dmitrovsky,SAO,267600,294700,1115,24,48,10,13.0,15.5
2024-01,Dmitrovsky,SAO,250100,291000,1042,57,56,41,16.0,18.5
2024-02,Dmitrovsky,SAO,261400,283900,1089,167,22,67,16.0,18.5
2024-03,Dmitrovsky,SAO,261400,285000,1089,59,48,23,16.0,18.5
2024-04,Dmitrovsky,SAO,268900,290400,1120,135,74,108,16.0,18.5
2024-05,Dmitrovsky,SAO,274300,305200,1143,116,14,15,16.0,18.5
2024-06,Dmitrovsky,SAO,262900,289000,1095,152,39,80,16.0,18.5
2024-07,Dmitrovsky,SAO,279400,309200,1164,153,26,78,16.0,18.5
2024-08,Dmitrovsky,SAO,270000,303800,1125,41,51,101,16.0,18.5
2024-09,Dmitrovsky,SAO,274900,284000,1145,38,33,37,16.0,18.5
2024-10,Dmitrovsky,SAO,261300,302500,1089,159,50,62,21.0,23.5
2024-11,Dmitrovsky,SAO,271200,299500,1130,120,49,35,21.0,23.5
2024-12,Dmitrovsky,SAO,265900,278400,1108,56,18,95,21.0,23.5
2025-01,Dmitrovsky,SAO,256400,274500,1068,121,13,52,21.0,23.5
2025-02,Dmitrovsky,SAO,268900,295700,1120,29,40,116,21.0,23.5
2025-03,Dmitrovsky,SAO,264500,291700,1102,195,64,25,21.0,23.5
2025-04,Dmitrovsky,SAO,254800,281800,1062,115,14,50,21.0,23.5
2025-05,Dmitrovsky,SAO,259700,284600,1082,35,53,33,21.0,23.5
2025-06,Dmitrovsky,SAO,263800,288600,1099,47,23,30,21.0,23.5
2025-07,Dmitrovsky,SAO,259200,294600,1080,63,29,110,17.0,19.5
2025-08,Dmitrovsky,SAO,268100,282900,1117,154,49,25,17.0,19.5
2025-09,Dmitrovsky,SAO,271500,299300,1131,21,34,103,17.0,19.5
2025-10,Dmitrovsky,SAO,261200,283900,1089,55,9,98,17.0,19.5
2025-11,Dmitrovsky,SAO,255100,295500,1063,56,35,84,17.0,19.5
2025-12,Dmitrovsky,SAO,264700,295300,1103,114,36,113,17.0,19.5
2026-01,Dmitrovsky,SAO,264100,289200,1100,88,17,61,17.0,19.5
2026-02,Dmitrovsky,SAO,270800,297600,1128,85,50,40,17.0,19.5
2026-03,Dmitrovsky,SAO,272500,296300,1136,185,40,41,17.0,19.5
2026-04,Dmitrovsky,SAO,278500,311800,1161,138,41,104,17.0,19.5
2020-01,Zapadnoye Degunino,SAO,187500,204300,781,192,43,61,6.0,8.5
2020-02,Zapadnoye Degunino,SAO,180700,200000,753,126,77,90,6.0,8.5
2020-03,Zapadnoye Degunino,SAO,181800,205600,758,46,18,38,6.0,8.5
2020-04,Zapadnoye Degunino,SAO,182400,199200,760,89,64,49,4.25,6.75
2020-05,Zapadnoye Degunino,SAO,184700,209600,770,126,48,44,4.25,6.75
2020-06,Zapadnoye Degunino,SAO,188500,204000,785,47,23,48,4.25,6.75
2020-07,Zapadnoye Degunino,SAO,196800,221200,820,108,62,45,4.25,6.75
2020-08,Zapadnoye Degunino,SAO,192200,203600,801,198,34,94,4.25,6.75
2020-09,Zapadnoye Degunino,SAO,202300,221800,843,26,21,90,4.25,6.75
2020-10,Zapadnoye Degunino,SAO,206800,217200,862,115,6,117,4.25,6.75
2020-11,Zapadnoye Degunino,SAO,199400,221200,831,190,69,34,4.25,6.75
2020-12,Zapadnoye Degunino,SAO,200100,214200,834,119,11,12,4.25,6.75
2021-01,Zapadnoye Degunino,SAO,221000,253900,921,94,52,80,4.25,6.75
2021-02,Zapadnoye Degunino,SAO,214100,231800,892,138,70,89,4.25,6.75
2021-03,Zapadnoye Degunino,SAO,215500,237500,898,176,13,96,4.25,6.75
2021-04,Zapadnoye Degunino,SAO,216300,246900,901,169,11,84,8.5,11.0
2021-05,Zapadnoye Degunino,SAO,226200,255800,942,152,71,103,8.5,11.0
2021-06,Zapadnoye Degunino,SAO,227000,247600,946,23,27,37,8.5,11.0
2021-07,Zapadnoye Degunino,SAO,229300,263000,955,173,33,106,8.5,11.0
2021-08,Zapadnoye Degunino,SAO,226400,256200,943,102,40,51,8.5,11.0
2021-09,Zapadnoye Degunino,SAO,232400,244300,969,72,31,110,8.5,11.0
2021-10,Zapadnoye Degunino,SAO,227800,250400,949,98,57,12,8.5,11.0
2021-11,Zapadnoye Degunino,SAO,234400,251500,977,175,37,61,8.5,11.0
2021-12,Zapadnoye Degunino,SAO,233700,253900,974,72,28,65,8.5,11.0
2022-01,Zapadnoye Degunino,SAO,254000,273800,1059,145,78,25,20.0,22.5
2022-02,Zapadnoye Degunino,SAO,247000,264000,1029,151,19,62,20.0,22.5
2022-03,Zapadnoye Degunino,SAO,229900,259000,958,34,29,114,20.0,22.5
2022-04,Zapadnoye Degunino,SAO,233900,251100,975,111,8,46,9.5,12.0
2022-05,Zapadnoye Degunino,SAO,239600,265900,998,59,25,104,9.5,12.0
2022-06,Zapadnoye Degunino,SAO,241100,259600,1005,120,74,101,9.5,12.0
2022-07,Zapadnoye Degunino,SAO,235900,272000,983,143,19,104,9.5,12.0
2022-08,Zapadnoye Degunino,SAO,241200,269500,1005,122,29,71,9.5,12.0
2022-09,Zapadnoye Degunino,SAO,245200,279300,1022,85,70,17,9.5,12.0
2022-10,Zapadnoye Degunino,SAO,242100,260400,1009,24,66,77,7.5,10.0
2022-11,Zapadnoye Degunino,SAO,245100,266100,1021,41,55,80,7.5,10.0
2022-12,Zapadnoye Degunino,SAO,254200,279600,1059,117,55,109,7.5,10.0
2023-01,Zapadnoye Degunino,SAO,260200,279900,1084,64,75,49,7.5,10.0
2023-02,Zapadnoye Degunino,SAO,257700,283300,1074,76,44,56,7.5,10.0
2023-03,Zapadnoye Degunino,SAO,262500,292800,1094,138,30,92,7.5,10.0
2023-04,Zapadnoye Degunino,SAO,254600,277100,1061,107,57,40,7.5,10.0
2023-05,Zapadnoye Degunino,SAO,264900,289700,1104,199,32,81,7.5,10.0
2023-06,Zapadnoye Degunino,SAO,269300,291400,1122,64,49,94,7.5,10.0
2023-07,Zapadnoye Degunino,SAO,266400,292500,1110,132,39,41,13.0,15.5
2023-08,Zapadnoye Degunino,SAO,266100,299200,1109,143,48,112,13.0,15.5
2023-09,Zapadnoye Degunino,SAO,268500,288700,1119,177,52,98,13.0,15.5
2023-10,Zapadnoye Degunino,SAO,279400,302400,1164,109,28,47,13.0,15.5
2023-11,Zapadnoye Degunino,SAO,268900,291300,1121,81,5,97,13.0,15.5
2023-12,Zapadnoye Degunino,SAO,268800,288200,1120,132,10,17,13.0,15.5
2024-01,Zapadnoye Degunino,SAO,278400,306600,1160,117,55,105,16.0,18.5
2024-02,Zapadnoye Degunino,SAO,289000,328500,1204,122,27,88,16.0,18.5
2024-03,Zapadnoye Degunino,SAO,291600,312300,1215,89,24,69,16.0,18.5
2024-04,Zapadnoye Degunino,SAO,275700,297400,1149,114,67,73,16.0,18.5
2024-05,Zapadnoye Degunino,SAO,285300,317800,1189,81,52,103,16.0,18.5
2024-06,Zapadnoye Degunino,SAO,273200,289600,1138,72,42,94,16.0,18.5
2024-07,Zapadnoye Degunino,SAO,278500,297100,1160,26,64,18,16.0,18.5
2024-08,Zapadnoye Degunino,SAO,284700,317200,1186,115,44,76,16.0,18.5
2024-09,Zapadnoye Degunino,SAO,278900,295500,1162,104,32,49,16.0,18.5
2024-10,Zapadnoye Degunino,SAO,283000,317900,1179,180,58,112,21.0,23.5
2024-11,Zapadnoye Degunino,SAO,260200,296000,1084,152,49,59,21.0,23.5
2024-12,Zapadnoye Degunino,SAO,268500,299200,1119,112,53,43,21.0,23.5
2025-01,Zapadnoye Degunino,SAO,276800,301000,1153,41,65,82,21.0,23.5
2025-02,Zapadnoye Degunino,SAO,272000,309900,1133,22,79,107,21.0,23.5
2025-03,Zapadnoye Degunino,SAO,267900,303700,1116,24,14,21,21.0,23.5
2025-04,Zapadnoye Degunino,SAO,272000,300900,1133,102,32,85,21.0,23.5
2025-05,Zapadnoye Degunino,SAO,270300,296300,1126,36,35,21,21.0,23.5
2025-06,Zapadnoye Degunino,SAO,273500,300900,1140,198,56,48,21.0,23.5
2025-07,Zapadnoye Degunino,SAO,262100,282900,1092,138,36,59,17.0,19.5
2025-08,Zapadnoye Degunino,SAO,274400,294900,1143,176,71,33,17.0,19.5
2025-09,Zapadnoye Degunino,SAO,272500,291100,1135,165,52,101,17.0,19.5
2025-10,Zapadnoye Degunino,SAO,279100,306000,1163,22,37,84,17.0,19.5
2025-11,Zapadnoye Degunino,SAO,277400,308000,1156,51,46,95,17.0,19.5
2025-12,Zapadnoye Degunino,SAO,274700,298300,1144,168,44,98,17.0,19.5
2026-01,Zapadnoye Degunino,SAO,268600,281800,1119,156,54,100,17.0,19.5
2026-02,Zapadnoye Degunino,SAO,273700,293900,1140,195,10,97,17.0,19.5
2026-03,Zapadnoye Degunino,SAO,270800,306300,1128,87,7,113,17.0,19.5
2026-04,Zapadnoye Degunino,SAO,278400,297100,1160,115,28,53,17.0,19.5
2020-01,Koptevo,SAO,192900,213600,804,115,15,23,6.0,8.5
2020-02,Koptevo,SAO,191000,212000,796,171,76,48,6.0,8.5
2020-03,Koptevo,SAO,205400,224800,856,163,47,90,6.0,8.5
2020-04,Koptevo,SAO,210600,226900,877,176,54,119,4.25,6.75
2020-05,Koptevo,SAO,209900,231700,874,160,15,13,4.25,6.75
2020-06,Koptevo,SAO,216900,232400,904,165,74,80,4.25,6.75
2020-07,Koptevo,SAO,210200,233400,876,125,71,85,4.25,6.75
2020-08,Koptevo,SAO,224400,240300,935,165,7,40,4.25,6.75
2020-09,Koptevo,SAO,226000,248800,942,65,60,103,4.25,6.75
2020-10,Koptevo,SAO,217600,248000,907,115,54,22,4.25,6.75
2020-11,Koptevo,SAO,231600,253400,965,123,43,87,4.25,6.75
2020-12,Koptevo,SAO,228700,247300,953,54,33,106,4.25,6.75
2021-01,Koptevo,SAO,237800,268000,991,169,47,26,4.25,6.75
2021-02,Koptevo,SAO,239900,268900,1000,32,25,105,4.25,6.75
2021-03,Koptevo,SAO,229700,250000,957,166,67,36,4.25,6.75
2021-04,Koptevo,SAO,239100,256700,996,178,22,41,8.5,11.0
2021-05,Koptevo,SAO,250200,274200,1043,109,57,86,8.5,11.0
2021-06,Koptevo,SAO,246600,272400,1027,49,15,20,8.5,11.0
2021-07,Koptevo,SAO,251600,278000,1048,161,63,73,8.5,11.0
2021-08,Koptevo,SAO,260500,298300,1085,102,64,53,8.5,11.0
2021-09,Koptevo,SAO,255600,293600,1065,40,56,107,8.5,11.0
2021-10,Koptevo,SAO,271300,298000,1130,29,72,53,8.5,11.0
2021-11,Koptevo,SAO,270200,306000,1126,27,10,44,8.5,11.0
2021-12,Koptevo,SAO,273000,292700,1138,106,66,16,8.5,11.0
2022-01,Koptevo,SAO,270200,307300,1126,165,54,96,20.0,22.5
2022-02,Koptevo,SAO,263300,286400,1097,136,18,76,20.0,22.5
2022-03,Koptevo,SAO,250500,268000,1044,69,39,11,20.0,22.5
2022-04,Koptevo,SAO,256600,282600,1069,194,41,115,9.5,12.0
2022-05,Koptevo,SAO,273400,306500,1139,187,46,104,9.5,12.0
2022-06,Koptevo,SAO,267000,290900,1112,193,58,100,9.5,12.0
2022-07,Koptevo,SAO,273300,311500,1139,84,56,30,9.5,12.0
2022-08,Koptevo,SAO,261000,291400,1087,172,79,106,9.5,12.0
2022-09,Koptevo,SAO,262400,297300,1093,123,27,62,9.5,12.0
2022-10,Koptevo,SAO,259200,277600,1080,145,11,93,7.5,10.0
2022-11,Koptevo,SAO,282300,310200,1176,136,20,40,7.5,10.0
2022-12,Koptevo,SAO,268600,284800,1119,106,45,33,7.5,10.0
2023-01,Koptevo,SAO,271200,295900,1130,175,66,75,7.5,10.0
2023-02,Koptevo,SAO,283900,312900,1183,50,18,36,7.5,10.0
2023-03,Koptevo,SAO,278700,318800,1161,99,23,56,7.5,10.0
2023-04,Koptevo,SAO,295900,324500,1233,81,34,81,7.5,10.0
2023-05,Koptevo,SAO,291300,320100,1214,80,60,50,7.5,10.0
2023-06,Koptevo,SAO,289400,313200,1206,93,44,55,7.5,10.0
2023-07,Koptevo,SAO,297500,329500,1240,81,29,21,13.0,15.5
2023-08,Koptevo,SAO,303300,341800,1264,90,62,102,13.0,15.5
2023-09,Koptevo,SAO,293200,322700,1221,117,31,36,13.0,15.5
2023-10,Koptevo,SAO,309300,344200,1289,58,8,18,13.0,15.5
2023-11,Koptevo,SAO,298200,329500,1242,20,10,106,13.0,15.5
2023-12,Koptevo,SAO,306300,339000,1276,184,57,62,13.0,15.5
2024-01,Koptevo,SAO,309200,354600,1288,51,58,64,16.0,18.5
2024-02,Koptevo,SAO,301900,336500,1258,138,19,98,16.0,18.5
2024-03,Koptevo,SAO,302300,316600,1259,157,30,43,16.0,18.5
2024-04,Koptevo,SAO,313900,354300,1308,191,61,114,16.0,18.5
2024-05,Koptevo,SAO,292200,314900,1217,75,70,44,16.0,18.5
2024-06,Koptevo,SAO,301700,341500,1257,33,26,96,16.0,18.5
2024-07,Koptevo,SAO,325300,338600,1356,179,29,26,16.0,18.5
2024-08,Koptevo,SAO,301700,311900,1257,94,45,104,16.0,18.5
2024-09,Koptevo,SAO,305800,338400,1274,78,71,93,16.0,18.5
2024-10,Koptevo,SAO,298800,330500,1245,40,12,33,21.0,23.5
2024-11,Koptevo,SAO,293500,318700,1223,71,45,107,21.0,23.5
2024-12,Koptevo,SAO,308800,353400,1287,140,14,90,21.0,23.5
2025-01,Koptevo,SAO,294800,326500,1228,168,51,83,21.0,23.5
2025-02,Koptevo,SAO,293900,329300,1224,75,78,94,21.0,23.5
2025-03,Koptevo,SAO,290700,322200,1211,178,61,71,21.0,23.5
2025-04,Koptevo,SAO,304100,328300,1267,68,78,12,21.0,23.5
2025-05,Koptevo,SAO,302600,323100,1261,64,8,71,21.0,23.5
2025-06,Koptevo,SAO,310000,344400,1292,147,12,99,21.0,23.5
2025-07,Koptevo,SAO,303200,352000,1263,80,23,24,17.0,19.5
2025-08,Koptevo,SAO,302700,327600,1261,41,54,85,17.0,19.5
2025-09,Koptevo,SAO,307600,337000,1282,84,17,48,17.0,19.5
2025-10,Koptevo,SAO,298900,317400,1246,83,43,112,17.0,19.5
2025-11,Koptevo,SAO,290500,307300,1211,169,5,36,17.0,19.5
2025-12,Koptevo,SAO,304600,333700,1269,162,51,54,17.0,19.5
2026-01,Koptevo,SAO,305800,341000,1274,129,9,25,17.0,19.5
2026-02,Koptevo,SAO,302300,331300,1260,173,49,76,17.0,19.5
2026-03,Koptevo,SAO,308400,350400,1285,144,42,23,17.0,19.5
2026-04,Koptevo,SAO,305000,332600,1271,190,77,96,17.0,19.5
2020-01,Levoberezhny,SAO,180300,199500,751,176,76,23,6.0,8.5
2020-02,Levoberezhny,SAO,191600,199800,799,92,38,99,6.0,8.5
2020-03,Levoberezhny,SAO,206500,226000,860,96,25,18,6.0,8.5
2020-04,Levoberezhny,SAO,196900,211200,820,157,42,16,4.25,6.75
2020-05,Levoberezhny,SAO,200800,219300,837,38,65,88,4.25,6.75
2020-06,Levoberezhny,SAO,203900,230600,850,151,42,46,4.25,6.75
2020-07,Levoberezhny,SAO,207500,220100,864,188,39,67,4.25,6.75
2020-08,Levoberezhny,SAO,210300,218100,876,121,31,49,4.25,6.75
2020-09,Levoberezhny,SAO,208800,227300,870,25,27,94,4.25,6.75
2020-10,Levoberezhny,SAO,222300,239900,926,22,11,113,4.25,6.75
2020-11,Levoberezhny,SAO,222300,251300,926,110,37,29,4.25,6.75
2020-12,Levoberezhny,SAO,219200,243400,914,169,22,76,4.25,6.75
2021-01,Levoberezhny,SAO,220300,248400,918,118,6,90,4.25,6.75
2021-02,Levoberezhny,SAO,229300,255300,956,29,24,10,4.25,6.75
2021-03,Levoberezhny,SAO,239400,260800,997,110,78,118,4.25,6.75
2021-04,Levoberezhny,SAO,246500,261700,1027,36,31,110,8.5,11.0
2021-05,Levoberezhny,SAO,249800,265900,1041,88,52,111,8.5,11.0
2021-06,Levoberezhny,SAO,245800,268100,1024,28,28,95,8.5,11.0
2021-07,Levoberezhny,SAO,243700,264900,1016,120,42,100,8.5,11.0
2021-08,Levoberezhny,SAO,244500,267800,1019,119,37,70,8.5,11.0
2021-09,Levoberezhny,SAO,250200,267500,1042,155,19,113,8.5,11.0
2021-10,Levoberezhny,SAO,258800,290000,1078,37,36,115,8.5,11.0
2021-11,Levoberezhny,SAO,252400,268900,1052,121,56,15,8.5,11.0
2021-12,Levoberezhny,SAO,254100,295000,1059,67,59,61,8.5,11.0
2022-01,Levoberezhny,SAO,270900,297300,1129,102,74,32,20.0,22.5
2022-02,Levoberezhny,SAO,245400,270900,1022,87,44,57,20.0,22.5
2022-03,Levoberezhny,SAO,255400,272600,1064,61,41,10,20.0,22.5
2022-04,Levoberezhny,SAO,262100,286900,1092,153,61,17,9.5,12.0
2022-05,Levoberezhny,SAO,262500,293000,1094,141,46,58,9.5,12.0
2022-06,Levoberezhny,SAO,252900,277100,1054,95,61,50,9.5,12.0
2022-07,Levoberezhny,SAO,258500,293100,1077,57,36,86,9.5,12.0
2022-08,Levoberezhny,SAO,258600,287500,1077,146,70,42,9.5,12.0
2022-09,Levoberezhny,SAO,272600,297200,1136,186,74,117,9.5,12.0
2022-10,Levoberezhny,SAO,264500,286800,1102,71,39,43,7.5,10.0
2022-11,Levoberezhny,SAO,272400,297100,1135,173,43,34,7.5,10.0
2022-12,Levoberezhny,SAO,271000,294900,1129,150,24,101,7.5,10.0
2023-01,Levoberezhny,SAO,272900,308200,1137,92,79,101,7.5,10.0
2023-02,Levoberezhny,SAO,272300,303200,1135,100,14,28,7.5,10.0
2023-03,Levoberezhny,SAO,279900,305600,1166,29,67,102,7.5,10.0
2023-04,Levoberezhny,SAO,282600,327300,1177,52,27,28,7.5,10.0
2023-05,Levoberezhny,SAO,291400,321900,1214,49,75,30,7.5,10.0
2023-06,Levoberezhny,SAO,278500,308200,1160,33,9,83,7.5,10.0
2023-07,Levoberezhny,SAO,282800,304100,1178,116,79,31,13.0,15.5
2023-08,Levoberezhny,SAO,280000,300700,1167,93,12,77,13.0,15.5
2023-09,Levoberezhny,SAO,299800,343600,1249,38,11,69,13.0,15.5
2023-10,Levoberezhny,SAO,290900,301200,1212,164,46,68,13.0,15.5
2023-11,Levoberezhny,SAO,288900,311500,1204,56,63,54,13.0,15.5
2023-12,Levoberezhny,SAO,301100,352700,1255,155,72,82,13.0,15.5
2024-01,Levoberezhny,SAO,298000,334600,1242,112,57,112,16.0,18.5
2024-02,Levoberezhny,SAO,296800,318100,1237,56,29,100,16.0,18.5
2024-03,Levoberezhny,SAO,298400,322900,1243,163,72,101,16.0,18.5
2024-04,Levoberezhny,SAO,274900,298700,1145,59,74,37,16.0,18.5
2024-05,Levoberezhny,SAO,295900,331600,1233,41,71,35,16.0,18.5
2024-06,Levoberezhny,SAO,308900,319900,1287,22,72,79,16.0,18.5
2024-07,Levoberezhny,SAO,288800,319500,1203,50,52,28,16.0,18.5
2024-08,Levoberezhny,SAO,284700,323800,1186,50,73,53,16.0,18.5
2024-09,Levoberezhny,SAO,287700,316500,1199,154,31,23,16.0,18.5
2024-10,Levoberezhny,SAO,293000,316700,1221,88,10,111,21.0,23.5
2024-11,Levoberezhny,SAO,297200,320900,1238,95,60,76,21.0,23.5
2024-12,Levoberezhny,SAO,278100,303300,1159,80,6,49,21.0,23.5
2025-01,Levoberezhny,SAO,293000,313200,1221,133,65,106,21.0,23.5
2025-02,Levoberezhny,SAO,293200,315900,1222,166,59,34,21.0,23.5
2025-03,Levoberezhny,SAO,306100,353900,1275,152,64,60,21.0,23.5
2025-04,Levoberezhny,SAO,286700,320700,1195,73,19,37,21.0,23.5
2025-05,Levoberezhny,SAO,288000,317200,1200,32,25,65,21.0,23.5
2025-06,Levoberezhny,SAO,291500,337500,1215,130,27,82,21.0,23.5
2025-07,Levoberezhny,SAO,283100,310400,1180,105,32,41,17.0,19.5
2025-08,Levoberezhny,SAO,292400,323500,1218,196,7,98,17.0,19.5
2025-09,Levoberezhny,SAO,297800,319900,1241,86,40,75,17.0,19.5
2025-10,Levoberezhny,SAO,292000,328500,1217,136,8,91,17.0,19.5
2025-11,Levoberezhny,SAO,291200,315600,1213,50,53,87,17.0,19.5
2025-12,Levoberezhny,SAO,297300,324600,1239,86,25,67,17.0,19.5
2026-01,Levoberezhny,SAO,301200,321000,1255,166,27,104,17.0,19.5
2026-02,Levoberezhny,SAO,299900,330600,1250,173,60,35,17.0,19.5
2026-03,Levoberezhny,SAO,286800,306600,1195,81,15,80,17.0,19.5
2026-04,Levoberezhny,SAO,292100,297300,1217,86,19,95,17.0,19.5
2020-01,Molzhaninovsky,SAO,152500,170000,636,184,75,107,6.0,8.5
2020-02,Molzhaninovsky,SAO,155300,167500,647,133,58,72,6.0,8.5
2020-03,Molzhaninovsky,SAO,163000,178700,679,112,41,118,6.0,8.5
2020-04,Molzhaninovsky,SAO,159200,182500,663,94,68,54,4.25,6.75
2020-05,Molzhaninovsky,SAO,161600,177200,673,50,66,78,4.25,6.75
2020-06,Molzhaninovsky,SAO,164500,186900,686,197,54,99,4.25,6.75
2020-07,Molzhaninovsky,SAO,167700,184900,699,181,43,105,4.25,6.75
2020-08,Molzhaninovsky,SAO,164700,188000,686,178,62,60,4.25,6.75
2020-09,Molzhaninovsky,SAO,174500,189200,727,41,36,25,4.25,6.75
2020-10,Molzhaninovsky,SAO,174300,187500,726,80,19,102,4.25,6.75
2020-11,Molzhaninovsky,SAO,175500,189200,731,147,17,15,4.25,6.75
2020-12,Molzhaninovsky,SAO,174100,198400,726,62,65,31,4.25,6.75
2021-01,Molzhaninovsky,SAO,189200,205800,788,195,17,12,4.25,6.75
2021-02,Molzhaninovsky,SAO,180800,195300,753,127,34,37,4.25,6.75
2021-03,Molzhaninovsky,SAO,185400,199000,773,162,41,42,4.25,6.75
2021-04,Molzhaninovsky,SAO,182700,202900,761,186,67,73,8.5,11.0
2021-05,Molzhaninovsky,SAO,189800,212400,791,130,15,116,8.5,11.0
2021-06,Molzhaninovsky,SAO,189500,199300,790,119,61,13,8.5,11.0
2021-07,Molzhaninovsky,SAO,191900,207200,800,178,6,83,8.5,11.0
2021-08,Molzhaninovsky,SAO,199800,225600,833,102,9,34,8.5,11.0
2021-09,Molzhaninovsky,SAO,206500,232100,860,161,78,53,8.5,11.0
2021-10,Molzhaninovsky,SAO,206800,232500,861,183,54,116,8.5,11.0
2021-11,Molzhaninovsky,SAO,206700,218100,861,124,63,96,8.5,11.0
2021-12,Molzhaninovsky,SAO,211300,235400,880,183,71,91,8.5,11.0
2022-01,Molzhaninovsky,SAO,214700,235200,895,122,40,49,20.0,22.5
2022-02,Molzhaninovsky,SAO,218800,234200,912,97,64,18,20.0,22.5
2022-03,Molzhaninovsky,SAO,204900,227400,854,115,35,105,20.0,22.5
2022-04,Molzhaninovsky,SAO,216800,236900,903,84,9,47,9.5,12.0
2022-05,Molzhaninovsky,SAO,193900,212800,808,65,17,66,9.5,12.0
2022-06,Molzhaninovsky,SAO,200700,223300,836,39,50,45,9.5,12.0
2022-07,Molzhaninovsky,SAO,209400,239800,872,49,66,19,9.5,12.0
2022-08,Molzhaninovsky,SAO,200300,217000,835,131,68,34,9.5,12.0
2022-09,Molzhaninovsky,SAO,211300,237300,880,54,31,18,9.5,12.0
2022-10,Molzhaninovsky,SAO,206700,225000,861,93,44,19,7.5,10.0
2022-11,Molzhaninovsky,SAO,211900,236100,883,117,36,14,7.5,10.0
2022-12,Molzhaninovsky,SAO,218900,228500,912,149,18,77,7.5,10.0
2023-01,Molzhaninovsky,SAO,221200,240900,922,131,53,23,7.5,10.0
2023-02,Molzhaninovsky,SAO,219000,240500,912,58,36,24,7.5,10.0
2023-03,Molzhaninovsky,SAO,209300,229800,872,30,47,26,7.5,10.0
2023-04,Molzhaninovsky,SAO,220000,253300,917,57,26,19,7.5,10.0
2023-05,Molzhaninovsky,SAO,222800,237600,928,36,59,73,7.5,10.0
2023-06,Molzhaninovsky,SAO,224300,250100,935,144,8,14,7.5,10.0
2023-07,Molzhaninovsky,SAO,228200,249200,951,80,64,56,13.0,15.5
2023-08,Molzhaninovsky,SAO,223400,237800,931,59,19,93,13.0,15.5
2023-09,Molzhaninovsky,SAO,248400,268700,1035,71,58,46,13.0,15.5
2023-10,Molzhaninovsky,SAO,235300,264300,980,59,33,62,13.0,15.5
2023-11,Molzhaninovsky,SAO,234800,258900,978,198,48,31,13.0,15.5
2023-12,Molzhaninovsky,SAO,243200,268300,1013,82,75,40,13.0,15.5
2024-01,Molzhaninovsky,SAO,226000,240400,942,31,70,18,16.0,18.5
2024-02,Molzhaninovsky,SAO,236200,254600,984,75,37,25,16.0,18.5
2024-03,Molzhaninovsky,SAO,238600,261400,994,96,35,20,16.0,18.5
2024-04,Molzhaninovsky,SAO,231100,246600,963,138,65,107,16.0,18.5
2024-05,Molzhaninovsky,SAO,241500,267000,1006,165,15,111,16.0,18.5
2024-06,Molzhaninovsky,SAO,252400,267000,1052,180,67,61,16.0,18.5
2024-07,Molzhaninovsky,SAO,232700,263800,969,33,17,80,16.0,18.5
2024-08,Molzhaninovsky,SAO,241100,268500,1005,40,46,12,16.0,18.5
2024-09,Molzhaninovsky,SAO,244900,274900,1020,58,32,87,16.0,18.5
2024-10,Molzhaninovsky,SAO,246900,270300,1029,76,36,95,21.0,23.5
2024-11,Molzhaninovsky,SAO,235500,256800,981,157,79,52,21.0,23.5
2024-12,Molzhaninovsky,SAO,237500,264300,990,184,65,65,21.0,23.5
2025-01,Molzhaninovsky,SAO,229400,248000,956,158,62,53,21.0,23.5
2025-02,Molzhaninovsky,SAO,241400,269700,1006,166,78,93,21.0,23.5
2025-03,Molzhaninovsky,SAO,240600,278400,1003,125,72,30,21.0,23.5
2025-04,Molzhaninovsky,SAO,241000,274600,1004,189,34,92,21.0,23.5
2025-05,Molzhaninovsky,SAO,234900,247600,979,47,49,86,21.0,23.5
2025-06,Molzhaninovsky,SAO,239700,257100,999,43,10,46,21.0,23.5
2025-07,Molzhaninovsky,SAO,228000,241700,950,31,75,42,17.0,19.5
2025-08,Molzhaninovsky,SAO,236200,255100,984,48,25,88,17.0,19.5
2025-09,Molzhaninovsky,SAO,231500,250400,964,87,62,52,17.0,19.5
2025-10,Molzhaninovsky,SAO,228500,257400,952,151,76,113,17.0,19.5
2025-11,Molzhaninovsky,SAO,237800,258000,991,107,51,25,17.0,19.5
2025-12,Molzhaninovsky,SAO,223200,252000,930,121,79,59,17.0,19.5
2026-01,Molzhaninovsky,SAO,242300,279000,1010,81,41,79,17.0,19.5
2026-02,Molzhaninovsky,SAO,236600,265900,986,176,71,106,17.0,19.5
2026-03,Molzhaninovsky,SAO,237400,245000,989,87,27,34,17.0,19.5
2026-04,Molzhaninovsky,SAO,251700,267200,1049,121,13,39,17.0,19.5
2020-01,Savyolovsky,SAO,237300,263400,989,169,69,39,6.0,8.5
2020-02,Savyolovsky,SAO,256900,277700,1070,152,72,53,6.0,8.5
2020-03,Savyolovsky,SAO,255200,292800,1063,163,10,115,6.0,8.5
2020-04,Savyolovsky,SAO,258600,289600,1078,43,61,62,4.25,6.75
2020-05,Savyolovsky,SAO,258000,289600,1075,92,9,37,4.25,6.75
2020-06,Savyolovsky,SAO,260800,282000,1087,140,51,119,4.25,6.75
2020-07,Savyolovsky,SAO,271600,299300,1131,20,31,116,4.25,6.75
2020-08,Savyolovsky,SAO,267700,301600,1115,96,62,110,4.25,6.75
2020-09,Savyolovsky,SAO,258700,282100,1078,60,29,40,4.25,6.75
2020-10,Savyolovsky,SAO,276600,309000,1152,108,79,119,4.25,6.75
2020-11,Savyolovsky,SAO,296200,314600,1234,162,51,83,4.25,6.75
2020-12,Savyolovsky,SAO,282800,304400,1178,168,35,49,4.25,6.75
2021-01,Savyolovsky,SAO,294200,332700,1226,176,35,78,4.25,6.75
2021-02,Savyolovsky,SAO,299400,326500,1247,138,28,64,4.25,6.75
2021-03,Savyolovsky,SAO,290600,320400,1211,94,41,68,4.25,6.75
2021-04,Savyolovsky,SAO,299800,333400,1249,140,16,40,8.5,11.0
2021-05,Savyolovsky,SAO,305400,331000,1273,178,59,66,8.5,11.0
2021-06,Savyolovsky,SAO,306500,341300,1277,88,48,89,8.5,11.0
2021-07,Savyolovsky,SAO,326500,352700,1360,71,60,52,8.5,11.0
2021-08,Savyolovsky,SAO,318700,342900,1328,125,14,87,8.5,11.0
2021-09,Savyolovsky,SAO,322200,353600,1342,78,27,112,8.5,11.0
2021-10,Savyolovsky,SAO,327300,364300,1364,43,9,97,8.5,11.0
2021-11,Savyolovsky,SAO,329400,368000,1372,106,23,91,8.5,11.0
2021-12,Savyolovsky,SAO,337100,379600,1404,149,17,42,8.5,11.0
2022-01,Savyolovsky,SAO,352700,409300,1470,172,27,26,20.0,22.5
2022-02,Savyolovsky,SAO,333900,354400,1391,185,29,39,20.0,22.5
2022-03,Savyolovsky,SAO,325700,350700,1357,23,28,51,20.0,22.5
2022-04,Savyolovsky,SAO,313000,337500,1304,55,71,79,9.5,12.0
2022-05,Savyolovsky,SAO,329000,358400,1371,35,75,26,9.5,12.0
2022-06,Savyolovsky,SAO,329400,367400,1373,70,76,113,9.5,12.0
2022-07,Savyolovsky,SAO,327600,349800,1365,150,28,45,9.5,12.0
2022-08,Savyolovsky,SAO,336700,370500,1403,124,28,85,9.5,12.0
2022-09,Savyolovsky,SAO,344000,381900,1433,76,72,89,9.5,12.0
2022-10,Savyolovsky,SAO,334900,354600,1395,102,25,77,7.5,10.0
2022-11,Savyolovsky,SAO,336800,383600,1403,39,67,51,7.5,10.0
2022-12,Savyolovsky,SAO,350400,382600,1460,89,42,42,7.5,10.0
2023-01,Savyolovsky,SAO,341100,382400,1421,101,37,62,7.5,10.0
2023-02,Savyolovsky,SAO,353700,396800,1474,136,68,72,7.5,10.0
2023-03,Savyolovsky,SAO,349700,369400,1457,78,7,68,7.5,10.0
2023-04,Savyolovsky,SAO,345500,369200,1440,72,58,72,7.5,10.0
2023-05,Savyolovsky,SAO,371500,397200,1548,181,17,54,7.5,10.0
2023-06,Savyolovsky,SAO,358400,380000,1494,193,47,29,7.5,10.0
2023-07,Savyolovsky,SAO,360600,414200,1502,25,78,39,13.0,15.5
2023-08,Savyolovsky,SAO,370000,413200,1542,129,70,40,13.0,15.5
2023-09,Savyolovsky,SAO,364300,393400,1518,46,38,12,13.0,15.5
2023-10,Savyolovsky,SAO,378000,417200,1575,67,44,44,13.0,15.5
2023-11,Savyolovsky,SAO,366200,395300,1526,115,48,10,13.0,15.5
2023-12,Savyolovsky,SAO,375300,402700,1564,61,61,62,13.0,15.5
2024-01,Savyolovsky,SAO,388600,456700,1619,89,54,56,16.0,18.5
2024-02,Savyolovsky,SAO,362400,403200,1510,160,76,101,16.0,18.5
2024-03,Savyolovsky,SAO,377200,403500,1572,37,49,64,16.0,18.5
2024-04,Savyolovsky,SAO,381400,428100,1589,49,53,15,16.0,18.5
2024-05,Savyolovsky,SAO,382500,406200,1594,107,23,96,16.0,18.5
2024-06,Savyolovsky,SAO,394900,449300,1645,196,27,84,16.0,18.5
2024-07,Savyolovsky,SAO,389100,456000,1621,40,20,64,16.0,18.5
2024-08,Savyolovsky,SAO,378500,397700,1577,196,14,59,16.0,18.5
2024-09,Savyolovsky,SAO,373900,415100,1558,122,66,106,16.0,18.5
2024-10,Savyolovsky,SAO,393800,456500,1641,38,26,84,21.0,23.5
2024-11,Savyolovsky,SAO,363200,401000,1513,60,21,37,21.0,23.5
2024-12,Savyolovsky,SAO,367200,400400,1530,191,51,87,21.0,23.5
2025-01,Savyolovsky,SAO,373700,413500,1557,51,9,105,21.0,23.5
2025-02,Savyolovsky,SAO,369300,412700,1539,196,76,60,21.0,23.5
2025-03,Savyolovsky,SAO,384100,438600,1601,77,74,64,21.0,23.5
2025-04,Savyolovsky,SAO,345600,379000,1440,36,39,101,21.0,23.5
2025-05,Savyolovsky,SAO,376400,409600,1568,165,26,12,21.0,23.5
2025-06,Savyolovsky,SAO,378200,392800,1576,136,77,23,21.0,23.5
2025-07,Savyolovsky,SAO,376600,412900,1569,149,22,46,17.0,19.5
2025-08,Savyolovsky,SAO,375400,419400,1564,145,71,100,17.0,19.5
2025-09,Savyolovsky,SAO,371100,411800,1546,148,78,60,17.0,19.5
2025-10,Savyolovsky,SAO,368600,418200,1536,126,10,108,17.0,19.5
2025-11,Savyolovsky,SAO,379300,404500,1581,134,39,53,17.0,19.5
2025-12,Savyolovsky,SAO,367500,409900,1531,107,54,80,17.0,19.5
2026-01,Savyolovsky,SAO,371200,397300,1547,143,46,99,17.0,19.5
2026-02,Savyolovsky,SAO,360500,400200,1502,183,8,17,17.0,19.5
2026-03,Savyolovsky,SAO,381100,413000,1588,55,26,88,17.0,19.5
2026-04,Savyolovsky,SAO,382800,422100,1595,57,26,54,17.0,19.5
2020-01,Sokol,SAO,255900,282100,1066,123,59,84,6.0,8.5
2020-02,Sokol,SAO,257200,289100,1072,82,71,75,6.0,8.5
2020-03,Sokol,SAO,261400,288800,1089,131,71,77,6.0,8.5
2020-04,Sokol,SAO,251500,278900,1048,80,48,114,4.25,6.75
2020-05,Sokol,SAO,276800,308400,1153,22,33,83,4.25,6.75
2020-06,Sokol,SAO,285400,331600,1189,20,60,114,4.25,6.75
2020-07,Sokol,SAO,266700,290100,1111,167,45,65,4.25,6.75
2020-08,Sokol,SAO,283800,306400,1183,135,11,50,4.25,6.75
2020-09,Sokol,SAO,270500,294200,1127,116,6,53,4.25,6.75
2020-10,Sokol,SAO,281200,308800,1172,41,49,57,4.25,6.75
2020-11,Sokol,SAO,293200,320600,1222,43,45,60,4.25,6.75
2020-12,Sokol,SAO,291500,320200,1215,44,73,54,4.25,6.75
2021-01,Sokol,SAO,295100,318000,1230,68,31,114,4.25,6.75
2021-02,Sokol,SAO,299400,331700,1247,119,50,111,4.25,6.75
2021-03,Sokol,SAO,309700,340100,1290,178,67,87,4.25,6.75
2021-04,Sokol,SAO,311700,340300,1299,86,40,84,8.5,11.0
2021-05,Sokol,SAO,311000,347200,1296,45,51,27,8.5,11.0
2021-06,Sokol,SAO,321900,341400,1341,139,38,72,8.5,11.0
2021-07,Sokol,SAO,329900,378100,1374,138,22,49,8.5,11.0
2021-08,Sokol,SAO,319100,353400,1330,106,66,80,8.5,11.0
2021-09,Sokol,SAO,328600,369800,1369,89,60,85,8.5,11.0
2021-10,Sokol,SAO,343700,371900,1432,150,43,60,8.5,11.0
2021-11,Sokol,SAO,354300,390400,1476,83,29,60,8.5,11.0
2021-12,Sokol,SAO,346800,396800,1445,104,59,23,8.5,11.0
2022-01,Sokol,SAO,368600,421100,1536,180,62,93,20.0,22.5
2022-02,Sokol,SAO,345300,378600,1439,116,76,21,20.0,22.5
2022-03,Sokol,SAO,332700,377000,1386,125,17,98,20.0,22.5
2022-04,Sokol,SAO,336300,367800,1401,53,53,25,9.5,12.0
2022-05,Sokol,SAO,343800,372000,1433,180,55,19,9.5,12.0
2022-06,Sokol,SAO,339200,366100,1413,56,78,20,9.5,12.0
2022-07,Sokol,SAO,331500,374000,1381,159,49,97,9.5,12.0
2022-08,Sokol,SAO,344400,400900,1435,41,65,118,9.5,12.0
2022-09,Sokol,SAO,341500,361800,1423,126,75,49,9.5,12.0
2022-10,Sokol,SAO,357000,381500,1487,136,35,21,7.5,10.0
2022-11,Sokol,SAO,357200,395200,1488,73,16,117,7.5,10.0
2022-12,Sokol,SAO,342600,383000,1428,73,42,41,7.5,10.0
2023-01,Sokol,SAO,356900,381300,1487,174,60,71,7.5,10.0
2023-02,Sokol,SAO,371000,382000,1546,174,70,10,7.5,10.0
2023-03,Sokol,SAO,362800,377100,1512,104,45,82,7.5,10.0
2023-04,Sokol,SAO,366800,399900,1528,49,8,44,7.5,10.0
2023-05,Sokol,SAO,380900,432600,1587,75,43,113,7.5,10.0
2023-06,Sokol,SAO,381500,429300,1590,87,12,26,7.5,10.0
2023-07,Sokol,SAO,369900,405000,1541,78,63,70,13.0,15.5
2023-08,Sokol,SAO,378900,426700,1579,144,39,97,13.0,15.5
2023-09,Sokol,SAO,392200,445300,1634,149,53,61,13.0,15.5
2023-10,Sokol,SAO,369600,411800,1540,189,28,40,13.0,15.5
2023-11,Sokol,SAO,386000,421500,1608,37,64,92,13.0,15.5
2023-12,Sokol,SAO,381000,435500,1587,159,14,116,13.0,15.5
2024-01,Sokol,SAO,381900,421100,1591,102,72,116,16.0,18.5
2024-02,Sokol,SAO,398200,449400,1659,97,26,80,16.0,18.5
2024-03,Sokol,SAO,382800,409100,1595,104,21,104,16.0,18.5
2024-04,Sokol,SAO,391000,419300,1629,175,27,77,16.0,18.5
2024-05,Sokol,SAO,393500,439800,1640,38,55,18,16.0,18.5
2024-06,Sokol,SAO,406100,456600,1692,118,6,115,16.0,18.5
2024-07,Sokol,SAO,414500,447100,1727,163,77,14,16.0,18.5
2024-08,Sokol,SAO,400000,433600,1667,153,58,97,16.0,18.5
2024-09,Sokol,SAO,390300,430300,1626,179,68,63,16.0,18.5
2024-10,Sokol,SAO,383000,423900,1596,160,18,39,21.0,23.5
2024-11,Sokol,SAO,386200,413800,1609,154,46,72,21.0,23.5
2024-12,Sokol,SAO,375000,406300,1563,161,55,62,21.0,23.5
2025-01,Sokol,SAO,387200,431600,1613,41,31,51,21.0,23.5
2025-02,Sokol,SAO,376800,422600,1570,90,68,43,21.0,23.5
2025-03,Sokol,SAO,383300,431600,1597,191,67,115,21.0,23.5
2025-04,Sokol,SAO,373800,401200,1557,131,79,118,21.0,23.5
2025-05,Sokol,SAO,368800,413700,1537,163,56,64,21.0,23.5
2025-06,Sokol,SAO,386400,429300,1610,117,43,60,21.0,23.5
2025-07,Sokol,SAO,387200,416900,1613,82,55,108,17.0,19.5
2025-08,Sokol,SAO,383900,437400,1600,37,7,101,17.0,19.5
2025-09,Sokol,SAO,405400,458100,1689,158,12,20,17.0,19.5
2025-10,Sokol,SAO,388600,426400,1619,140,60,59,17.0,19.5
2025-11,Sokol,SAO,393200,439000,1638,149,21,82,17.0,19.5
2025-12,Sokol,SAO,395800,437700,1649,153,40,96,17.0,19.5
2026-01,Sokol,SAO,395400,428400,1647,90,22,98,17.0,19.5
2026-02,Sokol,SAO,388400,434600,1618,175,32,54,17.0,19.5
2026-03,Sokol,SAO,386800,460500,1612,64,75,81,17.0,19.5
2026-04,Sokol,SAO,393900,429800,1641,140,74,76,17.0,19.5
2020-01,Timiryazevsky,SAO,218200,238500,909,58,22,66,6.0,8.5
2020-02,Timiryazevsky,SAO,222000,238700,925,70,74,96,6.0,8.5
2020-03,Timiryazevsky,SAO,242500,267900,1010,25,21,110,6.0,8.5
2020-04,Timiryazevsky,SAO,223400,251500,931,21,19,61,4.25,6.75
2020-05,Timiryazevsky,SAO,228700,239900,953,147,58,67,4.25,6.75
2020-06,Timiryazevsky,SAO,240100,271500,1001,141,77,40,4.25,6.75
2020-07,Timiryazevsky,SAO,237700,268100,991,81,52,26,4.25,6.75
2020-08,Timiryazevsky,SAO,252000,274800,1050,43,70,89,4.25,6.75
2020-09,Timiryazevsky,SAO,240300,254800,1001,123,36,20,4.25,6.75
2020-10,Timiryazevsky,SAO,250100,278400,1042,96,26,19,4.25,6.75
2020-11,Timiryazevsky,SAO,247200,272300,1030,96,38,51,4.25,6.75
2020-12,Timiryazevsky,SAO,256600,284600,1069,81,12,102,4.25,6.75
2021-01,Timiryazevsky,SAO,249000,270800,1038,48,19,117,4.25,6.75
2021-02,Timiryazevsky,SAO,262900,299200,1096,144,59,36,4.25,6.75
2021-03,Timiryazevsky,SAO,278500,300800,1160,78,67,40,4.25,6.75
2021-04,Timiryazevsky,SAO,293400,327100,1223,100,14,49,8.5,11.0
2021-05,Timiryazevsky,SAO,278400,304800,1160,160,9,40,8.5,11.0
2021-06,Timiryazevsky,SAO,282300,321100,1176,76,41,79,8.5,11.0
2021-07,Timiryazevsky,SAO,277800,320400,1157,167,36,60,8.5,11.0
2021-08,Timiryazevsky,SAO,287800,324200,1199,196,70,82,8.5,11.0
2021-09,Timiryazevsky,SAO,285500,319800,1189,26,10,31,8.5,11.0
2021-10,Timiryazevsky,SAO,301400,327500,1256,196,69,60,8.5,11.0
2021-11,Timiryazevsky,SAO,281400,315400,1172,172,70,81,8.5,11.0
2021-12,Timiryazevsky,SAO,302000,330300,1258,164,5,56,8.5,11.0
2022-01,Timiryazevsky,SAO,320900,336600,1337,174,56,80,20.0,22.5
2022-02,Timiryazevsky,SAO,316900,354700,1320,167,72,93,20.0,22.5
2022-03,Timiryazevsky,SAO,286300,302600,1193,145,77,37,20.0,22.5
2022-04,Timiryazevsky,SAO,291100,327600,1213,94,25,79,9.5,12.0
2022-05,Timiryazevsky,SAO,293300,320400,1222,106,38,67,9.5,12.0
2022-06,Timiryazevsky,SAO,285800,316800,1191,107,34,80,9.5,12.0
2022-07,Timiryazevsky,SAO,294700,329300,1228,193,11,44,9.5,12.0
2022-08,Timiryazevsky,SAO,300300,333700,1251,100,63,41,9.5,12.0
2022-09,Timiryazevsky,SAO,302200,328600,1259,73,60,64,9.5,12.0
2022-10,Timiryazevsky,SAO,313100,347500,1305,152,30,54,7.5,10.0
2022-11,Timiryazevsky,SAO,315800,346800,1316,63,61,106,7.5,10.0
2022-12,Timiryazevsky,SAO,313500,336200,1306,103,55,111,7.5,10.0
2023-01,Timiryazevsky,SAO,320900,349100,1337,42,19,33,7.5,10.0
2023-02,Timiryazevsky,SAO,310100,342600,1292,79,76,34,7.5,10.0
2023-03,Timiryazevsky,SAO,313900,341200,1308,172,70,69,7.5,10.0
2023-04,Timiryazevsky,SAO,322700,369800,1345,66,33,91,7.5,10.0
2023-05,Timiryazevsky,SAO,318800,354100,1328,134,39,42,7.5,10.0
2023-06,Timiryazevsky,SAO,330300,361300,1376,174,45,110,7.5,10.0
2023-07,Timiryazevsky,SAO,322100,352000,1342,24,71,30,13.0,15.5
2023-08,Timiryazevsky,SAO,344900,376200,1437,120,59,60,13.0,15.5
2023-09,Timiryazevsky,SAO,330100,371100,1375,55,29,95,13.0,15.5
2023-10,Timiryazevsky,SAO,333800,373800,1391,115,29,79,13.0,15.5
2023-11,Timiryazevsky,SAO,355100,389400,1479,39,42,61,13.0,15.5
2023-12,Timiryazevsky,SAO,340800,376700,1420,148,69,14,13.0,15.5
2024-01,Timiryazevsky,SAO,339800,363200,1416,178,39,62,16.0,18.5
2024-02,Timiryazevsky,SAO,351700,381800,1466,187,20,77,16.0,18.5
2024-03,Timiryazevsky,SAO,336700,363800,1403,191,27,18,16.0,18.5
2024-04,Timiryazevsky,SAO,349000,369800,1454,161,42,10,16.0,18.5
2024-05,Timiryazevsky,SAO,348300,395700,1451,182,36,16,16.0,18.5
2024-06,Timiryazevsky,SAO,340200,370700,1418,130,55,27,16.0,18.5
2024-07,Timiryazevsky,SAO,337500,388500,1406,60,35,97,16.0,18.5
2024-08,Timiryazevsky,SAO,342200,379100,1426,124,62,64,16.0,18.5
2024-09,Timiryazevsky,SAO,338400,373900,1410,162,32,94,16.0,18.5
2024-10,Timiryazevsky,SAO,348200,385400,1451,176,64,87,21.0,23.5
2024-11,Timiryazevsky,SAO,323900,366300,1350,196,56,91,21.0,23.5
2024-12,Timiryazevsky,SAO,339100,378000,1413,60,75,77,21.0,23.5
2025-01,Timiryazevsky,SAO,337000,377300,1404,108,67,99,21.0,23.5
2025-02,Timiryazevsky,SAO,330400,370700,1377,76,58,53,21.0,23.5
2025-03,Timiryazevsky,SAO,342900,364600,1429,130,64,41,21.0,23.5
2025-04,Timiryazevsky,SAO,336200,371900,1401,95,54,112,21.0,23.5
2025-05,Timiryazevsky,SAO,338200,367300,1409,156,19,82,21.0,23.5
2025-06,Timiryazevsky,SAO,332700,352700,1386,190,41,84,21.0,23.5
2025-07,Timiryazevsky,SAO,334800,369700,1395,39,66,72,17.0,19.5
2025-08,Timiryazevsky,SAO,328300,357600,1368,175,15,79,17.0,19.5
2025-09,Timiryazevsky,SAO,355700,405800,1482,147,49,105,17.0,19.5
2025-10,Timiryazevsky,SAO,333100,364500,1388,182,23,70,17.0,19.5
2025-11,Timiryazevsky,SAO,344300,365500,1435,155,11,115,17.0,19.5
2025-12,Timiryazevsky,SAO,337900,356500,1408,159,37,63,17.0,19.5
2026-01,Timiryazevsky,SAO,340200,383900,1418,46,53,26,17.0,19.5
2026-02,Timiryazevsky,SAO,348700,404700,1453,69,21,19,17.0,19.5
2026-03,Timiryazevsky,SAO,330300,359900,1376,189,57,114,17.0,19.5
2026-04,Timiryazevsky,SAO,336100,374500,1400,186,40,119,17.0,19.5
2020-01,Khovrino,SAO,173200,189400,722,70,56,80,6.0,8.5
2020-02,Khovrino,SAO,179600,201900,748,130,14,79,6.0,8.5
2020-03,Khovrino,SAO,190900,205500,795,82,33,36,6.0,8.5
2020-04,Khovrino,SAO,196400,206700,818,146,57,103,4.25,6.75
2020-05,Khovrino,SAO,185400,199800,773,183,5,10,4.25,6.75
2020-06,Khovrino,SAO,199100,217500,830,123,46,12,4.25,6.75
2020-07,Khovrino,SAO,198600,217600,827,81,68,23,4.25,6.75
2020-08,Khovrino,SAO,200100,209500,834,177,29,41,4.25,6.75
2020-09,Khovrino,SAO,194400,209100,810,28,15,105,4.25,6.75
2020-10,Khovrino,SAO,206100,220000,859,21,21,29,4.25,6.75
2020-11,Khovrino,SAO,204000,214900,850,151,71,68,4.25,6.75
2020-12,Khovrino,SAO,210200,236400,876,181,44,61,4.25,6.75
2021-01,Khovrino,SAO,206900,225100,862,48,61,105,4.25,6.75
2021-02,Khovrino,SAO,219600,241700,915,153,38,66,4.25,6.75
2021-03,Khovrino,SAO,218600,257000,911,21,62,35,4.25,6.75
2021-04,Khovrino,SAO,221700,253300,924,157,21,40,8.5,11.0
2021-05,Khovrino,SAO,216900,239800,904,57,28,45,8.5,11.0
2021-06,Khovrino,SAO,235400,268300,981,80,69,109,8.5,11.0
2021-07,Khovrino,SAO,229200,240900,955,186,23,22,8.5,11.0
2021-08,Khovrino,SAO,238200,259300,992,80,40,117,8.5,11.0
2021-09,Khovrino,SAO,230400,253100,960,160,63,114,8.5,11.0
2021-10,Khovrino,SAO,238500,283800,994,26,62,37,8.5,11.0
2021-11,Khovrino,SAO,239600,260700,998,88,74,91,8.5,11.0
2021-12,Khovrino,SAO,248800,269500,1037,90,63,111,8.5,11.0
2022-01,Khovrino,SAO,246300,280500,1026,77,7,59,20.0,22.5
2022-02,Khovrino,SAO,256800,289800,1070,184,79,35,20.0,22.5
2022-03,Khovrino,SAO,235700,267000,982,48,13,20,20.0,22.5
2022-04,Khovrino,SAO,227000,251000,946,64,15,44,9.5,12.0
2022-05,Khovrino,SAO,230300,264800,960,155,73,44,9.5,12.0
2022-06,Khovrino,SAO,245400,260600,1023,25,59,11,9.5,12.0
2022-07,Khovrino,SAO,233700,248300,974,148,62,61,9.5,12.0
2022-08,Khovrino,SAO,242400,271600,1010,52,19,23,9.5,12.0
2022-09,Khovrino,SAO,237800,252500,991,170,25,28,9.5,12.0
2022-10,Khovrino,SAO,245400,268500,1023,28,33,115,7.5,10.0
2022-11,Khovrino,SAO,242200,275500,1009,148,6,78,7.5,10.0
2022-12,Khovrino,SAO,254200,290300,1059,113,66,73,7.5,10.0
2023-01,Khovrino,SAO,257300,279900,1072,35,53,67,7.5,10.0
2023-02,Khovrino,SAO,260100,281800,1084,108,19,25,7.5,10.0
2023-03,Khovrino,SAO,260800,305500,1087,61,20,14,7.5,10.0
2023-04,Khovrino,SAO,258600,287000,1078,30,71,43,7.5,10.0
2023-05,Khovrino,SAO,263600,295600,1098,74,26,42,7.5,10.0
2023-06,Khovrino,SAO,274000,297700,1142,118,31,38,7.5,10.0
2023-07,Khovrino,SAO,266600,300200,1111,43,67,22,13.0,15.5
2023-08,Khovrino,SAO,261200,286100,1088,163,60,115,13.0,15.5
2023-09,Khovrino,SAO,267700,297400,1115,145,46,13,13.0,15.5
2023-10,Khovrino,SAO,267100,292500,1113,179,28,83,13.0,15.5
2023-11,Khovrino,SAO,266200,302200,1109,181,30,74,13.0,15.5
2023-12,Khovrino,SAO,280000,302000,1167,190,14,20,13.0,15.5
2024-01,Khovrino,SAO,265700,292000,1107,46,63,54,16.0,18.5
2024-02,Khovrino,SAO,266000,296600,1109,150,37,13,16.0,18.5
2024-03,Khovrino,SAO,286200,303100,1192,169,31,84,16.0,18.5
2024-04,Khovrino,SAO,268500,283400,1119,196,50,76,16.0,18.5
2024-05,Khovrino,SAO,268200,295900,1118,91,62,64,16.0,18.5
2024-06,Khovrino,SAO,275500,294300,1148,25,60,24,16.0,18.5
2024-07,Khovrino,SAO,283400,307800,1181,123,28,61,16.0,18.5
2024-08,Khovrino,SAO,286500,307500,1194,89,74,85,16.0,18.5
2024-09,Khovrino,SAO,274100,311600,1142,167,6,111,16.0,18.5
2024-10,Khovrino,SAO,281900,307000,1175,97,60,98,21.0,23.5
2024-11,Khovrino,SAO,276800,308600,1153,180,62,70,21.0,23.5
2024-12,Khovrino,SAO,272800,301800,1137,87,39,28,21.0,23.5
2025-01,Khovrino,SAO,270700,296900,1128,125,61,13,21.0,23.5
2025-02,Khovrino,SAO,266100,285900,1109,124,40,45,21.0,23.5
2025-03,Khovrino,SAO,273400,317900,1139,170,65,89,21.0,23.5
2025-04,Khovrino,SAO,268600,298100,1119,125,77,29,21.0,23.5
2025-05,Khovrino,SAO,278300,301100,1160,67,47,38,21.0,23.5
2025-06,Khovrino,SAO,277600,305000,1157,42,25,110,21.0,23.5
2025-07,Khovrino,SAO,259400,276200,1081,145,38,51,17.0,19.5
2025-08,Khovrino,SAO,269900,301100,1125,51,52,116,17.0,19.5
2025-09,Khovrino,SAO,261300,293300,1089,33,73,76,17.0,19.5
2025-10,Khovrino,SAO,275900,301100,1150,63,41,62,17.0,19.5
2025-11,Khovrino,SAO,268700,286300,1119,74,77,67,17.0,19.5
2025-12,Khovrino,SAO,274500,303400,1144,83,79,87,17.0,19.5
2026-01,Khovrino,SAO,281300,317900,1172,98,72,53,17.0,19.5
2026-02,Khovrino,SAO,279500,293800,1164,123,43,21,17.0,19.5
2026-03,Khovrino,SAO,290000,312900,1208,44,34,50,17.0,19.5
2026-04,Khovrino,SAO,267700,287400,1115,138,68,17,17.0,19.5
2020-01,Khoroshyovsky,SAO,256700,293900,1070,55,38,76,6.0,8.5
2020-02,Khoroshyovsky,SAO,275700,308300,1149,39,49,58,6.0,8.5
2020-03,Khoroshyovsky,SAO,270000,305000,1125,30,46,64,6.0,8.5
2020-04,Khoroshyovsky,SAO,283100,304000,1180,59,31,113,4.25,6.75
2020-05,Khoroshyovsky,SAO,264400,293900,1102,48,32,36,4.25,6.75
2020-06,Khoroshyovsky,SAO,293700,323100,1224,128,56,101,4.25,6.75
2020-07,Khoroshyovsky,SAO,296300,332900,1235,151,25,98,4.25,6.75
2020-08,Khoroshyovsky,SAO,276200,314800,1151,134,73,87,4.25,6.75
2020-09,Khoroshyovsky,SAO,302900,336100,1262,175,75,39,4.25,6.75
2020-10,Khoroshyovsky,SAO,301100,342800,1254,131,47,59,4.25,6.75
2020-11,Khoroshyovsky,SAO,287900,320300,1200,173,23,73,4.25,6.75
2020-12,Khoroshyovsky,SAO,311200,333800,1297,26,30,94,4.25,6.75
2021-01,Khoroshyovsky,SAO,310200,323500,1292,48,7,29,4.25,6.75
2021-02,Khoroshyovsky,SAO,316900,357600,1321,104,9,13,4.25,6.75
2021-03,Khoroshyovsky,SAO,323500,363000,1348,22,76,62,4.25,6.75
2021-04,Khoroshyovsky,SAO,324100,370300,1350,92,43,103,8.5,11.0
2021-05,Khoroshyovsky,SAO,311700,332500,1299,153,51,84,8.5,11.0
2021-06,Khoroshyovsky,SAO,339100,358500,1413,49,40,108,8.5,11.0
2021-07,Khoroshyovsky,SAO,341300,358900,1422,93,43,24,8.5,11.0
2021-08,Khoroshyovsky,SAO,335600,375200,1398,190,47,92,8.5,11.0
2021-09,Khoroshyovsky,SAO,350900,387700,1462,189,54,93,8.5,11.0
2021-10,Khoroshyovsky,SAO,363500,392000,1514,158,71,33,8.5,11.0
2021-11,Khoroshyovsky,SAO,353800,406300,1474,23,44,74,8.5,11.0
2021-12,Khoroshyovsky,SAO,363600,404900,1515,178,17,17,8.5,11.0
2022-01,Khoroshyovsky,SAO,379000,407900,1579,137,8,69,20.0,22.5
2022-02,Khoroshyovsky,SAO,384600,411100,1602,168,24,65,20.0,22.5
2022-03,Khoroshyovsky,SAO,359000,385300,1496,79,55,109,20.0,22.5
2022-04,Khoroshyovsky,SAO,353400,381000,1472,59,69,15,9.5,12.0
2022-05,Khoroshyovsky,SAO,332100,371000,1384,198,16,65,9.5,12.0
2022-06,Khoroshyovsky,SAO,352300,375700,1468,121,21,95,9.5,12.0
2022-07,Khoroshyovsky,SAO,342500,387500,1427,31,36,22,9.5,12.0
2022-08,Khoroshyovsky,SAO,352100,379000,1467,129,16,119,9.5,12.0
2022-09,Khoroshyovsky,SAO,363900,403200,1516,190,19,67,9.5,12.0
2022-10,Khoroshyovsky,SAO,361200,390200,1505,67,76,87,7.5,10.0
2022-11,Khoroshyovsky,SAO,352900,382700,1470,121,70,11,7.5,10.0
2022-12,Khoroshyovsky,SAO,377300,411400,1572,179,33,14,7.5,10.0
2023-01,Khoroshyovsky,SAO,379100,413700,1580,44,22,12,7.5,10.0
2023-02,Khoroshyovsky,SAO,380000,415200,1584,151,48,43,7.5,10.0
2023-03,Khoroshyovsky,SAO,392300,414400,1634,78,16,79,7.5,10.0
2023-04,Khoroshyovsky,SAO,388200,434600,1618,123,18,14,7.5,10.0
2023-05,Khoroshyovsky,SAO,375100,426900,1563,100,67,57,7.5,10.0
2023-06,Khoroshyovsky,SAO,406700,448100,1694,20,58,109,7.5,10.0
2023-07,Khoroshyovsky,SAO,400600,446500,1669,74,31,73,13.0,15.5
2023-08,Khoroshyovsky,SAO,406800,438000,1695,23,41,24,13.0,15.5
2023-09,Khoroshyovsky,SAO,402500,457200,1677,48,28,21,13.0,15.5
2023-10,Khoroshyovsky,SAO,399100,444500,1663,153,11,53,13.0,15.5
2023-11,Khoroshyovsky,SAO,386000,421300,1608,88,38,112,13.0,15.5
2023-12,Khoroshyovsky,SAO,389700,450900,1624,183,62,96,13.0,15.5
2024-01,Khoroshyovsky,SAO,407400,444200,1698,82,77,100,16.0,18.5
2024-02,Khoroshyovsky,SAO,398700,432200,1661,185,58,110,16.0,18.5
2024-03,Khoroshyovsky,SAO,399200,453100,1663,28,24,54,16.0,18.5
2024-04,Khoroshyovsky,SAO,444400,512500,1852,51,48,21,16.0,18.5
2024-05,Khoroshyovsky,SAO,446500,481900,1860,31,42,54,16.0,18.5
2024-06,Khoroshyovsky,SAO,429400,478800,1789,180,68,119,16.0,18.5
2024-07,Khoroshyovsky,SAO,401600,443600,1673,49,44,17,16.0,18.5
2024-08,Khoroshyovsky,SAO,421900,454400,1758,58,9,15,16.0,18.5
2024-09,Khoroshyovsky,SAO,406600,446900,1694,88,20,70,16.0,18.5
2024-10,Khoroshyovsky,SAO,397800,430200,1657,72,10,38,21.0,23.5
2024-11,Khoroshyovsky,SAO,419800,469200,1749,40,54,60,21.0,23.5
2024-12,Khoroshyovsky,SAO,417100,447900,1738,118,8,79,21.0,23.5
2025-01,Khoroshyovsky,SAO,395700,433300,1649,192,32,58,21.0,23.5
2025-02,Khoroshyovsky,SAO,423100,474600,1763,70,51,64,21.0,23.5
2025-03,Khoroshyovsky,SAO,390700,416800,1628,159,33,30,21.0,23.5
2025-04,Khoroshyovsky,SAO,393700,434900,1640,28,10,27,21.0,23.5
2025-05,Khoroshyovsky,SAO,396000,444100,1650,23,37,32,21.0,23.5
2025-06,Khoroshyovsky,SAO,411400,451800,1714,124,64,114,21.0,23.5
2025-07,Khoroshyovsky,SAO,429300,474300,1789,121,40,13,17.0,19.5
2025-08,Khoroshyovsky,SAO,407300,458200,1697,199,13,68,17.0,19.5
2025-09,Khoroshyovsky,SAO,410000,462400,1708,22,12,58,17.0,19.5
2025-10,Khoroshyovsky,SAO,404800,445900,1686,49,62,102,17.0,19.5
2025-11,Khoroshyovsky,SAO,404100,442500,1684,23,10,66,17.0,19.5
2025-12,Khoroshyovsky,SAO,415600,471300,1732,158,42,57,17.0,19.5
2026-01,Khoroshyovsky,SAO,389600,438000,1623,181,38,23,17.0,19.5
2026-02,Khoroshyovsky,SAO,427300,467300,1780,139,75,31,17.0,19.5
2026-03,Khoroshyovsky,SAO,403200,438100,1680,157,75,20,17.0,19.5
2026-04,Khoroshyovsky,SAO,422000,478000,1758,110,69,13,17.0,19.5
2020-01,Alekseevsky,SVAO,227900,257500,949,27,16,103,6.0,8.5
2020-02,Alekseevsky,SVAO,231700,250200,965,23,71,118,6.0,8.5
2020-03,Alekseevsky,SVAO,217400,226100,906,125,65,45,6.0,8.5
2020-04,Alekseevsky,SVAO,244000,267400,1016,116,49,37,4.25,6.75
2020-05,Alekseevsky,SVAO,244300,269100,1018,88,14,119,4.25,6.75
2020-06,Alekseevsky,SVAO,256000,276800,1066,40,58,16,4.25,6.75
2020-07,Alekseevsky,SVAO,248800,277100,1037,72,78,68,4.25,6.75
2020-08,Alekseevsky,SVAO,254900,297800,1062,150,66,38,4.25,6.75
2020-09,Alekseevsky,SVAO,256000,282200,1067,132,26,31,4.25,6.75
2020-10,Alekseevsky,SVAO,246000,267500,1025,162,76,66,4.25,6.75
2020-11,Alekseevsky,SVAO,270500,309100,1127,63,31,89,4.25,6.75
2020-12,Alekseevsky,SVAO,247700,271300,1032,135,36,113,4.25,6.75
2021-01,Alekseevsky,SVAO,279100,302900,1163,57,51,56,4.25,6.75
2021-02,Alekseevsky,SVAO,274500,299500,1144,28,66,61,4.25,6.75
2021-03,Alekseevsky,SVAO,274000,310800,1142,108,66,32,4.25,6.75
2021-04,Alekseevsky,SVAO,275500,308000,1148,126,48,67,8.5,11.0
2021-05,Alekseevsky,SVAO,274800,301600,1145,121,54,40,8.5,11.0
2021-06,Alekseevsky,SVAO,292600,321200,1219,179,52,34,8.5,11.0
2021-07,Alekseevsky,SVAO,290500,321800,1211,153,72,18,8.5,11.0
2021-08,Alekseevsky,SVAO,285200,310300,1189,24,62,37,8.5,11.0
2021-09,Alekseevsky,SVAO,296800,327300,1237,165,43,86,8.5,11.0
2021-10,Alekseevsky,SVAO,305700,338200,1274,197,68,21,8.5,11.0
2021-11,Alekseevsky,SVAO,303100,326600,1263,101,44,70,8.5,11.0
2021-12,Alekseevsky,SVAO,312800,348800,1303,190,29,46,8.5,11.0
2022-01,Alekseevsky,SVAO,312200,341800,1301,173,34,87,20.0,22.5
2022-02,Alekseevsky,SVAO,310600,356100,1294,85,37,117,20.0,22.5
2022-03,Alekseevsky,SVAO,295000,328000,1229,104,76,22,20.0,22.5
2022-04,Alekseevsky,SVAO,282600,316000,1177,106,47,54,9.5,12.0
2022-05,Alekseevsky,SVAO,292100,319400,1217,163,8,53,9.5,12.0
2022-06,Alekseevsky,SVAO,300000,329000,1250,32,74,62,9.5,12.0
2022-07,Alekseevsky,SVAO,301400,340400,1256,153,43,52,9.5,12.0
2022-08,Alekseevsky,SVAO,301500,329000,1256,138,50,118,9.5,12.0
2022-09,Alekseevsky,SVAO,299400,325600,1248,35,67,98,9.5,12.0
2022-10,Alekseevsky,SVAO,307100,331000,1279,20,31,80,7.5,10.0
2022-11,Alekseevsky,SVAO,309600,334200,1290,177,40,64,7.5,10.0
2022-12,Alekseevsky,SVAO,316400,350200,1318,105,24,64,7.5,10.0
2023-01,Alekseevsky,SVAO,329000,353900,1371,194,17,20,7.5,10.0
2023-02,Alekseevsky,SVAO,321400,356300,1339,136,49,114,7.5,10.0
2023-03,Alekseevsky,SVAO,334100,366500,1392,20,6,62,7.5,10.0
2023-04,Alekseevsky,SVAO,333800,367600,1391,104,11,26,7.5,10.0
2023-05,Alekseevsky,SVAO,331500,373200,1381,157,68,21,7.5,10.0
2023-06,Alekseevsky,SVAO,338600,373900,1411,34,12,10,7.5,10.0
2023-07,Alekseevsky,SVAO,333800,351100,1391,137,25,62,13.0,15.5
2023-08,Alekseevsky,SVAO,337500,369300,1406,197,79,116,13.0,15.5
2023-09,Alekseevsky,SVAO,337000,382800,1404,71,35,38,13.0,15.5
2023-10,Alekseevsky,SVAO,343300,373400,1430,157,31,54,13.0,15.5
2023-11,Alekseevsky,SVAO,351300,383900,1464,158,60,70,13.0,15.5
2023-12,Alekseevsky,SVAO,333800,367200,1391,119,30,12,13.0,15.5
2024-01,Alekseevsky,SVAO,356500,404800,1486,163,41,52,16.0,18.5
2024-02,Alekseevsky,SVAO,348200,376500,1451,63,55,66,16.0,18.5
2024-03,Alekseevsky,SVAO,350400,377700,1460,171,52,103,16.0,18.5
2024-04,Alekseevsky,SVAO,334700,365900,1395,171,59,57,16.0,18.5
2024-05,Alekseevsky,SVAO,349100,395900,1455,33,45,34,16.0,18.5
2024-06,Alekseevsky,SVAO,352300,380700,1468,58,48,108,16.0,18.5
2024-07,Alekseevsky,SVAO,353200,382900,1472,28,48,10,16.0,18.5
2024-08,Alekseevsky,SVAO,370700,396800,1545,186,11,81,16.0,18.5
2024-09,Alekseevsky,SVAO,358800,367100,1495,191,18,70,16.0,18.5
2024-10,Alekseevsky,SVAO,355400,390900,1481,164,28,32,21.0,23.5
2024-11,Alekseevsky,SVAO,344600,375900,1436,180,63,73,21.0,23.5
2024-12,Alekseevsky,SVAO,335300,377000,1397,37,44,58,21.0,23.5
2025-01,Alekseevsky,SVAO,350200,390900,1459,192,11,113,21.0,23.5
2025-02,Alekseevsky,SVAO,342500,377500,1427,102,35,38,21.0,23.5
2025-03,Alekseevsky,SVAO,355700,395300,1482,80,74,63,21.0,23.5
2025-04,Alekseevsky,SVAO,325600,363700,1357,180,26,74,21.0,23.5
2025-05,Alekseevsky,SVAO,351300,402000,1464,82,30,70,21.0,23.5
2025-06,Alekseevsky,SVAO,346400,383200,1443,129,60,31,21.0,23.5
2025-07,Alekseevsky,SVAO,337800,367000,1407,181,6,17,17.0,19.5
2025-08,Alekseevsky,SVAO,353900,378800,1475,124,8,119,17.0,19.5
2025-09,Alekseevsky,SVAO,347800,390700,1449,69,70,100,17.0,19.5
2025-10,Alekseevsky,SVAO,355200,391700,1480,60,46,65,17.0,19.5
2025-11,Alekseevsky,SVAO,349000,384900,1454,36,23,96,17.0,19.5
2025-12,Alekseevsky,SVAO,345800,389300,1441,105,61,104,17.0,19.5
2026-01,Alekseevsky,SVAO,339400,376400,1414,178,62,98,17.0,19.5
2026-02,Alekseevsky,SVAO,345800,381300,1441,41,13,110,17.0,19.5
2026-03,Alekseevsky,SVAO,353700,376400,1474,95,72,62,17.0,19.5
2026-04,Alekseevsky,SVAO,347900,398000,1450,131,40,11,17.0,19.5
2020-01,Altufyevsky,SVAO,173500,191000,723,116,43,30,6.0,8.5
2020-02,Altufyevsky,SVAO,175500,190700,731,161,29,76,6.0,8.5
2020-03,Altufyevsky,SVAO,176900,192000,737,191,61,101,6.0,8.5
2020-04,Altufyevsky,SVAO,182000,203400,758,151,28,21,4.25,6.75
2020-05,Altufyevsky,SVAO,184500,201100,769,98,31,82,4.25,6.75
2020-06,Altufyevsky,SVAO,183900,206000,766,154,58,43,4.25,6.75
2020-07,Altufyevsky,SVAO,186800,205800,778,87,8,96,4.25,6.75
2020-08,Altufyevsky,SVAO,197600,209500,823,137,74,12,4.25,6.75
2020-09,Altufyevsky,SVAO,197600,215900,823,71,13,95,4.25,6.75
2020-10,Altufyevsky,SVAO,196500,210200,819,94,41,96,4.25,6.75
2020-11,Altufyevsky,SVAO,198200,213500,826,142,42,96,4.25,6.75
2020-12,Altufyevsky,SVAO,205900,229400,858,75,41,19,4.25,6.75
2021-01,Altufyevsky,SVAO,208200,238600,868,112,6,104,4.25,6.75
2021-02,Altufyevsky,SVAO,207100,221900,863,48,70,35,4.25,6.75
2021-03,Altufyevsky,SVAO,212900,246400,887,132,10,51,4.25,6.75
2021-04,Altufyevsky,SVAO,210100,223800,875,124,22,20,8.5,11.0
2021-05,Altufyevsky,SVAO,206300,220900,860,28,34,28,8.5,11.0
2021-06,Altufyevsky,SVAO,221400,242100,922,135,29,113,8.5,11.0
2021-07,Altufyevsky,SVAO,230900,249100,962,42,50,16,8.5,11.0
2021-08,Altufyevsky,SVAO,227700,247900,949,182,46,40,8.5,11.0
2021-09,Altufyevsky,SVAO,222000,239200,925,133,41,50,8.5,11.0
2021-10,Altufyevsky,SVAO,221900,239700,925,170,75,30,8.5,11.0
2021-11,Altufyevsky,SVAO,236900,258900,987,73,27,11,8.5,11.0
2021-12,Altufyevsky,SVAO,228800,252600,953,188,38,53,8.5,11.0
2022-01,Altufyevsky,SVAO,231200,245800,963,196,79,11,20.0,22.5
2022-02,Altufyevsky,SVAO,236400,260000,985,56,75,100,20.0,22.5
2022-03,Altufyevsky,SVAO,235600,264700,982,98,68,10,20.0,22.5
2022-04,Altufyevsky,SVAO,221000,249200,921,189,17,13,9.5,12.0
2022-05,Altufyevsky,SVAO,233900,254000,975,96,79,11,9.5,12.0
2022-06,Altufyevsky,SVAO,221900,236300,925,44,64,56,9.5,12.0
2022-07,Altufyevsky,SVAO,230200,254500,959,122,22,14,9.5,12.0
2022-08,Altufyevsky,SVAO,243000,267500,1013,106,14,106,9.5,12.0
2022-09,Altufyevsky,SVAO,239900,264900,1000,196,30,118,9.5,12.0
2022-10,Altufyevsky,SVAO,243100,278400,1013,199,77,87,7.5,10.0
2022-11,Altufyevsky,SVAO,242800,263400,1012,40,15,71,7.5,10.0
2022-12,Altufyevsky,SVAO,238900,263800,995,190,43,40,7.5,10.0
2023-01,Altufyevsky,SVAO,229000,248700,954,104,57,72,7.5,10.0
2023-02,Altufyevsky,SVAO,242900,270800,1012,160,78,38,7.5,10.0
2023-03,Altufyevsky,SVAO,239600,259700,998,175,40,63,7.5,10.0
2023-04,Altufyevsky,SVAO,262400,292700,1093,31,46,64,7.5,10.0
2023-05,Altufyevsky,SVAO,269300,303100,1122,128,9,64,7.5,10.0
2023-06,Altufyevsky,SVAO,252900,281100,1054,104,40,43,7.5,10.0
2023-07,Altufyevsky,SVAO,260800,282800,1087,59,76,95,13.0,15.5
2023-08,Altufyevsky,SVAO,263000,279400,1096,173,70,11,13.0,15.5
2023-09,Altufyevsky,SVAO,266900,288600,1112,111,16,102,13.0,15.5
2023-10,Altufyevsky,SVAO,276700,300700,1153,141,13,75,13.0,15.5
2023-11,Altufyevsky,SVAO,264600,294600,1102,20,67,88,13.0,15.5
2023-12,Altufyevsky,SVAO,272400,296900,1135,47,27,103,13.0,15.5
2024-01,Altufyevsky,SVAO,267700,293000,1115,114,16,76,16.0,18.5
2024-02,Altufyevsky,SVAO,270700,310100,1128,132,20,37,16.0,18.5
2024-03,Altufyevsky,SVAO,269200,290800,1122,174,39,42,16.0,18.5
2024-04,Altufyevsky,SVAO,264100,292200,1100,192,52,16,16.0,18.5
2024-05,Altufyevsky,SVAO,288200,318900,1201,110,43,18,16.0,18.5
2024-06,Altufyevsky,SVAO,268800,289100,1120,140,40,18,16.0,18.5
2024-07,Altufyevsky,SVAO,270800,294600,1128,105,37,68,16.0,18.5
2024-08,Altufyevsky,SVAO,259700,290100,1082,128,31,107,16.0,18.5
2024-09,Altufyevsky,SVAO,270000,288300,1125,188,15,44,16.0,18.5
2024-10,Altufyevsky,SVAO,271800,301800,1133,80,76,42,21.0,23.5
2024-11,Altufyevsky,SVAO,273600,305200,1140,20,70,110,21.0,23.5
2024-12,Altufyevsky,SVAO,272400,305600,1135,60,79,49,21.0,23.5
2025-01,Altufyevsky,SVAO,250100,262600,1042,102,21,59,21.0,23.5
2025-02,Altufyevsky,SVAO,256100,296500,1067,22,19,12,21.0,23.5
2025-03,Altufyevsky,SVAO,256600,278600,1069,106,60,105,21.0,23.5
2025-04,Altufyevsky,SVAO,269700,298700,1124,37,5,29,21.0,23.5
2025-05,Altufyevsky,SVAO,267600,296000,1115,108,48,37,21.0,23.5
2025-06,Altufyevsky,SVAO,254400,273800,1060,106,32,30,21.0,23.5
2025-07,Altufyevsky,SVAO,257700,294900,1074,122,25,106,17.0,19.5
2025-08,Altufyevsky,SVAO,257500,278200,1073,49,51,50,17.0,19.5
2025-09,Altufyevsky,SVAO,260800,276300,1087,91,73,25,17.0,19.5
2025-10,Altufyevsky,SVAO,263000,284100,1096,154,50,90,17.0,19.5
2025-11,Altufyevsky,SVAO,274900,310100,1145,158,73,32,17.0,19.5
2025-12,Altufyevsky,SVAO,254800,277500,1062,165,70,47,17.0,19.5
2026-01,Altufyevsky,SVAO,264700,306500,1103,140,27,111,17.0,19.5
2026-02,Altufyevsky,SVAO,268700,298400,1120,99,35,113,17.0,19.5
2026-03,Altufyevsky,SVAO,281500,312000,1173,121,37,56,17.0,19.5
2026-04,Altufyevsky,SVAO,281100,314700,1171,64,73,69,17.0,19.5
2020-01,Babushkinsky,SVAO,186300,200900,776,137,62,14,6.0,8.5
2020-02,Babushkinsky,SVAO,193600,207800,807,167,72,33,6.0,8.5
2020-03,Babushkinsky,SVAO,197600,217500,823,128,8,73,6.0,8.5
2020-04,Babushkinsky,SVAO,215000,227000,896,47,14,13,4.25,6.75
2020-05,Babushkinsky,SVAO,195000,216000,812,42,23,65,4.25,6.75
2020-06,Babushkinsky,SVAO,196400,213000,818,179,21,86,4.25,6.75
2020-07,Babushkinsky,SVAO,201700,225100,840,124,47,101,4.25,6.75
2020-08,Babushkinsky,SVAO,200800,230800,837,162,44,24,4.25,6.75
2020-09,Babushkinsky,SVAO,213100,239500,888,113,56,16,4.25,6.75
2020-10,Babushkinsky,SVAO,220300,247300,918,182,53,77,4.25,6.75
2020-11,Babushkinsky,SVAO,213800,231500,891,171,57,119,4.25,6.75
2020-12,Babushkinsky,SVAO,223000,241800,929,65,53,86,4.25,6.75
2021-01,Babushkinsky,SVAO,229700,247700,957,24,76,116,4.25,6.75
2021-02,Babushkinsky,SVAO,225400,229600,939,117,50,46,4.25,6.75
2021-03,Babushkinsky,SVAO,228600,250400,953,32,58,59,4.25,6.75
2021-04,Babushkinsky,SVAO,231400,256200,964,141,58,53,8.5,11.0
2021-05,Babushkinsky,SVAO,234500,251400,977,27,32,73,8.5,11.0
2021-06,Babushkinsky,SVAO,243700,270500,1015,38,76,65,8.5,11.0
2021-07,Babushkinsky,SVAO,247400,270600,1031,32,78,35,8.5,11.0
2021-08,Babushkinsky,SVAO,250400,275700,1043,88,11,95,8.5,11.0
2021-09,Babushkinsky,SVAO,252800,283000,1053,171,69,29,8.5,11.0
2021-10,Babushkinsky,SVAO,247600,272600,1032,143,62,69,8.5,11.0
2021-11,Babushkinsky,SVAO,250000,271500,1041,132,50,71,8.5,11.0
2021-12,Babushkinsky,SVAO,268200,282700,1118,106,78,35,8.5,11.0
2022-01,Babushkinsky,SVAO,247900,283500,1033,41,32,94,20.0,22.5
2022-02,Babushkinsky,SVAO,260100,285000,1084,166,36,53,20.0,22.5
2022-03,Babushkinsky,SVAO,257500,286100,1073,86,23,100,20.0,22.5
2022-04,Babushkinsky,SVAO,261700,297000,1091,113,12,52,9.5,12.0
2022-05,Babushkinsky,SVAO,242200,261000,1009,64,23,115,9.5,12.0
2022-06,Babushkinsky,SVAO,257000,287800,1071,92,25,64,9.5,12.0
2022-07,Babushkinsky,SVAO,258000,277400,1075,136,62,80,9.5,12.0
2022-08,Babushkinsky,SVAO,264800,307500,1104,190,24,85,9.5,12.0
2022-09,Babushkinsky,SVAO,263700,281600,1099,165,35,31,9.5,12.0
2022-10,Babushkinsky,SVAO,258200,287000,1076,71,23,19,7.5,10.0
2022-11,Babushkinsky,SVAO,252300,276300,1051,193,9,114,7.5,10.0
2022-12,Babushkinsky,SVAO,276400,307500,1152,30,8,104,7.5,10.0
2023-01,Babushkinsky,SVAO,265800,287800,1107,28,50,114,7.5,10.0
2023-02,Babushkinsky,SVAO,287000,313200,1196,82,27,20,7.5,10.0
2023-03,Babushkinsky,SVAO,275600,295400,1148,64,40,44,7.5,10.0
2023-04,Babushkinsky,SVAO,289300,338700,1205,126,65,25,7.5,10.0
2023-05,Babushkinsky,SVAO,284500,312300,1185,175,79,19,7.5,10.0
2023-06,Babushkinsky,SVAO,291500,317100,1215,118,6,29,7.5,10.0
2023-07,Babushkinsky,SVAO,286500,320300,1194,191,43,98,13.0,15.5
2023-08,Babushkinsky,SVAO,273900,308300,1141,40,38,29,13.0,15.5
2023-09,Babushkinsky,SVAO,281600,313800,1173,157,58,22,13.0,15.5
2023-10,Babushkinsky,SVAO,284300,317800,1185,136,59,18,13.0,15.5
2023-11,Babushkinsky,SVAO,281800,297000,1174,52,19,57,13.0,15.5
2023-12,Babushkinsky,SVAO,289600,327200,1207,170,74,60,13.0,15.5
2024-01,Babushkinsky,SVAO,291500,316400,1215,73,62,41,16.0,18.5
2024-02,Babushkinsky,SVAO,296800,322300,1237,82,53,97,16.0,18.5
2024-03,Babushkinsky,SVAO,295200,317500,1230,110,67,54,16.0,18.5
2024-04,Babushkinsky,SVAO,281300,312900,1172,138,64,94,16.0,18.5
2024-05,Babushkinsky,SVAO,292500,324800,1219,196,42,22,16.0,18.5
2024-06,Babushkinsky,SVAO,317200,358700,1322,85,64,71,16.0,18.5
2024-07,Babushkinsky,SVAO,299100,329700,1246,191,17,61,16.0,18.5
2024-08,Babushkinsky,SVAO,292700,328700,1219,26,29,19,16.0,18.5
2024-09,Babushkinsky,SVAO,290800,312800,1212,154,70,107,16.0,18.5
2024-10,Babushkinsky,SVAO,288000,318800,1200,154,75,20,21.0,23.5
2024-11,Babushkinsky,SVAO,302000,330700,1258,152,11,56,21.0,23.5
2024-12,Babushkinsky,SVAO,284200,302200,1184,140,24,82,21.0,23.5
2025-01,Babushkinsky,SVAO,292100,315700,1217,184,31,56,21.0,23.5
2025-02,Babushkinsky,SVAO,295500,330900,1231,132,55,31,21.0,23.5
2025-03,Babushkinsky,SVAO,290900,322900,1212,82,53,53,21.0,23.5
2025-04,Babushkinsky,SVAO,295700,331300,1232,40,42,105,21.0,23.5
2025-05,Babushkinsky,SVAO,292600,323100,1219,163,30,82,21.0,23.5
2025-06,Babushkinsky,SVAO,278100,316400,1159,47,66,76,21.0,23.5
2025-07,Babushkinsky,SVAO,273200,293600,1138,92,59,70,17.0,19.5
2025-08,Babushkinsky,SVAO,298000,337500,1242,117,78,62,17.0,19.5
2025-09,Babushkinsky,SVAO,289200,316600,1205,27,17,41,17.0,19.5
2025-10,Babushkinsky,SVAO,300300,321900,1251,138,38,79,17.0,19.5
2025-11,Babushkinsky,SVAO,288500,314000,1202,193,31,71,17.0,19.5
2025-12,Babushkinsky,SVAO,294200,318400,1226,44,52,32,17.0,19.5
2026-01,Babushkinsky,SVAO,294300,320600,1226,159,46,47,17.0,19.5
2026-02,Babushkinsky,SVAO,275500,307600,1148,34,25,26,17.0,19.5
2026-03,Babushkinsky,SVAO,311000,339600,1296,109,25,36,17.0,19.5
2026-04,Babushkinsky,SVAO,289400,323000,1206,174,26,55,17.0,19.5
2020-01,Bibirevo,SVAO,180900,204800,754,121,18,48,6.0,8.5
2020-02,Bibirevo,SVAO,178000,193400,742,37,42,81,6.0,8.5
2020-03,Bibirevo,SVAO,179900,197200,750,89,11,70,6.0,8.5
2020-04,Bibirevo,SVAO,189100,207800,788,124,16,31,4.25,6.75
2020-05,Bibirevo,SVAO,187000,205000,779,30,73,82,4.25,6.75
2020-06,Bibirevo,SVAO,190800,214200,795,170,46,100,4.25,6.75
2020-07,Bibirevo,SVAO,193800,220400,807,192,6,110,4.25,6.75
2020-08,Bibirevo,SVAO,197600,214400,823,179,13,93,4.25,6.75
2020-09,Bibirevo,SVAO,202200,221300,842,121,63,11,4.25,6.75
2020-10,Bibirevo,SVAO,210100,234200,875,175,51,44,4.25,6.75
2020-11,Bibirevo,SVAO,212400,242400,885,72,20,119,4.25,6.75
2020-12,Bibirevo,SVAO,216400,243100,902,77,24,50,4.25,6.75
2021-01,Bibirevo,SVAO,203100,218400,846,184,18,112,4.25,6.75
2021-02,Bibirevo,SVAO,209300,225400,872,89,27,87,4.25,6.75
2021-03,Bibirevo,SVAO,212200,224100,884,169,16,63,4.25,6.75
2021-04,Bibirevo,SVAO,217200,238600,905,130,67,94,8.5,11.0
2021-05,Bibirevo,SVAO,224500,257800,935,104,73,96,8.5,11.0
2021-06,Bibirevo,SVAO,232300,248700,968,103,8,11,8.5,11.0
2021-07,Bibirevo,SVAO,233000,270900,971,136,65,87,8.5,11.0
2021-08,Bibirevo,SVAO,234500,247200,977,179,16,102,8.5,11.0
2021-09,Bibirevo,SVAO,233700,257400,974,90,38,41,8.5,11.0
2021-10,Bibirevo,SVAO,239200,262300,997,91,29,38,8.5,11.0
2021-11,Bibirevo,SVAO,232600,256700,969,60,66,51,8.5,11.0
2021-12,Bibirevo,SVAO,246000,274400,1025,155,26,24,8.5,11.0
2022-01,Bibirevo,SVAO,250900,265000,1045,71,21,44,20.0,22.5
2022-02,Bibirevo,SVAO,244000,275200,1016,163,9,109,20.0,22.5
2022-03,Bibirevo,SVAO,242200,264900,1009,143,41,54,20.0,22.5
2022-04,Bibirevo,SVAO,246800,273600,1028,136,74,65,9.5,12.0
2022-05,Bibirevo,SVAO,238500,266300,994,175,54,13,9.5,12.0
2022-06,Bibirevo,SVAO,239800,256300,999,137,20,104,9.5,12.0
2022-07,Bibirevo,SVAO,247300,268400,1030,166,62,63,9.5,12.0
2022-08,Bibirevo,SVAO,241100,259300,1005,40,39,98,9.5,12.0
2022-09,Bibirevo,SVAO,252500,285800,1052,104,56,46,9.5,12.0
2022-10,Bibirevo,SVAO,238100,263600,992,91,39,41,7.5,10.0
2022-11,Bibirevo,SVAO,264300,291800,1101,54,73,25,7.5,10.0
2022-12,Bibirevo,SVAO,261600,296200,1090,170,46,108,7.5,10.0
2023-01,Bibirevo,SVAO,246500,280900,1027,199,25,38,7.5,10.0
2023-02,Bibirevo,SVAO,258900,288200,1079,67,69,26,7.5,10.0
2023-03,Bibirevo,SVAO,254500,279400,1060,137,7,42,7.5,10.0
2023-04,Bibirevo,SVAO,261600,285100,1090,84,11,117,7.5,10.0
2023-05,Bibirevo,SVAO,265600,293100,1107,23,8,28,7.5,10.0
2023-06,Bibirevo,SVAO,265900,287000,1108,103,39,117,7.5,10.0
2023-07,Bibirevo,SVAO,278000,311700,1158,189,32,103,13.0,15.5
2023-08,Bibirevo,SVAO,256900,292900,1071,196,52,48,13.0,15.5
2023-09,Bibirevo,SVAO,267300,300800,1114,118,8,14,13.0,15.5
2023-10,Bibirevo,SVAO,264100,282700,1100,40,56,17,13.0,15.5
2023-11,Bibirevo,SVAO,265600,304600,1107,155,27,93,13.0,15.5
2023-12,Bibirevo,SVAO,279400,316200,1164,94,77,44,13.0,15.5
2024-01,Bibirevo,SVAO,273600,295200,1140,72,11,105,16.0,18.5
2024-02,Bibirevo,SVAO,276200,297700,1151,198,39,104,16.0,18.5
2024-03,Bibirevo,SVAO,273200,312000,1138,176,23,86,16.0,18.5
2024-04,Bibirevo,SVAO,284500,328400,1185,81,62,66,16.0,18.5
2024-05,Bibirevo,SVAO,283700,306900,1182,109,55,89,16.0,18.5
2024-06,Bibirevo,SVAO,273900,292500,1141,124,77,104,16.0,18.5
2024-07,Bibirevo,SVAO,282300,321800,1176,65,60,15,16.0,18.5
2024-08,Bibirevo,SVAO,278600,294500,1161,188,27,63,16.0,18.5
2024-09,Bibirevo,SVAO,292300,324700,1218,88,5,116,16.0,18.5
2024-10,Bibirevo,SVAO,289800,326800,1207,51,16,73,21.0,23.5
2024-11,Bibirevo,SVAO,266200,292300,1109,120,62,113,21.0,23.5
2024-12,Bibirevo,SVAO,266600,305700,1111,157,53,86,21.0,23.5
2025-01,Bibirevo,SVAO,266700,299400,1111,42,29,60,21.0,23.5
2025-02,Bibirevo,SVAO,272700,300900,1136,101,52,113,21.0,23.5
2025-03,Bibirevo,SVAO,263200,281700,1097,197,5,18,21.0,23.5
2025-04,Bibirevo,SVAO,264600,275000,1102,147,46,59,21.0,23.5
2025-05,Bibirevo,SVAO,277200,291300,1155,140,32,46,21.0,23.5
2025-06,Bibirevo,SVAO,284200,332400,1184,42,54,87,21.0,23.5
2025-07,Bibirevo,SVAO,274200,299900,1143,101,22,77,17.0,19.5
2025-08,Bibirevo,SVAO,274500,305500,1144,156,71,69,17.0,19.5
2025-09,Bibirevo,SVAO,273100,306600,1138,72,57,50,17.0,19.5
2025-10,Bibirevo,SVAO,278200,302200,1159,157,27,14,17.0,19.5
2025-11,Bibirevo,SVAO,276900,316600,1154,49,68,78,17.0,19.5
2025-12,Bibirevo,SVAO,270100,298100,1125,111,9,101,17.0,19.5
2026-01,Bibirevo,SVAO,277100,302700,1155,119,27,68,17.0,19.5
2026-02,Bibirevo,SVAO,266500,294200,1110,46,8,31,17.0,19.5
2026-03,Bibirevo,SVAO,279200,311600,1164,125,63,86,17.0,19.5
2026-04,Bibirevo,SVAO,276800,311600,1153,27,13,101,17.0,19.5
2020-01,Butyrsky,SVAO,208800,233700,870,48,27,86,6.0,8.5
2020-02,Butyrsky,SVAO,207700,229500,865,71,48,64,6.0,8.5
2020-03,Butyrsky,SVAO,217700,246300,907,68,79,14,6.0,8.5
2020-04,Butyrsky,SVAO,229700,251700,957,89,6,86,4.25,6.75
2020-05,Butyrsky,SVAO,228600,261100,952,136,46,64,4.25,6.75
2020-06,Butyrsky,SVAO,232000,267600,966,163,67,18,4.25,6.75
2020-07,Butyrsky,SVAO,231400,249200,964,142,70,99,4.25,6.75
2020-08,Butyrsky,SVAO,237400,256700,989,176,39,106,4.25,6.75
2020-09,Butyrsky,SVAO,240200,265600,1001,72,76,66,4.25,6.75
2020-10,Butyrsky,SVAO,246600,283600,1028,71,5,52,4.25,6.75
2020-11,Butyrsky,SVAO,242200,255700,1009,131,56,110,4.25,6.75
2020-12,Butyrsky,SVAO,249100,267300,1038,50,38,94,4.25,6.75
2021-01,Butyrsky,SVAO,254600,279900,1061,168,70,118,4.25,6.75
2021-02,Butyrsky,SVAO,254100,280800,1059,100,5,112,4.25,6.75
2021-03,Butyrsky,SVAO,275500,299100,1148,171,63,36,4.25,6.75
2021-04,Butyrsky,SVAO,274400,313700,1143,107,31,100,8.5,11.0
2021-05,Butyrsky,SVAO,277800,309200,1157,21,16,21,8.5,11.0
2021-06,Butyrsky,SVAO,268500,303100,1119,198,56,41,8.5,11.0
2021-07,Butyrsky,SVAO,279900,313600,1166,40,41,117,8.5,11.0
2021-08,Butyrsky,SVAO,285200,329000,1189,100,78,55,8.5,11.0
2021-09,Butyrsky,SVAO,274400,293900,1143,51,11,59,8.5,11.0
2021-10,Butyrsky,SVAO,288000,319900,1200,199,7,86,8.5,11.0
2021-11,Butyrsky,SVAO,286000,300200,1192,69,62,57,8.5,11.0
2021-12,Butyrsky,SVAO,289300,321200,1205,51,7,36,8.5,11.0
2022-01,Butyrsky,SVAO,288600,317300,1203,61,27,71,20.0,22.5
2022-02,Butyrsky,SVAO,283200,311800,1180,35,16,28,20.0,22.5
2022-03,Butyrsky,SVAO,291500,317000,1214,76,8,119,20.0,22.5
2022-04,Butyrsky,SVAO,272600,306200,1136,150,59,93,9.5,12.0
2022-05,Butyrsky,SVAO,283900,302700,1183,174,31,101,9.5,12.0
2022-06,Butyrsky,SVAO,287100,322500,1196,187,30,11,9.5,12.0
2022-07,Butyrsky,SVAO,286200,310300,1192,190,17,31,9.5,12.0
2022-08,Butyrsky,SVAO,294800,323800,1228,168,26,17,9.5,12.0
2022-09,Butyrsky,SVAO,301000,338700,1254,62,66,20,9.5,12.0
2022-10,Butyrsky,SVAO,294600,323200,1227,165,16,99,7.5,10.0
2022-11,Butyrsky,SVAO,303400,349600,1264,197,52,52,7.5,10.0
2022-12,Butyrsky,SVAO,307700,311000,1282,35,7,53,7.5,10.0
2023-01,Butyrsky,SVAO,308500,341200,1285,128,19,119,7.5,10.0
2023-02,Butyrsky,SVAO,313300,351400,1305,109,77,25,7.5,10.0
2023-03,Butyrsky,SVAO,316800,333700,1320,85,19,23,7.5,10.0
2023-04,Butyrsky,SVAO,320300,350100,1335,153,47,16,7.5,10.0
2023-05,Butyrsky,SVAO,326600,360200,1361,115,52,96,7.5,10.0
2023-06,Butyrsky,SVAO,321200,349100,1338,80,54,74,7.5,10.0
2023-07,Butyrsky,SVAO,316000,337200,1317,35,42,94,13.0,15.5
2023-08,Butyrsky,SVAO,329200,351300,1371,170,63,99,13.0,15.5
2023-09,Butyrsky,SVAO,333300,355400,1389,25,14,65,13.0,15.5
2023-10,Butyrsky,SVAO,322100,344300,1342,183,36,93,13.0,15.5
2023-11,Butyrsky,SVAO,336200,368400,1401,95,15,58,13.0,15.5
2023-12,Butyrsky,SVAO,331400,371100,1381,21,71,69,13.0,15.5
2024-01,Butyrsky,SVAO,336300,378600,1401,62,13,61,16.0,18.5
2024-02,Butyrsky,SVAO,347200,373900,1447,169,19,63,16.0,18.5
2024-03,Butyrsky,SVAO,321500,360500,1340,87,61,34,16.0,18.5
2024-04,Butyrsky,SVAO,329700,361300,1374,111,35,20,16.0,18.5
2024-05,Butyrsky,SVAO,338200,365100,1409,169,16,34,16.0,18.5
2024-06,Butyrsky,SVAO,324100,340700,1350,199,34,79,16.0,18.5
2024-07,Butyrsky,SVAO,330600,360600,1377,123,56,35,16.0,18.5
2024-08,Butyrsky,SVAO,352200,379800,1467,147,21,54,16.0,18.5
2024-09,Butyrsky,SVAO,342100,359100,1425,92,57,79,16.0,18.5
2024-10,Butyrsky,SVAO,337200,366300,1405,129,40,43,21.0,23.5
2024-11,Butyrsky,SVAO,334700,363800,1395,102,33,72,21.0,23.5
2024-12,Butyrsky,SVAO,321200,338300,1338,92,18,23,21.0,23.5
2025-01,Butyrsky,SVAO,327900,353400,1366,83,31,17,21.0,23.5
2025-02,Butyrsky,SVAO,327600,357800,1365,191,8,72,21.0,23.5
2025-03,Butyrsky,SVAO,324400,360500,1352,179,63,70,21.0,23.5
2025-04,Butyrsky,SVAO,328700,356200,1370,87,79,56,21.0,23.5
2025-05,Butyrsky,SVAO,314400,338700,1310,45,28,21,21.0,23.5
2025-06,Butyrsky,SVAO,323100,345500,1346,145,36,82,21.0,23.5
2025-07,Butyrsky,SVAO,331700,372000,1382,168,9,16,17.0,19.5
2025-08,Butyrsky,SVAO,334800,362800,1395,149,37,85,17.0,19.5
2025-09,Butyrsky,SVAO,329500,357800,1373,101,57,68,17.0,19.5
2025-10,Butyrsky,SVAO,338700,374900,1411,105,76,29,17.0,19.5
2025-11,Butyrsky,SVAO,332300,342400,1385,197,67,20,17.0,19.5
2025-12,Butyrsky,SVAO,330800,352100,1378,92,74,97,17.0,19.5
2026-01,Butyrsky,SVAO,336600,361300,1402,167,41,62,17.0,19.5
2026-02,Butyrsky,SVAO,326700,350300,1361,54,66,81,17.0,19.5
2026-03,Butyrsky,SVAO,349400,379300,1456,166,33,26,17.0,19.5
2026-04,Butyrsky,SVAO,335900,359300,1399,185,12,34,17.0,19.5
2020-01,Lianozovo,SVAO,177100,194900,738,132,79,93,6.0,8.5
2020-02,Lianozovo,SVAO,175100,195700,730,121,76,54,6.0,8.5
2020-03,Lianozovo,SVAO,177500,199000,740,189,51,15,6.0,8.5
2020-04,Lianozovo,SVAO,174600,195700,727,118,18,20,4.25,6.75
2020-05,Lianozovo,SVAO,171100,190600,713,92,53,50,4.25,6.75
2020-06,Lianozovo,SVAO,185000,197500,771,61,19,87,4.25,6.75
2020-07,Lianozovo,SVAO,188500,202000,785,146,12,67,4.25,6.75
2020-08,Lianozovo,SVAO,196800,213100,820,129,48,15,4.25,6.75
2020-09,Lianozovo,SVAO,194000,218600,808,125,67,55,4.25,6.75
2020-10,Lianozovo,SVAO,197900,218800,825,62,18,113,4.25,6.75
2020-11,Lianozovo,SVAO,197200,228100,822,61,15,17,4.25,6.75
2020-12,Lianozovo,SVAO,210200,237700,876,185,10,108,4.25,6.75
2021-01,Lianozovo,SVAO,201000,224600,837,78,70,42,4.25,6.75
2021-02,Lianozovo,SVAO,215400,238500,897,45,11,68,4.25,6.75
2021-03,Lianozovo,SVAO,212200,229800,884,127,67,91,4.25,6.75
2021-04,Lianozovo,SVAO,215600,233700,899,159,19,92,8.5,11.0
2021-05,Lianozovo,SVAO,210700,226100,878,42,18,92,8.5,11.0
2021-06,Lianozovo,SVAO,213700,243600,890,134,10,99,8.5,11.0
2021-07,Lianozovo,SVAO,228700,259800,953,117,43,23,8.5,11.0
2021-08,Lianozovo,SVAO,221400,246400,923,192,33,70,8.5,11.0
2021-09,Lianozovo,SVAO,232300,263100,968,170,10,33,8.5,11.0
2021-10,Lianozovo,SVAO,235000,261800,979,120,20,28,8.5,11.0
2021-11,Lianozovo,SVAO,228900,247700,954,44,29,20,8.5,11.0
2021-12,Lianozovo,SVAO,224100,243300,934,42,28,23,8.5,11.0
2022-01,Lianozovo,SVAO,242300,266800,1009,148,77,38,20.0,22.5
2022-02,Lianozovo,SVAO,239000,264300,996,188,30,53,20.0,22.5
2022-03,Lianozovo,SVAO,243500,268300,1015,130,61,24,20.0,22.5
2022-04,Lianozovo,SVAO,221500,238300,923,174,56,119,9.5,12.0
2022-05,Lianozovo,SVAO,227800,266500,949,189,6,51,9.5,12.0
2022-06,Lianozovo,SVAO,225200,256900,938,160,27,67,9.5,12.0
2022-07,Lianozovo,SVAO,238900,254700,995,153,41,84,9.5,12.0
2022-08,Lianozovo,SVAO,240500,273000,1002,20,39,101,9.5,12.0
2022-09,Lianozovo,SVAO,241000,262600,1004,115,16,85,9.5,12.0
2022-10,Lianozovo,SVAO,240200,265800,1001,97,36,32,7.5,10.0
2022-11,Lianozovo,SVAO,246800,274200,1028,77,18,79,7.5,10.0
2022-12,Lianozovo,SVAO,257200,267300,1072,51,71,89,7.5,10.0
2023-01,Lianozovo,SVAO,250400,274900,1043,159,8,92,7.5,10.0
2023-02,Lianozovo,SVAO,249000,276100,1038,167,79,86,7.5,10.0
2023-03,Lianozovo,SVAO,255300,282500,1064,178,12,47,7.5,10.0
2023-04,Lianozovo,SVAO,264500,296100,1102,76,44,66,7.5,10.0
2023-05,Lianozovo,SVAO,255500,289200,1065,50,23,52,7.5,10.0
2023-06,Lianozovo,SVAO,254100,289200,1059,55,28,86,7.5,10.0
2023-07,Lianozovo,SVAO,251900,276100,1050,79,71,100,13.0,15.5
2023-08,Lianozovo,SVAO,257200,286400,1072,192,76,96,13.0,15.5
2023-09,Lianozovo,SVAO,252600,270000,1053,55,14,81,13.0,15.5
2023-10,Lianozovo,SVAO,259500,278500,1081,92,9,82,13.0,15.5
2023-11,Lianozovo,SVAO,262500,287600,1094,45,34,106,13.0,15.5
2023-12,Lianozovo,SVAO,258200,290500,1076,99,9,84,13.0,15.5
2024-01,Lianozovo,SVAO,266400,278000,1110,72,19,33,16.0,18.5
2024-02,Lianozovo,SVAO,271900,301900,1133,133,40,99,16.0,18.5
2024-03,Lianozovo,SVAO,273100,303100,1138,112,71,81,16.0,18.5
2024-04,Lianozovo,SVAO,261000,289400,1088,58,44,87,16.0,18.5
2024-05,Lianozovo,SVAO,275600,298900,1148,68,15,60,16.0,18.5
2024-06,Lianozovo,SVAO,274300,297700,1143,150,8,109,16.0,18.5
2024-07,Lianozovo,SVAO,291400,327800,1214,143,39,43,16.0,18.5
2024-08,Lianozovo,SVAO,258900,289700,1079,75,12,116,16.0,18.5
2024-09,Lianozovo,SVAO,277300,309000,1155,120,78,109,16.0,18.5
2024-10,Lianozovo,SVAO,274200,303600,1142,177,48,78,21.0,23.5
2024-11,Lianozovo,SVAO,256000,283500,1067,139,20,97,21.0,23.5
2024-12,Lianozovo,SVAO,263900,288700,1099,99,12,91,21.0,23.5
2025-01,Lianozovo,SVAO,256000,279500,1067,78,59,110,21.0,23.5
2025-02,Lianozovo,SVAO,258800,287900,1078,74,40,16,21.0,23.5
2025-03,Lianozovo,SVAO,273200,293300,1138,72,63,96,21.0,23.5
2025-04,Lianozovo,SVAO,266600,292400,1111,133,60,105,21.0,23.5
2025-05,Lianozovo,SVAO,271500,288900,1131,188,40,14,21.0,23.5
2025-06,Lianozovo,SVAO,260000,276100,1083,170,79,71,21.0,23.5
2025-07,Lianozovo,SVAO,262000,292600,1092,27,34,73,17.0,19.5
2025-08,Lianozovo,SVAO,261800,295600,1091,77,19,15,17.0,19.5
2025-09,Lianozovo,SVAO,269600,294400,1123,88,64,14,17.0,19.5
2025-10,Lianozovo,SVAO,267400,289100,1114,181,20,101,17.0,19.5
2025-11,Lianozovo,SVAO,271500,297000,1131,36,44,53,17.0,19.5
2025-12,Lianozovo,SVAO,254500,280600,1060,63,18,100,17.0,19.5
2026-01,Lianozovo,SVAO,257500,279800,1073,31,49,77,17.0,19.5
2026-02,Lianozovo,SVAO,269600,296900,1123,69,26,117,17.0,19.5
2026-03,Lianozovo,SVAO,266800,293000,1112,36,77,24,17.0,19.5
2026-04,Lianozovo,SVAO,268200,286800,1118,66,29,37,17.0,19.5
2020-01,Losinoostrovsky,SVAO,185100,203100,771,87,79,78,6.0,8.5
2020-02,Losinoostrovsky,SVAO,188900,200400,787,89,54,101,6.0,8.5
2020-03,Losinoostrovsky,SVAO,189100,205300,788,64,19,70,6.0,8.5
2020-04,Losinoostrovsky,SVAO,184900,197900,770,186,73,23,4.25,6.75
2020-05,Losinoostrovsky,SVAO,192600,208400,803,63,5,113,4.25,6.75
2020-06,Losinoostrovsky,SVAO,205300,228600,855,110,9,45,4.25,6.75
2020-07,Losinoostrovsky,SVAO,197700,214900,824,156,78,11,4.25,6.75
2020-08,Losinoostrovsky,SVAO,197000,209500,821,64,65,90,4.25,6.75
2020-09,Losinoostrovsky,SVAO,212900,229700,887,94,40,42,4.25,6.75
2020-10,Losinoostrovsky,SVAO,214200,244400,893,61,49,86,4.25,6.75
2020-11,Losinoostrovsky,SVAO,208700,225100,870,122,39,42,4.25,6.75
2020-12,Losinoostrovsky,SVAO,214700,236600,895,71,61,97,4.25,6.75
2021-01,Losinoostrovsky,SVAO,229200,259800,955,70,79,16,4.25,6.75
2021-02,Losinoostrovsky,SVAO,215700,244500,899,171,26,35,4.25,6.75
2021-03,Losinoostrovsky,SVAO,226300,243100,943,38,71,70,4.25,6.75
2021-04,Losinoostrovsky,SVAO,218800,236900,912,121,47,88,8.5,11.0
2021-05,Losinoostrovsky,SVAO,227600,247200,949,154,11,90,8.5,11.0
2021-06,Losinoostrovsky,SVAO,225500,256100,940,141,54,75,8.5,11.0
2021-07,Losinoostrovsky,SVAO,244700,266100,1020,26,5,104,8.5,11.0
2021-08,Losinoostrovsky,SVAO,229700,254900,957,125,22,106,8.5,11.0
2021-09,Losinoostrovsky,SVAO,249000,266800,1037,53,35,59,8.5,11.0
2021-10,Losinoostrovsky,SVAO,235400,258800,981,132,54,17,8.5,11.0
2021-11,Losinoostrovsky,SVAO,242800,269000,1012,150,51,114,8.5,11.0
2021-12,Losinoostrovsky,SVAO,256000,270200,1067,162,57,65,8.5,11.0
2022-01,Losinoostrovsky,SVAO,265600,275400,1107,60,79,20,20.0,22.5
2022-02,Losinoostrovsky,SVAO,254500,272500,1060,110,56,102,20.0,22.5
2022-03,Losinoostrovsky,SVAO,249100,267100,1038,130,54,119,20.0,22.5
2022-04,Losinoostrovsky,SVAO,242400,255100,1010,198,40,12,9.5,12.0
2022-05,Losinoostrovsky,SVAO,242800,272200,1012,173,40,68,9.5,12.0
2022-06,Losinoostrovsky,SVAO,257600,279000,1073,120,36,112,9.5,12.0
2022-07,Losinoostrovsky,SVAO,242400,277100,1010,147,18,40,9.5,12.0
2022-08,Losinoostrovsky,SVAO,254200,271200,1059,99,64,44,9.5,12.0
2022-09,Losinoostrovsky,SVAO,254200,282900,1059,147,21,95,9.5,12.0
2022-10,Losinoostrovsky,SVAO,248700,256700,1036,167,16,44,7.5,10.0
2022-11,Losinoostrovsky,SVAO,268600,289800,1119,42,7,99,7.5,10.0
2022-12,Losinoostrovsky,SVAO,258700,288400,1078,155,74,20,7.5,10.0
2023-01,Losinoostrovsky,SVAO,271900,291400,1133,115,14,75,7.5,10.0
2023-02,Losinoostrovsky,SVAO,266400,299900,1110,161,47,67,7.5,10.0
2023-03,Losinoostrovsky,SVAO,270200,284500,1126,199,50,73,7.5,10.0
2023-04,Losinoostrovsky,SVAO,263300,289900,1097,112,60,90,7.5,10.0
2023-05,Losinoostrovsky,SVAO,283200,299200,1180,177,41,88,7.5,10.0
2023-06,Losinoostrovsky,SVAO,282100,313300,1176,183,16,15,7.5,10.0
2023-07,Losinoostrovsky,SVAO,259900,290000,1083,198,45,119,13.0,15.5
2023-08,Losinoostrovsky,SVAO,278700,295800,1161,141,15,38,13.0,15.5
2023-09,Losinoostrovsky,SVAO,271900,301600,1133,67,72,41,13.0,15.5
2023-10,Losinoostrovsky,SVAO,280100,310700,1167,142,9,12,13.0,15.5
2023-11,Losinoostrovsky,SVAO,284300,324800,1184,34,55,110,13.0,15.5
2023-12,Losinoostrovsky,SVAO,289300,306800,1205,90,42,68,13.0,15.5
2024-01,Losinoostrovsky,SVAO,278100,303500,1159,120,48,85,16.0,18.5
2024-02,Losinoostrovsky,SVAO,278300,302800,1159,184,23,52,16.0,18.5
2024-03,Losinoostrovsky,SVAO,288900,325700,1204,68,25,19,16.0,18.5
2024-04,Losinoostrovsky,SVAO,292400,317700,1218,89,68,20,16.0,18.5
2024-05,Losinoostrovsky,SVAO,273100,295900,1138,126,31,39,16.0,18.5
2024-06,Losinoostrovsky,SVAO,284900,304400,1187,150,36,24,16.0,18.5
2024-07,Losinoostrovsky,SVAO,296800,339600,1237,108,36,95,16.0,18.5
2024-08,Losinoostrovsky,SVAO,291100,315800,1213,160,34,57,16.0,18.5
2024-09,Losinoostrovsky,SVAO,294400,320900,1227,141,68,58,16.0,18.5
2024-10,Losinoostrovsky,SVAO,278800,301400,1162,106,62,32,21.0,23.5
2024-11,Losinoostrovsky,SVAO,272700,297300,1136,158,61,118,21.0,23.5
2024-12,Losinoostrovsky,SVAO,276500,299900,1152,45,45,46,21.0,23.5
2025-01,Losinoostrovsky,SVAO,300800,331900,1253,33,36,51,21.0,23.5
2025-02,Losinoostrovsky,SVAO,280400,313800,1168,186,7,87,21.0,23.5
2025-03,Losinoostrovsky,SVAO,286300,314200,1193,180,27,71,21.0,23.5
2025-04,Losinoostrovsky,SVAO,287000,318400,1196,117,58,34,21.0,23.5
2025-05,Losinoostrovsky,SVAO,281000,301500,1171,195,44,46,21.0,23.5
2025-06,Losinoostrovsky,SVAO,281600,308800,1173,143,69,63,21.0,23.5
2025-07,Losinoostrovsky,SVAO,274500,302900,1144,182,65,103,17.0,19.5
2025-08,Losinoostrovsky,SVAO,274900,301900,1145,151,16,14,17.0,19.5
2025-09,Losinoostrovsky,SVAO,286300,331300,1193,195,58,15,17.0,19.5
2025-10,Losinoostrovsky,SVAO,290600,313600,1211,109,34,112,17.0,19.5
2025-11,Losinoostrovsky,SVAO,286300,311100,1193,55,63,89,17.0,19.5
2025-12,Losinoostrovsky,SVAO,272300,292600,1135,37,25,105,17.0,19.5
2026-01,Losinoostrovsky,SVAO,287200,318800,1197,68,27,52,17.0,19.5
2026-02,Losinoostrovsky,SVAO,279800,303300,1166,87,77,35,17.0,19.5
2026-03,Losinoostrovsky,SVAO,289600,313900,1207,150,20,103,17.0,19.5
2026-04,Losinoostrovsky,SVAO,278300,323400,1160,42,49,14,17.0,19.5
2020-01,Marfino,SVAO,186800,203000,778,97,32,101,6.0,8.5
2020-02,Marfino,SVAO,197700,214600,824,159,47,71,6.0,8.5
2020-03,Marfino,SVAO,191500,213500,798,187,36,74,6.0,8.5
2020-04,Marfino,SVAO,193500,219900,806,118,71,117,4.25,6.75
2020-05,Marfino,SVAO,199000,214500,829,67,70,18,4.25,6.75
2020-06,Marfino,SVAO,204200,231700,851,73,55,92,4.25,6.75
2020-07,Marfino,SVAO,198700,231100,828,24,46,117,4.25,6.75
2020-08,Marfino,SVAO,216400,244300,902,32,52,74,4.25,6.75
2020-09,Marfino,SVAO,215500,230300,898,27,6,102,4.25,6.75
2020-10,Marfino,SVAO,224100,247200,934,31,33,91,4.25,6.75
2020-11,Marfino,SVAO,213000,236800,888,68,21,62,4.25,6.75
2020-12,Marfino,SVAO,214700,243800,894,61,53,16,4.25,6.75
2021-01,Marfino,SVAO,218100,233200,909,24,27,116,4.25,6.75
2021-02,Marfino,SVAO,223400,233800,931,117,28,54,4.25,6.75
2021-03,Marfino,SVAO,224400,249500,935,59,14,109,4.25,6.75
2021-04,Marfino,SVAO,236000,262400,983,182,51,36,8.5,11.0
2021-05,Marfino,SVAO,243300,264600,1014,185,38,16,8.5,11.0
2021-06,Marfino,SVAO,246300,271100,1026,78,65,56,8.5,11.0
2021-07,Marfino,SVAO,247500,277900,1031,27,23,116,8.5,11.0
2021-08,Marfino,SVAO,241700,273800,1007,37,31,42,8.5,11.0
2021-09,Marfino,SVAO,258700,299700,1078,136,22,13,8.5,11.0
2021-10,Marfino,SVAO,252300,277100,1051,116,14,59,8.5,11.0
2021-11,Marfino,SVAO,251700,273200,1049,164,25,34,8.5,11.0
2021-12,Marfino,SVAO,257300,273000,1072,160,51,28,8.5,11.0
2022-01,Marfino,SVAO,279400,308300,1164,179,37,96,20.0,22.5
2022-02,Marfino,SVAO,263100,298800,1096,57,24,38,20.0,22.5
2022-03,Marfino,SVAO,256200,287200,1068,137,27,22,20.0,22.5
2022-04,Marfino,SVAO,239800,268500,999,111,64,100,9.5,12.0
2022-05,Marfino,SVAO,251000,279900,1046,192,29,43,9.5,12.0
2022-06,Marfino,SVAO,243800,275100,1016,164,56,115,9.5,12.0
2022-07,Marfino,SVAO,257600,278300,1073,82,15,65,9.5,12.0
2022-08,Marfino,SVAO,257300,288200,1072,196,20,38,9.5,12.0
2022-09,Marfino,SVAO,265600,293100,1107,177,54,50,9.5,12.0
2022-10,Marfino,SVAO,270300,293100,1126,63,17,30,7.5,10.0
2022-11,Marfino,SVAO,270700,299400,1128,62,14,30,7.5,10.0
2022-12,Marfino,SVAO,273200,294900,1138,101,42,92,7.5,10.0
2023-01,Marfino,SVAO,276200,299300,1151,87,13,26,7.5,10.0
2023-02,Marfino,SVAO,281400,308200,1173,68,13,118,7.5,10.0
2023-03,Marfino,SVAO,267800,294700,1116,133,76,16,7.5,10.0
2023-04,Marfino,SVAO,276200,319400,1151,142,66,60,7.5,10.0
2023-05,Marfino,SVAO,280800,320700,1170,131,5,50,7.5,10.0
2023-06,Marfino,SVAO,278600,310400,1161,164,40,106,7.5,10.0
2023-07,Marfino,SVAO,281100,311900,1171,183,40,90,13.0,15.5
2023-08,Marfino,SVAO,290900,322500,1212,37,8,51,13.0,15.5
2023-09,Marfino,SVAO,276300,299400,1151,174,41,48,13.0,15.5
2023-10,Marfino,SVAO,294900,321300,1229,33,50,106,13.0,15.5
2023-11,Marfino,SVAO,298300,321900,1243,71,35,75,13.0,15.5
2023-12,Marfino,SVAO,290800,314000,1212,126,78,92,13.0,15.5
2024-01,Marfino,SVAO,286000,305300,1192,33,10,71,16.0,18.5
2024-02,Marfino,SVAO,295700,335700,1232,120,64,108,16.0,18.5
2024-03,Marfino,SVAO,291000,303000,1212,31,49,40,16.0,18.5
2024-04,Marfino,SVAO,299600,335400,1248,129,55,114,16.0,18.5
2024-05,Marfino,SVAO,283800,305000,1182,140,46,70,16.0,18.5
2024-06,Marfino,SVAO,293100,323500,1221,55,78,21,16.0,18.5
2024-07,Marfino,SVAO,307900,355200,1283,177,77,76,16.0,18.5
2024-08,Marfino,SVAO,298800,336200,1245,197,17,44,16.0,18.5
2024-09,Marfino,SVAO,297800,332800,1241,123,10,92,16.0,18.5
2024-10,Marfino,SVAO,288800,318100,1203,41,29,69,21.0,23.5
2024-11,Marfino,SVAO,293800,316400,1224,128,70,71,21.0,23.5
2024-12,Marfino,SVAO,284100,317000,1184,104,45,62,21.0,23.5
2025-01,Marfino,SVAO,278700,299200,1161,85,15,16,21.0,23.5
2025-02,Marfino,SVAO,287800,323400,1199,123,74,66,21.0,23.5
2025-03,Marfino,SVAO,282500,298400,1177,47,79,68,21.0,23.5
2025-04,Marfino,SVAO,284300,316500,1184,29,72,118,21.0,23.5
2025-05,Marfino,SVAO,286600,326400,1194,149,18,14,21.0,23.5
2025-06,Marfino,SVAO,281500,306200,1173,28,41,34,21.0,23.5
2025-07,Marfino,SVAO,284600,309200,1186,39,18,101,17.0,19.5
2025-08,Marfino,SVAO,300500,321500,1252,146,54,97,17.0,19.5
2025-09,Marfino,SVAO,287400,311400,1198,91,40,68,17.0,19.5
2025-10,Marfino,SVAO,292500,324800,1219,166,58,39,17.0,19.5
2025-11,Marfino,SVAO,285300,298000,1189,93,26,71,17.0,19.5
2025-12,Marfino,SVAO,288900,315000,1204,155,50,108,17.0,19.5
2026-01,Marfino,SVAO,310700,345000,1295,110,12,70,17.0,19.5
2026-02,Marfino,SVAO,288500,294800,1202,155,5,11,17.0,19.5
2026-03,Marfino,SVAO,288200,319900,1201,158,75,69,17.0,19.5
2026-04,Marfino,SVAO,307600,327500,1282,54,45,12,17.0,19.5
2020-01,Maryina Roshcha,SVAO,224300,242400,935,114,56,21,6.0,8.5
2020-02,Maryina Roshcha,SVAO,236200,260300,984,21,22,43,6.0,8.5
2020-03,Maryina Roshcha,SVAO,242800,265600,1012,70,76,117,6.0,8.5
2020-04,Maryina Roshcha,SVAO,237900,270100,991,176,77,52,4.25,6.75
2020-05,Maryina Roshcha,SVAO,240900,260800,1004,86,79,48,4.25,6.75
2020-06,Maryina Roshcha,SVAO,242200,271500,1009,21,39,40,4.25,6.75
2020-07,Maryina Roshcha,SVAO,238600,263100,994,52,11,75,4.25,6.75
2020-08,Maryina Roshcha,SVAO,242000,269000,1008,23,73,59,4.25,6.75
2020-09,Maryina Roshcha,SVAO,241500,269700,1006,195,44,52,4.25,6.75
2020-10,Maryina Roshcha,SVAO,254400,274400,1060,186,39,55,4.25,6.75
2020-11,Maryina Roshcha,SVAO,258600,277900,1078,140,73,10,4.25,6.75
2020-12,Maryina Roshcha,SVAO,268400,297800,1118,109,45,52,4.25,6.75
2021-01,Maryina Roshcha,SVAO,264500,295100,1102,41,62,54,4.25,6.75
2021-02,Maryina Roshcha,SVAO,264200,289300,1101,61,67,50,4.25,6.75
2021-03,Maryina Roshcha,SVAO,275800,305700,1149,177,77,81,4.25,6.75
2021-04,Maryina Roshcha,SVAO,279600,305000,1165,143,19,40,8.5,11.0
2021-05,Maryina Roshcha,SVAO,284700,316700,1186,174,29,96,8.5,11.0
2021-06,Maryina Roshcha,SVAO,299900,333800,1250,177,39,90,8.5,11.0
2021-07,Maryina Roshcha,SVAO,305400,332200,1273,169,41,72,8.5,11.0
2021-08,Maryina Roshcha,SVAO,280300,318200,1168,179,29,56,8.5,11.0
2021-09,Maryina Roshcha,SVAO,280700,295400,1170,163,15,71,8.5,11.0
2021-10,Maryina Roshcha,SVAO,299600,317000,1248,117,67,19,8.5,11.0
2021-11,Maryina Roshcha,SVAO,305100,336700,1271,174,45,51,8.5,11.0
2021-12,Maryina Roshcha,SVAO,308400,335300,1285,72,27,16,8.5,11.0
2022-01,Maryina Roshcha,SVAO,313200,339400,1305,45,68,23,20.0,22.5
2022-02,Maryina Roshcha,SVAO,315500,348500,1315,24,68,109,20.0,22.5
2022-03,Maryina Roshcha,SVAO,303300,320400,1264,90,36,65,20.0,22.5
2022-04,Maryina Roshcha,SVAO,297800,322200,1241,156,70,49,9.5,12.0
2022-05,Maryina Roshcha,SVAO,308100,345900,1284,177,40,85,9.5,12.0
2022-06,Maryina Roshcha,SVAO,290600,319200,1211,170,16,117,9.5,12.0
2022-07,Maryina Roshcha,SVAO,295500,310500,1231,161,60,88,9.5,12.0
2022-08,Maryina Roshcha,SVAO,312600,346800,1302,56,16,57,9.5,12.0
2022-09,Maryina Roshcha,SVAO,321200,347200,1338,22,47,70,9.5,12.0
2022-10,Maryina Roshcha,SVAO,315300,349900,1314,79,42,83,7.5,10.0
2022-11,Maryina Roshcha,SVAO,319300,353200,1330,89,78,80,7.5,10.0
2022-12,Maryina Roshcha,SVAO,304200,329100,1267,38,61,24,7.5,10.0
2023-01,Maryina Roshcha,SVAO,327500,365100,1365,175,10,72,7.5,10.0
2023-02,Maryina Roshcha,SVAO,332700,369300,1386,104,66,12,7.5,10.0
2023-03,Maryina Roshcha,SVAO,335700,368400,1399,96,20,50,7.5,10.0
2023-04,Maryina Roshcha,SVAO,324600,357900,1352,50,58,41,7.5,10.0
2023-05,Maryina Roshcha,SVAO,332800,367400,1386,83,55,90,7.5,10.0
2023-06,Maryina Roshcha,SVAO,323200,353200,1347,20,32,95,7.5,10.0
2023-07,Maryina Roshcha,SVAO,346800,390500,1445,139,55,79,13.0,15.5
2023-08,Maryina Roshcha,SVAO,338500,362600,1411,44,69,67,13.0,15.5
2023-09,Maryina Roshcha,SVAO,337600,358100,1407,100,26,74,13.0,15.5
2023-10,Maryina Roshcha,SVAO,317200,358100,1322,119,28,11,13.0,15.5
2023-11,Maryina Roshcha,SVAO,347900,384500,1450,94,49,105,13.0,15.5
2023-12,Maryina Roshcha,SVAO,352000,407900,1467,86,62,10,13.0,15.5
2024-01,Maryina Roshcha,SVAO,346000,372100,1441,124,5,19,16.0,18.5
2024-02,Maryina Roshcha,SVAO,334100,366200,1392,181,51,60,16.0,18.5
2024-03,Maryina Roshcha,SVAO,364900,396900,1520,106,61,79,16.0,18.5
2024-04,Maryina Roshcha,SVAO,363300,396000,1514,79,31,52,16.0,18.5
2024-05,Maryina Roshcha,SVAO,362400,398400,1510,48,46,37,16.0,18.5
2024-06,Maryina Roshcha,SVAO,355200,394400,1480,172,50,30,16.0,18.5
2024-07,Maryina Roshcha,SVAO,351000,398400,1462,156,35,62,16.0,18.5
2024-08,Maryina Roshcha,SVAO,357800,378900,1491,56,30,14,16.0,18.5
2024-09,Maryina Roshcha,SVAO,343400,348900,1431,63,5,88,16.0,18.5
2024-10,Maryina Roshcha,SVAO,347600,388800,1448,145,54,60,21.0,23.5
2024-11,Maryina Roshcha,SVAO,347000,388200,1446,45,35,108,21.0,23.5
2024-12,Maryina Roshcha,SVAO,345600,390100,1440,39,46,80,21.0,23.5
2025-01,Maryina Roshcha,SVAO,344000,375800,1433,126,20,103,21.0,23.5
2025-02,Maryina Roshcha,SVAO,324800,361900,1353,145,21,40,21.0,23.5
2025-03,Maryina Roshcha,SVAO,347600,387500,1449,61,77,111,21.0,23.5
2025-04,Maryina Roshcha,SVAO,352800,380300,1470,89,39,14,21.0,23.5
2025-05,Maryina Roshcha,SVAO,351600,381200,1465,28,68,91,21.0,23.5
2025-06,Maryina Roshcha,SVAO,330600,356400,1378,65,15,55,21.0,23.5
2025-07,Maryina Roshcha,SVAO,351300,396000,1464,89,48,64,17.0,19.5
2025-08,Maryina Roshcha,SVAO,350000,392900,1458,88,13,100,17.0,19.5
2025-09,Maryina Roshcha,SVAO,340900,389700,1421,77,33,14,17.0,19.5
2025-10,Maryina Roshcha,SVAO,346300,370500,1443,158,32,29,17.0,19.5
2025-11,Maryina Roshcha,SVAO,335700,365000,1399,29,26,39,17.0,19.5
2025-12,Maryina Roshcha,SVAO,359200,381500,1497,35,78,114,17.0,19.5
2026-01,Maryina Roshcha,SVAO,353300,388100,1472,54,45,73,17.0,19.5
2026-02,Maryina Roshcha,SVAO,340300,383300,1418,51,36,21,17.0,19.5
2026-03,Maryina Roshcha,SVAO,328100,351300,1367,81,37,53,17.0,19.5
2026-04,Maryina Roshcha,SVAO,347600,395500,1448,100,61,99,17.0,19.5
2020-01,Ostankinsky,SVAO,226400,246900,943,181,11,62,6.0,8.5
2020-02,Ostankinsky,SVAO,235400,258200,981,149,61,76,6.0,8.5
2020-03,Ostankinsky,SVAO,237200,256800,988,28,67,29,6.0,8.5
2020-04,Ostankinsky,SVAO,229400,246800,956,55,44,37,4.25,6.75
2020-05,Ostankinsky,SVAO,237300,256900,989,185,38,10,4.25,6.75
2020-06,Ostankinsky,SVAO,250800,264700,1045,168,34,33,4.25,6.75
2020-07,Ostankinsky,SVAO,242100,262800,1009,103,5,61,4.25,6.75
2020-08,Ostankinsky,SVAO,256400,274200,1069,139,71,26,4.25,6.75
2020-09,Ostankinsky,SVAO,261800,297700,1091,46,12,41,4.25,6.75
2020-10,Ostankinsky,SVAO,259700,284600,1082,131,50,105,4.25,6.75
2020-11,Ostankinsky,SVAO,262100,288100,1092,67,21,82,4.25,6.75
2020-12,Ostankinsky,SVAO,270600,290700,1127,36,32,22,4.25,6.75
2021-01,Ostankinsky,SVAO,269700,303200,1124,150,35,83,4.25,6.75
2021-02,Ostankinsky,SVAO,281400,307600,1173,21,8,97,4.25,6.75
2021-03,Ostankinsky,SVAO,273400,300200,1139,69,17,53,4.25,6.75
2021-04,Ostankinsky,SVAO,279600,301700,1165,135,9,78,8.5,11.0
2021-05,Ostankinsky,SVAO,296400,324600,1235,25,60,17,8.5,11.0
2021-06,Ostankinsky,SVAO,292800,325800,1220,102,67,56,8.5,11.0
2021-07,Ostankinsky,SVAO,294100,332100,1225,70,72,48,8.5,11.0
2021-08,Ostankinsky,SVAO,291500,323500,1215,63,34,67,8.5,11.0
2021-09,Ostankinsky,SVAO,308100,322800,1284,193,34,119,8.5,11.0
2021-10,Ostankinsky,SVAO,314600,346800,1311,81,59,38,8.5,11.0
2021-11,Ostankinsky,SVAO,308900,332800,1287,106,9,118,8.5,11.0
2021-12,Ostankinsky,SVAO,307100,329100,1279,165,72,109,8.5,11.0
2022-01,Ostankinsky,SVAO,311200,329600,1297,192,68,103,20.0,22.5
2022-02,Ostankinsky,SVAO,300700,316000,1253,51,48,89,20.0,22.5
2022-03,Ostankinsky,SVAO,312500,331100,1302,66,71,76,20.0,22.5
2022-04,Ostankinsky,SVAO,300100,344700,1251,24,70,85,9.5,12.0
2022-05,Ostankinsky,SVAO,300000,341200,1250,165,74,47,9.5,12.0
2022-06,Ostankinsky,SVAO,294100,318700,1226,165,66,16,9.5,12.0
2022-07,Ostankinsky,SVAO,309200,356100,1288,155,5,39,9.5,12.0
2022-08,Ostankinsky,SVAO,321400,352000,1339,160,55,98,9.5,12.0
2022-09,Ostankinsky,SVAO,314700,351500,1311,65,11,77,9.5,12.0
2022-10,Ostankinsky,SVAO,310900,346600,1295,167,64,49,7.5,10.0
2022-11,Ostankinsky,SVAO,308300,328300,1284,43,47,66,7.5,10.0
2022-12,Ostankinsky,SVAO,317700,333300,1324,63,30,27,7.5,10.0
2023-01,Ostankinsky,SVAO,307100,342400,1280,171,26,116,7.5,10.0
2023-02,Ostankinsky,SVAO,339500,367200,1414,192,36,116,7.5,10.0
2023-03,Ostankinsky,SVAO,329000,357700,1371,165,10,15,7.5,10.0
2023-04,Ostankinsky,SVAO,337300,378400,1406,30,27,32,7.5,10.0
2023-05,Ostankinsky,SVAO,340000,360000,1417,168,56,77,7.5,10.0
2023-06,Ostankinsky,SVAO,345600,378900,1440,154,36,40,7.5,10.0
2023-07,Ostankinsky,SVAO,333100,360100,1388,92,22,79,13.0,15.5
2023-08,Ostankinsky,SVAO,346300,380600,1443,95,63,21,13.0,15.5
2023-09,Ostankinsky,SVAO,326100,359500,1359,176,62,88,13.0,15.5
2023-10,Ostankinsky,SVAO,337200,388900,1405,184,41,43,13.0,15.5
2023-11,Ostankinsky,SVAO,345400,367100,1439,88,10,35,13.0,15.5
2023-12,Ostankinsky,SVAO,343100,367100,1430,76,43,14,13.0,15.5
2024-01,Ostankinsky,SVAO,327600,358000,1365,134,76,49,16.0,18.5
2024-02,Ostankinsky,SVAO,359400,394800,1498,23,49,110,16.0,18.5
2024-03,Ostankinsky,SVAO,339300,372600,1414,116,60,93,16.0,18.5
2024-04,Ostankinsky,SVAO,353100,385100,1471,137,57,39,16.0,18.5
2024-05,Ostankinsky,SVAO,346400,376900,1443,167,51,101,16.0,18.5
2024-06,Ostankinsky,SVAO,350900,369600,1462,125,37,97,16.0,18.5
2024-07,Ostankinsky,SVAO,359500,410400,1498,125,59,113,16.0,18.5
2024-08,Ostankinsky,SVAO,355000,391400,1479,191,32,24,16.0,18.5
2024-09,Ostankinsky,SVAO,358400,376100,1493,141,56,30,16.0,18.5
2024-10,Ostankinsky,SVAO,345200,369100,1438,33,28,107,21.0,23.5
2024-11,Ostankinsky,SVAO,350700,382700,1461,55,79,53,21.0,23.5
2024-12,Ostankinsky,SVAO,335000,372000,1396,181,13,82,21.0,23.5
2025-01,Ostankinsky,SVAO,349900,382700,1458,50,63,16,21.0,23.5
2025-02,Ostankinsky,SVAO,347400,397700,1448,49,73,27,21.0,23.5
2025-03,Ostankinsky,SVAO,343900,377400,1433,159,33,23,21.0,23.5
2025-04,Ostankinsky,SVAO,346600,381100,1444,50,24,36,21.0,23.5
2025-05,Ostankinsky,SVAO,354300,389100,1476,175,25,49,21.0,23.5
2025-06,Ostankinsky,SVAO,337300,387600,1405,45,74,39,21.0,23.5
2025-07,Ostankinsky,SVAO,343900,381600,1433,22,61,19,17.0,19.5
2025-08,Ostankinsky,SVAO,348400,379300,1452,47,11,106,17.0,19.5
2025-09,Ostankinsky,SVAO,340300,391900,1418,172,12,19,17.0,19.5
2025-10,Ostankinsky,SVAO,343500,366300,1431,151,58,26,17.0,19.5
2025-11,Ostankinsky,SVAO,335000,378500,1396,147,23,80,17.0,19.5
2025-12,Ostankinsky,SVAO,340800,376200,1420,97,60,25,17.0,19.5
2026-01,Ostankinsky,SVAO,348400,373000,1452,167,71,96,17.0,19.5
2026-02,Ostankinsky,SVAO,336900,382000,1404,44,30,70,17.0,19.5
2026-03,Ostankinsky,SVAO,352000,389900,1467,65,40,103,17.0,19.5
2026-04,Ostankinsky,SVAO,369000,395800,1537,31,15,76,17.0,19.5
2020-01,Otradnoye,SVAO,187300,207500,781,118,69,111,6.0,8.5
2020-02,Otradnoye,SVAO,196600,218300,819,89,66,77,6.0,8.5
2020-03,Otradnoye,SVAO,197300,211700,822,98,70,53,6.0,8.5
2020-04,Otradnoye,SVAO,201700,220100,840,116,64,63,4.25,6.75
2020-05,Otradnoye,SVAO,201800,223500,841,25,44,106,4.25,6.75
2020-06,Otradnoye,SVAO,222500,239900,927,84,47,117,4.25,6.75
2020-07,Otradnoye,SVAO,201800,218100,841,159,50,37,4.25,6.75
2020-08,Otradnoye,SVAO,213300,225900,889,25,37,88,4.25,6.75
2020-09,Otradnoye,SVAO,215800,237200,899,187,63,39,4.25,6.75
2020-10,Otradnoye,SVAO,206000,219700,858,197,35,98,4.25,6.75
2020-11,Otradnoye,SVAO,213900,238500,891,147,31,79,4.25,6.75
2020-12,Otradnoye,SVAO,222100,249200,926,179,70,48,4.25,6.75
2021-01,Otradnoye,SVAO,217600,235600,907,120,46,29,4.25,6.75
2021-02,Otradnoye,SVAO,234100,264200,976,174,67,22,4.25,6.75
2021-03,Otradnoye,SVAO,234200,273300,976,82,20,87,4.25,6.75
2021-04,Otradnoye,SVAO,236200,259000,984,54,54,33,8.5,11.0
2021-05,Otradnoye,SVAO,241200,263200,1005,58,31,20,8.5,11.0
2021-06,Otradnoye,SVAO,241100,270600,1004,66,27,51,8.5,11.0
2021-07,Otradnoye,SVAO,244700,289300,1020,20,30,49,8.5,11.0
2021-08,Otradnoye,SVAO,261000,283900,1088,184,64,99,8.5,11.0
2021-09,Otradnoye,SVAO,251600,269600,1048,112,52,111,8.5,11.0
2021-10,Otradnoye,SVAO,261100,294100,1088,153,47,58,8.5,11.0
2021-11,Otradnoye,SVAO,258800,276400,1078,162,70,12,8.5,11.0
2021-12,Otradnoye,SVAO,261700,298300,1091,79,25,56,8.5,11.0
2022-01,Otradnoye,SVAO,248600,275600,1036,26,55,119,20.0,22.5
2022-02,Otradnoye,SVAO,251500,282800,1048,75,54,117,20.0,22.5
2022-03,Otradnoye,SVAO,249900,280000,1041,140,75,60,20.0,22.5
2022-04,Otradnoye,SVAO,250900,279700,1046,78,66,46,9.5,12.0
2022-05,Otradnoye,SVAO,244100,268400,1017,177,50,85,9.5,12.0
2022-06,Otradnoye,SVAO,261700,286300,1090,25,61,27,9.5,12.0
2022-07,Otradnoye,SVAO,265200,284800,1105,159,59,105,9.5,12.0
2022-08,Otradnoye,SVAO,259100,289900,1079,83,79,32,9.5,12.0
2022-09,Otradnoye,SVAO,274100,303000,1142,116,26,36,9.5,12.0
2022-10,Otradnoye,SVAO,261800,295700,1091,44,36,92,7.5,10.0
2022-11,Otradnoye,SVAO,281000,316600,1171,138,50,97,7.5,10.0
2022-12,Otradnoye,SVAO,267400,289100,1114,71,63,109,7.5,10.0
2023-01,Otradnoye,SVAO,267700,292900,1115,54,47,101,7.5,10.0
2023-02,Otradnoye,SVAO,270000,296400,1125,47,48,118,7.5,10.0
2023-03,Otradnoye,SVAO,260100,289600,1084,70,60,58,7.5,10.0
2023-04,Otradnoye,SVAO,279900,297800,1166,94,41,83,7.5,10.0
2023-05,Otradnoye,SVAO,300000,332800,1250,104,75,111,7.5,10.0
2023-06,Otradnoye,SVAO,280900,306400,1171,104,9,99,7.5,10.0
2023-07,Otradnoye,SVAO,272700,289700,1136,149,70,45,13.0,15.5
2023-08,Otradnoye,SVAO,290500,321000,1211,61,18,42,13.0,15.5
2023-09,Otradnoye,SVAO,283800,318500,1182,175,5,96,13.0,15.5
2023-10,Otradnoye,SVAO,296300,318300,1235,155,79,88,13.0,15.5
2023-11,Otradnoye,SVAO,291100,309900,1213,125,18,90,13.0,15.5
2023-12,Otradnoye,SVAO,291900,327000,1216,106,20,72,13.0,15.5
2024-01,Otradnoye,SVAO,296200,314400,1234,116,59,34,16.0,18.5
2024-02,Otradnoye,SVAO,289100,331000,1205,185,76,110,16.0,18.5
2024-03,Otradnoye,SVAO,299000,316900,1246,63,18,68,16.0,18.5
2024-04,Otradnoye,SVAO,291200,338400,1213,89,23,58,16.0,18.5
2024-05,Otradnoye,SVAO,292600,319700,1219,119,68,44,16.0,18.5
2024-06,Otradnoye,SVAO,297400,318500,1239,153,73,106,16.0,18.5
2024-07,Otradnoye,SVAO,312300,338300,1301,141,17,39,16.0,18.5
2024-08,Otradnoye,SVAO,293600,319100,1223,167,53,103,16.0,18.5
2024-09,Otradnoye,SVAO,312600,339700,1302,92,23,84,16.0,18.5
2024-10,Otradnoye,SVAO,296300,331400,1235,135,11,73,21.0,23.5
2024-11,Otradnoye,SVAO,289900,308800,1208,108,17,42,21.0,23.5
2024-12,Otradnoye,SVAO,295300,335300,1231,106,58,74,21.0,23.5
2025-01,Otradnoye,SVAO,289500,328700,1206,20,19,79,21.0,23.5
2025-02,Otradnoye,SVAO,298600,330500,1244,39,46,113,21.0,23.5
2025-03,Otradnoye,SVAO,286900,310500,1196,112,9,71,21.0,23.5
2025-04,Otradnoye,SVAO,296900,324000,1237,89,45,69,21.0,23.5
2025-05,Otradnoye,SVAO,296300,310600,1235,104,34,30,21.0,23.5
2025-06,Otradnoye,SVAO,289400,321600,1206,62,25,62,21.0,23.5
2025-07,Otradnoye,SVAO,285500,312800,1190,74,26,69,17.0,19.5
2025-08,Otradnoye,SVAO,298800,335100,1245,36,69,17,17.0,19.5
2025-09,Otradnoye,SVAO,289400,319800,1206,52,79,30,17.0,19.5
2025-10,Otradnoye,SVAO,289600,321200,1206,143,39,86,17.0,19.5
2025-11,Otradnoye,SVAO,288200,316800,1201,132,62,17,17.0,19.5
2025-12,Otradnoye,SVAO,293700,328300,1224,50,13,58,17.0,19.5
2026-01,Otradnoye,SVAO,299200,332400,1247,23,49,89,17.0,19.5
2026-02,Otradnoye,SVAO,297100,320600,1238,165,67,86,17.0,19.5
2026-03,Otradnoye,SVAO,303700,330700,1265,170,16,34,17.0,19.5
2026-04,Otradnoye,SVAO,295000,325300,1229,167,39,82,17.0,19.5
2020-01,Rostokino,SVAO,189300,204500,789,168,60,81,6.0,8.5
2020-02,Rostokino,SVAO,185700,193900,774,129,46,87,6.0,8.5
2020-03,Rostokino,SVAO,193200,209500,805,150,18,59,6.0,8.5
2020-04,Rostokino,SVAO,199100,226600,830,128,73,99,4.25,6.75
2020-05,Rostokino,SVAO,199800,230600,832,59,28,87,4.25,6.75
2020-06,Rostokino,SVAO,206200,223800,859,22,57,82,4.25,6.75
2020-07,Rostokino,SVAO,193800,209200,807,68,50,75,4.25,6.75
2020-08,Rostokino,SVAO,216400,235900,902,77,20,43,4.25,6.75
2020-09,Rostokino,SVAO,213800,235500,891,126,39,113,4.25,6.75
2020-10,Rostokino,SVAO,211200,243600,880,151,79,78,4.25,6.75
2020-11,Rostokino,SVAO,225600,248200,940,35,79,48,4.25,6.75
2020-12,Rostokino,SVAO,227200,250400,947,22,22,47,4.25,6.75
2021-01,Rostokino,SVAO,215300,232800,897,167,73,60,4.25,6.75
2021-02,Rostokino,SVAO,225300,251800,939,22,13,79,4.25,6.75
2021-03,Rostokino,SVAO,226700,242500,945,100,78,103,4.25,6.75
2021-04,Rostokino,SVAO,243300,276300,1014,166,45,56,8.5,11.0
2021-05,Rostokino,SVAO,243400,272200,1014,193,66,74,8.5,11.0
2021-06,Rostokino,SVAO,235900,260700,983,20,50,13,8.5,11.0
2021-07,Rostokino,SVAO,242700,266500,1011,136,22,14,8.5,11.0
2021-08,Rostokino,SVAO,248800,269200,1037,39,35,31,8.5,11.0
2021-09,Rostokino,SVAO,256100,289500,1067,28,8,75,8.5,11.0
2021-10,Rostokino,SVAO,246100,287600,1026,148,67,51,8.5,11.0
2021-11,Rostokino,SVAO,246800,278900,1028,59,18,61,8.5,11.0
2021-12,Rostokino,SVAO,266100,295500,1109,162,7,47,8.5,11.0
2022-01,Rostokino,SVAO,263700,293600,1099,72,24,12,20.0,22.5
2022-02,Rostokino,SVAO,242400,280000,1010,58,59,111,20.0,22.5
2022-03,Rostokino,SVAO,246400,278700,1027,60,19,41,20.0,22.5
2022-04,Rostokino,SVAO,245300,270900,1022,71,22,107,9.5,12.0
2022-05,Rostokino,SVAO,266300,303100,1110,92,77,21,9.5,12.0
2022-06,Rostokino,SVAO,256400,267800,1068,170,56,91,9.5,12.0
2022-07,Rostokino,SVAO,259000,285700,1079,176,38,80,9.5,12.0
2022-08,Rostokino,SVAO,266700,296000,1111,111,34,97,9.5,12.0
2022-09,Rostokino,SVAO,263800,298500,1099,83,39,27,9.5,12.0
2022-10,Rostokino,SVAO,265000,292000,1104,127,37,73,7.5,10.0
2022-11,Rostokino,SVAO,274300,303200,1143,85,65,106,7.5,10.0
2022-12,Rostokino,SVAO,261500,287100,1090,183,31,80,7.5,10.0
2023-01,Rostokino,SVAO,281000,309600,1171,183,30,41,7.5,10.0
2023-02,Rostokino,SVAO,274900,311600,1145,83,69,115,7.5,10.0
2023-03,Rostokino,SVAO,270900,285300,1129,138,52,117,7.5,10.0
2023-04,Rostokino,SVAO,272200,300500,1134,55,46,61,7.5,10.0
2023-05,Rostokino,SVAO,279100,309100,1163,73,51,83,7.5,10.0
2023-06,Rostokino,SVAO,292200,327800,1218,123,46,74,7.5,10.0
2023-07,Rostokino,SVAO,290900,319900,1212,120,38,50,13.0,15.5
2023-08,Rostokino,SVAO,287300,317700,1197,158,58,56,13.0,15.5
2023-09,Rostokino,SVAO,288700,317700,1203,158,11,103,13.0,15.5
2023-10,Rostokino,SVAO,281900,313200,1175,137,28,50,13.0,15.5
2023-11,Rostokino,SVAO,296900,338000,1237,152,53,14,13.0,15.5
2023-12,Rostokino,SVAO,294800,318200,1228,90,43,81,13.0,15.5
2024-01,Rostokino,SVAO,299800,318500,1249,191,41,114,16.0,18.5
2024-02,Rostokino,SVAO,304100,338200,1267,34,56,86,16.0,18.5
2024-03,Rostokino,SVAO,300100,327100,1250,172,40,84,16.0,18.5
2024-04,Rostokino,SVAO,304100,336700,1267,95,73,91,16.0,18.5
2024-05,Rostokino,SVAO,287900,308000,1200,98,24,72,16.0,18.5
2024-06,Rostokino,SVAO,304800,332700,1270,92,70,112,16.0,18.5
2024-07,Rostokino,SVAO,281700,313600,1174,161,35,24,16.0,18.5
2024-08,Rostokino,SVAO,296200,315000,1234,199,14,62,16.0,18.5
2024-09,Rostokino,SVAO,290600,313400,1211,122,28,111,16.0,18.5
2024-10,Rostokino,SVAO,286000,317500,1192,49,33,88,21.0,23.5
2024-11,Rostokino,SVAO,280400,314200,1168,185,41,115,21.0,23.5
2024-12,Rostokino,SVAO,288500,328200,1202,169,31,91,21.0,23.5
2025-01,Rostokino,SVAO,281700,307000,1174,47,51,40,21.0,23.5
2025-02,Rostokino,SVAO,286800,317800,1195,51,62,34,21.0,23.5
2025-03,Rostokino,SVAO,292300,321600,1218,25,64,63,21.0,23.5
2025-04,Rostokino,SVAO,302300,331700,1259,32,27,57,21.0,23.5
2025-05,Rostokino,SVAO,277200,313200,1155,145,48,80,21.0,23.5
2025-06,Rostokino,SVAO,289600,308100,1207,191,34,48,21.0,23.5
2025-07,Rostokino,SVAO,284900,305800,1187,90,22,118,17.0,19.5
2025-08,Rostokino,SVAO,296800,321700,1237,197,12,77,17.0,19.5
2025-09,Rostokino,SVAO,293600,333000,1223,83,78,25,17.0,19.5
2025-10,Rostokino,SVAO,285300,309600,1189,193,15,87,17.0,19.5
2025-11,Rostokino,SVAO,289700,325700,1207,177,50,11,17.0,19.5
2025-12,Rostokino,SVAO,287400,325100,1198,82,48,34,17.0,19.5
2026-01,Rostokino,SVAO,286100,306800,1192,174,21,116,17.0,19.5
2026-02,Rostokino,SVAO,284500,317600,1185,55,79,90,17.0,19.5
2026-03,Rostokino,SVAO,291800,319200,1216,77,37,10,17.0,19.5
2026-04,Rostokino,SVAO,291100,323100,1213,87,10,40,17.0,19.5
2020-01,Sviblovo,SVAO,187800,204300,783,126,76,98,6.0,8.5
2020-02,Sviblovo,SVAO,187200,200800,780,38,57,107,6.0,8.5
2020-03,Sviblovo,SVAO,190900,203900,795,137,5,113,6.0,8.5
2020-04,Sviblovo,SVAO,198300,218800,826,140,44,10,4.25,6.75
2020-05,Sviblovo,SVAO,194800,211400,812,195,60,105,4.25,6.75
2020-06,Sviblovo,SVAO,203700,221000,849,132,8,92,4.25,6.75
2020-07,Sviblovo,SVAO,196200,216800,817,75,55,75,4.25,6.75
2020-08,Sviblovo,SVAO,209000,222600,871,115,47,74,4.25,6.75
2020-09,Sviblovo,SVAO,209900,226800,875,89,59,57,4.25,6.75
2020-10,Sviblovo,SVAO,211900,234900,883,197,67,103,4.25,6.75
2020-11,Sviblovo,SVAO,213100,248500,888,141,15,110,4.25,6.75
2020-12,Sviblovo,SVAO,222900,252000,929,158,27,104,4.25,6.75
2021-01,Sviblovo,SVAO,222800,237700,928,116,71,82,4.25,6.75
2021-02,Sviblovo,SVAO,213400,238500,889,99,79,107,4.25,6.75
2021-03,Sviblovo,SVAO,224000,263100,933,56,36,87,4.25,6.75
2021-04,Sviblovo,SVAO,239100,269400,996,126,34,83,8.5,11.0
2021-05,Sviblovo,SVAO,234500,260600,977,69,59,79,8.5,11.0
2021-06,Sviblovo,SVAO,247900,264100,1033,162,70,23,8.5,11.0
2021-07,Sviblovo,SVAO,239300,271400,997,197,5,19,8.5,11.0
2021-08,Sviblovo,SVAO,238300,264600,993,24,71,18,8.5,11.0
2021-09,Sviblovo,SVAO,252500,282000,1052,190,55,115,8.5,11.0
2021-10,Sviblovo,SVAO,232900,257500,971,129,34,21,8.5,11.0
2021-11,Sviblovo,SVAO,251800,275100,1049,127,12,88,8.5,11.0
2021-12,Sviblovo,SVAO,256200,282100,1067,169,47,36,8.5,11.0
2022-01,Sviblovo,SVAO,254300,281900,1060,164,7,43,20.0,22.5
2022-02,Sviblovo,SVAO,263900,284900,1100,152,18,85,20.0,22.5
2022-03,Sviblovo,SVAO,242100,255000,1009,192,21,39,20.0,22.5
2022-04,Sviblovo,SVAO,245800,276900,1024,75,18,65,9.5,12.0
2022-05,Sviblovo,SVAO,246400,270200,1027,179,53,98,9.5,12.0
2022-06,Sviblovo,SVAO,249500,281600,1040,56,64,71,9.5,12.0
2022-07,Sviblovo,SVAO,253300,284700,1056,65,23,97,9.5,12.0
2022-08,Sviblovo,SVAO,254800,282100,1062,70,31,118,9.5,12.0
2022-09,Sviblovo,SVAO,256200,283900,1068,173,69,50,9.5,12.0
2022-10,Sviblovo,SVAO,252900,281600,1054,186,14,16,7.5,10.0
2022-11,Sviblovo,SVAO,248900,280200,1037,63,29,79,7.5,10.0
2022-12,Sviblovo,SVAO,255000,274700,1062,190,73,45,7.5,10.0
2023-01,Sviblovo,SVAO,255500,284100,1064,56,72,25,7.5,10.0
2023-02,Sviblovo,SVAO,261200,286200,1088,67,78,77,7.5,10.0
2023-03,Sviblovo,SVAO,266500,297800,1110,165,15,35,7.5,10.0
2023-04,Sviblovo,SVAO,278800,293100,1161,57,65,101,7.5,10.0
2023-05,Sviblovo,SVAO,278400,302200,1160,187,50,99,7.5,10.0
2023-06,Sviblovo,SVAO,281500,299300,1173,100,17,88,7.5,10.0
2023-07,Sviblovo,SVAO,290100,321400,1209,26,71,63,13.0,15.5
2023-08,Sviblovo,SVAO,261600,289500,1090,68,31,53,13.0,15.5
2023-09,Sviblovo,SVAO,265900,291800,1108,98,63,43,13.0,15.5
2023-10,Sviblovo,SVAO,282200,311800,1176,32,11,60,13.0,15.5
2023-11,Sviblovo,SVAO,281900,298100,1174,176,59,15,13.0,15.5
2023-12,Sviblovo,SVAO,276000,304800,1150,83,77,71,13.0,15.5
2024-01,Sviblovo,SVAO,297200,331600,1238,114,45,116,16.0,18.5
2024-02,Sviblovo,SVAO,277500,311800,1156,98,7,26,16.0,18.5
2024-03,Sviblovo,SVAO,294200,312500,1226,113,40,116,16.0,18.5
2024-04,Sviblovo,SVAO,276500,296400,1152,190,72,35,16.0,18.5
2024-05,Sviblovo,SVAO,287400,316200,1197,88,19,94,16.0,18.5
2024-06,Sviblovo,SVAO,295200,324900,1230,122,19,99,16.0,18.5
2024-07,Sviblovo,SVAO,287500,313000,1198,140,69,15,16.0,18.5
2024-08,Sviblovo,SVAO,300200,331100,1251,133,70,82,16.0,18.5
2024-09,Sviblovo,SVAO,287700,310900,1199,53,22,67,16.0,18.5
2024-10,Sviblovo,SVAO,304300,326600,1268,30,27,28,21.0,23.5
2024-11,Sviblovo,SVAO,268100,290500,1117,21,60,36,21.0,23.5
2024-12,Sviblovo,SVAO,289200,313700,1205,45,16,16,21.0,23.5
2025-01,Sviblovo,SVAO,281200,319900,1172,153,78,67,21.0,23.5
2025-02,Sviblovo,SVAO,280600,313200,1169,125,78,77,21.0,23.5
2025-03,Sviblovo,SVAO,278400,301500,1160,36,12,107,21.0,23.5
2025-04,Sviblovo,SVAO,270900,290800,1129,41,8,98,21.0,23.5
2025-05,Sviblovo,SVAO,284800,300300,1186,142,30,21,21.0,23.5
2025-06,Sviblovo,SVAO,281600,317300,1173,194,71,16,21.0,23.5
2025-07,Sviblovo,SVAO,284000,321700,1183,42,11,113,17.0,19.5
2025-08,Sviblovo,SVAO,293300,301900,1222,117,59,15,17.0,19.5
2025-09,Sviblovo,SVAO,280000,315100,1167,174,48,15,17.0,19.5
2025-10,Sviblovo,SVAO,280800,312000,1170,164,61,18,17.0,19.5
2025-11,Sviblovo,SVAO,275000,299500,1146,114,8,66,17.0,19.5
2025-12,Sviblovo,SVAO,297000,322200,1237,47,26,117,17.0,19.5
2026-01,Sviblovo,SVAO,284300,297900,1185,89,72,63,17.0,19.5
2026-02,Sviblovo,SVAO,280700,317500,1169,78,8,71,17.0,19.5
2026-03,Sviblovo,SVAO,292300,325300,1218,40,44,44,17.0,19.5
2026-04,Sviblovo,SVAO,287500,324300,1198,91,36,66,17.0,19.5
2020-01,Severnoye Medvedkovo,SVAO,182200,202300,759,61,19,62,6.0,8.5
2020-02,Severnoye Medvedkovo,SVAO,187700,199500,782,37,77,92,6.0,8.5
2020-03,Severnoye Medvedkovo,SVAO,181200,202600,755,102,6,31,6.0,8.5
2020-04,Severnoye Medvedkovo,SVAO,189400,213000,789,190,70,110,4.25,6.75
2020-05,Severnoye Medvedkovo,SVAO,194000,211800,808,127,68,24,4.25,6.75
2020-06,Severnoye Medvedkovo,SVAO,188500,206300,786,185,33,15,4.25,6.75
2020-07,Severnoye Medvedkovo,SVAO,195400,207400,814,145,32,105,4.25,6.75
2020-08,Severnoye Medvedkovo,SVAO,203700,217600,849,156,29,99,4.25,6.75
2020-09,Severnoye Medvedkovo,SVAO,213700,234200,890,83,64,103,4.25,6.75
2020-10,Severnoye Medvedkovo,SVAO,206300,224300,859,139,39,66,4.25,6.75
2020-11,Severnoye Medvedkovo,SVAO,213800,244200,891,146,15,115,4.25,6.75
2020-12,Severnoye Medvedkovo,SVAO,215000,222200,896,38,78,65,4.25,6.75
2021-01,Severnoye Medvedkovo,SVAO,214200,234500,893,136,40,48,4.25,6.75
2021-02,Severnoye Medvedkovo,SVAO,219900,248200,916,38,52,113,4.25,6.75
2021-03,Severnoye Medvedkovo,SVAO,222900,236300,929,74,7,99,4.25,6.75
2021-04,Severnoye Medvedkovo,SVAO,228900,250000,954,184,78,103,8.5,11.0
2021-05,Severnoye Medvedkovo,SVAO,227400,249800,947,39,38,80,8.5,11.0
2021-06,Severnoye Medvedkovo,SVAO,238100,266900,992,113,61,82,8.5,11.0
2021-07,Severnoye Medvedkovo,SVAO,237100,275000,988,34,39,18,8.5,11.0
2021-08,Severnoye Medvedkovo,SVAO,241100,266500,1005,110,10,91,8.5,11.0
2021-09,Severnoye Medvedkovo,SVAO,256100,273100,1067,66,8,21,8.5,11.0
2021-10,Severnoye Medvedkovo,SVAO,246900,273200,1029,113,49,17,8.5,11.0
2021-11,Severnoye Medvedkovo,SVAO,253000,280800,1054,160,27,71,8.5,11.0
2021-12,Severnoye Medvedkovo,SVAO,258200,299900,1076,131,10,99,8.5,11.0
2022-01,Severnoye Medvedkovo,SVAO,256300,294600,1068,47,41,93,20.0,22.5
2022-02,Severnoye Medvedkovo,SVAO,250600,269400,1044,112,21,88,20.0,22.5
2022-03,Severnoye Medvedkovo,SVAO,253700,278200,1057,52,24,61,20.0,22.5
2022-04,Severnoye Medvedkovo,SVAO,243600,271700,1015,43,42,25,9.5,12.0
2022-05,Severnoye Medvedkovo,SVAO,246500,275800,1027,102,27,110,9.5,12.0
2022-06,Severnoye Medvedkovo,SVAO,239700,261600,999,144,58,34,9.5,12.0
2022-07,Severnoye Medvedkovo,SVAO,251600,276800,1048,54,31,119,9.5,12.0
2022-08,Severnoye Medvedkovo,SVAO,253900,277000,1058,58,14,55,9.5,12.0
2022-09,Severnoye Medvedkovo,SVAO,254300,279000,1060,184,33,44,9.5,12.0
2022-10,Severnoye Medvedkovo,SVAO,254000,273700,1058,140,39,18,7.5,10.0
2022-11,Severnoye Medvedkovo,SVAO,252300,272700,1051,103,34,46,7.5,10.0
2022-12,Severnoye Medvedkovo,SVAO,265600,293500,1107,191,63,14,7.5,10.0
2023-01,Severnoye Medvedkovo,SVAO,260000,285000,1083,164,60,52,7.5,10.0
2023-02,Severnoye Medvedkovo,SVAO,267100,291400,1113,34,19,26,7.5,10.0
2023-03,Severnoye Medvedkovo,SVAO,271900,322700,1133,94,64,23,7.5,10.0
2023-04,Severnoye Medvedkovo,SVAO,270100,298000,1125,69,39,13,7.5,10.0
2023-05,Severnoye Medvedkovo,SVAO,282200,313400,1176,97,34,66,7.5,10.0
2023-06,Severnoye Medvedkovo,SVAO,274300,299400,1143,156,53,15,7.5,10.0
2023-07,Severnoye Medvedkovo,SVAO,275100,315900,1146,196,77,65,13.0,15.5
2023-08,Severnoye Medvedkovo,SVAO,277500,294200,1156,129,43,106,13.0,15.5
2023-09,Severnoye Medvedkovo,SVAO,288500,332100,1202,94,44,53,13.0,15.5
2023-10,Severnoye Medvedkovo,SVAO,290700,322300,1211,189,58,75,13.0,15.5
2023-11,Severnoye Medvedkovo,SVAO,271400,296400,1131,133,73,11,13.0,15.5
2023-12,Severnoye Medvedkovo,SVAO,287600,302300,1198,100,32,91,13.0,15.5
2024-01,Severnoye Medvedkovo,SVAO,290500,319100,1210,71,25,93,16.0,18.5
2024-02,Severnoye Medvedkovo,SVAO,272800,305700,1137,22,17,72,16.0,18.5
2024-03,Severnoye Medvedkovo,SVAO,277800,304800,1157,163,34,30,16.0,18.5
2024-04,Severnoye Medvedkovo,SVAO,290900,325700,1212,109,28,70,16.0,18.5
2024-05,Severnoye Medvedkovo,SVAO,284300,294900,1185,70,44,118,16.0,18.5
2024-06,Severnoye Medvedkovo,SVAO,289400,318700,1206,73,47,107,16.0,18.5
2024-07,Severnoye Medvedkovo,SVAO,292000,319900,1217,94,23,99,16.0,18.5
2024-08,Severnoye Medvedkovo,SVAO,280300,313900,1168,34,59,23,16.0,18.5
2024-09,Severnoye Medvedkovo,SVAO,285600,315300,1190,28,73,25,16.0,18.5
2024-10,Severnoye Medvedkovo,SVAO,295700,311300,1232,66,78,67,21.0,23.5
2024-11,Severnoye Medvedkovo,SVAO,278000,313500,1158,93,62,75,21.0,23.5
2024-12,Severnoye Medvedkovo,SVAO,284400,305600,1185,59,18,66,21.0,23.5
2025-01,Severnoye Medvedkovo,SVAO,272800,296100,1137,138,10,26,21.0,23.5
2025-02,Severnoye Medvedkovo,SVAO,287900,311600,1200,120,32,36,21.0,23.5
2025-03,Severnoye Medvedkovo,SVAO,294300,323100,1226,88,35,95,21.0,23.5
2025-04,Severnoye Medvedkovo,SVAO,276600,307700,1152,60,55,18,21.0,23.5
2025-05,Severnoye Medvedkovo,SVAO,293800,331200,1224,184,61,23,21.0,23.5
2025-06,Severnoye Medvedkovo,SVAO,292500,314100,1219,150,41,30,21.0,23.5
2025-07,Severnoye Medvedkovo,SVAO,279500,307500,1165,52,63,72,17.0,19.5
2025-08,Severnoye Medvedkovo,SVAO,284100,318200,1184,144,28,94,17.0,19.5
2025-09,Severnoye Medvedkovo,SVAO,275700,292400,1149,106,54,49,17.0,19.5
2025-10,Severnoye Medvedkovo,SVAO,280800,303600,1170,90,13,92,17.0,19.5
2025-11,Severnoye Medvedkovo,SVAO,299200,326700,1247,77,41,23,17.0,19.5
2025-12,Severnoye Medvedkovo,SVAO,277100,307000,1155,96,61,107,17.0,19.5
2026-01,Severnoye Medvedkovo,SVAO,280500,304800,1169,38,55,75,17.0,19.5
2026-02,Severnoye Medvedkovo,SVAO,286700,311500,1195,128,62,12,17.0,19.5
2026-03,Severnoye Medvedkovo,SVAO,285100,316200,1188,168,21,30,17.0,19.5
2026-04,Severnoye Medvedkovo,SVAO,292000,320400,1216,120,75,79,17.0,19.5
2020-01,Severny,SVAO,163200,186300,680,147,34,99,6.0,8.5
2020-02,Severny,SVAO,164800,176700,687,134,19,14,6.0,8.5
2020-03,Severny,SVAO,171300,189600,714,122,8,42,6.0,8.5
2020-04,Severny,SVAO,160700,172200,669,183,66,26,4.25,6.75
2020-05,Severny,SVAO,173600,194200,723,43,29,25,4.25,6.75
2020-06,Severny,SVAO,167200,181000,697,152,18,60,4.25,6.75
2020-07,Severny,SVAO,180500,197600,752,164,63,64,4.25,6.75
2020-08,Severny,SVAO,172300,193800,718,179,34,111,4.25,6.75
2020-09,Severny,SVAO,173100,193300,721,157,20,15,4.25,6.75
2020-10,Severny,SVAO,177700,203600,741,147,32,61,4.25,6.75
2020-11,Severny,SVAO,182300,200300,760,33,48,13,4.25,6.75
2020-12,Severny,SVAO,189300,212200,789,41,40,81,4.25,6.75
2021-01,Severny,SVAO,187100,214900,780,63,50,31,4.25,6.75
2021-02,Severny,SVAO,191500,216000,798,96,53,65,4.25,6.75
2021-03,Severny,SVAO,189000,206200,787,84,76,117,4.25,6.75
2021-04,Severny,SVAO,204700,234700,853,53,21,75,8.5,11.0
2021-05,Severny,SVAO,195800,203700,816,123,74,38,8.5,11.0
2021-06,Severny,SVAO,207600,219500,865,195,18,19,8.5,11.0
2021-07,Severny,SVAO,201500,230700,839,59,8,42,8.5,11.0
2021-08,Severny,SVAO,208600,231300,869,42,41,118,8.5,11.0
2021-09,Severny,SVAO,220400,238700,918,129,25,89,8.5,11.0
2021-10,Severny,SVAO,222500,243700,927,180,19,76,8.5,11.0
2021-11,Severny,SVAO,210200,233000,876,178,41,43,8.5,11.0
2021-12,Severny,SVAO,210300,228300,876,183,79,66,8.5,11.0
2022-01,Severny,SVAO,218300,234800,909,187,25,108,20.0,22.5
2022-02,Severny,SVAO,212800,237400,887,140,76,45,20.0,22.5
2022-03,Severny,SVAO,217100,244400,905,148,61,16,20.0,22.5
2022-04,Severny,SVAO,217300,240400,905,157,77,36,9.5,12.0
2022-05,Severny,SVAO,219900,240600,916,21,51,112,9.5,12.0
2022-06,Severny,SVAO,203800,232000,849,23,50,22,9.5,12.0
2022-07,Severny,SVAO,224500,245300,936,161,13,87,9.5,12.0
2022-08,Severny,SVAO,215400,236200,897,180,69,62,9.5,12.0
2022-09,Severny,SVAO,214600,230700,894,150,22,73,9.5,12.0
2022-10,Severny,SVAO,222700,242200,928,26,17,75,7.5,10.0
2022-11,Severny,SVAO,230300,256500,960,167,45,85,7.5,10.0
2022-12,Severny,SVAO,241200,263500,1005,59,20,69,7.5,10.0
2023-01,Severny,SVAO,228500,241300,952,132,39,18,7.5,10.0
2023-02,Severny,SVAO,228200,255500,951,73,20,56,7.5,10.0
2023-03,Severny,SVAO,229000,248700,954,42,16,36,7.5,10.0
2023-04,Severny,SVAO,235900,272200,983,72,61,12,7.5,10.0
2023-05,Severny,SVAO,228300,248500,951,72,18,54,7.5,10.0
2023-06,Severny,SVAO,237400,257400,989,181,21,95,7.5,10.0
2023-07,Severny,SVAO,234800,261100,978,32,28,17,13.0,15.5
2023-08,Severny,SVAO,237800,271300,991,104,76,58,13.0,15.5
2023-09,Severny,SVAO,246700,265300,1028,87,64,41,13.0,15.5
2023-10,Severny,SVAO,252200,282000,1051,120,7,102,13.0,15.5
2023-11,Severny,SVAO,239700,266900,999,29,33,30,13.0,15.5
2023-12,Severny,SVAO,243300,269800,1014,83,33,102,13.0,15.5
2024-01,Severny,SVAO,256600,286500,1069,125,45,86,16.0,18.5
2024-02,Severny,SVAO,255700,285700,1065,86,29,73,16.0,18.5
2024-03,Severny,SVAO,243700,260900,1016,185,79,87,16.0,18.5
2024-04,Severny,SVAO,250800,279600,1045,123,66,67,16.0,18.5
2024-05,Severny,SVAO,249300,280200,1039,135,41,78,16.0,18.5
2024-06,Severny,SVAO,243700,261600,1015,188,46,38,16.0,18.5
2024-07,Severny,SVAO,260500,280400,1085,60,20,74,16.0,18.5
2024-08,Severny,SVAO,252900,276400,1054,102,31,84,16.0,18.5
2024-09,Severny,SVAO,243100,275800,1013,182,5,108,16.0,18.5
2024-10,Severny,SVAO,251500,275400,1048,37,24,20,21.0,23.5
2024-11,Severny,SVAO,247700,272200,1032,179,47,72,21.0,23.5
2024-12,Severny,SVAO,248500,269400,1035,184,63,61,21.0,23.5
2025-01,Severny,SVAO,244900,271000,1020,166,59,113,21.0,23.5
2025-02,Severny,SVAO,250400,275000,1043,54,11,82,21.0,23.5
2025-03,Severny,SVAO,254100,290500,1059,133,75,100,21.0,23.5
2025-04,Severny,SVAO,246700,268400,1028,162,29,116,21.0,23.5
2025-05,Severny,SVAO,242600,268400,1011,22,20,116,21.0,23.5
2025-06,Severny,SVAO,242900,272800,1012,52,23,15,21.0,23.5
2025-07,Severny,SVAO,245400,273100,1022,172,8,36,17.0,19.5
2025-08,Severny,SVAO,249800,276500,1041,124,11,62,17.0,19.5
2025-09,Severny,SVAO,256200,269700,1068,53,34,19,17.0,19.5
2025-10,Severny,SVAO,253300,268200,1055,142,75,25,17.0,19.5
2025-11,Severny,SVAO,253200,275800,1055,50,44,76,17.0,19.5
2025-12,Severny,SVAO,258700,284700,1078,188,64,113,17.0,19.5
2026-01,Severny,SVAO,248300,273200,1035,170,67,78,17.0,19.5
2026-02,Severny,SVAO,256600,294800,1069,36,7,48,17.0,19.5
2026-03,Severny,SVAO,260600,292300,1086,31,18,66,17.0,19.5
2026-04,Severny,SVAO,248100,277800,1034,30,9,108,17.0,19.5
2020-01,Yuzhnoye Medvedkovo,SVAO,182500,187100,760,160,19,116,6.0,8.5
2020-02,Yuzhnoye Medvedkovo,SVAO,194300,208000,809,194,48,74,6.0,8.5
2020-03,Yuzhnoye Medvedkovo,SVAO,185900,208800,775,96,29,22,6.0,8.5
2020-04,Yuzhnoye Medvedkovo,SVAO,197100,212300,821,129,25,49,4.25,6.75
2020-05,Yuzhnoye Medvedkovo,SVAO,196400,220900,818,190,62,40,4.25,6.75
2020-06,Yuzhnoye Medvedkovo,SVAO,201300,225200,839,132,13,104,4.25,6.75
2020-07,Yuzhnoye Medvedkovo,SVAO,202100,212700,842,112,47,28,4.25,6.75
2020-08,Yuzhnoye Medvedkovo,SVAO,199000,229400,829,109,76,55,4.25,6.75
2020-09,Yuzhnoye Medvedkovo,SVAO,197700,217600,824,27,54,98,4.25,6.75
2020-10,Yuzhnoye Medvedkovo,SVAO,228900,251600,954,67,20,40,4.25,6.75
2020-11,Yuzhnoye Medvedkovo,SVAO,214600,239900,894,46,59,86,4.25,6.75
2020-12,Yuzhnoye Medvedkovo,SVAO,212200,236100,884,175,7,41,4.25,6.75
2021-01,Yuzhnoye Medvedkovo,SVAO,208700,230500,870,180,28,51,4.25,6.75
2021-02,Yuzhnoye Medvedkovo,SVAO,225900,246100,941,164,23,24,4.25,6.75
2021-03,Yuzhnoye Medvedkovo,SVAO,225900,255700,941,113,8,18,4.25,6.75
2021-04,Yuzhnoye Medvedkovo,SVAO,217800,242800,907,104,33,54,8.5,11.0
2021-05,Yuzhnoye Medvedkovo,SVAO,224400,248500,935,188,13,65,8.5,11.0
2021-06,Yuzhnoye Medvedkovo,SVAO,237200,255400,988,195,69,53,8.5,11.0
2021-07,Yuzhnoye Medvedkovo,SVAO,239100,257800,996,183,23,13,8.5,11.0
2021-08,Yuzhnoye Medvedkovo,SVAO,236100,249800,984,131,67,11,8.5,11.0
2021-09,Yuzhnoye Medvedkovo,SVAO,235100,252300,980,190,31,90,8.5,11.0
2021-10,Yuzhnoye Medvedkovo,SVAO,243200,284900,1013,176,71,112,8.5,11.0
2021-11,Yuzhnoye Medvedkovo,SVAO,237200,255900,988,33,30,47,8.5,11.0
2021-12,Yuzhnoye Medvedkovo,SVAO,255200,281200,1063,185,58,36,8.5,11.0
2022-01,Yuzhnoye Medvedkovo,SVAO,262900,279700,1095,32,42,77,20.0,22.5
2022-02,Yuzhnoye Medvedkovo,SVAO,255700,288100,1065,153,53,24,20.0,22.5
2022-03,Yuzhnoye Medvedkovo,SVAO,242800,258300,1012,155,48,115,20.0,22.5
2022-04,Yuzhnoye Medvedkovo,SVAO,236900,265600,987,30,50,27,9.5,12.0
2022-05,Yuzhnoye Medvedkovo,SVAO,240600,264700,1003,182,35,36,9.5,12.0
2022-06,Yuzhnoye Medvedkovo,SVAO,244400,264200,1018,89,67,18,9.5,12.0
2022-07,Yuzhnoye Medvedkovo,SVAO,253400,271500,1056,75,33,88,9.5,12.0
2022-08,Yuzhnoye Medvedkovo,SVAO,250500,279000,1044,188,35,96,9.5,12.0
2022-09,Yuzhnoye Medvedkovo,SVAO,254500,276100,1061,96,52,101,9.5,12.0
2022-10,Yuzhnoye Medvedkovo,SVAO,256300,278100,1068,170,72,35,7.5,10.0
2022-11,Yuzhnoye Medvedkovo,SVAO,259900,279700,1083,77,25,63,7.5,10.0
2022-12,Yuzhnoye Medvedkovo,SVAO,254600,282700,1061,151,58,78,7.5,10.0
2023-01,Yuzhnoye Medvedkovo,SVAO,247400,268600,1031,94,19,42,7.5,10.0
2023-02,Yuzhnoye Medvedkovo,SVAO,264800,287500,1103,33,44,57,7.5,10.0
2023-03,Yuzhnoye Medvedkovo,SVAO,268300,293400,1118,173,32,118,7.5,10.0
2023-04,Yuzhnoye Medvedkovo,SVAO,271400,283700,1131,115,18,69,7.5,10.0
2023-05,Yuzhnoye Medvedkovo,SVAO,278600,301900,1161,118,35,69,7.5,10.0
2023-06,Yuzhnoye Medvedkovo,SVAO,271500,295600,1131,192,56,71,7.5,10.0
2023-07,Yuzhnoye Medvedkovo,SVAO,279300,315100,1164,154,40,35,13.0,15.5
2023-08,Yuzhnoye Medvedkovo,SVAO,286700,299600,1195,109,67,68,13.0,15.5
2023-09,Yuzhnoye Medvedkovo,SVAO,278300,328300,1160,132,52,22,13.0,15.5
2023-10,Yuzhnoye Medvedkovo,SVAO,281900,316800,1175,120,18,92,13.0,15.5
2023-11,Yuzhnoye Medvedkovo,SVAO,280600,294600,1169,145,12,66,13.0,15.5
2023-12,Yuzhnoye Medvedkovo,SVAO,297300,332200,1239,172,41,96,13.0,15.5
2024-01,Yuzhnoye Medvedkovo,SVAO,291800,322000,1216,37,41,16,16.0,18.5
2024-02,Yuzhnoye Medvedkovo,SVAO,275100,302700,1146,96,31,66,16.0,18.5
2024-03,Yuzhnoye Medvedkovo,SVAO,283500,303000,1181,52,69,115,16.0,18.5
2024-04,Yuzhnoye Medvedkovo,SVAO,295200,327200,1230,187,12,66,16.0,18.5
2024-05,Yuzhnoye Medvedkovo,SVAO,290100,301000,1209,141,66,67,16.0,18.5
2024-06,Yuzhnoye Medvedkovo,SVAO,294100,325700,1225,68,34,24,16.0,18.5
2024-07,Yuzhnoye Medvedkovo,SVAO,288600,304500,1202,84,26,84,16.0,18.5
2024-08,Yuzhnoye Medvedkovo,SVAO,282900,307700,1179,197,33,66,16.0,18.5
2024-09,Yuzhnoye Medvedkovo,SVAO,298400,337300,1243,128,20,77,16.0,18.5
2024-10,Yuzhnoye Medvedkovo,SVAO,284400,316200,1185,114,40,71,21.0,23.5
2024-11,Yuzhnoye Medvedkovo,SVAO,278200,305400,1159,176,57,11,21.0,23.5
2024-12,Yuzhnoye Medvedkovo,SVAO,283300,303200,1180,29,42,108,21.0,23.5
2025-01,Yuzhnoye Medvedkovo,SVAO,283100,329500,1180,75,23,102,21.0,23.5
2025-02,Yuzhnoye Medvedkovo,SVAO,279800,310600,1166,47,69,105,21.0,23.5
2025-03,Yuzhnoye Medvedkovo,SVAO,282200,317500,1176,124,73,73,21.0,23.5
2025-04,Yuzhnoye Medvedkovo,SVAO,279000,303200,1162,58,24,117,21.0,23.5
2025-05,Yuzhnoye Medvedkovo,SVAO,289300,330700,1205,52,33,117,21.0,23.5
2025-06,Yuzhnoye Medvedkovo,SVAO,285700,314500,1191,187,67,79,21.0,23.5
2025-07,Yuzhnoye Medvedkovo,SVAO,285900,303600,1191,61,38,103,17.0,19.5
2025-08,Yuzhnoye Medvedkovo,SVAO,283300,304800,1181,195,62,21,17.0,19.5
2025-09,Yuzhnoye Medvedkovo,SVAO,282300,308400,1176,101,50,32,17.0,19.5
2025-10,Yuzhnoye Medvedkovo,SVAO,276700,306300,1153,181,79,33,17.0,19.5
2025-11,Yuzhnoye Medvedkovo,SVAO,290700,318500,1211,93,14,15,17.0,19.5
2025-12,Yuzhnoye Medvedkovo,SVAO,291500,327400,1214,184,70,113,17.0,19.5
2026-01,Yuzhnoye Medvedkovo,SVAO,272400,289100,1135,26,79,54,17.0,19.5
2026-02,Yuzhnoye Medvedkovo,SVAO,274600,294200,1144,135,56,74,17.0,19.5
2026-03,Yuzhnoye Medvedkovo,SVAO,284000,303100,1183,137,67,89,17.0,19.5
2026-04,Yuzhnoye Medvedkovo,SVAO,282700,323400,1178,137,37,37,17.0,19.5
2020-01,Yaroslavsky,SVAO,177000,198300,738,110,62,38,6.0,8.5
2020-02,Yaroslavsky,SVAO,178900,187100,745,155,20,101,6.0,8.5
2020-03,Yaroslavsky,SVAO,185500,207700,773,47,76,79,6.0,8.5
2020-04,Yaroslavsky,SVAO,183800,200800,766,98,27,115,4.25,6.75
2020-05,Yaroslavsky,SVAO,188800,210600,787,86,47,36,4.25,6.75
2020-06,Yaroslavsky,SVAO,189700,207800,790,196,5,83,4.25,6.75
2020-07,Yaroslavsky,SVAO,195400,208400,814,103,68,54,4.25,6.75
2020-08,Yaroslavsky,SVAO,195800,205400,816,121,54,16,4.25,6.75
2020-09,Yaroslavsky,SVAO,205200,233600,855,38,43,16,4.25,6.75
2020-10,Yaroslavsky,SVAO,214800,235400,895,34,37,84,4.25,6.75
2020-11,Yaroslavsky,SVAO,205500,226500,856,48,53,51,4.25,6.75
2020-12,Yaroslavsky,SVAO,207300,227700,864,37,21,42,4.25,6.75
2021-01,Yaroslavsky,SVAO,207400,228400,864,120,37,59,4.25,6.75
2021-02,Yaroslavsky,SVAO,217200,242200,905,166,12,81,4.25,6.75
2021-03,Yaroslavsky,SVAO,213800,236500,891,46,50,115,4.25,6.75
2021-04,Yaroslavsky,SVAO,213300,226100,889,118,24,46,8.5,11.0
2021-05,Yaroslavsky,SVAO,218400,240900,910,186,49,26,8.5,11.0
2021-06,Yaroslavsky,SVAO,234300,261400,976,148,20,57,8.5,11.0
2021-07,Yaroslavsky,SVAO,225100,257900,938,37,59,30,8.5,11.0
2021-08,Yaroslavsky,SVAO,219500,246700,915,71,33,36,8.5,11.0
2021-09,Yaroslavsky,SVAO,243400,272000,1014,177,42,11,8.5,11.0
2021-10,Yaroslavsky,SVAO,237100,252100,988,110,12,113,8.5,11.0
2021-11,Yaroslavsky,SVAO,234100,259400,976,68,65,94,8.5,11.0
2021-12,Yaroslavsky,SVAO,249600,268300,1040,111,56,42,8.5,11.0
2022-01,Yaroslavsky,SVAO,241100,266100,1005,76,24,116,20.0,22.5
2022-02,Yaroslavsky,SVAO,238800,265300,995,86,79,117,20.0,22.5
2022-03,Yaroslavsky,SVAO,243600,275600,1015,60,68,55,20.0,22.5
2022-04,Yaroslavsky,SVAO,233500,265300,973,170,6,43,9.5,12.0
2022-05,Yaroslavsky,SVAO,226000,244200,942,56,70,54,9.5,12.0
2022-06,Yaroslavsky,SVAO,243600,265900,1015,130,11,112,9.5,12.0
2022-07,Yaroslavsky,SVAO,253800,285900,1057,84,44,45,9.5,12.0
2022-08,Yaroslavsky,SVAO,246800,280600,1028,193,13,30,9.5,12.0
2022-09,Yaroslavsky,SVAO,246700,280500,1028,53,43,36,9.5,12.0
2022-10,Yaroslavsky,SVAO,252100,283200,1050,65,77,60,7.5,10.0
2022-11,Yaroslavsky,SVAO,251200,274800,1047,42,16,32,7.5,10.0
2022-12,Yaroslavsky,SVAO,245200,270900,1021,128,67,13,7.5,10.0
2023-01,Yaroslavsky,SVAO,256400,283200,1068,74,43,68,7.5,10.0
2023-02,Yaroslavsky,SVAO,260300,274800,1085,33,18,99,7.5,10.0
2023-03,Yaroslavsky,SVAO,265100,305300,1104,144,9,106,7.5,10.0
2023-04,Yaroslavsky,SVAO,266000,281100,1108,159,64,43,7.5,10.0
2023-05,Yaroslavsky,SVAO,265300,295600,1105,177,38,88,7.5,10.0
2023-06,Yaroslavsky,SVAO,264500,290500,1102,101,57,84,7.5,10.0
2023-07,Yaroslavsky,SVAO,275600,300100,1148,176,55,67,13.0,15.5
2023-08,Yaroslavsky,SVAO,266200,288400,1109,142,48,42,13.0,15.5
2023-09,Yaroslavsky,SVAO,259500,297000,1081,37,60,57,13.0,15.5
2023-10,Yaroslavsky,SVAO,262200,302100,1093,157,60,96,13.0,15.5
2023-11,Yaroslavsky,SVAO,257500,273900,1073,124,54,109,13.0,15.5
2023-12,Yaroslavsky,SVAO,270700,304400,1128,179,79,22,13.0,15.5
2024-01,Yaroslavsky,SVAO,260300,285800,1085,59,68,67,16.0,18.5
2024-02,Yaroslavsky,SVAO,274000,299700,1142,137,5,58,16.0,18.5
2024-03,Yaroslavsky,SVAO,274300,312700,1143,44,28,111,16.0,18.5
2024-04,Yaroslavsky,SVAO,275000,292800,1146,186,18,50,16.0,18.5
2024-05,Yaroslavsky,SVAO,268200,298900,1117,73,17,29,16.0,18.5
2024-06,Yaroslavsky,SVAO,285000,295200,1188,176,7,16,16.0,18.5
2024-07,Yaroslavsky,SVAO,290300,317700,1210,127,6,15,16.0,18.5
2024-08,Yaroslavsky,SVAO,277200,288700,1155,162,13,86,16.0,18.5
2024-09,Yaroslavsky,SVAO,283300,304500,1180,68,34,107,16.0,18.5
2024-10,Yaroslavsky,SVAO,271600,291200,1132,74,71,48,21.0,23.5
2024-11,Yaroslavsky,SVAO,283400,297700,1181,180,56,60,21.0,23.5
2024-12,Yaroslavsky,SVAO,269600,306600,1124,141,25,20,21.0,23.5
2025-01,Yaroslavsky,SVAO,276400,304300,1152,60,9,71,21.0,23.5
2025-02,Yaroslavsky,SVAO,262600,285100,1094,109,61,30,21.0,23.5
2025-03,Yaroslavsky,SVAO,276600,290900,1153,101,77,30,21.0,23.5
2025-04,Yaroslavsky,SVAO,264000,291000,1100,128,70,21,21.0,23.5
2025-05,Yaroslavsky,SVAO,267000,286800,1112,93,38,36,21.0,23.5
2025-06,Yaroslavsky,SVAO,269900,288300,1124,181,60,112,21.0,23.5
2025-07,Yaroslavsky,SVAO,262100,288800,1092,189,74,64,17.0,19.5
2025-08,Yaroslavsky,SVAO,268100,296100,1117,153,57,105,17.0,19.5
2025-09,Yaroslavsky,SVAO,265200,291800,1105,80,52,117,17.0,19.5
2025-10,Yaroslavsky,SVAO,279000,309800,1162,188,40,23,17.0,19.5
2025-11,Yaroslavsky,SVAO,267400,311000,1114,194,70,25,17.0,19.5
2025-12,Yaroslavsky,SVAO,283000,307000,1179,198,25,40,17.0,19.5
2026-01,Yaroslavsky,SVAO,279300,314200,1164,21,42,77,17.0,19.5
2026-02,Yaroslavsky,SVAO,285500,313000,1189,131,67,75,17.0,19.5
2026-03,Yaroslavsky,SVAO,287600,314200,1198,87,34,72,17.0,19.5
2026-04,Yaroslavsky,SVAO,279700,301900,1165,25,25,109,17.0,19.5
2020-01,Bogorodskoye,VAO,194100,209100,809,159,26,111,6.0,8.5
2020-02,Bogorodskoye,VAO,190900,216400,795,24,76,56,6.0,8.5
2020-03,Bogorodskoye,VAO,192800,217600,803,196,65,32,6.0,8.5
2020-04,Bogorodskoye,VAO,198700,219600,828,92,46,80,4.25,6.75
2020-05,Bogorodskoye,VAO,201700,223200,840,183,52,81,4.25,6.75
2020-06,Bogorodskoye,VAO,197800,218700,824,180,25,101,4.25,6.75
2020-07,Bogorodskoye,VAO,201400,219700,839,76,51,98,4.25,6.75
2020-08,Bogorodskoye,VAO,200500,222200,835,20,59,43,4.25,6.75
2020-09,Bogorodskoye,VAO,213500,228000,889,194,22,113,4.25,6.75
2020-10,Bogorodskoye,VAO,216300,239300,901,25,62,61,4.25,6.75
2020-11,Bogorodskoye,VAO,222500,251400,927,130,63,86,4.25,6.75
2020-12,Bogorodskoye,VAO,220600,237300,919,176,45,83,4.25,6.75
2021-01,Bogorodskoye,VAO,225300,246000,939,143,24,79,4.25,6.75
2021-02,Bogorodskoye,VAO,221000,247000,921,49,26,107,4.25,6.75
2021-03,Bogorodskoye,VAO,227900,255600,950,66,36,63,4.25,6.75
2021-04,Bogorodskoye,VAO,238500,256100,994,182,58,81,8.5,11.0
2021-05,Bogorodskoye,VAO,229400,255800,956,138,28,49,8.5,11.0
2021-06,Bogorodskoye,VAO,239200,260400,997,147,65,79,8.5,11.0
2021-07,Bogorodskoye,VAO,233300,249200,972,89,77,45,8.5,11.0
2021-08,Bogorodskoye,VAO,245800,270300,1024,126,32,31,8.5,11.0
2021-09,Bogorodskoye,VAO,244800,268500,1020,102,77,100,8.5,11.0
2021-10,Bogorodskoye,VAO,255300,279400,1064,111,60,94,8.5,11.0
2021-11,Bogorodskoye,VAO,259700,290100,1082,46,35,66,8.5,11.0
2021-12,Bogorodskoye,VAO,261500,291400,1089,51,11,91,8.5,11.0
2022-01,Bogorodskoye,VAO,262100,295800,1092,194,50,88,20.0,22.5
2022-02,Bogorodskoye,VAO,259700,284500,1082,79,60,113,20.0,22.5
2022-03,Bogorodskoye,VAO,240900,259200,1004,157,69,14,20.0,22.5
2022-04,Bogorodskoye,VAO,244700,273900,1020,26,37,108,9.5,12.0
2022-05,Bogorodskoye,VAO,242100,273200,1009,125,14,35,9.5,12.0
2022-06,Bogorodskoye,VAO,249700,273400,1041,171,62,20,9.5,12.0
2022-07,Bogorodskoye,VAO,260900,299100,1087,158,63,50,9.5,12.0
2022-08,Bogorodskoye,VAO,251500,276300,1048,195,47,66,9.5,12.0
2022-09,Bogorodskoye,VAO,250100,252400,1042,147,29,103,9.5,12.0
2022-10,Bogorodskoye,VAO,263800,299400,1099,127,55,85,7.5,10.0
2022-11,Bogorodskoye,VAO,265300,295200,1106,59,32,104,7.5,10.0
2022-12,Bogorodskoye,VAO,267600,296500,1115,150,69,82,7.5,10.0
2023-01,Bogorodskoye,VAO,260800,276300,1087,103,29,73,7.5,10.0
2023-02,Bogorodskoye,VAO,261100,290900,1088,74,73,68,7.5,10.0
2023-03,Bogorodskoye,VAO,276900,309500,1154,110,33,71,7.5,10.0
2023-04,Bogorodskoye,VAO,269800,295400,1124,23,31,54,7.5,10.0
2023-05,Bogorodskoye,VAO,278300,314200,1160,129,12,81,7.5,10.0
2023-06,Bogorodskoye,VAO,285800,304500,1191,114,6,28,7.5,10.0
2023-07,Bogorodskoye,VAO,280000,310800,1167,91,41,105,13.0,15.5
2023-08,Bogorodskoye,VAO,275100,291400,1146,183,63,63,13.0,15.5
2023-09,Bogorodskoye,VAO,276700,303600,1153,73,53,71,13.0,15.5
2023-10,Bogorodskoye,VAO,291700,314000,1216,103,71,74,13.0,15.5
2023-11,Bogorodskoye,VAO,269600,288000,1123,50,57,50,13.0,15.5
2023-12,Bogorodskoye,VAO,295800,317800,1232,185,67,113,13.0,15.5
2024-01,Bogorodskoye,VAO,280700,306000,1170,20,58,49,16.0,18.5
2024-02,Bogorodskoye,VAO,285500,318100,1189,101,23,84,16.0,18.5
2024-03,Bogorodskoye,VAO,303500,327800,1265,60,32,69,16.0,18.5
2024-04,Bogorodskoye,VAO,283900,326100,1183,62,15,19,16.0,18.5
2024-05,Bogorodskoye,VAO,276200,313100,1151,134,22,91,16.0,18.5
2024-06,Bogorodskoye,VAO,297800,320800,1241,161,25,51,16.0,18.5
2024-07,Bogorodskoye,VAO,297200,322400,1239,42,26,13,16.0,18.5
2024-08,Bogorodskoye,VAO,286400,311400,1193,184,52,56,16.0,18.5
2024-09,Bogorodskoye,VAO,287400,306100,1198,184,17,15,16.0,18.5
2024-10,Bogorodskoye,VAO,287500,306800,1198,97,68,10,21.0,23.5
2024-11,Bogorodskoye,VAO,289500,318100,1206,166,7,32,21.0,23.5
2024-12,Bogorodskoye,VAO,276400,315200,1152,78,39,103,21.0,23.5
2025-01,Bogorodskoye,VAO,289100,318500,1205,23,14,99,21.0,23.5
2025-02,Bogorodskoye,VAO,271500,306500,1131,163,78,112,21.0,23.5
2025-03,Bogorodskoye,VAO,271000,312200,1129,92,15,85,21.0,23.5
2025-04,Bogorodskoye,VAO,276600,315900,1153,102,61,81,21.0,23.5
2025-05,Bogorodskoye,VAO,283800,307300,1183,61,7,82,21.0,23.5
2025-06,Bogorodskoye,VAO,293400,329400,1222,124,12,59,21.0,23.5
2025-07,Bogorodskoye,VAO,283100,296400,1180,156,20,82,17.0,19.5
2025-08,Bogorodskoye,VAO,290600,325900,1211,88,47,68,17.0,19.5
2025-09,Bogorodskoye,VAO,282300,322500,1176,195,8,117,17.0,19.5
2025-10,Bogorodskoye,VAO,288600,335300,1203,111,71,117,17.0,19.5
2025-11,Bogorodskoye,VAO,301800,325800,1257,192,52,102,17.0,19.5
2025-12,Bogorodskoye,VAO,284200,298300,1184,124,44,98,17.0,19.5
2026-01,Bogorodskoye,VAO,292100,341300,1217,113,41,83,17.0,19.5
2026-02,Bogorodskoye,VAO,286500,322900,1194,163,15,64,17.0,19.5
2026-03,Bogorodskoye,VAO,283600,312200,1182,92,12,112,17.0,19.5
2026-04,Bogorodskoye,VAO,286600,316200,1194,102,31,39,17.0,19.5
2020-01,Veshnyaki,VAO,167200,183600,696,87,24,58,6.0,8.5
2020-02,Veshnyaki,VAO,164700,172500,686,113,58,45,6.0,8.5
2020-03,Veshnyaki,VAO,172400,186800,718,129,75,50,6.0,8.5
2020-04,Veshnyaki,VAO,169700,182000,707,97,78,41,4.25,6.75
2020-05,Veshnyaki,VAO,177100,194800,738,157,25,91,4.25,6.75
2020-06,Veshnyaki,VAO,181800,199100,757,30,25,77,4.25,6.75
2020-07,Veshnyaki,VAO,179200,199100,747,75,43,117,4.25,6.75
2020-08,Veshnyaki,VAO,188900,220500,787,157,56,39,4.25,6.75
2020-09,Veshnyaki,VAO,190900,201900,796,82,14,48,4.25,6.75
2020-10,Veshnyaki,VAO,189700,204600,790,76,18,46,4.25,6.75
2020-11,Veshnyaki,VAO,197600,220700,823,72,60,115,4.25,6.75
2020-12,Veshnyaki,VAO,200800,221800,837,102,27,43,4.25,6.75
2021-01,Veshnyaki,VAO,197300,214600,822,169,44,12,4.25,6.75
2021-02,Veshnyaki,VAO,206500,229500,860,115,49,54,4.25,6.75
2021-03,Veshnyaki,VAO,201000,226400,837,88,34,36,4.25,6.75
2021-04,Veshnyaki,VAO,205600,233700,857,199,20,58,8.5,11.0
2021-05,Veshnyaki,VAO,206300,219400,860,42,59,110,8.5,11.0
2021-06,Veshnyaki,VAO,207500,236200,864,197,65,45,8.5,11.0
2021-07,Veshnyaki,VAO,217600,249100,907,147,31,32,8.5,11.0
2021-08,Veshnyaki,VAO,228200,260400,951,23,49,70,8.5,11.0
2021-09,Veshnyaki,VAO,214800,234900,895,165,57,76,8.5,11.0
2021-10,Veshnyaki,VAO,233200,263500,972,105,51,24,8.5,11.0
2021-11,Veshnyaki,VAO,219500,256000,915,155,22,101,8.5,11.0
2021-12,Veshnyaki,VAO,234700,261400,978,137,53,57,8.5,11.0
2022-01,Veshnyaki,VAO,234700,250400,978,120,52,76,20.0,22.5
2022-02,Veshnyaki,VAO,232600,257300,969,108,14,60,20.0,22.5
2022-03,Veshnyaki,VAO,236800,259900,987,157,31,18,20.0,22.5
2022-04,Veshnyaki,VAO,225700,246000,940,28,61,119,9.5,12.0
2022-05,Veshnyaki,VAO,234100,256200,975,86,64,87,9.5,12.0
2022-06,Veshnyaki,VAO,223800,246200,933,66,31,105,9.5,12.0
2022-07,Veshnyaki,VAO,228900,254800,954,178,29,71,9.5,12.0
2022-08,Veshnyaki,VAO,239200,269100,996,135,42,65,9.5,12.0
2022-09,Veshnyaki,VAO,230700,251100,961,193,7,106,9.5,12.0
2022-10,Veshnyaki,VAO,237100,265300,988,44,74,75,7.5,10.0
2022-11,Veshnyaki,VAO,228400,244200,952,191,57,96,7.5,10.0
2022-12,Veshnyaki,VAO,237400,259900,989,50,7,113,7.5,10.0
2023-01,Veshnyaki,VAO,239100,260200,996,41,5,71,7.5,10.0
2023-02,Veshnyaki,VAO,236600,256700,986,41,19,18,7.5,10.0
2023-03,Veshnyaki,VAO,249200,276000,1038,152,50,95,7.5,10.0
2023-04,Veshnyaki,VAO,235400,260200,981,186,32,72,7.5,10.0
2023-05,Veshnyaki,VAO,244800,265000,1020,76,74,57,7.5,10.0
2023-06,Veshnyaki,VAO,254300,289900,1060,64,10,111,7.5,10.0
2023-07,Veshnyaki,VAO,254100,267000,1059,136,30,107,13.0,15.5
2023-08,Veshnyaki,VAO,247500,270600,1031,146,52,90,13.0,15.5
2023-09,Veshnyaki,VAO,247700,271000,1032,65,49,72,13.0,15.5
2023-10,Veshnyaki,VAO,257400,265800,1073,79,65,48,13.0,15.5
2023-11,Veshnyaki,VAO,254500,275300,1060,58,42,47,13.0,15.5
2023-12,Veshnyaki,VAO,260300,310700,1084,29,64,90,13.0,15.5
2024-01,Veshnyaki,VAO,245700,270800,1024,25,31,36,16.0,18.5
2024-02,Veshnyaki,VAO,266200,303200,1109,166,36,54,16.0,18.5
2024-03,Veshnyaki,VAO,267200,285600,1113,36,5,71,16.0,18.5
2024-04,Veshnyaki,VAO,268500,294900,1119,158,56,52,16.0,18.5
2024-05,Veshnyaki,VAO,267100,296500,1113,137,75,34,16.0,18.5
2024-06,Veshnyaki,VAO,268000,305600,1117,21,23,93,16.0,18.5
2024-07,Veshnyaki,VAO,259800,269900,1083,53,55,85,16.0,18.5
2024-08,Veshnyaki,VAO,258700,296500,1078,193,76,112,16.0,18.5
2024-09,Veshnyaki,VAO,260100,281100,1084,104,7,43,16.0,18.5
2024-10,Veshnyaki,VAO,265600,300900,1107,97,41,79,21.0,23.5
2024-11,Veshnyaki,VAO,259400,274100,1081,161,39,27,21.0,23.5
2024-12,Veshnyaki,VAO,254400,278400,1060,39,78,49,21.0,23.5
2025-01,Veshnyaki,VAO,261600,283700,1090,107,17,90,21.0,23.5
2025-02,Veshnyaki,VAO,256700,276600,1070,127,69,100,21.0,23.5
2025-03,Veshnyaki,VAO,249000,280800,1038,111,5,94,21.0,23.5
2025-04,Veshnyaki,VAO,251900,273200,1050,146,42,57,21.0,23.5
2025-05,Veshnyaki,VAO,257600,283600,1073,124,46,80,21.0,23.5
2025-06,Veshnyaki,VAO,259800,284400,1082,147,36,106,21.0,23.5
2025-07,Veshnyaki,VAO,248300,259100,1035,59,13,39,17.0,19.5
2025-08,Veshnyaki,VAO,261200,290300,1088,27,46,23,17.0,19.5
2025-09,Veshnyaki,VAO,260200,282800,1084,145,68,37,17.0,19.5
2025-10,Veshnyaki,VAO,260000,285000,1083,123,16,80,17.0,19.5
2025-11,Veshnyaki,VAO,262100,292000,1092,94,40,108,17.0,19.5
2025-12,Veshnyaki,VAO,259500,288700,1081,145,18,115,17.0,19.5
2026-01,Veshnyaki,VAO,271400,302200,1131,104,64,108,17.0,19.5
2026-02,Veshnyaki,VAO,275000,300400,1146,176,18,30,17.0,19.5
2026-03,Veshnyaki,VAO,269200,291200,1122,154,6,110,17.0,19.5
2026-04,Veshnyaki,VAO,258100,288600,1076,127,50,102,17.0,19.5
2020-01,Vostochnoye Izmaylovo,VAO,200800,219800,837,151,45,33,6.0,8.5
2020-02,Vostochnoye Izmaylovo,VAO,193000,214200,804,98,31,97,6.0,8.5
2020-03,Vostochnoye Izmaylovo,VAO,192400,211300,802,172,65,92,6.0,8.5
2020-04,Vostochnoye Izmaylovo,VAO,200600,219600,836,123,71,34,4.25,6.75
2020-05,Vostochnoye Izmaylovo,VAO,194600,202900,811,92,13,55,4.25,6.75
2020-06,Vostochnoye Izmaylovo,VAO,202100,217700,842,109,13,40,4.25,6.75
2020-07,Vostochnoye Izmaylovo,VAO,194600,209000,811,97,42,10,4.25,6.75
2020-08,Vostochnoye Izmaylovo,VAO,214300,224700,893,128,65,22,4.25,6.75
2020-09,Vostochnoye Izmaylovo,VAO,204300,216300,851,187,54,65,4.25,6.75
2020-10,Vostochnoye Izmaylovo,VAO,210800,235200,878,178,9,99,4.25,6.75
2020-11,Vostochnoye Izmaylovo,VAO,218000,254100,908,71,44,108,4.25,6.75
2020-12,Vostochnoye Izmaylovo,VAO,199800,214400,833,80,42,58,4.25,6.75
2021-01,Vostochnoye Izmaylovo,VAO,216400,232900,902,183,25,82,4.25,6.75
2021-02,Vostochnoye Izmaylovo,VAO,219700,249100,915,131,69,116,4.25,6.75
2021-03,Vostochnoye Izmaylovo,VAO,223900,241500,933,146,15,86,4.25,6.75
2021-04,Vostochnoye Izmaylovo,VAO,243400,251900,1014,154,67,109,8.5,11.0
2021-05,Vostochnoye Izmaylovo,VAO,234000,260900,975,33,46,12,8.5,11.0
2021-06,Vostochnoye Izmaylovo,VAO,235600,254900,982,164,20,10,8.5,11.0
2021-07,Vostochnoye Izmaylovo,VAO,246600,262300,1027,114,61,31,8.5,11.0
2021-08,Vostochnoye Izmaylovo,VAO,239900,269700,1000,97,49,101,8.5,11.0
2021-09,Vostochnoye Izmaylovo,VAO,233800,262300,974,47,75,10,8.5,11.0
2021-10,Vostochnoye Izmaylovo,VAO,247300,265400,1030,174,79,44,8.5,11.0
2021-11,Vostochnoye Izmaylovo,VAO,255500,284800,1065,161,49,76,8.5,11.0
2021-12,Vostochnoye Izmaylovo,VAO,251600,273200,1048,138,28,56,8.5,11.0
2022-01,Vostochnoye Izmaylovo,VAO,251700,263200,1049,67,38,10,20.0,22.5
2022-02,Vostochnoye Izmaylovo,VAO,246000,271300,1025,190,63,110,20.0,22.5
2022-03,Vostochnoye Izmaylovo,VAO,258500,284700,1077,197,40,19,20.0,22.5
2022-04,Vostochnoye Izmaylovo,VAO,243700,278500,1015,53,79,26,9.5,12.0
2022-05,Vostochnoye Izmaylovo,VAO,251900,273600,1049,197,66,90,9.5,12.0
2022-06,Vostochnoye Izmaylovo,VAO,256600,292400,1069,129,69,49,9.5,12.0
2022-07,Vostochnoye Izmaylovo,VAO,264000,297000,1100,161,57,22,9.5,12.0
2022-08,Vostochnoye Izmaylovo,VAO,251000,279100,1046,178,34,63,9.5,12.0
2022-09,Vostochnoye Izmaylovo,VAO,260100,267700,1084,88,53,117,9.5,12.0
2022-10,Vostochnoye Izmaylovo,VAO,266000,293400,1108,122,50,25,7.5,10.0
2022-11,Vostochnoye Izmaylovo,VAO,268100,312100,1117,70,17,48,7.5,10.0
2022-12,Vostochnoye Izmaylovo,VAO,270800,284800,1128,88,64,79,7.5,10.0
2023-01,Vostochnoye Izmaylovo,VAO,274500,304000,1144,122,38,45,7.5,10.0
2023-02,Vostochnoye Izmaylovo,VAO,258300,290400,1076,67,33,42,7.5,10.0
2023-03,Vostochnoye Izmaylovo,VAO,272300,296100,1135,63,62,31,7.5,10.0
2023-04,Vostochnoye Izmaylovo,VAO,264900,283400,1104,177,74,67,7.5,10.0
2023-05,Vostochnoye Izmaylovo,VAO,286900,317800,1196,39,24,37,7.5,10.0
2023-06,Vostochnoye Izmaylovo,VAO,272600,312800,1136,142,72,101,7.5,10.0
2023-07,Vostochnoye Izmaylovo,VAO,271600,301300,1132,144,28,117,13.0,15.5
2023-08,Vostochnoye Izmaylovo,VAO,276800,318400,1153,177,6,90,13.0,15.5
2023-09,Vostochnoye Izmaylovo,VAO,282500,320600,1177,62,15,31,13.0,15.5
2023-10,Vostochnoye Izmaylovo,VAO,278700,311700,1161,135,78,53,13.0,15.5
2023-11,Vostochnoye Izmaylovo,VAO,279500,309900,1165,145,72,26,13.0,15.5
2023-12,Vostochnoye Izmaylovo,VAO,278800,316600,1162,137,17,75,13.0,15.5
2024-01,Vostochnoye Izmaylovo,VAO,290900,318100,1212,117,34,30,16.0,18.5
2024-02,Vostochnoye Izmaylovo,VAO,289700,318500,1207,177,15,76,16.0,18.5
2024-03,Vostochnoye Izmaylovo,VAO,288200,315500,1201,119,20,86,16.0,18.5
2024-04,Vostochnoye Izmaylovo,VAO,299200,334500,1247,178,21,46,16.0,18.5
2024-05,Vostochnoye Izmaylovo,VAO,299200,311500,1246,92,76,66,16.0,18.5
2024-06,Vostochnoye Izmaylovo,VAO,286500,313400,1194,191,34,56,16.0,18.5
2024-07,Vostochnoye Izmaylovo,VAO,304500,326800,1269,31,78,54,16.0,18.5
2024-08,Vostochnoye Izmaylovo,VAO,298400,329700,1243,76,37,106,16.0,18.5
2024-09,Vostochnoye Izmaylovo,VAO,289700,322500,1207,29,57,41,16.0,18.5
2024-10,Vostochnoye Izmaylovo,VAO,295200,325000,1230,105,24,113,21.0,23.5
2024-11,Vostochnoye Izmaylovo,VAO,309400,352500,1289,137,11,12,21.0,23.5
2024-12,Vostochnoye Izmaylovo,VAO,289300,320900,1205,176,54,29,21.0,23.5
2025-01,Vostochnoye Izmaylovo,VAO,282700,309100,1178,194,65,114,21.0,23.5
2025-02,Vostochnoye Izmaylovo,VAO,285000,300600,1188,159,57,91,21.0,23.5
2025-03,Vostochnoye Izmaylovo,VAO,290700,328100,1211,159,13,97,21.0,23.5
2025-04,Vostochnoye Izmaylovo,VAO,268400,288600,1118,170,50,60,21.0,23.5
2025-05,Vostochnoye Izmaylovo,VAO,279400,308500,1164,65,78,83,21.0,23.5
2025-06,Vostochnoye Izmaylovo,VAO,283400,325900,1181,91,45,40,21.0,23.5
2025-07,Vostochnoye Izmaylovo,VAO,285200,307800,1188,149,72,24,17.0,19.5
2025-08,Vostochnoye Izmaylovo,VAO,285800,299000,1191,198,74,94,17.0,19.5
2025-09,Vostochnoye Izmaylovo,VAO,284700,327200,1186,97,69,81,17.0,19.5
2025-10,Vostochnoye Izmaylovo,VAO,303400,346800,1264,152,36,13,17.0,19.5
2025-11,Vostochnoye Izmaylovo,VAO,292200,337000,1218,81,68,70,17.0,19.5
2025-12,Vostochnoye Izmaylovo,VAO,297600,320900,1240,56,38,79,17.0,19.5
2026-01,Vostochnoye Izmaylovo,VAO,287400,310600,1198,196,25,38,17.0,19.5
2026-02,Vostochnoye Izmaylovo,VAO,288500,314300,1202,20,25,115,17.0,19.5
2026-03,Vostochnoye Izmaylovo,VAO,291600,310400,1215,161,18,48,17.0,19.5
2026-04,Vostochnoye Izmaylovo,VAO,285400,303400,1189,176,43,45,17.0,19.5
2020-01,Vostochny,VAO,159800,169400,666,104,20,107,6.0,8.5
2020-02,Vostochny,VAO,153300,169000,639,80,41,16,6.0,8.5
2020-03,Vostochny,VAO,160800,176200,670,132,36,59,6.0,8.5
2020-04,Vostochny,VAO,162700,174600,678,53,48,41,4.25,6.75
2020-05,Vostochny,VAO,170300,181500,710,101,37,90,4.25,6.75
2020-06,Vostochny,VAO,163200,178200,680,167,62,16,4.25,6.75
2020-07,Vostochny,VAO,170100,182200,709,98,27,37,4.25,6.75
2020-08,Vostochny,VAO,171900,187500,716,50,62,37,4.25,6.75
2020-09,Vostochny,VAO,177200,203000,739,194,76,98,4.25,6.75
2020-10,Vostochny,VAO,180600,200700,753,167,35,51,4.25,6.75
2020-11,Vostochny,VAO,175800,190100,732,79,26,57,4.25,6.75
2020-12,Vostochny,VAO,185000,205900,771,69,42,81,4.25,6.75
2021-01,Vostochny,VAO,191300,208200,797,131,23,52,4.25,6.75
2021-02,Vostochny,VAO,184400,205600,768,101,22,85,4.25,6.75
2021-03,Vostochny,VAO,182600,203500,761,62,50,27,4.25,6.75
2021-04,Vostochny,VAO,195700,216100,815,133,17,109,8.5,11.0
2021-05,Vostochny,VAO,191500,213500,798,172,36,16,8.5,11.0
2021-06,Vostochny,VAO,206400,226100,860,168,7,108,8.5,11.0
2021-07,Vostochny,VAO,199000,215700,829,98,39,40,8.5,11.0
2021-08,Vostochny,VAO,204000,230200,850,164,5,47,8.5,11.0
2021-09,Vostochny,VAO,201700,224300,840,112,21,108,8.5,11.0
2021-10,Vostochny,VAO,213300,230900,889,188,59,55,8.5,11.0
2021-11,Vostochny,VAO,212600,231900,886,181,61,95,8.5,11.0
2021-12,Vostochny,VAO,210100,231100,875,135,68,118,8.5,11.0
2022-01,Vostochny,VAO,219600,249800,915,127,67,76,20.0,22.5
2022-02,Vostochny,VAO,213000,226700,887,51,42,117,20.0,22.5
2022-03,Vostochny,VAO,211700,241200,882,74,76,10,20.0,22.5
2022-04,Vostochny,VAO,208400,224300,868,47,23,119,9.5,12.0
2022-05,Vostochny,VAO,208500,224500,869,167,14,90,9.5,12.0
2022-06,Vostochny,VAO,203100,221200,846,141,20,66,9.5,12.0
2022-07,Vostochny,VAO,216400,237500,902,52,28,29,9.5,12.0
2022-08,Vostochny,VAO,223400,251000,931,72,50,13,9.5,12.0
2022-09,Vostochny,VAO,221900,243800,925,182,33,77,9.5,12.0
2022-10,Vostochny,VAO,212300,239700,884,160,28,81,7.5,10.0
2022-11,Vostochny,VAO,215500,244700,898,110,13,11,7.5,10.0
2022-12,Vostochny,VAO,217500,246300,906,152,41,20,7.5,10.0
2023-01,Vostochny,VAO,218800,237000,912,155,41,19,7.5,10.0
2023-02,Vostochny,VAO,229200,252600,955,175,7,103,7.5,10.0
2023-03,Vostochny,VAO,234200,259400,976,53,11,84,7.5,10.0
2023-04,Vostochny,VAO,238500,256900,994,28,57,80,7.5,10.0
2023-05,Vostochny,VAO,233400,253400,972,93,78,114,7.5,10.0
2023-06,Vostochny,VAO,241600,254800,1007,69,20,50,7.5,10.0
2023-07,Vostochny,VAO,233900,257600,975,49,46,13,13.0,15.5
2023-08,Vostochny,VAO,241200,269100,1005,106,17,100,13.0,15.5
2023-09,Vostochny,VAO,237600,261100,990,53,17,33,13.0,15.5
2023-10,Vostochny,VAO,236000,251800,983,124,74,36,13.0,15.5
2023-11,Vostochny,VAO,238500,263300,994,92,78,47,13.0,15.5
2023-12,Vostochny,VAO,245900,270400,1025,122,53,82,13.0,15.5
2024-01,Vostochny,VAO,241200,268000,1005,120,42,71,16.0,18.5
2024-02,Vostochny,VAO,238100,252200,992,91,32,25,16.0,18.5
2024-03,Vostochny,VAO,235800,259400,983,190,15,87,16.0,18.5
2024-04,Vostochny,VAO,247400,262700,1031,65,8,46,16.0,18.5
2024-05,Vostochny,VAO,244400,268800,1018,166,58,86,16.0,18.5
2024-06,Vostochny,VAO,248100,266000,1034,34,42,64,16.0,18.5
2024-07,Vostochny,VAO,241000,260100,1004,169,68,11,16.0,18.5
2024-08,Vostochny,VAO,238300,268400,993,92,5,31,16.0,18.5
2024-09,Vostochny,VAO,245500,262300,1023,79,62,86,16.0,18.5
2024-10,Vostochny,VAO,245100,274000,1021,128,66,101,21.0,23.5
2024-11,Vostochny,VAO,247200,271500,1030,48,67,31,21.0,23.5
2024-12,Vostochny,VAO,240100,264800,1000,109,74,76,21.0,23.5
2025-01,Vostochny,VAO,237000,260400,987,94,17,71,21.0,23.5
2025-02,Vostochny,VAO,236900,255800,987,117,41,79,21.0,23.5
2025-03,Vostochny,VAO,234800,260600,978,104,61,51,21.0,23.5
2025-04,Vostochny,VAO,240800,262000,1003,151,6,66,21.0,23.5
2025-05,Vostochny,VAO,231400,262400,964,174,59,89,21.0,23.5
2025-06,Vostochny,VAO,248500,268700,1035,61,29,37,21.0,23.5
2025-07,Vostochny,VAO,239400,262300,997,114,59,41,17.0,19.5
2025-08,Vostochny,VAO,241200,268800,1005,169,42,100,17.0,19.5
2025-09,Vostochny,VAO,240600,266400,1003,58,76,52,17.0,19.5
2025-10,Vostochny,VAO,252400,276600,1052,197,68,109,17.0,19.5
2025-11,Vostochny,VAO,240100,265400,1001,93,18,35,17.0,19.5
2025-12,Vostochny,VAO,237500,265300,990,23,58,51,17.0,19.5
2026-01,Vostochny,VAO,247200,267500,1030,39,24,85,17.0,19.5
2026-02,Vostochny,VAO,236100,258900,984,148,12,119,17.0,19.5
2026-03,Vostochny,VAO,246900,268800,1029,86,53,112,17.0,19.5
2026-04,Vostochny,VAO,236900,256300,987,191,58,106,17.0,19.5
2020-01,Golyanovo,VAO,165800,173300,691,68,23,77,6.0,8.5
2020-02,Golyanovo,VAO,180700,213100,753,29,70,69,6.0,8.5
2020-03,Golyanovo,VAO,166600,180000,694,152,78,91,6.0,8.5
2020-04,Golyanovo,VAO,179900,199900,750,40,52,62,4.25,6.75
2020-05,Golyanovo,VAO,175900,189900,733,37,44,99,4.25,6.75
2020-06,Golyanovo,VAO,183200,192600,763,130,77,38,4.25,6.75
2020-07,Golyanovo,VAO,191200,214900,797,123,28,34,4.25,6.75
2020-08,Golyanovo,VAO,180900,203200,754,131,14,65,4.25,6.75
2020-09,Golyanovo,VAO,183600,209100,765,172,18,43,4.25,6.75
2020-10,Golyanovo,VAO,197700,232300,824,80,25,56,4.25,6.75
2020-11,Golyanovo,VAO,190200,214000,792,195,49,52,4.25,6.75
2020-12,Golyanovo,VAO,196600,210400,819,158,30,70,4.25,6.75
2021-01,Golyanovo,VAO,204000,225100,850,98,53,44,4.25,6.75
2021-02,Golyanovo,VAO,207500,225100,865,152,12,76,4.25,6.75
2021-03,Golyanovo,VAO,202400,224700,843,179,14,104,4.25,6.75
2021-04,Golyanovo,VAO,211200,235800,880,194,32,43,8.5,11.0
2021-05,Golyanovo,VAO,206100,226100,859,127,51,46,8.5,11.0
2021-06,Golyanovo,VAO,217500,243400,906,94,50,90,8.5,11.0
2021-07,Golyanovo,VAO,212200,226200,884,86,45,41,8.5,11.0
2021-08,Golyanovo,VAO,219800,234200,916,185,12,63,8.5,11.0
2021-09,Golyanovo,VAO,230800,259700,962,146,55,68,8.5,11.0
2021-10,Golyanovo,VAO,215500,230800,898,122,9,119,8.5,11.0
2021-11,Golyanovo,VAO,224500,253700,935,40,30,51,8.5,11.0
2021-12,Golyanovo,VAO,239100,252300,996,136,72,67,8.5,11.0
2022-01,Golyanovo,VAO,234700,258500,978,153,78,21,20.0,22.5
2022-02,Golyanovo,VAO,231300,259100,964,109,14,96,20.0,22.5
2022-03,Golyanovo,VAO,233600,258500,973,197,38,116,20.0,22.5
2022-04,Golyanovo,VAO,223600,243200,932,121,51,39,9.5,12.0
2022-05,Golyanovo,VAO,227100,260200,946,83,18,112,9.5,12.0
2022-06,Golyanovo,VAO,224700,251800,936,76,8,89,9.5,12.0
2022-07,Golyanovo,VAO,230900,252900,962,55,72,37,9.5,12.0
2022-08,Golyanovo,VAO,240400,259900,1002,149,7,67,9.5,12.0
2022-09,Golyanovo,VAO,237700,255900,990,153,55,55,9.5,12.0
2022-10,Golyanovo,VAO,235000,248500,979,166,38,65,7.5,10.0
2022-11,Golyanovo,VAO,236900,260000,987,21,37,84,7.5,10.0
2022-12,Golyanovo,VAO,237000,266800,987,123,17,106,7.5,10.0
2023-01,Golyanovo,VAO,242600,263300,1011,47,44,111,7.5,10.0
2023-02,Golyanovo,VAO,249300,274200,1039,159,40,89,7.5,10.0
2023-03,Golyanovo,VAO,257600,290600,1073,143,10,53,7.5,10.0
2023-04,Golyanovo,VAO,251500,268900,1048,179,56,115,7.5,10.0
2023-05,Golyanovo,VAO,252900,270700,1054,40,50,96,7.5,10.0
2023-06,Golyanovo,VAO,258500,293400,1077,26,35,65,7.5,10.0
2023-07,Golyanovo,VAO,254200,284900,1059,162,74,89,13.0,15.5
2023-08,Golyanovo,VAO,257700,287500,1074,42,22,21,13.0,15.5
2023-09,Golyanovo,VAO,251000,282300,1046,105,15,56,13.0,15.5
2023-10,Golyanovo,VAO,262400,282700,1093,48,25,15,13.0,15.5
2023-11,Golyanovo,VAO,256700,283500,1070,153,60,110,13.0,15.5
2023-12,Golyanovo,VAO,264400,286800,1102,79,71,10,13.0,15.5
2024-01,Golyanovo,VAO,257000,287300,1071,179,17,69,16.0,18.5
2024-02,Golyanovo,VAO,254300,290000,1060,144,9,27,16.0,18.5
2024-03,Golyanovo,VAO,252800,270400,1053,115,31,53,16.0,18.5
2024-04,Golyanovo,VAO,263700,289200,1099,81,18,47,16.0,18.5
2024-05,Golyanovo,VAO,263900,292200,1100,186,76,90,16.0,18.5
2024-06,Golyanovo,VAO,254200,284600,1059,123,75,21,16.0,18.5
2024-07,Golyanovo,VAO,264800,298500,1103,104,54,14,16.0,18.5
2024-08,Golyanovo,VAO,249700,260100,1040,42,62,18,16.0,18.5
2024-09,Golyanovo,VAO,252000,279300,1050,105,43,92,16.0,18.5
2024-10,Golyanovo,VAO,258000,285400,1075,107,49,109,21.0,23.5
2024-11,Golyanovo,VAO,259300,285800,1080,182,14,10,21.0,23.5
2024-12,Golyanovo,VAO,275500,296400,1148,153,39,104,21.0,23.5
2025-01,Golyanovo,VAO,263100,291900,1096,35,15,80,21.0,23.5
2025-02,Golyanovo,VAO,265200,293400,1105,153,8,80,21.0,23.5
2025-03,Golyanovo,VAO,263400,294200,1098,119,73,20,21.0,23.5
2025-04,Golyanovo,VAO,257000,278500,1071,181,43,56,21.0,23.5
2025-05,Golyanovo,VAO,257700,276900,1074,46,24,43,21.0,23.5
2025-06,Golyanovo,VAO,258100,279600,1076,191,69,85,21.0,23.5
2025-07,Golyanovo,VAO,262000,296700,1092,172,70,105,17.0,19.5
2025-08,Golyanovo,VAO,264800,288200,1103,138,23,44,17.0,19.5
2025-09,Golyanovo,VAO,259400,285600,1081,120,31,91,17.0,19.5
2025-10,Golyanovo,VAO,263300,279100,1097,92,59,76,17.0,19.5
2025-11,Golyanovo,VAO,252700,275500,1053,177,21,55,17.0,19.5
2025-12,Golyanovo,VAO,263200,300200,1097,26,57,34,17.0,19.5
2026-01,Golyanovo,VAO,245400,273100,1023,168,38,100,17.0,19.5
2026-02,Golyanovo,VAO,264200,300900,1101,112,50,84,17.0,19.5
2026-03,Golyanovo,VAO,264900,299500,1104,82,37,78,17.0,19.5
2026-04,Golyanovo,VAO,258000,280700,1075,67,37,97,17.0,19.5
2020-01,Ivanovskoye,VAO,174300,199400,726,49,76,110,6.0,8.5
2020-02,Ivanovskoye,VAO,176200,188900,734,163,47,102,6.0,8.5
2020-03,Ivanovskoye,VAO,185500,200200,773,44,36,39,6.0,8.5
2020-04,Ivanovskoye,VAO,183300,191600,764,94,5,110,4.25,6.75
2020-05,Ivanovskoye,VAO,182400,194000,760,182,62,118,4.25,6.75
2020-06,Ivanovskoye,VAO,188100,201900,784,29,77,52,4.25,6.75
2020-07,Ivanovskoye,VAO,187100,200500,780,60,54,73,4.25,6.75
2020-08,Ivanovskoye,VAO,190200,210000,792,169,75,89,4.25,6.75
2020-09,Ivanovskoye,VAO,202000,220000,842,198,79,34,4.25,6.75
2020-10,Ivanovskoye,VAO,193200,215100,805,155,62,51,4.25,6.75
2020-11,Ivanovskoye,VAO,203300,226400,847,149,49,14,4.25,6.75
2020-12,Ivanovskoye,VAO,204000,235900,850,53,24,51,4.25,6.75
2021-01,Ivanovskoye,VAO,197600,208600,823,195,77,12,4.25,6.75
2021-02,Ivanovskoye,VAO,210300,246900,876,181,41,28,4.25,6.75
2021-03,Ivanovskoye,VAO,209500,225000,873,33,40,31,4.25,6.75
2021-04,Ivanovskoye,VAO,212400,234500,885,20,47,85,8.5,11.0
2021-05,Ivanovskoye,VAO,220900,235400,921,139,38,54,8.5,11.0
2021-06,Ivanovskoye,VAO,230500,267800,960,129,56,51,8.5,11.0
2021-07,Ivanovskoye,VAO,228700,248700,953,25,36,89,8.5,11.0
2021-08,Ivanovskoye,VAO,231600,249000,965,89,60,89,8.5,11.0
2021-09,Ivanovskoye,VAO,239100,268600,996,180,58,89,8.5,11.0
2021-10,Ivanovskoye,VAO,222000,247300,925,174,9,41,8.5,11.0
2021-11,Ivanovskoye,VAO,232300,265200,968,80,29,62,8.5,11.0
2021-12,Ivanovskoye,VAO,231200,253000,963,28,31,15,8.5,11.0
2022-01,Ivanovskoye,VAO,245000,259200,1021,65,18,113,20.0,22.5
2022-02,Ivanovskoye,VAO,230700,244300,961,182,50,88,20.0,22.5
2022-03,Ivanovskoye,VAO,227400,259100,947,58,58,53,20.0,22.5
2022-04,Ivanovskoye,VAO,220800,241000,920,110,49,82,9.5,12.0
2022-05,Ivanovskoye,VAO,233400,253300,972,176,20,56,9.5,12.0
2022-06,Ivanovskoye,VAO,227600,247200,948,188,75,75,9.5,12.0
2022-07,Ivanovskoye,VAO,224000,251700,933,151,7,110,9.5,12.0
2022-08,Ivanovskoye,VAO,232600,271400,969,110,47,42,9.5,12.0
2022-09,Ivanovskoye,VAO,242800,266800,1012,56,36,92,9.5,12.0
2022-10,Ivanovskoye,VAO,234600,256800,977,109,15,76,7.5,10.0
2022-11,Ivanovskoye,VAO,246900,268200,1029,21,18,78,7.5,10.0
2022-12,Ivanovskoye,VAO,251500,272500,1048,164,68,46,7.5,10.0
2023-01,Ivanovskoye,VAO,249600,270000,1040,71,72,118,7.5,10.0
2023-02,Ivanovskoye,VAO,248200,281600,1034,51,34,39,7.5,10.0
2023-03,Ivanovskoye,VAO,266200,305000,1109,129,40,61,7.5,10.0
2023-04,Ivanovskoye,VAO,252400,270000,1052,31,18,81,7.5,10.0
2023-05,Ivanovskoye,VAO,259500,286000,1081,190,40,91,7.5,10.0
2023-06,Ivanovskoye,VAO,259300,288500,1080,54,16,91,7.5,10.0
2023-07,Ivanovskoye,VAO,257000,286700,1071,187,26,106,13.0,15.5
2023-08,Ivanovskoye,VAO,262800,286800,1095,175,16,67,13.0,15.5
2023-09,Ivanovskoye,VAO,266800,298800,1112,169,26,89,13.0,15.5
2023-10,Ivanovskoye,VAO,283900,304500,1183,174,52,37,13.0,15.5
2023-11,Ivanovskoye,VAO,267500,307600,1114,81,56,114,13.0,15.5
2023-12,Ivanovskoye,VAO,276000,305800,1150,177,6,53,13.0,15.5
2024-01,Ivanovskoye,VAO,260700,292900,1086,141,13,84,16.0,18.5
2024-02,Ivanovskoye,VAO,271100,305000,1129,46,9,52,16.0,18.5
2024-03,Ivanovskoye,VAO,271900,290600,1133,24,36,93,16.0,18.5
2024-04,Ivanovskoye,VAO,274600,292700,1144,94,39,93,16.0,18.5
2024-05,Ivanovskoye,VAO,272200,301100,1134,76,72,19,16.0,18.5
2024-06,Ivanovskoye,VAO,290800,318600,1212,147,53,90,16.0,18.5
2024-07,Ivanovskoye,VAO,294300,345000,1226,199,67,110,16.0,18.5
2024-08,Ivanovskoye,VAO,277400,314200,1156,196,68,93,16.0,18.5
2024-09,Ivanovskoye,VAO,278200,311000,1159,35,19,68,16.0,18.5
2024-10,Ivanovskoye,VAO,266000,291600,1108,126,59,16,21.0,23.5
2024-11,Ivanovskoye,VAO,266200,292800,1109,184,48,113,21.0,23.5
2024-12,Ivanovskoye,VAO,275100,308400,1146,26,78,107,21.0,23.5
2025-01,Ivanovskoye,VAO,272700,289000,1136,74,50,91,21.0,23.5
2025-02,Ivanovskoye,VAO,264300,293300,1101,159,8,108,21.0,23.5
2025-03,Ivanovskoye,VAO,266900,286700,1112,131,15,94,21.0,23.5
2025-04,Ivanovskoye,VAO,268300,295300,1118,39,10,88,21.0,23.5
2025-05,Ivanovskoye,VAO,273700,308700,1141,105,55,49,21.0,23.5
2025-06,Ivanovskoye,VAO,272300,293200,1135,147,65,17,21.0,23.5
2025-07,Ivanovskoye,VAO,265300,289400,1106,61,59,104,17.0,19.5
2025-08,Ivanovskoye,VAO,273500,303300,1140,142,77,23,17.0,19.5
2025-09,Ivanovskoye,VAO,272400,307000,1135,149,71,78,17.0,19.5
2025-10,Ivanovskoye,VAO,272600,295300,1136,168,5,80,17.0,19.5
2025-11,Ivanovskoye,VAO,262800,295000,1095,35,67,63,17.0,19.5
2025-12,Ivanovskoye,VAO,261800,279900,1091,50,39,32,17.0,19.5
2026-01,Ivanovskoye,VAO,272000,316800,1133,87,42,77,17.0,19.5
2026-02,Ivanovskoye,VAO,273100,296600,1138,199,28,106,17.0,19.5
2026-03,Ivanovskoye,VAO,267300,282600,1114,39,27,22,17.0,19.5
2026-04,Ivanovskoye,VAO,272500,308400,1136,112,13,104,17.0,19.5
2020-01,Izmaylovo,VAO,207000,229900,862,25,67,112,6.0,8.5
2020-02,Izmaylovo,VAO,216800,248000,903,139,78,110,6.0,8.5
2020-03,Izmaylovo,VAO,208000,233100,867,182,61,31,6.0,8.5
2020-04,Izmaylovo,VAO,209100,231900,871,109,18,10,4.25,6.75
2020-05,Izmaylovo,VAO,208200,235400,868,185,10,77,4.25,6.75
2020-06,Izmaylovo,VAO,217900,252500,908,199,13,58,4.25,6.75
2020-07,Izmaylovo,VAO,222900,238700,929,125,79,106,4.25,6.75
2020-08,Izmaylovo,VAO,218800,237500,912,87,77,40,4.25,6.75
2020-09,Izmaylovo,VAO,231400,263900,964,171,57,18,4.25,6.75
2020-10,Izmaylovo,VAO,226900,243600,946,94,63,13,4.25,6.75
2020-11,Izmaylovo,VAO,236800,274500,987,26,74,37,4.25,6.75
2020-12,Izmaylovo,VAO,235700,245700,982,28,16,105,4.25,6.75
2021-01,Izmaylovo,VAO,236900,257400,987,132,32,92,4.25,6.75
2021-02,Izmaylovo,VAO,244300,271900,1018,190,49,115,4.25,6.75
2021-03,Izmaylovo,VAO,247800,269000,1033,35,74,77,4.25,6.75
2021-04,Izmaylovo,VAO,256700,289000,1070,111,56,46,8.5,11.0
2021-05,Izmaylovo,VAO,250900,281100,1046,152,62,42,8.5,11.0
2021-06,Izmaylovo,VAO,257400,291900,1072,51,11,61,8.5,11.0
2021-07,Izmaylovo,VAO,258900,291400,1079,38,63,118,8.5,11.0
2021-08,Izmaylovo,VAO,270600,296600,1127,146,38,28,8.5,11.0
2021-09,Izmaylovo,VAO,273700,295400,1140,158,35,52,8.5,11.0
2021-10,Izmaylovo,VAO,266000,293400,1108,83,75,13,8.5,11.0
2021-11,Izmaylovo,VAO,266300,299900,1110,157,17,50,8.5,11.0
2021-12,Izmaylovo,VAO,269500,304800,1123,38,78,90,8.5,11.0
2022-01,Izmaylovo,VAO,287700,321500,1199,139,32,106,20.0,22.5
2022-02,Izmaylovo,VAO,270500,300400,1127,113,46,38,20.0,22.5
2022-03,Izmaylovo,VAO,265800,292300,1108,90,61,29,20.0,22.5
2022-04,Izmaylovo,VAO,255100,282900,1063,97,21,37,9.5,12.0
2022-05,Izmaylovo,VAO,265500,305600,1106,38,76,80,9.5,12.0
2022-06,Izmaylovo,VAO,269000,297000,1121,71,29,38,9.5,12.0
2022-07,Izmaylovo,VAO,263000,286900,1096,120,79,72,9.5,12.0
2022-08,Izmaylovo,VAO,285200,312500,1188,171,52,51,9.5,12.0
2022-09,Izmaylovo,VAO,287500,315000,1198,197,76,93,9.5,12.0
2022-10,Izmaylovo,VAO,286500,324800,1194,177,66,102,7.5,10.0
2022-11,Izmaylovo,VAO,285500,306800,1189,188,60,74,7.5,10.0
2022-12,Izmaylovo,VAO,289300,314400,1206,167,42,48,7.5,10.0
2023-01,Izmaylovo,VAO,297200,320300,1238,27,37,25,7.5,10.0
2023-02,Izmaylovo,VAO,282100,310500,1176,114,37,70,7.5,10.0
2023-03,Izmaylovo,VAO,297100,321500,1238,44,7,12,7.5,10.0
2023-04,Izmaylovo,VAO,295400,327300,1231,39,45,13,7.5,10.0
2023-05,Izmaylovo,VAO,308900,344600,1287,152,46,117,7.5,10.0
2023-06,Izmaylovo,VAO,298000,332000,1242,72,21,100,7.5,10.0
2023-07,Izmaylovo,VAO,300000,334500,1250,121,18,11,13.0,15.5
2023-08,Izmaylovo,VAO,288200,326400,1201,184,46,109,13.0,15.5
2023-09,Izmaylovo,VAO,307800,339700,1283,122,74,55,13.0,15.5
2023-10,Izmaylovo,VAO,304200,333300,1268,78,43,118,13.0,15.5
2023-11,Izmaylovo,VAO,317000,352400,1321,160,50,58,13.0,15.5
2023-12,Izmaylovo,VAO,324400,346400,1352,198,22,97,13.0,15.5
2024-01,Izmaylovo,VAO,308400,347700,1285,99,46,66,16.0,18.5
2024-02,Izmaylovo,VAO,322200,351600,1342,128,42,42,16.0,18.5
2024-03,Izmaylovo,VAO,319300,343400,1330,113,73,67,16.0,18.5
2024-04,Izmaylovo,VAO,317000,343100,1321,101,28,53,16.0,18.5
2024-05,Izmaylovo,VAO,322300,352300,1343,49,75,34,16.0,18.5
2024-06,Izmaylovo,VAO,314500,349000,1311,43,40,94,16.0,18.5
2024-07,Izmaylovo,VAO,328100,358200,1367,21,64,37,16.0,18.5
2024-08,Izmaylovo,VAO,323400,349000,1347,188,10,60,16.0,18.5
2024-09,Izmaylovo,VAO,309300,323000,1289,27,21,45,16.0,18.5
2024-10,Izmaylovo,VAO,314300,352700,1309,114,70,93,21.0,23.5
2024-11,Izmaylovo,VAO,305800,333500,1274,99,70,105,21.0,23.5
2024-12,Izmaylovo,VAO,308800,343000,1287,186,60,59,21.0,23.5
2025-01,Izmaylovo,VAO,301500,337500,1256,90,74,68,21.0,23.5
2025-02,Izmaylovo,VAO,314400,348700,1310,83,70,17,21.0,23.5
2025-03,Izmaylovo,VAO,321400,375400,1339,89,33,102,21.0,23.5
2025-04,Izmaylovo,VAO,310700,337600,1295,197,71,62,21.0,23.5
2025-05,Izmaylovo,VAO,305700,350400,1274,123,27,78,21.0,23.5
2025-06,Izmaylovo,VAO,315100,379400,1313,48,52,96,21.0,23.5
2025-07,Izmaylovo,VAO,299200,342300,1247,77,54,34,17.0,19.5
2025-08,Izmaylovo,VAO,308600,340900,1286,41,9,116,17.0,19.5
2025-09,Izmaylovo,VAO,310300,328500,1293,31,68,64,17.0,19.5
2025-10,Izmaylovo,VAO,325400,354600,1356,157,71,52,17.0,19.5
2025-11,Izmaylovo,VAO,310900,342400,1296,53,44,21,17.0,19.5
2025-12,Izmaylovo,VAO,316400,336900,1318,117,50,36,17.0,19.5
2026-01,Izmaylovo,VAO,310200,342100,1292,141,57,22,17.0,19.5
2026-02,Izmaylovo,VAO,313600,330700,1307,30,23,78,17.0,19.5
2026-03,Izmaylovo,VAO,313100,338000,1305,34,65,99,17.0,19.5
2026-04,Izmaylovo,VAO,334500,356500,1394,56,16,96,17.0,19.5
2020-01,Kosino-Ukhtomsky,VAO,161600,178700,673,146,59,87,6.0,8.5
2020-02,Kosino-Ukhtomsky,VAO,169400,181900,706,117,75,72,6.0,8.5
2020-03,Kosino-Ukhtomsky,VAO,164400,186400,685,161,24,101,6.0,8.5
2020-04,Kosino-Ukhtomsky,VAO,158900,184200,662,41,53,48,4.25,6.75
2020-05,Kosino-Ukhtomsky,VAO,179100,197300,746,121,22,104,4.25,6.75
2020-06,Kosino-Ukhtomsky,VAO,174900,197200,729,52,9,33,4.25,6.75
2020-07,Kosino-Ukhtomsky,VAO,179400,191900,748,81,30,95,4.25,6.75
2020-08,Kosino-Ukhtomsky,VAO,166100,178700,692,155,48,18,4.25,6.75
2020-09,Kosino-Ukhtomsky,VAO,183700,200800,766,110,57,95,4.25,6.75
2020-10,Kosino-Ukhtomsky,VAO,176400,195900,735,122,78,88,4.25,6.75
2020-11,Kosino-Ukhtomsky,VAO,191700,206300,799,38,47,83,4.25,6.75
2020-12,Kosino-Ukhtomsky,VAO,191200,206000,797,65,11,40,4.25,6.75
2021-01,Kosino-Ukhtomsky,VAO,193700,213000,807,67,38,40,4.25,6.75
2021-02,Kosino-Ukhtomsky,VAO,190800,200700,795,75,51,117,4.25,6.75
2021-03,Kosino-Ukhtomsky,VAO,184900,205300,770,198,7,71,4.25,6.75
2021-04,Kosino-Ukhtomsky,VAO,199600,223300,832,143,41,14,8.5,11.0
2021-05,Kosino-Ukhtomsky,VAO,199000,228500,829,78,64,26,8.5,11.0
2021-06,Kosino-Ukhtomsky,VAO,208900,232700,871,87,21,118,8.5,11.0
2021-07,Kosino-Ukhtomsky,VAO,211900,244600,883,143,28,61,8.5,11.0
2021-08,Kosino-Ukhtomsky,VAO,222800,234700,928,122,8,15,8.5,11.0
2021-09,Kosino-Ukhtomsky,VAO,206300,216500,860,41,7,81,8.5,11.0
2021-10,Kosino-Ukhtomsky,VAO,220800,246500,920,136,39,73,8.5,11.0
2021-11,Kosino-Ukhtomsky,VAO,214700,235800,895,43,7,29,8.5,11.0
2021-12,Kosino-Ukhtomsky,VAO,233800,257600,974,166,58,88,8.5,11.0
2022-01,Kosino-Ukhtomsky,VAO,220700,246500,920,86,5,62,20.0,22.5
2022-02,Kosino-Ukhtomsky,VAO,220800,233700,920,70,73,69,20.0,22.5
2022-03,Kosino-Ukhtomsky,VAO,214100,239000,892,93,79,108,20.0,22.5
2022-04,Kosino-Ukhtomsky,VAO,215700,226800,899,126,48,21,9.5,12.0
2022-05,Kosino-Ukhtomsky,VAO,210400,231100,877,147,25,105,9.5,12.0
2022-06,Kosino-Ukhtomsky,VAO,215500,233400,898,50,58,26,9.5,12.0
2022-07,Kosino-Ukhtomsky,VAO,220900,233600,921,102,66,32,9.5,12.0
2022-08,Kosino-Ukhtomsky,VAO,219300,241900,914,69,14,100,9.5,12.0
2022-09,Kosino-Ukhtomsky,VAO,222200,246600,926,158,27,97,9.5,12.0
2022-10,Kosino-Ukhtomsky,VAO,230300,253400,959,122,46,92,7.5,10.0
2022-11,Kosino-Ukhtomsky,VAO,232200,263500,967,156,45,55,7.5,10.0
2022-12,Kosino-Ukhtomsky,VAO,229900,253800,958,103,34,10,7.5,10.0
2023-01,Kosino-Ukhtomsky,VAO,242500,268100,1011,95,6,118,7.5,10.0
2023-02,Kosino-Ukhtomsky,VAO,238400,263700,994,28,6,54,7.5,10.0
2023-03,Kosino-Ukhtomsky,VAO,235000,253100,979,96,34,46,7.5,10.0
2023-04,Kosino-Ukhtomsky,VAO,240200,261600,1001,160,61,44,7.5,10.0
2023-05,Kosino-Ukhtomsky,VAO,246200,269400,1026,174,77,78,7.5,10.0
2023-06,Kosino-Ukhtomsky,VAO,243800,274800,1016,176,56,102,7.5,10.0
2023-07,Kosino-Ukhtomsky,VAO,236200,261800,984,100,46,21,13.0,15.5
2023-08,Kosino-Ukhtomsky,VAO,249900,280800,1041,162,78,16,13.0,15.5
2023-09,Kosino-Ukhtomsky,VAO,250800,281800,1045,79,43,85,13.0,15.5
2023-10,Kosino-Ukhtomsky,VAO,261900,282300,1091,80,25,93,13.0,15.5
2023-11,Kosino-Ukhtomsky,VAO,248000,257200,1033,75,33,50,13.0,15.5
2023-12,Kosino-Ukhtomsky,VAO,244300,273100,1018,172,56,119,13.0,15.5
2024-01,Kosino-Ukhtomsky,VAO,250600,273500,1044,41,38,109,16.0,18.5
2024-02,Kosino-Ukhtomsky,VAO,273600,283600,1140,88,55,93,16.0,18.5
2024-03,Kosino-Ukhtomsky,VAO,252600,267900,1053,148,6,35,16.0,18.5
2024-04,Kosino-Ukhtomsky,VAO,255000,282000,1063,79,64,16,16.0,18.5
2024-05,Kosino-Ukhtomsky,VAO,259700,292700,1082,87,59,72,16.0,18.5
2024-06,Kosino-Ukhtomsky,VAO,242800,269900,1012,46,45,43,16.0,18.5
2024-07,Kosino-Ukhtomsky,VAO,263700,296700,1099,86,62,104,16.0,18.5
2024-08,Kosino-Ukhtomsky,VAO,259900,283200,1083,142,66,63,16.0,18.5
2024-09,Kosino-Ukhtomsky,VAO,254900,279100,1062,83,33,80,16.0,18.5
2024-10,Kosino-Ukhtomsky,VAO,248100,272000,1034,34,40,10,21.0,23.5
2024-11,Kosino-Ukhtomsky,VAO,244200,273300,1017,84,52,69,21.0,23.5
2024-12,Kosino-Ukhtomsky,VAO,253700,287900,1057,162,16,96,21.0,23.5
2025-01,Kosino-Ukhtomsky,VAO,255000,277200,1063,152,10,86,21.0,23.5
2025-02,Kosino-Ukhtomsky,VAO,239700,258600,999,174,58,100,21.0,23.5
2025-03,Kosino-Ukhtomsky,VAO,255100,286300,1063,199,68,106,21.0,23.5
2025-04,Kosino-Ukhtomsky,VAO,256700,285700,1070,116,57,29,21.0,23.5
2025-05,Kosino-Ukhtomsky,VAO,243300,280000,1014,67,41,30,21.0,23.5
2025-06,Kosino-Ukhtomsky,VAO,248900,268400,1037,181,9,57,21.0,23.5
2025-07,Kosino-Ukhtomsky,VAO,247300,274900,1030,125,69,62,17.0,19.5
2025-08,Kosino-Ukhtomsky,VAO,254900,291200,1062,102,59,67,17.0,19.5
2025-09,Kosino-Ukhtomsky,VAO,253600,300500,1057,87,74,67,17.0,19.5
2025-10,Kosino-Ukhtomsky,VAO,263500,299800,1098,129,67,21,17.0,19.5
2025-11,Kosino-Ukhtomsky,VAO,248100,280400,1034,117,28,25,17.0,19.5
2025-12,Kosino-Ukhtomsky,VAO,247700,278500,1032,198,66,44,17.0,19.5
2026-01,Kosino-Ukhtomsky,VAO,250300,270800,1043,130,16,60,17.0,19.5
2026-02,Kosino-Ukhtomsky,VAO,262500,295000,1094,68,5,117,17.0,19.5
2026-03,Kosino-Ukhtomsky,VAO,255200,280400,1063,72,63,87,17.0,19.5
2026-04,Kosino-Ukhtomsky,VAO,247900,267700,1033,116,18,32,17.0,19.5
2020-01,Metrogorodok,VAO,174800,187200,728,64,66,29,6.0,8.5
2020-02,Metrogorodok,VAO,168100,184300,701,140,27,56,6.0,8.5
2020-03,Metrogorodok,VAO,178000,196300,742,173,58,80,6.0,8.5
2020-04,Metrogorodok,VAO,175800,190600,732,180,5,54,4.25,6.75
2020-05,Metrogorodok,VAO,179100,194900,746,167,70,44,4.25,6.75
2020-06,Metrogorodok,VAO,179700,205000,749,131,59,118,4.25,6.75
2020-07,Metrogorodok,VAO,184800,205000,770,101,67,76,4.25,6.75
2020-08,Metrogorodok,VAO,194800,214300,812,29,44,29,4.25,6.75
2020-09,Metrogorodok,VAO,186300,210500,776,152,67,98,4.25,6.75
2020-10,Metrogorodok,VAO,186000,206400,775,62,12,55,4.25,6.75
2020-11,Metrogorodok,VAO,183400,193300,764,138,32,63,4.25,6.75
2020-12,Metrogorodok,VAO,205900,225500,858,166,16,101,4.25,6.75
2021-01,Metrogorodok,VAO,199600,223700,832,199,31,52,4.25,6.75
2021-02,Metrogorodok,VAO,201700,226100,840,167,39,89,4.25,6.75
2021-03,Metrogorodok,VAO,200300,218900,835,144,9,76,4.25,6.75
2021-04,Metrogorodok,VAO,209100,232700,871,180,15,44,8.5,11.0
2021-05,Metrogorodok,VAO,211000,240300,879,150,79,58,8.5,11.0
2021-06,Metrogorodok,VAO,216400,236800,902,88,30,41,8.5,11.0
2021-07,Metrogorodok,VAO,212600,227300,886,25,48,107,8.5,11.0
2021-08,Metrogorodok,VAO,221300,249300,922,117,14,98,8.5,11.0
2021-09,Metrogorodok,VAO,217200,231900,905,174,55,54,8.5,11.0
2021-10,Metrogorodok,VAO,213200,225100,888,191,47,90,8.5,11.0
2021-11,Metrogorodok,VAO,233200,259800,972,21,56,13,8.5,11.0
2021-12,Metrogorodok,VAO,241300,265400,1005,172,67,78,8.5,11.0
2022-01,Metrogorodok,VAO,234200,255100,976,37,16,113,20.0,22.5
2022-02,Metrogorodok,VAO,245700,259000,1024,151,56,68,20.0,22.5
2022-03,Metrogorodok,VAO,223600,244400,932,112,52,88,20.0,22.5
2022-04,Metrogorodok,VAO,214600,240100,894,63,48,92,9.5,12.0
2022-05,Metrogorodok,VAO,218500,246600,911,87,76,50,9.5,12.0
2022-06,Metrogorodok,VAO,224900,240200,937,170,70,70,9.5,12.0
2022-07,Metrogorodok,VAO,229900,257900,958,88,48,50,9.5,12.0
2022-08,Metrogorodok,VAO,240800,275800,1003,195,31,60,9.5,12.0
2022-09,Metrogorodok,VAO,234400,267000,977,133,65,63,9.5,12.0
2022-10,Metrogorodok,VAO,236400,259900,985,23,19,72,7.5,10.0
2022-11,Metrogorodok,VAO,231400,247000,964,123,52,29,7.5,10.0
2022-12,Metrogorodok,VAO,238900,261100,995,27,8,118,7.5,10.0
2023-01,Metrogorodok,VAO,249500,258100,1040,122,65,69,7.5,10.0
2023-02,Metrogorodok,VAO,244200,267800,1018,68,20,109,7.5,10.0
2023-03,Metrogorodok,VAO,250800,281600,1045,69,70,58,7.5,10.0
2023-04,Metrogorodok,VAO,253200,282700,1055,186,66,16,7.5,10.0
2023-05,Metrogorodok,VAO,261700,291100,1090,180,62,42,7.5,10.0
2023-06,Metrogorodok,VAO,249500,264100,1040,65,32,77,7.5,10.0
2023-07,Metrogorodok,VAO,249300,277200,1039,44,9,16,13.0,15.5
2023-08,Metrogorodok,VAO,245600,263900,1023,101,17,58,13.0,15.5
2023-09,Metrogorodok,VAO,257100,291100,1071,116,13,25,13.0,15.5
2023-10,Metrogorodok,VAO,259400,282100,1081,122,6,30,13.0,15.5
2023-11,Metrogorodok,VAO,261100,307100,1088,69,26,106,13.0,15.5
2023-12,Metrogorodok,VAO,256000,280800,1066,92,9,47,13.0,15.5
2024-01,Metrogorodok,VAO,262200,280400,1093,69,54,53,16.0,18.5
2024-02,Metrogorodok,VAO,248400,274100,1035,183,56,113,16.0,18.5
2024-03,Metrogorodok,VAO,258300,284900,1076,62,23,93,16.0,18.5
2024-04,Metrogorodok,VAO,259200,275400,1080,138,72,74,16.0,18.5
2024-05,Metrogorodok,VAO,260200,287200,1084,142,37,96,16.0,18.5
2024-06,Metrogorodok,VAO,274500,298500,1144,118,61,13,16.0,18.5
2024-07,Metrogorodok,VAO,265500,295400,1106,23,17,111,16.0,18.5
2024-08,Metrogorodok,VAO,271300,295700,1130,37,76,105,16.0,18.5
2024-09,Metrogorodok,VAO,262700,267900,1094,49,14,32,16.0,18.5
2024-10,Metrogorodok,VAO,270700,296700,1128,76,79,85,21.0,23.5
2024-11,Metrogorodok,VAO,259200,283900,1080,44,17,45,21.0,23.5
2024-12,Metrogorodok,VAO,257600,286200,1073,22,39,45,21.0,23.5
2025-01,Metrogorodok,VAO,246300,274100,1026,124,15,40,21.0,23.5
2025-02,Metrogorodok,VAO,247100,267200,1030,148,58,68,21.0,23.5
2025-03,Metrogorodok,VAO,260600,275300,1086,161,39,73,21.0,23.5
2025-04,Metrogorodok,VAO,256200,286400,1068,47,65,110,21.0,23.5
2025-05,Metrogorodok,VAO,252000,272600,1050,115,77,57,21.0,23.5
2025-06,Metrogorodok,VAO,249100,281300,1038,145,28,50,21.0,23.5
2025-07,Metrogorodok,VAO,259800,282300,1082,96,38,94,17.0,19.5
2025-08,Metrogorodok,VAO,261400,286600,1089,146,67,44,17.0,19.5
2025-09,Metrogorodok,VAO,269400,299500,1123,197,63,49,17.0,19.5
2025-10,Metrogorodok,VAO,265000,289300,1104,67,24,115,17.0,19.5
2025-11,Metrogorodok,VAO,259400,280400,1081,68,73,81,17.0,19.5
2025-12,Metrogorodok,VAO,262200,280200,1093,153,22,21,17.0,19.5
2026-01,Metrogorodok,VAO,261200,274700,1088,111,69,19,17.0,19.5
2026-02,Metrogorodok,VAO,260500,273600,1086,153,37,111,17.0,19.5
2026-03,Metrogorodok,VAO,264800,294400,1104,76,54,63,17.0,19.5
2026-04,Metrogorodok,VAO,268700,282800,1120,79,29,82,17.0,19.5
2020-01,Novogireyevo,VAO,189300,214900,789,92,26,79,6.0,8.5
2020-02,Novogireyevo,VAO,186400,209300,777,91,19,49,6.0,8.5
2020-03,Novogireyevo,VAO,186600,202900,777,140,68,44,6.0,8.5
2020-04,Novogireyevo,VAO,191200,205300,797,97,10,118,4.25,6.75
2020-05,Novogireyevo,VAO,190800,206400,795,155,18,40,4.25,6.75
2020-06,Novogireyevo,VAO,200100,225700,834,75,9,75,4.25,6.75
2020-07,Novogireyevo,VAO,209400,225500,872,137,34,19,4.25,6.75
2020-08,Novogireyevo,VAO,194900,216400,812,166,74,15,4.25,6.75
2020-09,Novogireyevo,VAO,223200,256100,930,24,19,77,4.25,6.75
2020-10,Novogireyevo,VAO,214200,250700,892,122,28,106,4.25,6.75
2020-11,Novogireyevo,VAO,219400,248400,914,29,27,62,4.25,6.75
2020-12,Novogireyevo,VAO,226900,252800,946,148,61,27,4.25,6.75
2021-01,Novogireyevo,VAO,220300,240800,918,54,55,111,4.25,6.75
2021-02,Novogireyevo,VAO,239800,265900,999,198,77,41,4.25,6.75
2021-03,Novogireyevo,VAO,224200,255100,934,68,11,60,4.25,6.75
2021-04,Novogireyevo,VAO,225800,249400,941,146,20,18,8.5,11.0
2021-05,Novogireyevo,VAO,224000,246500,933,69,50,114,8.5,11.0
2021-06,Novogireyevo,VAO,239200,266800,997,40,16,47,8.5,11.0
2021-07,Novogireyevo,VAO,246900,273300,1029,46,47,80,8.5,11.0
2021-08,Novogireyevo,VAO,231500,249800,964,177,34,35,8.5,11.0
2021-09,Novogireyevo,VAO,250300,274800,1043,178,75,52,8.5,11.0
2021-10,Novogireyevo,VAO,256200,284200,1068,56,14,13,8.5,11.0
2021-11,Novogireyevo,VAO,251500,271700,1048,61,11,20,8.5,11.0
2021-12,Novogireyevo,VAO,261900,294400,1091,120,65,94,8.5,11.0
2022-01,Novogireyevo,VAO,258600,288100,1077,132,51,13,20.0,22.5
2022-02,Novogireyevo,VAO,254900,295200,1062,156,59,38,20.0,22.5
2022-03,Novogireyevo,VAO,243700,274800,1015,29,43,111,20.0,22.5
2022-04,Novogireyevo,VAO,245400,258800,1022,63,54,41,9.5,12.0
2022-05,Novogireyevo,VAO,250100,268200,1042,112,35,50,9.5,12.0
2022-06,Novogireyevo,VAO,250500,262400,1044,80,64,71,9.5,12.0
2022-07,Novogireyevo,VAO,240300,271200,1001,161,72,78,9.5,12.0
2022-08,Novogireyevo,VAO,267800,295900,1116,138,54,66,9.5,12.0
2022-09,Novogireyevo,VAO,261000,285300,1088,96,79,71,9.5,12.0
2022-10,Novogireyevo,VAO,259600,280500,1081,184,10,97,7.5,10.0
2022-11,Novogireyevo,VAO,258200,286700,1076,189,7,93,7.5,10.0
2022-12,Novogireyevo,VAO,270500,294300,1127,35,11,31,7.5,10.0
2023-01,Novogireyevo,VAO,261700,291800,1091,95,20,75,7.5,10.0
2023-02,Novogireyevo,VAO,281600,313600,1173,23,14,20,7.5,10.0
2023-03,Novogireyevo,VAO,287300,307000,1197,34,47,29,7.5,10.0
2023-04,Novogireyevo,VAO,276600,295900,1152,188,49,105,7.5,10.0
2023-05,Novogireyevo,VAO,276800,301700,1153,106,26,45,7.5,10.0
2023-06,Novogireyevo,VAO,278000,293200,1158,157,6,29,7.5,10.0
2023-07,Novogireyevo,VAO,282700,299700,1178,66,18,55,13.0,15.5
2023-08,Novogireyevo,VAO,271800,308800,1133,73,34,91,13.0,15.5
2023-09,Novogireyevo,VAO,277300,302300,1155,45,23,95,13.0,15.5
2023-10,Novogireyevo,VAO,276200,310400,1151,93,28,80,13.0,15.5
2023-11,Novogireyevo,VAO,275300,291200,1147,166,22,65,13.0,15.5
2023-12,Novogireyevo,VAO,274600,284900,1144,43,68,82,13.0,15.5
2024-01,Novogireyevo,VAO,284200,312100,1184,91,77,17,16.0,18.5
2024-02,Novogireyevo,VAO,297200,316300,1238,188,60,84,16.0,18.5
2024-03,Novogireyevo,VAO,308700,355500,1286,145,39,52,16.0,18.5
2024-04,Novogireyevo,VAO,277200,301200,1155,43,62,12,16.0,18.5
2024-05,Novogireyevo,VAO,278300,305700,1160,117,64,11,16.0,18.5
2024-06,Novogireyevo,VAO,295600,323600,1231,105,63,11,16.0,18.5
2024-07,Novogireyevo,VAO,309700,328700,1291,132,65,88,16.0,18.5
2024-08,Novogireyevo,VAO,289800,321600,1208,153,64,27,16.0,18.5
2024-09,Novogireyevo,VAO,298200,347800,1242,70,5,81,16.0,18.5
2024-10,Novogireyevo,VAO,274600,322600,1144,131,67,61,21.0,23.5
2024-11,Novogireyevo,VAO,296300,311900,1235,120,21,59,21.0,23.5
2024-12,Novogireyevo,VAO,275200,302000,1147,187,45,81,21.0,23.5
2025-01,Novogireyevo,VAO,278000,301300,1159,111,46,20,21.0,23.5
2025-02,Novogireyevo,VAO,288000,310600,1200,23,37,86,21.0,23.5
2025-03,Novogireyevo,VAO,279300,305400,1164,156,70,91,21.0,23.5
2025-04,Novogireyevo,VAO,286800,319700,1195,120,11,103,21.0,23.5
2025-05,Novogireyevo,VAO,281600,316100,1173,131,49,31,21.0,23.5
2025-06,Novogireyevo,VAO,285200,319500,1188,73,37,46,21.0,23.5
2025-07,Novogireyevo,VAO,289200,312300,1205,31,19,72,17.0,19.5
2025-08,Novogireyevo,VAO,284000,308600,1183,55,70,23,17.0,19.5
2025-09,Novogireyevo,VAO,266500,277600,1110,159,45,88,17.0,19.5
2025-10,Novogireyevo,VAO,284300,313000,1184,145,52,66,17.0,19.5
2025-11,Novogireyevo,VAO,281200,295900,1172,74,6,30,17.0,19.5
2025-12,Novogireyevo,VAO,276100,304000,1150,189,9,24,17.0,19.5
2026-01,Novogireyevo,VAO,286500,310600,1194,116,31,63,17.0,19.5
2026-02,Novogireyevo,VAO,282500,313600,1177,104,34,52,17.0,19.5
2026-03,Novogireyevo,VAO,274500,302900,1144,178,49,90,17.0,19.5
2026-04,Novogireyevo,VAO,295900,316200,1233,64,6,48,17.0,19.5
2020-01,Novokosino,VAO,178400,199800,743,126,59,64,6.0,8.5
2020-02,Novokosino,VAO,190500,214200,794,66,6,114,6.0,8.5
2020-03,Novokosino,VAO,174800,190400,728,139,42,63,6.0,8.5
2020-04,Novokosino,VAO,184600,199900,769,77,74,98,4.25,6.75
2020-05,Novokosino,VAO,184700,200700,769,68,51,54,4.25,6.75
2020-06,Novokosino,VAO,188900,209100,787,85,16,111,4.25,6.75
2020-07,Novokosino,VAO,184800,199900,770,167,58,102,4.25,6.75
2020-08,Novokosino,VAO,194700,211500,811,103,5,69,4.25,6.75
2020-09,Novokosino,VAO,188700,211700,786,169,7,84,4.25,6.75
2020-10,Novokosino,VAO,209000,231500,871,169,45,75,4.25,6.75
2020-11,Novokosino,VAO,199700,223200,832,190,73,97,4.25,6.75
2020-12,Novokosino,VAO,200000,214900,833,74,10,117,4.25,6.75
2021-01,Novokosino,VAO,208300,217600,868,143,21,45,4.25,6.75
2021-02,Novokosino,VAO,201800,220200,841,129,48,70,4.25,6.75
2021-03,Novokosino,VAO,213600,235200,890,135,55,49,4.25,6.75
2021-04,Novokosino,VAO,217300,238700,905,165,31,22,8.5,11.0
2021-05,Novokosino,VAO,213000,248500,888,35,10,39,8.5,11.0
2021-06,Novokosino,VAO,223400,242000,931,106,30,105,8.5,11.0
2021-07,Novokosino,VAO,222200,249400,926,183,15,46,8.5,11.0
2021-08,Novokosino,VAO,235200,253700,980,119,44,43,8.5,11.0
2021-09,Novokosino,VAO,232800,263900,970,128,78,40,8.5,11.0
2021-10,Novokosino,VAO,223600,245600,932,95,58,109,8.5,11.0
2021-11,Novokosino,VAO,243500,274600,1015,157,56,65,8.5,11.0
2021-12,Novokosino,VAO,235900,257400,983,177,7,30,8.5,11.0
2022-01,Novokosino,VAO,235000,251000,979,70,49,22,20.0,22.5
2022-02,Novokosino,VAO,247700,268400,1032,88,68,66,20.0,22.5
2022-03,Novokosino,VAO,236500,255800,985,88,45,102,20.0,22.5
2022-04,Novokosino,VAO,226400,255700,943,140,31,18,9.5,12.0
2022-05,Novokosino,VAO,227000,247500,946,188,44,108,9.5,12.0
2022-06,Novokosino,VAO,231300,261900,964,34,29,41,9.5,12.0
2022-07,Novokosino,VAO,242900,262900,1012,111,29,76,9.5,12.0
2022-08,Novokosino,VAO,240800,258700,1003,127,41,119,9.5,12.0
2022-09,Novokosino,VAO,231800,257100,966,41,13,13,9.5,12.0
2022-10,Novokosino,VAO,251300,276300,1047,137,14,78,7.5,10.0
2022-11,Novokosino,VAO,256900,282400,1071,28,67,83,7.5,10.0
2022-12,Novokosino,VAO,248800,264900,1037,52,48,48,7.5,10.0
2023-01,Novokosino,VAO,247800,276900,1032,24,14,51,7.5,10.0
2023-02,Novokosino,VAO,248800,264900,1037,151,57,53,7.5,10.0
2023-03,Novokosino,VAO,248700,285400,1036,122,67,75,7.5,10.0
2023-04,Novokosino,VAO,249000,278700,1038,170,54,21,7.5,10.0
2023-05,Novokosino,VAO,265700,288600,1107,196,58,96,7.5,10.0
2023-06,Novokosino,VAO,271300,287500,1130,154,57,49,7.5,10.0
2023-07,Novokosino,VAO,264900,298500,1104,49,60,22,13.0,15.5
2023-08,Novokosino,VAO,262000,284300,1092,55,79,93,13.0,15.5
2023-09,Novokosino,VAO,270100,299700,1126,25,45,112,13.0,15.5
2023-10,Novokosino,VAO,270100,307500,1125,153,26,19,13.0,15.5
2023-11,Novokosino,VAO,280000,315700,1167,191,67,97,13.0,15.5
2023-12,Novokosino,VAO,277300,315000,1155,33,75,81,13.0,15.5
2024-01,Novokosino,VAO,271700,306000,1132,191,54,52,16.0,18.5
2024-02,Novokosino,VAO,268700,298100,1120,186,39,31,16.0,18.5
2024-03,Novokosino,VAO,269500,307900,1123,145,40,68,16.0,18.5
2024-04,Novokosino,VAO,276000,302100,1150,81,21,61,16.0,18.5
2024-05,Novokosino,VAO,269500,294200,1123,79,17,15,16.0,18.5
2024-06,Novokosino,VAO,275000,304400,1146,60,30,84,16.0,18.5
2024-07,Novokosino,VAO,265200,291800,1105,81,76,68,16.0,18.5
2024-08,Novokosino,VAO,265100,286800,1105,50,54,43,16.0,18.5
2024-09,Novokosino,VAO,285000,338100,1188,42,16,109,16.0,18.5
2024-10,Novokosino,VAO,273600,307700,1140,97,23,25,21.0,23.5
2024-11,Novokosino,VAO,272900,293900,1137,129,28,44,21.0,23.5
2024-12,Novokosino,VAO,259000,286800,1079,174,27,20,21.0,23.5
2025-01,Novokosino,VAO,272000,288600,1133,35,21,98,21.0,23.5
2025-02,Novokosino,VAO,258300,270900,1076,196,65,12,21.0,23.5
2025-03,Novokosino,VAO,258400,290800,1077,161,18,94,21.0,23.5
2025-04,Novokosino,VAO,275400,291400,1147,169,47,82,21.0,23.5
2025-05,Novokosino,VAO,269400,301800,1122,107,5,43,21.0,23.5
2025-06,Novokosino,VAO,265600,289200,1107,144,56,90,21.0,23.5
2025-07,Novokosino,VAO,261300,282200,1089,131,20,103,17.0,19.5
2025-08,Novokosino,VAO,262600,302200,1094,162,15,39,17.0,19.5
2025-09,Novokosino,VAO,266700,301900,1111,78,12,30,17.0,19.5
2025-10,Novokosino,VAO,265800,296000,1107,24,57,110,17.0,19.5
2025-11,Novokosino,VAO,274100,294000,1142,138,66,79,17.0,19.5
2025-12,Novokosino,VAO,267700,292300,1116,160,51,108,17.0,19.5
2026-01,Novokosino,VAO,280000,312700,1167,29,60,24,17.0,19.5
2026-02,Novokosino,VAO,271600,308000,1132,95,39,37,17.0,19.5
2026-03,Novokosino,VAO,267100,298600,1113,21,44,45,17.0,19.5
2026-04,Novokosino,VAO,277600,302700,1157,93,7,75,17.0,19.5
2020-01,Perovo,VAO,188900,213800,787,55,69,10,6.0,8.5
2020-02,Perovo,VAO,194900,217800,812,176,55,42,6.0,8.5
2020-03,Perovo,VAO,180600,205700,753,197,48,26,6.0,8.5
2020-04,Perovo,VAO,192300,212500,801,36,48,114,4.25,6.75
2020-05,Perovo,VAO,191200,206400,797,125,33,70,4.25,6.75
2020-06,Perovo,VAO,193000,205500,804,76,45,119,4.25,6.75
2020-07,Perovo,VAO,201600,220600,840,138,46,56,4.25,6.75
2020-08,Perovo,VAO,202000,219300,842,156,14,72,4.25,6.75
2020-09,Perovo,VAO,201200,214800,838,105,54,28,4.25,6.75
2020-10,Perovo,VAO,203000,229700,846,129,50,114,4.25,6.75
2020-11,Perovo,VAO,210400,230300,877,170,53,69,4.25,6.75
2020-12,Perovo,VAO,213300,234900,889,46,41,98,4.25,6.75
2021-01,Perovo,VAO,230500,251700,961,34,65,74,4.25,6.75
2021-02,Perovo,VAO,220000,247000,917,112,40,68,4.25,6.75
2021-03,Perovo,VAO,228800,256700,953,68,7,46,4.25,6.75
2021-04,Perovo,VAO,226500,264100,944,170,65,113,8.5,11.0
2021-05,Perovo,VAO,226600,251100,944,25,76,61,8.5,11.0
2021-06,Perovo,VAO,238000,264300,992,35,57,31,8.5,11.0
2021-07,Perovo,VAO,238300,270700,993,199,76,16,8.5,11.0
2021-08,Perovo,VAO,239800,260800,999,164,15,30,8.5,11.0
2021-09,Perovo,VAO,237800,261100,991,41,48,44,8.5,11.0
2021-10,Perovo,VAO,255900,278600,1066,35,59,54,8.5,11.0
2021-11,Perovo,VAO,247700,267400,1032,44,66,81,8.5,11.0
2021-12,Perovo,VAO,270700,298200,1128,117,36,71,8.5,11.0
2022-01,Perovo,VAO,256200,289200,1068,131,72,62,20.0,22.5
2022-02,Perovo,VAO,253500,286200,1056,49,17,92,20.0,22.5
2022-03,Perovo,VAO,256500,288200,1069,37,27,45,20.0,22.5
2022-04,Perovo,VAO,247900,273400,1033,70,42,89,9.5,12.0
2022-05,Perovo,VAO,249600,272900,1040,176,9,76,9.5,12.0
2022-06,Perovo,VAO,244700,268300,1019,107,75,65,9.5,12.0
2022-07,Perovo,VAO,246600,278300,1028,45,5,66,9.5,12.0
2022-08,Perovo,VAO,255200,280600,1063,47,34,31,9.5,12.0
2022-09,Perovo,VAO,256600,292500,1069,141,28,59,9.5,12.0
2022-10,Perovo,VAO,267000,283100,1112,37,33,58,7.5,10.0
2022-11,Perovo,VAO,269100,299500,1121,159,5,16,7.5,10.0
2022-12,Perovo,VAO,276300,293500,1151,130,61,87,7.5,10.0
2023-01,Perovo,VAO,262500,278800,1094,185,52,36,7.5,10.0
2023-02,Perovo,VAO,261900,292500,1091,162,79,64,7.5,10.0
2023-03,Perovo,VAO,271700,291100,1132,160,47,26,7.5,10.0
2023-04,Perovo,VAO,270400,298100,1126,111,57,47,7.5,10.0
2023-05,Perovo,VAO,271500,293000,1131,196,65,55,7.5,10.0
2023-06,Perovo,VAO,277100,305700,1155,24,40,114,7.5,10.0
2023-07,Perovo,VAO,283100,306500,1180,152,68,94,13.0,15.5
2023-08,Perovo,VAO,270200,297000,1126,45,72,59,13.0,15.5
2023-09,Perovo,VAO,275000,302500,1146,146,17,109,13.0,15.5
2023-10,Perovo,VAO,278200,288100,1159,62,43,112,13.0,15.5
2023-11,Perovo,VAO,276100,311700,1151,87,31,119,13.0,15.5
2023-12,Perovo,VAO,283800,317300,1183,76,79,105,13.0,15.5
2024-01,Perovo,VAO,287900,315800,1200,28,42,114,16.0,18.5
2024-02,Perovo,VAO,290400,312600,1210,109,55,43,16.0,18.5
2024-03,Perovo,VAO,288000,312700,1200,125,51,11,16.0,18.5
2024-04,Perovo,VAO,299000,341500,1246,112,77,65,16.0,18.5
2024-05,Perovo,VAO,287300,320900,1197,165,65,98,16.0,18.5
2024-06,Perovo,VAO,289600,341100,1207,162,71,20,16.0,18.5
2024-07,Perovo,VAO,300700,323600,1253,83,57,108,16.0,18.5
2024-08,Perovo,VAO,295700,313800,1232,40,11,91,16.0,18.5
2024-09,Perovo,VAO,291200,323200,1213,133,46,27,16.0,18.5
2024-10,Perovo,VAO,280500,312500,1169,152,25,103,21.0,23.5
2024-11,Perovo,VAO,285100,306500,1188,60,39,81,21.0,23.5
2024-12,Perovo,VAO,290500,322000,1210,137,49,70,21.0,23.5
2025-01,Perovo,VAO,287400,308200,1198,100,50,46,21.0,23.5
2025-02,Perovo,VAO,292500,320600,1219,94,16,20,21.0,23.5
2025-03,Perovo,VAO,280900,304800,1171,50,72,52,21.0,23.5
2025-04,Perovo,VAO,277300,311200,1155,43,22,85,21.0,23.5
2025-05,Perovo,VAO,290400,315400,1210,113,10,20,21.0,23.5
2025-06,Perovo,VAO,279100,320400,1163,50,78,12,21.0,23.5
2025-07,Perovo,VAO,292800,321300,1220,66,69,13,17.0,19.5
2025-08,Perovo,VAO,275400,302000,1148,95,72,73,17.0,19.5
2025-09,Perovo,VAO,283000,310500,1179,62,43,21,17.0,19.5
2025-10,Perovo,VAO,293000,328400,1221,165,57,115,17.0,19.5
2025-11,Perovo,VAO,290000,323400,1208,84,51,63,17.0,19.5
2025-12,Perovo,VAO,287000,320200,1196,21,42,45,17.0,19.5
2026-01,Perovo,VAO,283300,310700,1180,166,29,56,17.0,19.5
2026-02,Perovo,VAO,301800,339200,1257,22,37,12,17.0,19.5
2026-03,Perovo,VAO,297000,334200,1237,154,30,10,17.0,19.5
2026-04,Perovo,VAO,295100,330800,1229,123,15,34,17.0,19.5
2020-01,Preobrazhenskoye,VAO,200800,220200,837,170,33,80,6.0,8.5
2020-02,Preobrazhenskoye,VAO,205700,228300,857,153,38,54,6.0,8.5
2020-03,Preobrazhenskoye,VAO,210100,226400,875,69,32,36,6.0,8.5
2020-04,Preobrazhenskoye,VAO,207700,226800,865,137,48,84,4.25,6.75
2020-05,Preobrazhenskoye,VAO,211300,229900,880,144,62,60,4.25,6.75
2020-06,Preobrazhenskoye,VAO,210600,238500,878,118,8,89,4.25,6.75
2020-07,Preobrazhenskoye,VAO,219000,232400,912,88,49,62,4.25,6.75
2020-08,Preobrazhenskoye,VAO,225100,236800,938,191,11,69,4.25,6.75
2020-09,Preobrazhenskoye,VAO,226800,247800,945,196,30,113,4.25,6.75
2020-10,Preobrazhenskoye,VAO,238700,261200,995,129,58,93,4.25,6.75
2020-11,Preobrazhenskoye,VAO,238000,265400,992,73,53,98,4.25,6.75
2020-12,Preobrazhenskoye,VAO,240700,263100,1003,131,62,117,4.25,6.75
2021-01,Preobrazhenskoye,VAO,233300,261100,972,140,9,103,4.25,6.75
2021-02,Preobrazhenskoye,VAO,233400,246500,972,178,49,118,4.25,6.75
2021-03,Preobrazhenskoye,VAO,254100,278700,1059,135,52,51,4.25,6.75
2021-04,Preobrazhenskoye,VAO,250800,274200,1045,116,69,71,8.5,11.0
2021-05,Preobrazhenskoye,VAO,254000,287100,1058,179,24,76,8.5,11.0
2021-06,Preobrazhenskoye,VAO,247000,274000,1029,168,74,74,8.5,11.0
2021-07,Preobrazhenskoye,VAO,265800,292100,1108,53,24,68,8.5,11.0
2021-08,Preobrazhenskoye,VAO,262900,281800,1096,60,72,91,8.5,11.0
2021-09,Preobrazhenskoye,VAO,273600,291100,1140,184,31,77,8.5,11.0
2021-10,Preobrazhenskoye,VAO,265500,286700,1106,121,27,81,8.5,11.0
2021-11,Preobrazhenskoye,VAO,283600,305000,1182,52,38,53,8.5,11.0
2021-12,Preobrazhenskoye,VAO,274600,310700,1144,114,33,95,8.5,11.0
2022-01,Preobrazhenskoye,VAO,288900,319100,1204,92,72,81,20.0,22.5
2022-02,Preobrazhenskoye,VAO,274900,295000,1146,77,26,10,20.0,22.5
2022-03,Preobrazhenskoye,VAO,267500,300100,1114,76,19,119,20.0,22.5
2022-04,Preobrazhenskoye,VAO,262400,282000,1093,75,60,87,9.5,12.0
2022-05,Preobrazhenskoye,VAO,269900,287500,1124,186,23,50,9.5,12.0
2022-06,Preobrazhenskoye,VAO,273700,309200,1140,106,41,116,9.5,12.0
2022-07,Preobrazhenskoye,VAO,270200,292000,1126,189,70,16,9.5,12.0
2022-08,Preobrazhenskoye,VAO,281300,305800,1172,45,21,27,9.5,12.0
2022-09,Preobrazhenskoye,VAO,282300,299600,1176,63,54,18,9.5,12.0
2022-10,Preobrazhenskoye,VAO,277800,302200,1158,189,71,110,7.5,10.0
2022-11,Preobrazhenskoye,VAO,285900,319700,1191,133,29,67,7.5,10.0
2022-12,Preobrazhenskoye,VAO,295900,312300,1233,121,8,76,7.5,10.0
2023-01,Preobrazhenskoye,VAO,295400,315100,1231,162,39,83,7.5,10.0
2023-02,Preobrazhenskoye,VAO,297300,322500,1239,22,58,62,7.5,10.0
2023-03,Preobrazhenskoye,VAO,283800,307100,1182,149,56,48,7.5,10.0
2023-04,Preobrazhenskoye,VAO,314600,344300,1311,21,42,81,7.5,10.0
2023-05,Preobrazhenskoye,VAO,296600,333600,1236,108,54,77,7.5,10.0
2023-06,Preobrazhenskoye,VAO,307600,316800,1281,52,62,107,7.5,10.0
2023-07,Preobrazhenskoye,VAO,312800,334800,1303,134,17,72,13.0,15.5
2023-08,Preobrazhenskoye,VAO,311400,332200,1298,35,53,41,13.0,15.5
2023-09,Preobrazhenskoye,VAO,298300,325400,1243,22,33,45,13.0,15.5
2023-10,Preobrazhenskoye,VAO,301300,318000,1256,100,79,21,13.0,15.5
2023-11,Preobrazhenskoye,VAO,302500,328000,1260,44,42,61,13.0,15.5
2023-12,Preobrazhenskoye,VAO,317300,353400,1322,72,46,56,13.0,15.5
2024-01,Preobrazhenskoye,VAO,308800,344600,1287,115,49,55,16.0,18.5
2024-02,Preobrazhenskoye,VAO,317400,332400,1323,196,68,87,16.0,18.5
2024-03,Preobrazhenskoye,VAO,313400,345500,1306,20,13,41,16.0,18.5
2024-04,Preobrazhenskoye,VAO,321800,363900,1341,44,17,119,16.0,18.5
2024-05,Preobrazhenskoye,VAO,307300,337900,1281,74,15,13,16.0,18.5
2024-06,Preobrazhenskoye,VAO,326400,360900,1360,91,26,117,16.0,18.5
2024-07,Preobrazhenskoye,VAO,316600,343200,1319,109,45,55,16.0,18.5
2024-08,Preobrazhenskoye,VAO,307700,349000,1282,100,59,83,16.0,18.5
2024-09,Preobrazhenskoye,VAO,312600,344200,1302,183,8,17,16.0,18.5
2024-10,Preobrazhenskoye,VAO,322900,362900,1345,69,19,45,21.0,23.5
2024-11,Preobrazhenskoye,VAO,311700,333800,1299,125,11,43,21.0,23.5
2024-12,Preobrazhenskoye,VAO,315100,356400,1313,31,71,16,21.0,23.5
2025-01,Preobrazhenskoye,VAO,307500,340800,1281,51,65,103,21.0,23.5
2025-02,Preobrazhenskoye,VAO,298100,327000,1242,112,8,15,21.0,23.5
2025-03,Preobrazhenskoye,VAO,312900,341500,1304,195,18,42,21.0,23.5
2025-04,Preobrazhenskoye,VAO,309900,354100,1291,182,36,36,21.0,23.5
2025-05,Preobrazhenskoye,VAO,310300,324200,1293,145,62,115,21.0,23.5
2025-06,Preobrazhenskoye,VAO,294600,311600,1227,37,40,29,21.0,23.5
2025-07,Preobrazhenskoye,VAO,303700,334400,1266,173,56,69,17.0,19.5
2025-08,Preobrazhenskoye,VAO,310300,346300,1293,50,8,11,17.0,19.5
2025-09,Preobrazhenskoye,VAO,316800,338400,1320,178,59,95,17.0,19.5
2025-10,Preobrazhenskoye,VAO,301800,330200,1257,117,15,79,17.0,19.5
2025-11,Preobrazhenskoye,VAO,319000,339900,1329,199,25,90,17.0,19.5
2025-12,Preobrazhenskoye,VAO,316700,337900,1320,98,16,80,17.0,19.5
2026-01,Preobrazhenskoye,VAO,316900,351500,1320,61,12,41,17.0,19.5
2026-02,Preobrazhenskoye,VAO,319600,350000,1332,153,37,83,17.0,19.5
2026-03,Preobrazhenskoye,VAO,309800,336700,1291,177,41,112,17.0,19.5
2026-04,Preobrazhenskoye,VAO,313200,349000,1305,112,58,36,17.0,19.5
2020-01,Severnoye Izmaylovo,VAO,187700,213700,782,186,46,106,6.0,8.5
2020-02,Severnoye Izmaylovo,VAO,184600,211400,769,176,20,31,6.0,8.5
2020-03,Severnoye Izmaylovo,VAO,197700,209100,824,170,34,106,6.0,8.5
2020-04,Severnoye Izmaylovo,VAO,193500,213300,806,20,55,71,4.25,6.75
2020-05,Severnoye Izmaylovo,VAO,196500,221000,819,154,52,44,4.25,6.75
2020-06,Severnoye Izmaylovo,VAO,201500,228000,840,78,5,32,4.25,6.75
2020-07,Severnoye Izmaylovo,VAO,200300,218600,835,157,75,23,4.25,6.75
2020-08,Severnoye Izmaylovo,VAO,201500,220300,840,33,19,57,4.25,6.75
2020-09,Severnoye Izmaylovo,VAO,207700,222200,865,175,53,30,4.25,6.75
2020-10,Severnoye Izmaylovo,VAO,201300,213500,839,83,29,27,4.25,6.75
2020-11,Severnoye Izmaylovo,VAO,220700,239800,919,115,51,24,4.25,6.75
2020-12,Severnoye Izmaylovo,VAO,216000,243100,900,40,34,54,4.25,6.75
2021-01,Severnoye Izmaylovo,VAO,219000,248400,913,195,24,77,4.25,6.75
2021-02,Severnoye Izmaylovo,VAO,222900,243800,929,146,69,108,4.25,6.75
2021-03,Severnoye Izmaylovo,VAO,231900,254800,966,143,59,100,4.25,6.75
2021-04,Severnoye Izmaylovo,VAO,228900,263400,954,161,33,74,8.5,11.0
2021-05,Severnoye Izmaylovo,VAO,227700,250800,949,64,19,40,8.5,11.0
2021-06,Severnoye Izmaylovo,VAO,249900,275000,1041,89,56,117,8.5,11.0
2021-07,Severnoye Izmaylovo,VAO,251400,269000,1047,72,72,77,8.5,11.0
2021-08,Severnoye Izmaylovo,VAO,248200,271000,1034,49,75,62,8.5,11.0
2021-09,Severnoye Izmaylovo,VAO,245000,262300,1021,129,68,106,8.5,11.0
2021-10,Severnoye Izmaylovo,VAO,253400,292400,1056,73,40,55,8.5,11.0
2021-11,Severnoye Izmaylovo,VAO,253600,285900,1056,194,79,41,8.5,11.0
2021-12,Severnoye Izmaylovo,VAO,252000,275600,1050,63,44,16,8.5,11.0
2022-01,Severnoye Izmaylovo,VAO,259600,286600,1082,63,52,70,20.0,22.5
2022-02,Severnoye Izmaylovo,VAO,271000,298900,1129,47,64,115,20.0,22.5
2022-03,Severnoye Izmaylovo,VAO,245100,263400,1021,22,73,67,20.0,22.5
2022-04,Severnoye Izmaylovo,VAO,247100,267000,1030,50,18,55,9.5,12.0
2022-05,Severnoye Izmaylovo,VAO,251900,278100,1050,49,9,34,9.5,12.0
2022-06,Severnoye Izmaylovo,VAO,248000,271000,1033,70,6,21,9.5,12.0
2022-07,Severnoye Izmaylovo,VAO,250000,269400,1042,43,38,77,9.5,12.0
2022-08,Severnoye Izmaylovo,VAO,254700,270500,1061,188,21,111,9.5,12.0
2022-09,Severnoye Izmaylovo,VAO,261300,278800,1089,156,65,80,9.5,12.0
2022-10,Severnoye Izmaylovo,VAO,265200,308900,1105,39,30,91,7.5,10.0
2022-11,Severnoye Izmaylovo,VAO,256000,286300,1067,161,65,75,7.5,10.0
2022-12,Severnoye Izmaylovo,VAO,257300,294400,1072,37,13,14,7.5,10.0
2023-01,Severnoye Izmaylovo,VAO,276300,309400,1151,198,44,30,7.5,10.0
2023-02,Severnoye Izmaylovo,VAO,274200,309200,1142,112,17,43,7.5,10.0
2023-03,Severnoye Izmaylovo,VAO,262400,296000,1093,97,29,100,7.5,10.0
2023-04,Severnoye Izmaylovo,VAO,272200,297900,1134,46,5,45,7.5,10.0
2023-05,Severnoye Izmaylovo,VAO,278800,297600,1162,110,29,46,7.5,10.0
2023-06,Severnoye Izmaylovo,VAO,290900,321300,1212,89,61,10,7.5,10.0
2023-07,Severnoye Izmaylovo,VAO,280200,319500,1168,33,56,95,13.0,15.5
2023-08,Severnoye Izmaylovo,VAO,277700,310400,1157,79,53,60,13.0,15.5
2023-09,Severnoye Izmaylovo,VAO,281700,306200,1174,37,54,57,13.0,15.5
2023-10,Severnoye Izmaylovo,VAO,293400,321800,1222,139,79,104,13.0,15.5
2023-11,Severnoye Izmaylovo,VAO,295200,317800,1230,78,34,44,13.0,15.5
2023-12,Severnoye Izmaylovo,VAO,281300,303800,1172,27,42,46,13.0,15.5
2024-01,Severnoye Izmaylovo,VAO,298800,324400,1245,132,46,36,16.0,18.5
2024-02,Severnoye Izmaylovo,VAO,275600,309200,1148,57,34,67,16.0,18.5
2024-03,Severnoye Izmaylovo,VAO,278200,306300,1159,21,63,112,16.0,18.5
2024-04,Severnoye Izmaylovo,VAO,291500,327300,1215,149,57,62,16.0,18.5
2024-05,Severnoye Izmaylovo,VAO,293300,324100,1222,56,26,98,16.0,18.5
2024-06,Severnoye Izmaylovo,VAO,300500,342300,1252,67,14,78,16.0,18.5
2024-07,Severnoye Izmaylovo,VAO,300400,328500,1252,173,67,61,16.0,18.5
2024-08,Severnoye Izmaylovo,VAO,290600,321400,1211,60,65,38,16.0,18.5
2024-09,Severnoye Izmaylovo,VAO,291400,314600,1214,90,33,28,16.0,18.5
2024-10,Severnoye Izmaylovo,VAO,284200,307500,1184,104,56,109,21.0,23.5
2024-11,Severnoye Izmaylovo,VAO,276200,306600,1151,21,48,85,21.0,23.5
2024-12,Severnoye Izmaylovo,VAO,283000,323500,1179,180,50,79,21.0,23.5
2025-01,Severnoye Izmaylovo,VAO,283400,300300,1181,172,64,47,21.0,23.5
2025-02,Severnoye Izmaylovo,VAO,286300,313200,1193,114,5,68,21.0,23.5
2025-03,Severnoye Izmaylovo,VAO,290900,320900,1212,114,46,83,21.0,23.5
2025-04,Severnoye Izmaylovo,VAO,284700,321700,1186,155,69,28,21.0,23.5
2025-05,Severnoye Izmaylovo,VAO,289000,312900,1204,199,78,84,21.0,23.5
2025-06,Severnoye Izmaylovo,VAO,270600,291600,1127,49,13,49,21.0,23.5
2025-07,Severnoye Izmaylovo,VAO,286800,309600,1195,114,49,79,17.0,19.5
2025-08,Severnoye Izmaylovo,VAO,286600,307700,1194,122,47,62,17.0,19.5
2025-09,Severnoye Izmaylovo,VAO,280600,329000,1169,159,33,19,17.0,19.5
2025-10,Severnoye Izmaylovo,VAO,280800,307900,1170,29,48,93,17.0,19.5
2025-11,Severnoye Izmaylovo,VAO,292700,315100,1220,39,48,39,17.0,19.5
2025-12,Severnoye Izmaylovo,VAO,291700,316800,1216,140,61,17,17.0,19.5
2026-01,Severnoye Izmaylovo,VAO,282400,315700,1176,23,51,36,17.0,19.5
2026-02,Severnoye Izmaylovo,VAO,289800,333300,1208,158,58,47,17.0,19.5
2026-03,Severnoye Izmaylovo,VAO,288600,319600,1203,134,44,53,17.0,19.5
2026-04,Severnoye Izmaylovo,VAO,288600,314900,1203,179,49,20,17.0,19.5
2020-01,Sokolinaya Gora,VAO,185000,196200,771,36,53,32,6.0,8.5
2020-02,Sokolinaya Gora,VAO,186800,197700,778,139,49,20,6.0,8.5
2020-03,Sokolinaya Gora,VAO,189200,209400,788,26,18,63,6.0,8.5
2020-04,Sokolinaya Gora,VAO,192500,210400,802,25,66,107,4.25,6.75
2020-05,Sokolinaya Gora,VAO,202200,225200,843,82,58,67,4.25,6.75
2020-06,Sokolinaya Gora,VAO,199500,219800,831,51,41,62,4.25,6.75
2020-07,Sokolinaya Gora,VAO,201100,227000,838,156,75,87,4.25,6.75
2020-08,Sokolinaya Gora,VAO,204800,226800,853,112,71,92,4.25,6.75
2020-09,Sokolinaya Gora,VAO,213300,236800,889,116,58,46,4.25,6.75
2020-10,Sokolinaya Gora,VAO,207400,236900,864,125,68,50,4.25,6.75
2020-11,Sokolinaya Gora,VAO,218900,254100,912,38,54,63,4.25,6.75
2020-12,Sokolinaya Gora,VAO,216600,251300,902,102,45,80,4.25,6.75
2021-01,Sokolinaya Gora,VAO,224300,247700,935,182,15,30,4.25,6.75
2021-02,Sokolinaya Gora,VAO,225100,254600,938,122,19,104,4.25,6.75
2021-03,Sokolinaya Gora,VAO,223200,244700,930,86,32,87,4.25,6.75
2021-04,Sokolinaya Gora,VAO,229800,245100,957,84,29,114,8.5,11.0
2021-05,Sokolinaya Gora,VAO,227600,241800,948,65,56,91,8.5,11.0
2021-06,Sokolinaya Gora,VAO,241400,258800,1006,181,35,90,8.5,11.0
2021-07,Sokolinaya Gora,VAO,235700,264200,982,148,53,34,8.5,11.0
2021-08,Sokolinaya Gora,VAO,249000,268400,1038,100,57,94,8.5,11.0
2021-09,Sokolinaya Gora,VAO,250900,274100,1046,141,57,23,8.5,11.0
2021-10,Sokolinaya Gora,VAO,248900,267400,1037,39,70,84,8.5,11.0
2021-11,Sokolinaya Gora,VAO,258000,286100,1075,103,26,117,8.5,11.0
2021-12,Sokolinaya Gora,VAO,250200,281100,1043,47,12,92,8.5,11.0
2022-01,Sokolinaya Gora,VAO,252600,280700,1052,65,54,48,20.0,22.5
2022-02,Sokolinaya Gora,VAO,252100,273600,1050,40,67,98,20.0,22.5
2022-03,Sokolinaya Gora,VAO,239700,265100,999,106,12,27,20.0,22.5
2022-04,Sokolinaya Gora,VAO,239600,273000,998,144,28,67,9.5,12.0
2022-05,Sokolinaya Gora,VAO,254000,293300,1059,26,10,14,9.5,12.0
2022-06,Sokolinaya Gora,VAO,249700,269500,1041,38,74,47,9.5,12.0
2022-07,Sokolinaya Gora,VAO,251300,270900,1047,21,13,80,9.5,12.0
2022-08,Sokolinaya Gora,VAO,246300,274900,1026,89,36,52,9.5,12.0
2022-09,Sokolinaya Gora,VAO,246100,266600,1025,49,15,68,9.5,12.0
2022-10,Sokolinaya Gora,VAO,254100,288000,1059,57,16,17,7.5,10.0
2022-11,Sokolinaya Gora,VAO,260200,283900,1084,39,10,82,7.5,10.0
2022-12,Sokolinaya Gora,VAO,254100,260800,1059,43,59,63,7.5,10.0
2023-01,Sokolinaya Gora,VAO,265700,294500,1107,88,46,107,7.5,10.0
2023-02,Sokolinaya Gora,VAO,262600,294200,1094,149,24,81,7.5,10.0
2023-03,Sokolinaya Gora,VAO,271500,292900,1131,52,47,19,7.5,10.0
2023-04,Sokolinaya Gora,VAO,277700,301400,1157,157,49,26,7.5,10.0
2023-05,Sokolinaya Gora,VAO,283100,315700,1180,116,61,99,7.5,10.0
2023-06,Sokolinaya Gora,VAO,277200,306000,1155,137,49,40,7.5,10.0
2023-07,Sokolinaya Gora,VAO,269700,288200,1124,105,63,47,13.0,15.5
2023-08,Sokolinaya Gora,VAO,271200,297000,1130,86,67,18,13.0,15.5
2023-09,Sokolinaya Gora,VAO,285500,331100,1189,28,56,93,13.0,15.5
2023-10,Sokolinaya Gora,VAO,293300,331700,1222,86,53,93,13.0,15.5
2023-11,Sokolinaya Gora,VAO,289600,319600,1206,182,62,114,13.0,15.5
2023-12,Sokolinaya Gora,VAO,290300,306100,1210,174,35,66,13.0,15.5
2024-01,Sokolinaya Gora,VAO,280200,316100,1168,43,23,27,16.0,18.5
2024-02,Sokolinaya Gora,VAO,292200,314200,1218,189,19,82,16.0,18.5
2024-03,Sokolinaya Gora,VAO,278900,303600,1162,191,29,13,16.0,18.5
2024-04,Sokolinaya Gora,VAO,284200,320000,1184,34,45,69,16.0,18.5
2024-05,Sokolinaya Gora,VAO,292300,332000,1218,83,52,109,16.0,18.5
2024-06,Sokolinaya Gora,VAO,283400,321200,1181,64,33,75,16.0,18.5
2024-07,Sokolinaya Gora,VAO,288500,327900,1202,189,52,37,16.0,18.5
2024-08,Sokolinaya Gora,VAO,286600,307200,1194,143,13,115,16.0,18.5
2024-09,Sokolinaya Gora,VAO,298900,317200,1246,44,43,87,16.0,18.5
2024-10,Sokolinaya Gora,VAO,295600,325400,1232,24,43,22,21.0,23.5
2024-11,Sokolinaya Gora,VAO,280400,303600,1168,87,36,68,21.0,23.5
2024-12,Sokolinaya Gora,VAO,283000,313200,1179,138,59,92,21.0,23.5
2025-01,Sokolinaya Gora,VAO,279500,297000,1165,94,73,43,21.0,23.5
2025-02,Sokolinaya Gora,VAO,287700,309200,1199,41,51,25,21.0,23.5
2025-03,Sokolinaya Gora,VAO,273700,301100,1140,146,44,76,21.0,23.5
2025-04,Sokolinaya Gora,VAO,269100,285900,1121,179,20,48,21.0,23.5
2025-05,Sokolinaya Gora,VAO,282900,303200,1179,112,33,17,21.0,23.5
2025-06,Sokolinaya Gora,VAO,289200,327400,1205,27,47,105,21.0,23.5
2025-07,Sokolinaya Gora,VAO,278200,319500,1159,105,57,47,17.0,19.5
2025-08,Sokolinaya Gora,VAO,279500,304400,1165,103,34,113,17.0,19.5
2025-09,Sokolinaya Gora,VAO,289000,315700,1204,115,49,81,17.0,19.5
2025-10,Sokolinaya Gora,VAO,295700,323900,1232,51,44,40,17.0,19.5
2025-11,Sokolinaya Gora,VAO,288600,310500,1203,42,47,65,17.0,19.5
2025-12,Sokolinaya Gora,VAO,283700,311500,1182,69,17,92,17.0,19.5
2026-01,Sokolinaya Gora,VAO,285400,307700,1189,34,5,55,17.0,19.5
2026-02,Sokolinaya Gora,VAO,276200,289500,1151,168,72,88,17.0,19.5
2026-03,Sokolinaya Gora,VAO,297000,320700,1237,181,38,79,17.0,19.5
2026-04,Sokolinaya Gora,VAO,301900,334800,1258,106,28,18,17.0,19.5
2020-01,Sokolniki,VAO,217900,231700,908,197,6,57,6.0,8.5
2020-02,Sokolniki,VAO,227900,254500,950,190,7,55,6.0,8.5
2020-03,Sokolniki,VAO,232100,252200,967,91,57,52,6.0,8.5
2020-04,Sokolniki,VAO,224800,249700,937,73,47,48,4.25,6.75
2020-05,Sokolniki,VAO,241100,283400,1004,153,73,110,4.25,6.75
2020-06,Sokolniki,VAO,236100,272700,984,194,52,67,4.25,6.75
2020-07,Sokolniki,VAO,243500,273400,1015,194,37,62,4.25,6.75
2020-08,Sokolniki,VAO,239900,261200,1000,188,50,114,4.25,6.75
2020-09,Sokolniki,VAO,257900,283400,1074,99,16,39,4.25,6.75
2020-10,Sokolniki,VAO,254600,289900,1061,31,73,49,4.25,6.75
2020-11,Sokolniki,VAO,249300,264900,1039,69,13,112,4.25,6.75
2020-12,Sokolniki,VAO,267000,288300,1112,126,47,96,4.25,6.75
2021-01,Sokolniki,VAO,259800,279900,1082,26,38,115,4.25,6.75
2021-02,Sokolniki,VAO,267500,298900,1115,47,32,29,4.25,6.75
2021-03,Sokolniki,VAO,268200,305100,1118,189,43,18,4.25,6.75
2021-04,Sokolniki,VAO,272700,314300,1136,195,16,81,8.5,11.0
2021-05,Sokolniki,VAO,285900,318800,1191,194,44,23,8.5,11.0
2021-06,Sokolniki,VAO,277000,302800,1154,152,71,94,8.5,11.0
2021-07,Sokolniki,VAO,282700,307100,1178,33,6,46,8.5,11.0
2021-08,Sokolniki,VAO,289300,296700,1205,147,78,101,8.5,11.0
2021-09,Sokolniki,VAO,297500,339600,1240,162,7,14,8.5,11.0
2021-10,Sokolniki,VAO,307200,343800,1280,89,14,79,8.5,11.0
2021-11,Sokolniki,VAO,300100,336400,1250,43,67,103,8.5,11.0
2021-12,Sokolniki,VAO,305900,334300,1275,157,12,99,8.5,11.0
2022-01,Sokolniki,VAO,297400,325200,1239,56,50,107,20.0,22.5
2022-02,Sokolniki,VAO,296300,337600,1235,190,17,52,20.0,22.5
2022-03,Sokolniki,VAO,302000,319900,1258,115,13,37,20.0,22.5
2022-04,Sokolniki,VAO,302200,334900,1259,112,9,82,9.5,12.0
2022-05,Sokolniki,VAO,288400,336100,1202,153,32,58,9.5,12.0
2022-06,Sokolniki,VAO,295700,334900,1232,29,55,13,9.5,12.0
2022-07,Sokolniki,VAO,306800,334100,1278,152,18,102,9.5,12.0
2022-08,Sokolniki,VAO,296700,320700,1236,76,70,75,9.5,12.0
2022-09,Sokolniki,VAO,292800,326500,1220,91,14,119,9.5,12.0
2022-10,Sokolniki,VAO,304900,329000,1271,52,76,28,7.5,10.0
2022-11,Sokolniki,VAO,313600,345300,1307,195,78,119,7.5,10.0
2022-12,Sokolniki,VAO,312300,350200,1301,55,18,17,7.5,10.0
2023-01,Sokolniki,VAO,318600,364300,1327,142,27,118,7.5,10.0
2023-02,Sokolniki,VAO,325000,343300,1354,21,40,47,7.5,10.0
2023-03,Sokolniki,VAO,323800,353600,1349,135,20,59,7.5,10.0
2023-04,Sokolniki,VAO,329100,370100,1371,93,30,91,7.5,10.0
2023-05,Sokolniki,VAO,331900,371600,1383,190,27,98,7.5,10.0
2023-06,Sokolniki,VAO,322400,358600,1343,46,18,74,7.5,10.0
2023-07,Sokolniki,VAO,335100,365500,1396,21,61,41,13.0,15.5
2023-08,Sokolniki,VAO,330100,369600,1375,58,6,93,13.0,15.5
2023-09,Sokolniki,VAO,329300,385300,1372,111,25,69,13.0,15.5
2023-10,Sokolniki,VAO,337400,366800,1406,179,54,73,13.0,15.5
2023-11,Sokolniki,VAO,338400,384700,1410,164,40,29,13.0,15.5
2023-12,Sokolniki,VAO,334600,362500,1394,172,63,56,13.0,15.5
2024-01,Sokolniki,VAO,346800,403700,1445,123,62,34,16.0,18.5
2024-02,Sokolniki,VAO,344900,398500,1437,116,15,56,16.0,18.5
2024-03,Sokolniki,VAO,343200,373100,1430,155,70,43,16.0,18.5
2024-04,Sokolniki,VAO,346500,371100,1444,128,76,63,16.0,18.5
2024-05,Sokolniki,VAO,334500,367800,1394,83,7,21,16.0,18.5
2024-06,Sokolniki,VAO,353800,386800,1474,60,27,81,16.0,18.5
2024-07,Sokolniki,VAO,347600,386200,1448,154,18,13,16.0,18.5
2024-08,Sokolniki,VAO,341900,358200,1425,92,77,107,16.0,18.5
2024-09,Sokolniki,VAO,345900,383300,1441,24,60,72,16.0,18.5
2024-10,Sokolniki,VAO,347500,399500,1448,174,55,38,21.0,23.5
2024-11,Sokolniki,VAO,340700,374600,1419,126,56,80,21.0,23.5
2024-12,Sokolniki,VAO,350700,396200,1461,69,7,23,21.0,23.5
2025-01,Sokolniki,VAO,335900,362000,1400,54,67,30,21.0,23.5
2025-02,Sokolniki,VAO,341700,391200,1424,163,74,53,21.0,23.5
2025-03,Sokolniki,VAO,339400,384400,1414,64,8,28,21.0,23.5
2025-04,Sokolniki,VAO,327600,358700,1365,181,53,112,21.0,23.5
2025-05,Sokolniki,VAO,334300,382800,1393,96,63,48,21.0,23.5
2025-06,Sokolniki,VAO,328100,355800,1367,87,22,74,21.0,23.5
2025-07,Sokolniki,VAO,342900,376400,1429,190,44,73,17.0,19.5
2025-08,Sokolniki,VAO,355200,385000,1480,100,51,103,17.0,19.5
2025-09,Sokolniki,VAO,345800,395400,1441,50,54,86,17.0,19.5
2025-10,Sokolniki,VAO,342800,370300,1428,95,16,41,17.0,19.5
2025-11,Sokolniki,VAO,336600,362300,1402,169,42,20,17.0,19.5
2025-12,Sokolniki,VAO,348400,371100,1451,32,72,84,17.0,19.5
2026-01,Sokolniki,VAO,338500,366000,1410,51,50,24,17.0,19.5
2026-02,Sokolniki,VAO,323800,354800,1349,87,18,47,17.0,19.5
2026-03,Sokolniki,VAO,345900,392600,1441,109,43,31,17.0,19.5
2026-04,Sokolniki,VAO,328400,353200,1368,74,41,55,17.0,19.5
2020-01,Biryulyovo Vostochnoye,YuAO,161500,178800,673,193,46,104,6.0,8.5
2020-02,Biryulyovo Vostochnoye,YuAO,158700,166500,661,107,50,19,6.0,8.5
2020-03,Biryulyovo Vostochnoye,YuAO,166500,184300,694,126,67,20,6.0,8.5
2020-04,Biryulyovo Vostochnoye,YuAO,162000,182200,675,167,28,10,4.25,6.75
2020-05,Biryulyovo Vostochnoye,YuAO,172500,189300,719,171,74,101,4.25,6.75
2020-06,Biryulyovo Vostochnoye,YuAO,178400,202600,743,81,70,67,4.25,6.75
2020-07,Biryulyovo Vostochnoye,YuAO,169600,191100,707,116,54,20,4.25,6.75
2020-08,Biryulyovo Vostochnoye,YuAO,177700,192400,740,139,17,94,4.25,6.75
2020-09,Biryulyovo Vostochnoye,YuAO,175700,192500,732,92,51,110,4.25,6.75
2020-10,Biryulyovo Vostochnoye,YuAO,177200,192600,738,37,55,115,4.25,6.75
2020-11,Biryulyovo Vostochnoye,YuAO,184700,202400,770,136,10,65,4.25,6.75
2020-12,Biryulyovo Vostochnoye,YuAO,183100,196300,763,113,20,114,4.25,6.75
2021-01,Biryulyovo Vostochnoye,YuAO,190500,229600,794,76,60,19,4.25,6.75
2021-02,Biryulyovo Vostochnoye,YuAO,185200,196900,772,44,42,22,4.25,6.75
2021-03,Biryulyovo Vostochnoye,YuAO,193900,221500,808,118,9,115,4.25,6.75
2021-04,Biryulyovo Vostochnoye,YuAO,196600,206900,819,89,58,115,8.5,11.0
2021-05,Biryulyovo Vostochnoye,YuAO,196600,214800,819,87,25,71,8.5,11.0
2021-06,Biryulyovo Vostochnoye,YuAO,192200,207800,801,105,76,14,8.5,11.0
2021-07,Biryulyovo Vostochnoye,YuAO,210100,228200,875,57,35,99,8.5,11.0
2021-08,Biryulyovo Vostochnoye,YuAO,204900,222200,854,81,12,73,8.5,11.0
2021-09,Biryulyovo Vostochnoye,YuAO,221500,233100,923,170,25,94,8.5,11.0
2021-10,Biryulyovo Vostochnoye,YuAO,204500,231000,852,47,5,61,8.5,11.0
2021-11,Biryulyovo Vostochnoye,YuAO,222200,253700,926,197,71,21,8.5,11.0
2021-12,Biryulyovo Vostochnoye,YuAO,208800,224600,870,23,37,73,8.5,11.0
2022-01,Biryulyovo Vostochnoye,YuAO,211300,236600,880,108,5,33,20.0,22.5
2022-02,Biryulyovo Vostochnoye,YuAO,229000,242500,954,156,64,30,20.0,22.5
2022-03,Biryulyovo Vostochnoye,YuAO,220000,236100,917,176,61,94,20.0,22.5
2022-04,Biryulyovo Vostochnoye,YuAO,201600,223100,840,191,17,46,9.5,12.0
2022-05,Biryulyovo Vostochnoye,YuAO,206400,215900,860,151,56,117,9.5,12.0
2022-06,Biryulyovo Vostochnoye,YuAO,213600,238300,890,125,27,114,9.5,12.0
2022-07,Biryulyovo Vostochnoye,YuAO,222400,241100,927,134,72,60,9.5,12.0
2022-08,Biryulyovo Vostochnoye,YuAO,220300,243400,918,127,76,82,9.5,12.0
2022-09,Biryulyovo Vostochnoye,YuAO,223300,246300,930,165,26,22,9.5,12.0
2022-10,Biryulyovo Vostochnoye,YuAO,230400,240000,960,24,41,13,7.5,10.0
2022-11,Biryulyovo Vostochnoye,YuAO,225200,246500,938,48,43,93,7.5,10.0
2022-12,Biryulyovo Vostochnoye,YuAO,230300,253700,959,169,57,116,7.5,10.0
2023-01,Biryulyovo Vostochnoye,YuAO,226400,249400,943,98,27,84,7.5,10.0
2023-02,Biryulyovo Vostochnoye,YuAO,231100,256700,963,29,52,86,7.5,10.0
2023-03,Biryulyovo Vostochnoye,YuAO,240800,256200,1003,174,5,76,7.5,10.0
2023-04,Biryulyovo Vostochnoye,YuAO,228600,254400,952,142,64,34,7.5,10.0
2023-05,Biryulyovo Vostochnoye,YuAO,234600,254500,977,193,41,55,7.5,10.0
2023-06,Biryulyovo Vostochnoye,YuAO,236800,251300,987,131,30,17,7.5,10.0
2023-07,Biryulyovo Vostochnoye,YuAO,242600,265200,1011,54,18,50,13.0,15.5
2023-08,Biryulyovo Vostochnoye,YuAO,244400,265600,1018,140,51,37,13.0,15.5
2023-09,Biryulyovo Vostochnoye,YuAO,238200,271700,993,177,15,59,13.0,15.5
2023-10,Biryulyovo Vostochnoye,YuAO,242800,272700,1012,106,64,44,13.0,15.5
2023-11,Biryulyovo Vostochnoye,YuAO,250000,267300,1041,21,70,111,13.0,15.5
2023-12,Biryulyovo Vostochnoye,YuAO,232300,255200,968,46,77,46,13.0,15.5
2024-01,Biryulyovo Vostochnoye,YuAO,233900,254600,975,126,26,107,16.0,18.5
2024-02,Biryulyovo Vostochnoye,YuAO,262200,293800,1093,41,42,36,16.0,18.5
2024-03,Biryulyovo Vostochnoye,YuAO,249900,277100,1041,94,5,76,16.0,18.5
2024-04,Biryulyovo Vostochnoye,YuAO,257100,282900,1071,90,52,23,16.0,18.5
2024-05,Biryulyovo Vostochnoye,YuAO,245800,277700,1024,157,38,109,16.0,18.5
2024-06,Biryulyovo Vostochnoye,YuAO,254500,280700,1060,146,74,30,16.0,18.5
2024-07,Biryulyovo Vostochnoye,YuAO,250100,269300,1042,97,12,107,16.0,18.5
2024-08,Biryulyovo Vostochnoye,YuAO,241500,274500,1006,50,8,98,16.0,18.5
2024-09,Biryulyovo Vostochnoye,YuAO,261800,284800,1091,63,77,90,16.0,18.5
2024-10,Biryulyovo Vostochnoye,YuAO,245500,271400,1023,170,58,84,21.0,23.5
2024-11,Biryulyovo Vostochnoye,YuAO,237200,264600,989,102,62,78,21.0,23.5
2024-12,Biryulyovo Vostochnoye,YuAO,236700,264100,986,50,62,12,21.0,23.5
2025-01,Biryulyovo Vostochnoye,YuAO,250900,279400,1046,198,56,34,21.0,23.5
2025-02,Biryulyovo Vostochnoye,YuAO,237500,255200,989,49,10,16,21.0,23.5
2025-03,Biryulyovo Vostochnoye,YuAO,247600,275400,1032,143,5,19,21.0,23.5
2025-04,Biryulyovo Vostochnoye,YuAO,240700,273900,1003,117,59,29,21.0,23.5
2025-05,Biryulyovo Vostochnoye,YuAO,246700,267300,1028,61,37,15,21.0,23.5
2025-06,Biryulyovo Vostochnoye,YuAO,240300,264000,1001,172,35,34,21.0,23.5
2025-07,Biryulyovo Vostochnoye,YuAO,247100,266100,1030,70,34,36,17.0,19.5
2025-08,Biryulyovo Vostochnoye,YuAO,250100,260800,1042,182,54,99,17.0,19.5
2025-09,Biryulyovo Vostochnoye,YuAO,241100,257200,1005,54,16,24,17.0,19.5
2025-10,Biryulyovo Vostochnoye,YuAO,241200,270700,1005,66,48,45,17.0,19.5
2025-11,Biryulyovo Vostochnoye,YuAO,246200,268100,1026,179,56,90,17.0,19.5
2025-12,Biryulyovo Vostochnoye,YuAO,258500,280800,1077,162,63,24,17.0,19.5
2026-01,Biryulyovo Vostochnoye,YuAO,258500,278800,1077,121,71,33,17.0,19.5
2026-02,Biryulyovo Vostochnoye,YuAO,246100,272400,1026,194,50,45,17.0,19.5
2026-03,Biryulyovo Vostochnoye,YuAO,252000,271900,1050,52,7,110,17.0,19.5
2026-04,Biryulyovo Vostochnoye,YuAO,244100,273100,1017,62,7,113,17.0,19.5
2020-01,Biryulyovo Zapadnoye,YuAO,157300,181200,655,68,21,85,6.0,8.5
2020-02,Biryulyovo Zapadnoye,YuAO,160400,178300,668,110,16,86,6.0,8.5
2020-03,Biryulyovo Zapadnoye,YuAO,172500,194100,719,162,43,90,6.0,8.5
2020-04,Biryulyovo Zapadnoye,YuAO,163400,175500,681,148,47,41,4.25,6.75
2020-05,Biryulyovo Zapadnoye,YuAO,169000,183300,704,134,79,95,4.25,6.75
2020-06,Biryulyovo Zapadnoye,YuAO,174700,196900,728,158,25,102,4.25,6.75
2020-07,Biryulyovo Zapadnoye,YuAO,172100,186700,717,85,76,86,4.25,6.75
2020-08,Biryulyovo Zapadnoye,YuAO,179900,198000,750,135,26,64,4.25,6.75
2020-09,Biryulyovo Zapadnoye,YuAO,182600,200500,761,130,79,99,4.25,6.75
2020-10,Biryulyovo Zapadnoye,YuAO,178100,202400,742,72,17,78,4.25,6.75
2020-11,Biryulyovo Zapadnoye,YuAO,183600,190600,765,46,5,53,4.25,6.75
2020-12,Biryulyovo Zapadnoye,YuAO,193900,214600,808,56,38,52,4.25,6.75
2021-01,Biryulyovo Zapadnoye,YuAO,184600,199500,769,47,58,113,4.25,6.75
2021-02,Biryulyovo Zapadnoye,YuAO,185400,205200,773,185,78,13,4.25,6.75
2021-03,Biryulyovo Zapadnoye,YuAO,197700,221300,824,180,30,74,4.25,6.75
2021-04,Biryulyovo Zapadnoye,YuAO,201000,225700,837,70,67,91,8.5,11.0
2021-05,Biryulyovo Zapadnoye,YuAO,184800,202500,770,134,45,85,8.5,11.0
2021-06,Biryulyovo Zapadnoye,YuAO,199100,219800,830,113,31,86,8.5,11.0
2021-07,Biryulyovo Zapadnoye,YuAO,202200,221400,842,87,63,52,8.5,11.0
2021-08,Biryulyovo Zapadnoye,YuAO,205500,225600,856,112,33,61,8.5,11.0
2021-09,Biryulyovo Zapadnoye,YuAO,202400,228700,843,139,8,119,8.5,11.0
2021-10,Biryulyovo Zapadnoye,YuAO,215200,237500,897,107,32,30,8.5,11.0
2021-11,Biryulyovo Zapadnoye,YuAO,212200,227100,884,167,59,17,8.5,11.0
2021-12,Biryulyovo Zapadnoye,YuAO,212800,236700,887,173,76,11,8.5,11.0
2022-01,Biryulyovo Zapadnoye,YuAO,216500,243100,902,116,15,102,20.0,22.5
2022-02,Biryulyovo Zapadnoye,YuAO,218800,245600,912,49,67,24,20.0,22.5
2022-03,Biryulyovo Zapadnoye,YuAO,216500,240700,902,97,39,35,20.0,22.5
2022-04,Biryulyovo Zapadnoye,YuAO,222800,241700,928,165,15,16,9.5,12.0
2022-05,Biryulyovo Zapadnoye,YuAO,220800,255700,920,42,49,60,9.5,12.0
2022-06,Biryulyovo Zapadnoye,YuAO,206400,222800,860,165,74,63,9.5,12.0
2022-07,Biryulyovo Zapadnoye,YuAO,212500,229300,885,38,57,56,9.5,12.0
2022-08,Biryulyovo Zapadnoye,YuAO,220800,247800,920,188,55,30,9.5,12.0
2022-09,Biryulyovo Zapadnoye,YuAO,218800,239100,912,52,18,96,9.5,12.0
2022-10,Biryulyovo Zapadnoye,YuAO,218500,246000,911,25,74,37,7.5,10.0
2022-11,Biryulyovo Zapadnoye,YuAO,225000,241700,938,176,34,36,7.5,10.0
2022-12,Biryulyovo Zapadnoye,YuAO,229300,254200,955,62,57,88,7.5,10.0
2023-01,Biryulyovo Zapadnoye,YuAO,226000,243300,942,68,41,104,7.5,10.0
2023-02,Biryulyovo Zapadnoye,YuAO,227700,244200,949,113,25,56,7.5,10.0
2023-03,Biryulyovo Zapadnoye,YuAO,238200,266800,992,75,45,83,7.5,10.0
2023-04,Biryulyovo Zapadnoye,YuAO,239800,257800,999,95,30,87,7.5,10.0
2023-05,Biryulyovo Zapadnoye,YuAO,236900,254400,987,119,23,101,7.5,10.0
2023-06,Biryulyovo Zapadnoye,YuAO,247600,271000,1032,142,34,22,7.5,10.0
2023-07,Biryulyovo Zapadnoye,YuAO,249000,280400,1038,90,61,78,13.0,15.5
2023-08,Biryulyovo Zapadnoye,YuAO,245400,272200,1022,196,17,103,13.0,15.5
2023-09,Biryulyovo Zapadnoye,YuAO,243300,280600,1014,128,24,65,13.0,15.5
2023-10,Biryulyovo Zapadnoye,YuAO,248400,275500,1035,102,27,13,13.0,15.5
2023-11,Biryulyovo Zapadnoye,YuAO,241100,266700,1005,168,13,44,13.0,15.5
2023-12,Biryulyovo Zapadnoye,YuAO,233900,256400,974,72,55,11,13.0,15.5
2024-01,Biryulyovo Zapadnoye,YuAO,246100,272400,1025,54,41,81,16.0,18.5
2024-02,Biryulyovo Zapadnoye,YuAO,237800,269000,991,197,31,62,16.0,18.5
2024-03,Biryulyovo Zapadnoye,YuAO,260700,300300,1086,40,6,70,16.0,18.5
2024-04,Biryulyovo Zapadnoye,YuAO,251200,282200,1047,139,31,101,16.0,18.5
2024-05,Biryulyovo Zapadnoye,YuAO,257800,273700,1074,162,6,41,16.0,18.5
2024-06,Biryulyovo Zapadnoye,YuAO,255800,275100,1066,20,27,73,16.0,18.5
2024-07,Biryulyovo Zapadnoye,YuAO,249500,271100,1040,65,57,68,16.0,18.5
2024-08,Biryulyovo Zapadnoye,YuAO,247000,271500,1029,90,74,108,16.0,18.5
2024-09,Biryulyovo Zapadnoye,YuAO,256200,277900,1067,168,19,84,16.0,18.5
2024-10,Biryulyovo Zapadnoye,YuAO,246000,274600,1025,33,54,94,21.0,23.5
2024-11,Biryulyovo Zapadnoye,YuAO,244600,268500,1019,26,73,40,21.0,23.5
2024-12,Biryulyovo Zapadnoye,YuAO,243800,267400,1016,140,7,53,21.0,23.5
2025-01,Biryulyovo Zapadnoye,YuAO,241400,252000,1006,132,67,19,21.0,23.5
2025-02,Biryulyovo Zapadnoye,YuAO,225500,241100,940,154,43,28,21.0,23.5
2025-03,Biryulyovo Zapadnoye,YuAO,233600,256100,973,185,40,108,21.0,23.5
2025-04,Biryulyovo Zapadnoye,YuAO,232100,247300,967,150,69,83,21.0,23.5
2025-05,Biryulyovo Zapadnoye,YuAO,242100,268700,1009,191,14,84,21.0,23.5
2025-06,Biryulyovo Zapadnoye,YuAO,248100,272700,1034,43,28,58,21.0,23.5
2025-07,Biryulyovo Zapadnoye,YuAO,241100,273800,1005,148,9,67,17.0,19.5
2025-08,Biryulyovo Zapadnoye,YuAO,247100,268300,1030,127,8,38,17.0,19.5
2025-09,Biryulyovo Zapadnoye,YuAO,250300,268100,1043,193,65,16,17.0,19.5
2025-10,Biryulyovo Zapadnoye,YuAO,240300,257200,1001,140,63,67,17.0,19.5
2025-11,Biryulyovo Zapadnoye,YuAO,243600,277900,1015,66,15,93,17.0,19.5
2025-12,Biryulyovo Zapadnoye,YuAO,258400,295800,1076,38,50,58,17.0,19.5
2026-01,Biryulyovo Zapadnoye,YuAO,244200,274500,1017,161,39,98,17.0,19.5
2026-02,Biryulyovo Zapadnoye,YuAO,252400,271700,1052,49,69,96,17.0,19.5
2026-03,Biryulyovo Zapadnoye,YuAO,247100,276100,1029,199,41,74,17.0,19.5
2026-04,Biryulyovo Zapadnoye,YuAO,256600,291600,1069,141,74,109,17.0,19.5
2020-01,Brateyevo,YuAO,165900,182800,691,125,5,33,6.0,8.5
2020-02,Brateyevo,YuAO,166600,181000,694,125,60,32,6.0,8.5
2020-03,Brateyevo,YuAO,167700,185800,699,128,13,104,6.0,8.5
2020-04,Brateyevo,YuAO,167400,192700,698,26,57,96,4.25,6.75
2020-05,Brateyevo,YuAO,173400,187900,722,185,60,53,4.25,6.75
2020-06,Brateyevo,YuAO,165900,179400,691,25,8,53,4.25,6.75
2020-07,Brateyevo,YuAO,181800,197000,758,34,75,30,4.25,6.75
2020-08,Brateyevo,YuAO,174400,188100,727,99,37,117,4.25,6.75
2020-09,Brateyevo,YuAO,185600,200700,774,161,31,99,4.25,6.75
2020-10,Brateyevo,YuAO,181400,190800,756,162,39,104,4.25,6.75
2020-11,Brateyevo,YuAO,182500,195800,760,132,16,10,4.25,6.75
2020-12,Brateyevo,YuAO,195600,213700,815,54,77,71,4.25,6.75
2021-01,Brateyevo,YuAO,196300,212700,818,20,28,34,4.25,6.75
2021-02,Brateyevo,YuAO,192300,207700,801,157,27,46,4.25,6.75
2021-03,Brateyevo,YuAO,200600,220300,836,106,52,76,4.25,6.75
2021-04,Brateyevo,YuAO,208500,234900,869,187,33,77,8.5,11.0
2021-05,Brateyevo,YuAO,205000,231400,854,76,36,31,8.5,11.0
2021-06,Brateyevo,YuAO,203300,223100,847,47,53,73,8.5,11.0
2021-07,Brateyevo,YuAO,215400,235200,897,177,66,44,8.5,11.0
2021-08,Brateyevo,YuAO,218700,232700,911,52,58,87,8.5,11.0
2021-09,Brateyevo,YuAO,221700,247700,924,181,8,40,8.5,11.0
2021-10,Brateyevo,YuAO,220600,239600,919,47,8,50,8.5,11.0
2021-11,Brateyevo,YuAO,224900,241200,937,125,63,118,8.5,11.0
2021-12,Brateyevo,YuAO,231600,253800,965,24,34,59,8.5,11.0
2022-01,Brateyevo,YuAO,219200,238700,913,99,69,10,20.0,22.5
2022-02,Brateyevo,YuAO,227100,252300,946,138,13,14,20.0,22.5
2022-03,Brateyevo,YuAO,218900,242000,912,184,73,33,20.0,22.5
2022-04,Brateyevo,YuAO,208100,225500,867,61,71,80,9.5,12.0
2022-05,Brateyevo,YuAO,207600,219600,865,117,23,27,9.5,12.0
2022-06,Brateyevo,YuAO,221900,244100,925,78,39,94,9.5,12.0
2022-07,Brateyevo,YuAO,217200,229300,905,138,16,43,9.5,12.0
2022-08,Brateyevo,YuAO,237900,275300,991,159,62,56,9.5,12.0
2022-09,Brateyevo,YuAO,222800,237900,929,119,18,80,9.5,12.0
2022-10,Brateyevo,YuAO,231400,251600,964,117,44,104,7.5,10.0
2022-11,Brateyevo,YuAO,224000,250800,933,58,9,111,7.5,10.0
2022-12,Brateyevo,YuAO,236400,256300,985,151,70,102,7.5,10.0
2023-01,Brateyevo,YuAO,227600,251900,949,125,22,82,7.5,10.0
2023-02,Brateyevo,YuAO,240700,263300,1003,177,60,70,7.5,10.0
2023-03,Brateyevo,YuAO,243000,258800,1012,111,23,56,7.5,10.0
2023-04,Brateyevo,YuAO,249300,265400,1039,54,52,77,7.5,10.0
2023-05,Brateyevo,YuAO,239400,264100,998,176,12,47,7.5,10.0
2023-06,Brateyevo,YuAO,246400,267200,1027,54,7,90,7.5,10.0
2023-07,Brateyevo,YuAO,237700,256800,990,50,61,83,13.0,15.5
2023-08,Brateyevo,YuAO,245700,270400,1024,190,71,47,13.0,15.5
2023-09,Brateyevo,YuAO,251500,285500,1048,182,46,98,13.0,15.5
2023-10,Brateyevo,YuAO,259100,286800,1080,56,16,107,13.0,15.5
2023-11,Brateyevo,YuAO,249200,279700,1039,47,69,62,13.0,15.5
2023-12,Brateyevo,YuAO,255500,285900,1064,190,44,10,13.0,15.5
2024-01,Brateyevo,YuAO,251500,278700,1048,48,79,81,16.0,18.5
2024-02,Brateyevo,YuAO,247700,275000,1032,126,38,40,16.0,18.5
2024-03,Brateyevo,YuAO,260700,280200,1086,108,47,47,16.0,18.5
2024-04,Brateyevo,YuAO,255300,267500,1064,64,58,70,16.0,18.5
2024-05,Brateyevo,YuAO,262200,291400,1092,153,55,42,16.0,18.5
2024-06,Brateyevo,YuAO,260900,294700,1087,88,51,40,16.0,18.5
2024-07,Brateyevo,YuAO,267700,293100,1115,118,6,93,16.0,18.5
2024-08,Brateyevo,YuAO,258700,289100,1078,147,72,95,16.0,18.5
2024-09,Brateyevo,YuAO,243600,265800,1015,25,30,116,16.0,18.5
2024-10,Brateyevo,YuAO,262600,285400,1094,65,43,76,21.0,23.5
2024-11,Brateyevo,YuAO,250700,276800,1044,68,27,59,21.0,23.5
2024-12,Brateyevo,YuAO,244900,258500,1021,67,7,62,21.0,23.5
2025-01,Brateyevo,YuAO,246500,266200,1027,60,12,20,21.0,23.5
2025-02,Brateyevo,YuAO,251000,273800,1046,96,70,19,21.0,23.5
2025-03,Brateyevo,YuAO,255900,280300,1066,91,13,65,21.0,23.5
2025-04,Brateyevo,YuAO,250600,278300,1044,33,75,31,21.0,23.5
2025-05,Brateyevo,YuAO,251200,276200,1047,60,63,114,21.0,23.5
2025-06,Brateyevo,YuAO,247800,262800,1032,78,36,45,21.0,23.5
2025-07,Brateyevo,YuAO,263400,282300,1097,95,16,59,17.0,19.5
2025-08,Brateyevo,YuAO,261500,291300,1089,107,30,16,17.0,19.5
2025-09,Brateyevo,YuAO,264600,306400,1103,75,56,40,17.0,19.5
2025-10,Brateyevo,YuAO,251400,281300,1048,152,18,20,17.0,19.5
2025-11,Brateyevo,YuAO,252800,275800,1053,108,69,104,17.0,19.5
2025-12,Brateyevo,YuAO,255900,284000,1066,137,8,117,17.0,19.5
2026-01,Brateyevo,YuAO,252400,276400,1052,119,14,43,17.0,19.5
2026-02,Brateyevo,YuAO,259300,282200,1080,70,24,119,17.0,19.5
2026-03,Brateyevo,YuAO,254900,279200,1062,181,10,85,17.0,19.5
2026-04,Brateyevo,YuAO,265900,298500,1108,172,39,63,17.0,19.5
2020-01,Danilovsky,YuAO,234600,252000,977,39,37,53,6.0,8.5
2020-02,Danilovsky,YuAO,238300,264600,993,165,48,34,6.0,8.5
2020-03,Danilovsky,YuAO,228300,246100,951,72,6,14,6.0,8.5
2020-04,Danilovsky,YuAO,252000,277500,1050,22,54,49,4.25,6.75
2020-05,Danilovsky,YuAO,251300,283700,1047,193,30,37,4.25,6.75
2020-06,Danilovsky,YuAO,239600,265600,998,122,21,100,4.25,6.75
2020-07,Danilovsky,YuAO,246700,266900,1028,25,11,46,4.25,6.75
2020-08,Danilovsky,YuAO,268600,284000,1119,20,62,67,4.25,6.75
2020-09,Danilovsky,YuAO,269100,297200,1121,118,7,45,4.25,6.75
2020-10,Danilovsky,YuAO,264800,291200,1103,83,14,25,4.25,6.75
2020-11,Danilovsky,YuAO,276600,303500,1153,76,27,113,4.25,6.75
2020-12,Danilovsky,YuAO,274100,305600,1142,127,31,19,4.25,6.75
2021-01,Danilovsky,YuAO,276300,296700,1151,68,78,83,4.25,6.75
2021-02,Danilovsky,YuAO,290500,305800,1210,110,73,109,4.25,6.75
2021-03,Danilovsky,YuAO,273800,305400,1141,43,14,107,4.25,6.75
2021-04,Danilovsky,YuAO,291900,330000,1216,176,64,31,8.5,11.0
2021-05,Danilovsky,YuAO,284700,312600,1186,100,72,83,8.5,11.0
2021-06,Danilovsky,YuAO,293900,341000,1225,154,21,71,8.5,11.0
2021-07,Danilovsky,YuAO,300700,333200,1253,144,57,95,8.5,11.0
2021-08,Danilovsky,YuAO,304300,344300,1268,86,75,107,8.5,11.0
2021-09,Danilovsky,YuAO,305600,351600,1273,192,34,90,8.5,11.0
2021-10,Danilovsky,YuAO,311400,343900,1298,33,14,28,8.5,11.0
2021-11,Danilovsky,YuAO,323900,356000,1350,81,8,55,8.5,11.0
2021-12,Danilovsky,YuAO,312700,338500,1303,119,67,83,8.5,11.0
2022-01,Danilovsky,YuAO,324000,345200,1350,159,19,86,20.0,22.5
2022-02,Danilovsky,YuAO,307700,330700,1282,137,47,96,20.0,22.5
2022-03,Danilovsky,YuAO,319700,356800,1332,53,13,66,20.0,22.5
2022-04,Danilovsky,YuAO,309800,325400,1291,46,55,12,9.5,12.0
2022-05,Danilovsky,YuAO,310300,329200,1293,193,20,115,9.5,12.0
2022-06,Danilovsky,YuAO,318200,359900,1326,142,6,72,9.5,12.0
2022-07,Danilovsky,YuAO,312800,349400,1303,110,64,49,9.5,12.0
2022-08,Danilovsky,YuAO,314900,339500,1312,76,62,99,9.5,12.0
2022-09,Danilovsky,YuAO,326700,367000,1361,53,66,69,9.5,12.0
2022-10,Danilovsky,YuAO,314800,335500,1312,125,17,36,7.5,10.0
2022-11,Danilovsky,YuAO,318200,348900,1326,162,17,99,7.5,10.0
2022-12,Danilovsky,YuAO,334100,368500,1392,87,12,97,7.5,10.0
2023-01,Danilovsky,YuAO,326500,380000,1360,111,73,99,7.5,10.0
2023-02,Danilovsky,YuAO,330800,363300,1378,186,61,80,7.5,10.0
2023-03,Danilovsky,YuAO,330600,364300,1378,111,29,45,7.5,10.0
2023-04,Danilovsky,YuAO,352100,388500,1467,40,24,117,7.5,10.0
2023-05,Danilovsky,YuAO,340000,392800,1417,169,6,76,7.5,10.0
2023-06,Danilovsky,YuAO,346400,376800,1443,54,56,71,7.5,10.0
2023-07,Danilovsky,YuAO,353800,396500,1474,43,21,54,13.0,15.5
2023-08,Danilovsky,YuAO,360800,407500,1503,28,9,81,13.0,15.5
2023-09,Danilovsky,YuAO,346600,381400,1444,90,9,65,13.0,15.5
2023-10,Danilovsky,YuAO,361100,388100,1505,69,33,111,13.0,15.5
2023-11,Danilovsky,YuAO,352500,380700,1469,149,47,95,13.0,15.5
2023-12,Danilovsky,YuAO,352500,399200,1469,35,39,55,13.0,15.5
2024-01,Danilovsky,YuAO,361000,403400,1504,21,20,85,16.0,18.5
2024-02,Danilovsky,YuAO,369800,416100,1541,166,22,78,16.0,18.5
2024-03,Danilovsky,YuAO,346400,373500,1443,74,46,113,16.0,18.5
2024-04,Danilovsky,YuAO,364800,409200,1520,158,59,61,16.0,18.5
2024-05,Danilovsky,YuAO,359300,366800,1497,56,42,82,16.0,18.5
2024-06,Danilovsky,YuAO,350500,379600,1460,24,65,117,16.0,18.5
2024-07,Danilovsky,YuAO,354600,398600,1477,38,16,25,16.0,18.5
2024-08,Danilovsky,YuAO,366300,395400,1526,65,26,102,16.0,18.5
2024-09,Danilovsky,YuAO,350300,392000,1459,98,55,71,16.0,18.5
2024-10,Danilovsky,YuAO,366700,392700,1528,63,68,100,21.0,23.5
2024-11,Danilovsky,YuAO,357700,392100,1491,47,40,100,21.0,23.5
2024-12,Danilovsky,YuAO,356400,395900,1485,156,56,48,21.0,23.5
2025-01,Danilovsky,YuAO,342300,380800,1426,57,7,48,21.0,23.5
2025-02,Danilovsky,YuAO,358100,373600,1492,36,61,95,21.0,23.5
2025-03,Danilovsky,YuAO,340100,387600,1417,40,10,60,21.0,23.5
2025-04,Danilovsky,YuAO,341500,376200,1423,87,73,89,21.0,23.5
2025-05,Danilovsky,YuAO,334400,370700,1393,180,24,112,21.0,23.5
2025-06,Danilovsky,YuAO,372900,434200,1554,47,70,19,21.0,23.5
2025-07,Danilovsky,YuAO,362800,408500,1512,169,18,50,17.0,19.5
2025-08,Danilovsky,YuAO,353500,380500,1473,186,41,53,17.0,19.5
2025-09,Danilovsky,YuAO,358000,382500,1492,124,51,83,17.0,19.5
2025-10,Danilovsky,YuAO,365500,413100,1523,164,19,63,17.0,19.5
2025-11,Danilovsky,YuAO,350800,385700,1462,41,43,67,17.0,19.5
2025-12,Danilovsky,YuAO,363300,422400,1514,114,28,21,17.0,19.5
2026-01,Danilovsky,YuAO,347400,379700,1447,106,25,24,17.0,19.5
2026-02,Danilovsky,YuAO,359100,398500,1496,30,47,104,17.0,19.5
2026-03,Danilovsky,YuAO,352200,389500,1467,135,60,58,17.0,19.5
2026-04,Danilovsky,YuAO,360100,420900,1501,123,65,47,17.0,19.5
2020-01,Donskoy,YuAO,237500,267300,990,135,78,88,6.0,8.5
2020-02,Donskoy,YuAO,256300,289900,1068,71,27,62,6.0,8.5
2020-03,Donskoy,YuAO,247900,267100,1033,56,28,98,6.0,8.5
2020-04,Donskoy,YuAO,262800,292200,1095,158,71,89,4.25,6.75
2020-05,Donskoy,YuAO,257200,278100,1072,89,14,65,4.25,6.75
2020-06,Donskoy,YuAO,265100,286900,1105,104,11,94,4.25,6.75
2020-07,Donskoy,YuAO,266400,300200,1110,24,47,101,4.25,6.75
2020-08,Donskoy,YuAO,265500,298200,1106,141,75,116,4.25,6.75
2020-09,Donskoy,YuAO,271500,295500,1131,131,70,29,4.25,6.75
2020-10,Donskoy,YuAO,268600,306300,1119,194,47,46,4.25,6.75
2020-11,Donskoy,YuAO,280500,314900,1169,171,35,84,4.25,6.75
2020-12,Donskoy,YuAO,279500,315500,1165,187,64,86,4.25,6.75
2021-01,Donskoy,YuAO,288600,318900,1203,149,72,46,4.25,6.75
2021-02,Donskoy,YuAO,298500,330100,1244,128,57,17,4.25,6.75
2021-03,Donskoy,YuAO,303500,313600,1265,44,14,114,4.25,6.75
2021-04,Donskoy,YuAO,310300,354300,1293,88,65,84,8.5,11.0
2021-05,Donskoy,YuAO,303000,326000,1262,25,68,62,8.5,11.0
2021-06,Donskoy,YuAO,313600,355500,1307,135,67,58,8.5,11.0
2021-07,Donskoy,YuAO,314200,357000,1309,141,22,17,8.5,11.0
2021-08,Donskoy,YuAO,316100,336400,1317,158,62,11,8.5,11.0
2021-09,Donskoy,YuAO,330000,378300,1375,32,12,59,8.5,11.0
2021-10,Donskoy,YuAO,331700,367600,1382,66,59,40,8.5,11.0
2021-11,Donskoy,YuAO,340300,391000,1418,105,12,64,8.5,11.0
2021-12,Donskoy,YuAO,319700,360800,1332,125,33,66,8.5,11.0
2022-01,Donskoy,YuAO,341900,371900,1425,145,58,12,20.0,22.5
2022-02,Donskoy,YuAO,342600,390800,1427,137,38,16,20.0,22.5
2022-03,Donskoy,YuAO,317900,348000,1325,83,66,98,20.0,22.5
2022-04,Donskoy,YuAO,327500,361100,1365,93,38,118,9.5,12.0
2022-05,Donskoy,YuAO,309500,339300,1290,100,69,79,9.5,12.0
2022-06,Donskoy,YuAO,332500,370400,1386,185,32,112,9.5,12.0
2022-07,Donskoy,YuAO,322300,356900,1343,28,48,36,9.5,12.0
2022-08,Donskoy,YuAO,328400,360900,1368,185,75,78,9.5,12.0
2022-09,Donskoy,YuAO,340500,353500,1419,96,36,14,9.5,12.0
2022-10,Donskoy,YuAO,343700,374300,1432,120,64,112,7.5,10.0
2022-11,Donskoy,YuAO,359600,396500,1498,20,35,81,7.5,10.0
2022-12,Donskoy,YuAO,344600,377900,1436,86,6,30,7.5,10.0
2023-01,Donskoy,YuAO,338900,363600,1412,130,47,66,7.5,10.0
2023-02,Donskoy,YuAO,350500,370900,1461,196,38,112,7.5,10.0
2023-03,Donskoy,YuAO,370400,419600,1543,176,29,25,7.5,10.0
2023-04,Donskoy,YuAO,359700,379300,1499,27,66,49,7.5,10.0
2023-05,Donskoy,YuAO,361300,397800,1505,128,46,42,7.5,10.0
2023-06,Donskoy,YuAO,352300,397900,1468,131,75,107,7.5,10.0
2023-07,Donskoy,YuAO,375100,422100,1563,186,45,89,13.0,15.5
2023-08,Donskoy,YuAO,357100,386500,1488,45,46,11,13.0,15.5
2023-09,Donskoy,YuAO,393200,432100,1638,181,15,103,13.0,15.5
2023-10,Donskoy,YuAO,378900,420700,1579,190,28,64,13.0,15.5
2023-11,Donskoy,YuAO,368600,405100,1536,140,59,52,13.0,15.5
2023-12,Donskoy,YuAO,363000,381000,1513,52,20,95,13.0,15.5
2024-01,Donskoy,YuAO,371000,423900,1546,79,14,26,16.0,18.5
2024-02,Donskoy,YuAO,372200,412100,1551,93,34,75,16.0,18.5
2024-03,Donskoy,YuAO,383300,427800,1597,172,13,48,16.0,18.5
2024-04,Donskoy,YuAO,376700,407900,1569,179,75,24,16.0,18.5
2024-05,Donskoy,YuAO,384900,415900,1604,108,62,28,16.0,18.5
2024-06,Donskoy,YuAO,375000,417500,1562,150,10,46,16.0,18.5
2024-07,Donskoy,YuAO,374600,390200,1561,118,55,80,16.0,18.5
2024-08,Donskoy,YuAO,384200,428600,1601,172,6,24,16.0,18.5
2024-09,Donskoy,YuAO,388300,419100,1618,111,39,57,16.0,18.5
2024-10,Donskoy,YuAO,393900,451400,1641,179,42,68,21.0,23.5
2024-11,Donskoy,YuAO,370500,403800,1544,84,68,72,21.0,23.5
2024-12,Donskoy,YuAO,354100,386200,1475,193,23,97,21.0,23.5
2025-01,Donskoy,YuAO,370900,394100,1545,146,24,23,21.0,23.5
2025-02,Donskoy,YuAO,356200,376900,1484,147,41,86,21.0,23.5
2025-03,Donskoy,YuAO,374800,436000,1562,24,65,43,21.0,23.5
2025-04,Donskoy,YuAO,372100,390800,1551,68,36,29,21.0,23.5
2025-05,Donskoy,YuAO,367800,406400,1533,94,76,42,21.0,23.5
2025-06,Donskoy,YuAO,372600,412500,1552,29,32,60,21.0,23.5
2025-07,Donskoy,YuAO,380900,424100,1587,72,20,102,17.0,19.5
2025-08,Donskoy,YuAO,381000,425400,1588,52,63,40,17.0,19.5
2025-09,Donskoy,YuAO,380400,411900,1585,48,20,25,17.0,19.5
2025-10,Donskoy,YuAO,367500,388500,1531,154,15,29,17.0,19.5
2025-11,Donskoy,YuAO,374000,400400,1558,103,7,22,17.0,19.5
2025-12,Donskoy,YuAO,368900,408900,1537,158,69,92,17.0,19.5
2026-01,Donskoy,YuAO,375800,405000,1566,78,7,43,17.0,19.5
2026-02,Donskoy,YuAO,368400,391700,1535,27,38,44,17.0,19.5
2026-03,Donskoy,YuAO,403900,464300,1683,124,40,64,17.0,19.5
2026-04,Donskoy,YuAO,385100,419100,1605,85,26,104,17.0,19.5
2020-01,Zyablikovo,YuAO,164600,177300,686,71,15,104,6.0,8.5
2020-02,Zyablikovo,YuAO,162200,174900,676,73,58,101,6.0,8.5
2020-03,Zyablikovo,YuAO,169600,183700,707,74,20,43,6.0,8.5
2020-04,Zyablikovo,YuAO,175600,190300,732,135,69,53,4.25,6.75
2020-05,Zyablikovo,YuAO,170800,188400,712,38,79,15,4.25,6.75
2020-06,Zyablikovo,YuAO,171400,186900,714,123,21,100,4.25,6.75
2020-07,Zyablikovo,YuAO,178100,193500,742,75,72,12,4.25,6.75
2020-08,Zyablikovo,YuAO,181100,189900,755,85,44,33,4.25,6.75
2020-09,Zyablikovo,YuAO,183500,201500,765,154,32,88,4.25,6.75
2020-10,Zyablikovo,YuAO,189100,225300,788,142,17,40,4.25,6.75
2020-11,Zyablikovo,YuAO,182300,200900,760,69,79,59,4.25,6.75
2020-12,Zyablikovo,YuAO,196100,211100,817,148,20,33,4.25,6.75
2021-01,Zyablikovo,YuAO,190300,213000,793,152,19,25,4.25,6.75
2021-02,Zyablikovo,YuAO,192700,215600,803,40,74,119,4.25,6.75
2021-03,Zyablikovo,YuAO,199800,217400,832,160,45,19,4.25,6.75
2021-04,Zyablikovo,YuAO,200000,218100,833,92,64,45,8.5,11.0
2021-05,Zyablikovo,YuAO,204300,218300,851,98,8,15,8.5,11.0
2021-06,Zyablikovo,YuAO,211600,236900,881,174,75,87,8.5,11.0
2021-07,Zyablikovo,YuAO,221500,250200,923,97,26,82,8.5,11.0
2021-08,Zyablikovo,YuAO,215700,233000,899,128,23,53,8.5,11.0
2021-09,Zyablikovo,YuAO,210900,232900,879,163,13,77,8.5,11.0
2021-10,Zyablikovo,YuAO,218700,236500,911,120,62,26,8.5,11.0
2021-11,Zyablikovo,YuAO,218500,253800,911,126,72,15,8.5,11.0
2021-12,Zyablikovo,YuAO,228300,259900,951,44,27,59,8.5,11.0
2022-01,Zyablikovo,YuAO,228200,256200,951,194,42,15,20.0,22.5
2022-02,Zyablikovo,YuAO,231200,253600,963,88,19,42,20.0,22.5
2022-03,Zyablikovo,YuAO,222900,240100,929,50,66,85,20.0,22.5
2022-04,Zyablikovo,YuAO,204100,228600,850,83,11,86,9.5,12.0
2022-05,Zyablikovo,YuAO,222300,251300,926,52,18,17,9.5,12.0
2022-06,Zyablikovo,YuAO,208000,224700,867,26,50,48,9.5,12.0
2022-07,Zyablikovo,YuAO,217900,238200,908,139,79,47,9.5,12.0
2022-08,Zyablikovo,YuAO,222800,237800,928,71,31,12,9.5,12.0
2022-09,Zyablikovo,YuAO,221000,243000,921,197,29,119,9.5,12.0
2022-10,Zyablikovo,YuAO,228400,258800,952,176,71,53,7.5,10.0
2022-11,Zyablikovo,YuAO,223900,242600,933,162,74,53,7.5,10.0
2022-12,Zyablikovo,YuAO,247100,275800,1029,181,42,29,7.5,10.0
2023-01,Zyablikovo,YuAO,236800,265700,987,146,49,102,7.5,10.0
2023-02,Zyablikovo,YuAO,242100,279000,1009,93,30,48,7.5,10.0
2023-03,Zyablikovo,YuAO,247100,288500,1030,172,75,64,7.5,10.0
2023-04,Zyablikovo,YuAO,235100,270200,980,65,55,97,7.5,10.0
2023-05,Zyablikovo,YuAO,238200,259900,992,195,78,12,7.5,10.0
2023-06,Zyablikovo,YuAO,242900,262100,1012,162,54,33,7.5,10.0
2023-07,Zyablikovo,YuAO,240100,265600,1001,113,52,19,13.0,15.5
2023-08,Zyablikovo,YuAO,247300,270100,1030,53,37,78,13.0,15.5
2023-09,Zyablikovo,YuAO,252000,288700,1050,44,63,37,13.0,15.5
2023-10,Zyablikovo,YuAO,251400,287200,1048,185,12,55,13.0,15.5
2023-11,Zyablikovo,YuAO,256600,274200,1069,25,7,91,13.0,15.5
2023-12,Zyablikovo,YuAO,254900,274800,1062,39,53,95,13.0,15.5
2024-01,Zyablikovo,YuAO,249400,273300,1039,179,19,13,16.0,18.5
2024-02,Zyablikovo,YuAO,253000,277900,1054,115,59,106,16.0,18.5
2024-03,Zyablikovo,YuAO,260800,295000,1087,130,10,101,16.0,18.5
2024-04,Zyablikovo,YuAO,258800,283100,1079,192,30,16,16.0,18.5
2024-05,Zyablikovo,YuAO,252900,276200,1054,158,52,11,16.0,18.5
2024-06,Zyablikovo,YuAO,259500,278300,1081,118,76,44,16.0,18.5
2024-07,Zyablikovo,YuAO,269800,286800,1124,164,56,16,16.0,18.5
2024-08,Zyablikovo,YuAO,255900,273500,1066,78,8,67,16.0,18.5
2024-09,Zyablikovo,YuAO,250100,280300,1042,48,45,38,16.0,18.5
2024-10,Zyablikovo,YuAO,262000,300300,1092,36,50,12,21.0,23.5
2024-11,Zyablikovo,YuAO,251700,285300,1049,145,71,113,21.0,23.5
2024-12,Zyablikovo,YuAO,259900,285400,1083,71,61,72,21.0,23.5
2025-01,Zyablikovo,YuAO,246400,267700,1027,31,68,41,21.0,23.5
2025-02,Zyablikovo,YuAO,248400,279100,1035,112,52,103,21.0,23.5
2025-03,Zyablikovo,YuAO,264000,286900,1100,28,15,110,21.0,23.5
2025-04,Zyablikovo,YuAO,246300,271100,1026,132,42,53,21.0,23.5
2025-05,Zyablikovo,YuAO,248500,269100,1035,122,26,55,21.0,23.5
2025-06,Zyablikovo,YuAO,261500,286200,1090,161,35,75,21.0,23.5
2025-07,Zyablikovo,YuAO,247200,275300,1030,60,65,40,17.0,19.5
2025-08,Zyablikovo,YuAO,248300,275900,1035,153,27,53,17.0,19.5
2025-09,Zyablikovo,YuAO,256700,296500,1070,24,23,93,17.0,19.5
2025-10,Zyablikovo,YuAO,256300,282600,1068,181,37,54,17.0,19.5
2025-11,Zyablikovo,YuAO,256700,279800,1070,147,37,119,17.0,19.5
2025-12,Zyablikovo,YuAO,250000,276200,1042,168,75,104,17.0,19.5
2026-01,Zyablikovo,YuAO,256900,284400,1071,150,8,73,17.0,19.5
2026-02,Zyablikovo,YuAO,248600,277100,1036,36,17,24,17.0,19.5
2026-03,Zyablikovo,YuAO,241400,262600,1006,68,54,36,17.0,19.5
2026-04,Zyablikovo,YuAO,268500,277400,1119,26,38,81,17.0,19.5
2020-01,Moskvorechye-Saburovo,YuAO,176700,190800,736,194,71,17,6.0,8.5
2020-02,Moskvorechye-Saburovo,YuAO,187500,208900,781,153,55,80,6.0,8.5
2020-03,Moskvorechye-Saburovo,YuAO,185000,206400,771,112,19,97,6.0,8.5
2020-04,Moskvorechye-Saburovo,YuAO,189700,209500,790,22,58,20,4.25,6.75
2020-05,Moskvorechye-Saburovo,YuAO,186200,209800,776,57,47,35,4.25,6.75
2020-06,Moskvorechye-Saburovo,YuAO,200300,221700,835,196,30,48,4.25,6.75
2020-07,Moskvorechye-Saburovo,YuAO,198300,211600,826,193,40,39,4.25,6.75
2020-08,Moskvorechye-Saburovo,YuAO,193200,212200,805,57,23,113,4.25,6.75
2020-09,Moskvorechye-Saburovo,YuAO,208600,220100,869,144,57,97,4.25,6.75
2020-10,Moskvorechye-Saburovo,YuAO,200400,227400,835,153,67,88,4.25,6.75
2020-11,Moskvorechye-Saburovo,YuAO,211900,237400,883,184,11,61,4.25,6.75
2020-12,Moskvorechye-Saburovo,YuAO,212500,242700,885,86,48,105,4.25,6.75
2021-01,Moskvorechye-Saburovo,YuAO,212700,238500,886,198,79,31,4.25,6.75
2021-02,Moskvorechye-Saburovo,YuAO,209000,241700,871,92,63,62,4.25,6.75
2021-03,Moskvorechye-Saburovo,YuAO,223900,246800,933,63,17,111,4.25,6.75
2021-04,Moskvorechye-Saburovo,YuAO,235100,257700,980,159,56,11,8.5,11.0
2021-05,Moskvorechye-Saburovo,YuAO,230400,264900,960,88,36,33,8.5,11.0
2021-06,Moskvorechye-Saburovo,YuAO,226100,251500,942,197,38,36,8.5,11.0
2021-07,Moskvorechye-Saburovo,YuAO,235900,257400,983,192,45,70,8.5,11.0
2021-08,Moskvorechye-Saburovo,YuAO,229700,256900,957,20,51,93,8.5,11.0
2021-09,Moskvorechye-Saburovo,YuAO,238400,263200,993,66,73,96,8.5,11.0
2021-10,Moskvorechye-Saburovo,YuAO,244800,280000,1020,60,35,34,8.5,11.0
2021-11,Moskvorechye-Saburovo,YuAO,245900,262700,1025,106,60,112,8.5,11.0
2021-12,Moskvorechye-Saburovo,YuAO,247000,273000,1029,131,75,118,8.5,11.0
2022-01,Moskvorechye-Saburovo,YuAO,262800,295000,1095,190,25,89,20.0,22.5
2022-02,Moskvorechye-Saburovo,YuAO,243000,260200,1012,40,41,119,20.0,22.5
2022-03,Moskvorechye-Saburovo,YuAO,238400,259000,993,60,28,83,20.0,22.5
2022-04,Moskvorechye-Saburovo,YuAO,240900,264600,1004,65,30,112,9.5,12.0
2022-05,Moskvorechye-Saburovo,YuAO,245400,272600,1023,68,13,44,9.5,12.0
2022-06,Moskvorechye-Saburovo,YuAO,245300,261300,1022,48,45,68,9.5,12.0
2022-07,Moskvorechye-Saburovo,YuAO,254600,290700,1061,82,48,111,9.5,12.0
2022-08,Moskvorechye-Saburovo,YuAO,235100,264600,980,163,69,16,9.5,12.0
2022-09,Moskvorechye-Saburovo,YuAO,242800,252900,1012,159,69,107,9.5,12.0
2022-10,Moskvorechye-Saburovo,YuAO,249200,269300,1038,159,66,14,7.5,10.0
2022-11,Moskvorechye-Saburovo,YuAO,260100,290600,1084,106,52,80,7.5,10.0
2022-12,Moskvorechye-Saburovo,YuAO,265400,302600,1106,118,33,25,7.5,10.0
2023-01,Moskvorechye-Saburovo,YuAO,268700,298300,1120,81,37,15,7.5,10.0
2023-02,Moskvorechye-Saburovo,YuAO,262100,292800,1092,35,68,52,7.5,10.0
2023-03,Moskvorechye-Saburovo,YuAO,271000,303200,1129,95,48,19,7.5,10.0
2023-04,Moskvorechye-Saburovo,YuAO,256800,281500,1070,63,77,97,7.5,10.0
2023-05,Moskvorechye-Saburovo,YuAO,277900,304700,1158,194,44,30,7.5,10.0
2023-06,Moskvorechye-Saburovo,YuAO,277300,289700,1155,50,33,57,7.5,10.0
2023-07,Moskvorechye-Saburovo,YuAO,279400,310600,1164,116,36,15,13.0,15.5
2023-08,Moskvorechye-Saburovo,YuAO,273900,280200,1141,31,36,109,13.0,15.5
2023-09,Moskvorechye-Saburovo,YuAO,268100,288900,1117,185,16,49,13.0,15.5
2023-10,Moskvorechye-Saburovo,YuAO,266800,300700,1112,117,29,43,13.0,15.5
2023-11,Moskvorechye-Saburovo,YuAO,284400,311400,1185,36,41,85,13.0,15.5
2023-12,Moskvorechye-Saburovo,YuAO,277800,312300,1157,40,55,41,13.0,15.5
2024-01,Moskvorechye-Saburovo,YuAO,268600,307800,1119,22,24,25,16.0,18.5
2024-02,Moskvorechye-Saburovo,YuAO,279700,311900,1165,198,64,82,16.0,18.5
2024-03,Moskvorechye-Saburovo,YuAO,280500,312700,1169,95,22,26,16.0,18.5
2024-04,Moskvorechye-Saburovo,YuAO,268200,309900,1118,59,45,77,16.0,18.5
2024-05,Moskvorechye-Saburovo,YuAO,284500,315300,1185,32,5,114,16.0,18.5
2024-06,Moskvorechye-Saburovo,YuAO,291600,314100,1215,91,40,70,16.0,18.5
2024-07,Moskvorechye-Saburovo,YuAO,288700,314600,1203,182,38,81,16.0,18.5
2024-08,Moskvorechye-Saburovo,YuAO,292600,319100,1219,185,44,71,16.0,18.5
2024-09,Moskvorechye-Saburovo,YuAO,278900,307000,1162,147,9,39,16.0,18.5
2024-10,Moskvorechye-Saburovo,YuAO,294400,315400,1227,190,34,19,21.0,23.5
2024-11,Moskvorechye-Saburovo,YuAO,279300,311100,1164,56,53,18,21.0,23.5
2024-12,Moskvorechye-Saburovo,YuAO,273000,299600,1138,102,58,16,21.0,23.5
2025-01,Moskvorechye-Saburovo,YuAO,279900,309300,1166,192,5,52,21.0,23.5
2025-02,Moskvorechye-Saburovo,YuAO,289500,334100,1206,166,34,106,21.0,23.5
2025-03,Moskvorechye-Saburovo,YuAO,270700,303800,1128,178,75,67,21.0,23.5
2025-04,Moskvorechye-Saburovo,YuAO,280800,312500,1170,102,40,96,21.0,23.5
2025-05,Moskvorechye-Saburovo,YuAO,291300,323300,1214,35,11,44,21.0,23.5
2025-06,Moskvorechye-Saburovo,YuAO,283200,324600,1180,195,70,58,21.0,23.5
2025-07,Moskvorechye-Saburovo,YuAO,268700,302000,1120,98,14,68,17.0,19.5
2025-08,Moskvorechye-Saburovo,YuAO,265500,293700,1106,50,21,108,17.0,19.5
2025-09,Moskvorechye-Saburovo,YuAO,285000,312900,1187,173,66,112,17.0,19.5
2025-10,Moskvorechye-Saburovo,YuAO,274800,292400,1145,46,74,73,17.0,19.5
2025-11,Moskvorechye-Saburovo,YuAO,278100,298700,1159,129,65,17,17.0,19.5
2025-12,Moskvorechye-Saburovo,YuAO,283200,327300,1180,124,60,36,17.0,19.5
2026-01,Moskvorechye-Saburovo,YuAO,279600,293000,1165,113,31,78,17.0,19.5
2026-02,Moskvorechye-Saburovo,YuAO,277700,304500,1157,146,12,53,17.0,19.5
2026-03,Moskvorechye-Saburovo,YuAO,281700,299600,1174,129,17,107,17.0,19.5
2026-04,Moskvorechye-Saburovo,YuAO,273000,303000,1137,55,27,87,17.0,19.5
2020-01,Nagatino-Sadovniki,YuAO,212000,233200,883,77,49,80,6.0,8.5
2020-02,Nagatino-Sadovniki,YuAO,207800,229200,866,73,5,79,6.0,8.5
2020-03,Nagatino-Sadovniki,YuAO,210700,231400,878,138,78,59,6.0,8.5
2020-04,Nagatino-Sadovniki,YuAO,217600,238900,907,50,20,101,4.25,6.75
2020-05,Nagatino-Sadovniki,YuAO,220000,251400,917,79,6,99,4.25,6.75
2020-06,Nagatino-Sadovniki,YuAO,225300,247700,939,188,19,51,4.25,6.75
2020-07,Nagatino-Sadovniki,YuAO,222700,247100,928,175,76,105,4.25,6.75
2020-08,Nagatino-Sadovniki,YuAO,223100,239400,929,99,15,96,4.25,6.75
2020-09,Nagatino-Sadovniki,YuAO,235900,266000,983,95,44,119,4.25,6.75
2020-10,Nagatino-Sadovniki,YuAO,234100,263800,976,51,17,70,4.25,6.75
2020-11,Nagatino-Sadovniki,YuAO,232400,265200,968,194,16,48,4.25,6.75
2020-12,Nagatino-Sadovniki,YuAO,232800,259700,970,151,51,29,4.25,6.75
2021-01,Nagatino-Sadovniki,YuAO,245300,251400,1022,83,61,58,4.25,6.75
2021-02,Nagatino-Sadovniki,YuAO,238900,264400,996,180,31,63,4.25,6.75
2021-03,Nagatino-Sadovniki,YuAO,245200,265300,1021,57,35,72,4.25,6.75
2021-04,Nagatino-Sadovniki,YuAO,250200,273700,1043,74,68,46,8.5,11.0
2021-05,Nagatino-Sadovniki,YuAO,248200,266000,1034,65,73,87,8.5,11.0
2021-06,Nagatino-Sadovniki,YuAO,251700,280800,1049,74,47,102,8.5,11.0
2021-07,Nagatino-Sadovniki,YuAO,259900,281700,1083,76,48,15,8.5,11.0
2021-08,Nagatino-Sadovniki,YuAO,265000,293600,1104,185,32,80,8.5,11.0
2021-09,Nagatino-Sadovniki,YuAO,269500,291800,1123,39,37,70,8.5,11.0
2021-10,Nagatino-Sadovniki,YuAO,273800,285900,1141,123,77,17,8.5,11.0
2021-11,Nagatino-Sadovniki,YuAO,276800,304900,1154,183,34,17,8.5,11.0
2021-12,Nagatino-Sadovniki,YuAO,288300,324100,1201,192,37,84,8.5,11.0
2022-01,Nagatino-Sadovniki,YuAO,295700,324700,1232,180,20,116,20.0,22.5
2022-02,Nagatino-Sadovniki,YuAO,293000,316200,1221,152,27,31,20.0,22.5
2022-03,Nagatino-Sadovniki,YuAO,278500,293100,1160,167,10,58,20.0,22.5
2022-04,Nagatino-Sadovniki,YuAO,261300,287400,1089,194,29,82,9.5,12.0
2022-05,Nagatino-Sadovniki,YuAO,273200,300700,1138,188,19,85,9.5,12.0
2022-06,Nagatino-Sadovniki,YuAO,274800,310700,1145,133,44,32,9.5,12.0
2022-07,Nagatino-Sadovniki,YuAO,276600,308800,1152,145,60,41,9.5,12.0
2022-08,Nagatino-Sadovniki,YuAO,278500,307200,1160,21,66,71,9.5,12.0
2022-09,Nagatino-Sadovniki,YuAO,293100,316000,1221,30,63,27,9.5,12.0
2022-10,Nagatino-Sadovniki,YuAO,290000,310900,1208,170,58,83,7.5,10.0
2022-11,Nagatino-Sadovniki,YuAO,288100,309000,1200,90,9,19,7.5,10.0
2022-12,Nagatino-Sadovniki,YuAO,288100,315300,1200,121,51,72,7.5,10.0
2023-01,Nagatino-Sadovniki,YuAO,300800,330700,1253,162,61,35,7.5,10.0
2023-02,Nagatino-Sadovniki,YuAO,301600,329800,1257,161,41,93,7.5,10.0
2023-03,Nagatino-Sadovniki,YuAO,299000,334300,1246,57,7,49,7.5,10.0
2023-04,Nagatino-Sadovniki,YuAO,308500,338200,1285,188,55,90,7.5,10.0
2023-05,Nagatino-Sadovniki,YuAO,297800,330200,1241,45,77,115,7.5,10.0
2023-06,Nagatino-Sadovniki,YuAO,310100,336700,1292,58,13,74,7.5,10.0
2023-07,Nagatino-Sadovniki,YuAO,315800,352600,1316,104,47,90,13.0,15.5
2023-08,Nagatino-Sadovniki,YuAO,307600,341700,1282,47,53,67,13.0,15.5
2023-09,Nagatino-Sadovniki,YuAO,314300,352900,1310,127,60,96,13.0,15.5
2023-10,Nagatino-Sadovniki,YuAO,313600,348100,1307,118,28,73,13.0,15.5
2023-11,Nagatino-Sadovniki,YuAO,310600,353600,1294,77,77,103,13.0,15.5
2023-12,Nagatino-Sadovniki,YuAO,319800,354700,1333,67,78,78,13.0,15.5
2024-01,Nagatino-Sadovniki,YuAO,305100,347100,1271,100,43,55,16.0,18.5
2024-02,Nagatino-Sadovniki,YuAO,314100,338300,1309,121,17,59,16.0,18.5
2024-03,Nagatino-Sadovniki,YuAO,318500,341400,1327,139,48,53,16.0,18.5
2024-04,Nagatino-Sadovniki,YuAO,318900,347000,1329,74,67,10,16.0,18.5
2024-05,Nagatino-Sadovniki,YuAO,324000,354900,1350,102,7,62,16.0,18.5
2024-06,Nagatino-Sadovniki,YuAO,323000,374600,1346,88,25,30,16.0,18.5
2024-07,Nagatino-Sadovniki,YuAO,325800,355600,1358,34,44,28,16.0,18.5
2024-08,Nagatino-Sadovniki,YuAO,335400,374700,1398,120,16,104,16.0,18.5
2024-09,Nagatino-Sadovniki,YuAO,313800,346500,1308,101,37,106,16.0,18.5
2024-10,Nagatino-Sadovniki,YuAO,326000,364700,1358,134,17,43,21.0,23.5
2024-11,Nagatino-Sadovniki,YuAO,311400,353300,1297,159,35,60,21.0,23.5
2024-12,Nagatino-Sadovniki,YuAO,303300,338900,1264,178,28,41,21.0,23.5
2025-01,Nagatino-Sadovniki,YuAO,317200,357700,1321,196,13,114,21.0,23.5
2025-02,Nagatino-Sadovniki,YuAO,307100,340300,1279,149,36,15,21.0,23.5
2025-03,Nagatino-Sadovniki,YuAO,294500,333400,1227,101,29,24,21.0,23.5
2025-04,Nagatino-Sadovniki,YuAO,325000,361900,1354,37,37,69,21.0,23.5
2025-05,Nagatino-Sadovniki,YuAO,315000,351500,1313,193,39,58,21.0,23.5
2025-06,Nagatino-Sadovniki,YuAO,297100,326900,1238,109,43,53,21.0,23.5
2025-07,Nagatino-Sadovniki,YuAO,309700,340900,1290,125,46,40,17.0,19.5
2025-08,Nagatino-Sadovniki,YuAO,306900,335000,1279,118,70,52,17.0,19.5
2025-09,Nagatino-Sadovniki,YuAO,321300,344700,1339,48,72,69,17.0,19.5
2025-10,Nagatino-Sadovniki,YuAO,317100,363500,1321,177,58,49,17.0,19.5
2025-11,Nagatino-Sadovniki,YuAO,316600,338600,1319,133,47,39,17.0,19.5
2025-12,Nagatino-Sadovniki,YuAO,315700,346600,1316,119,10,11,17.0,19.5
2026-01,Nagatino-Sadovniki,YuAO,308500,354500,1286,179,10,14,17.0,19.5
2026-02,Nagatino-Sadovniki,YuAO,309100,365100,1288,160,57,17,17.0,19.5
2026-03,Nagatino-Sadovniki,YuAO,329700,366500,1374,94,54,73,17.0,19.5
2026-04,Nagatino-Sadovniki,YuAO,314800,351000,1312,186,46,94,17.0,19.5
2020-01,Nagatinsky Zaton,YuAO,221800,246200,924,125,13,77,6.0,8.5
2020-02,Nagatinsky Zaton,YuAO,215800,235200,899,186,71,104,6.0,8.5
2020-03,Nagatinsky Zaton,YuAO,229100,250700,955,186,34,53,6.0,8.5
2020-04,Nagatinsky Zaton,YuAO,225400,242200,939,48,23,59,4.25,6.75
2020-05,Nagatinsky Zaton,YuAO,233500,255600,973,96,30,61,4.25,6.75
2020-06,Nagatinsky Zaton,YuAO,224800,249900,937,48,33,63,4.25,6.75
2020-07,Nagatinsky Zaton,YuAO,237800,259800,991,90,7,112,4.25,6.75
2020-08,Nagatinsky Zaton,YuAO,238200,259600,992,193,14,14,4.25,6.75
2020-09,Nagatinsky Zaton,YuAO,238500,263900,994,56,9,60,4.25,6.75
2020-10,Nagatinsky Zaton,YuAO,238700,265800,995,104,32,32,4.25,6.75
2020-11,Nagatinsky Zaton,YuAO,239500,267200,998,184,70,96,4.25,6.75
2020-12,Nagatinsky Zaton,YuAO,257800,289500,1074,160,16,67,4.25,6.75
2021-01,Nagatinsky Zaton,YuAO,258800,290100,1078,51,74,13,4.25,6.75
2021-02,Nagatinsky Zaton,YuAO,250300,274000,1043,23,48,60,4.25,6.75
2021-03,Nagatinsky Zaton,YuAO,259100,286000,1080,37,76,38,4.25,6.75
2021-04,Nagatinsky Zaton,YuAO,260000,282500,1083,48,62,42,8.5,11.0
2021-05,Nagatinsky Zaton,YuAO,269500,278800,1123,73,54,114,8.5,11.0
2021-06,Nagatinsky Zaton,YuAO,283100,307200,1180,96,50,84,8.5,11.0
2021-07,Nagatinsky Zaton,YuAO,267300,296800,1114,65,6,119,8.5,11.0
2021-08,Nagatinsky Zaton,YuAO,277500,305400,1156,110,41,14,8.5,11.0
2021-09,Nagatinsky Zaton,YuAO,290700,322600,1211,73,12,116,8.5,11.0
2021-10,Nagatinsky Zaton,YuAO,280300,319600,1168,145,65,95,8.5,11.0
2021-11,Nagatinsky Zaton,YuAO,301300,328900,1255,46,58,15,8.5,11.0
2021-12,Nagatinsky Zaton,YuAO,293800,331900,1224,144,54,15,8.5,11.0
2022-01,Nagatinsky Zaton,YuAO,300900,329800,1254,146,33,82,20.0,22.5
2022-02,Nagatinsky Zaton,YuAO,301300,326300,1255,163,64,21,20.0,22.5
2022-03,Nagatinsky Zaton,YuAO,293700,324700,1224,30,38,106,20.0,22.5
2022-04,Nagatinsky Zaton,YuAO,274700,291300,1145,138,67,18,9.5,12.0
2022-05,Nagatinsky Zaton,YuAO,284500,315000,1186,175,31,18,9.5,12.0
2022-06,Nagatinsky Zaton,YuAO,284300,305400,1184,66,77,90,9.5,12.0
2022-07,Nagatinsky Zaton,YuAO,291400,309900,1214,120,57,50,9.5,12.0
2022-08,Nagatinsky Zaton,YuAO,304700,340400,1270,23,50,34,9.5,12.0
2022-09,Nagatinsky Zaton,YuAO,303800,342200,1266,180,69,17,9.5,12.0
2022-10,Nagatinsky Zaton,YuAO,308600,339100,1286,86,14,49,7.5,10.0
2022-11,Nagatinsky Zaton,YuAO,295500,313500,1231,196,45,100,7.5,10.0
2022-12,Nagatinsky Zaton,YuAO,306900,346300,1279,93,26,42,7.5,10.0
2023-01,Nagatinsky Zaton,YuAO,297600,326800,1240,105,45,114,7.5,10.0
2023-02,Nagatinsky Zaton,YuAO,301000,332700,1254,78,72,73,7.5,10.0
2023-03,Nagatinsky Zaton,YuAO,315200,352400,1313,30,19,56,7.5,10.0
2023-04,Nagatinsky Zaton,YuAO,321300,358800,1339,162,63,63,7.5,10.0
2023-05,Nagatinsky Zaton,YuAO,327500,359300,1365,199,16,77,7.5,10.0
2023-06,Nagatinsky Zaton,YuAO,314300,349000,1309,23,35,40,7.5,10.0
2023-07,Nagatinsky Zaton,YuAO,311200,322500,1297,110,27,64,13.0,15.5
2023-08,Nagatinsky Zaton,YuAO,327300,360900,1364,67,21,37,13.0,15.5
2023-09,Nagatinsky Zaton,YuAO,333300,359400,1389,40,72,31,13.0,15.5
2023-10,Nagatinsky Zaton,YuAO,311900,347200,1299,126,61,55,13.0,15.5
2023-11,Nagatinsky Zaton,YuAO,331000,371000,1379,170,69,96,13.0,15.5
2023-12,Nagatinsky Zaton,YuAO,325900,365100,1358,135,54,72,13.0,15.5
2024-01,Nagatinsky Zaton,YuAO,333000,356500,1388,105,58,42,16.0,18.5
2024-02,Nagatinsky Zaton,YuAO,333700,365200,1391,33,73,95,16.0,18.5
2024-03,Nagatinsky Zaton,YuAO,347600,382600,1449,71,21,100,16.0,18.5
2024-04,Nagatinsky Zaton,YuAO,344600,385800,1436,134,36,37,16.0,18.5
2024-05,Nagatinsky Zaton,YuAO,339900,375800,1416,59,11,15,16.0,18.5
2024-06,Nagatinsky Zaton,YuAO,352700,387800,1469,77,71,80,16.0,18.5
2024-07,Nagatinsky Zaton,YuAO,325700,375800,1357,25,48,53,16.0,18.5
2024-08,Nagatinsky Zaton,YuAO,358400,407900,1493,172,46,67,16.0,18.5
2024-09,Nagatinsky Zaton,YuAO,338400,374000,1410,104,32,75,16.0,18.5
2024-10,Nagatinsky Zaton,YuAO,336000,361900,1400,124,25,40,21.0,23.5
2024-11,Nagatinsky Zaton,YuAO,329800,356700,1374,50,10,118,21.0,23.5
2024-12,Nagatinsky Zaton,YuAO,334100,358200,1392,87,65,60,21.0,23.5
2025-01,Nagatinsky Zaton,YuAO,318400,364200,1327,133,25,108,21.0,23.5
2025-02,Nagatinsky Zaton,YuAO,330700,358100,1378,59,14,69,21.0,23.5
2025-03,Nagatinsky Zaton,YuAO,339800,369500,1416,28,60,42,21.0,23.5
2025-04,Nagatinsky Zaton,YuAO,332700,363400,1386,52,45,17,21.0,23.5
2025-05,Nagatinsky Zaton,YuAO,327800,362900,1366,140,75,89,21.0,23.5
2025-06,Nagatinsky Zaton,YuAO,349300,396200,1455,135,71,99,21.0,23.5
2025-07,Nagatinsky Zaton,YuAO,334800,364500,1395,135,61,80,17.0,19.5
2025-08,Nagatinsky Zaton,YuAO,352800,380000,1470,25,49,88,17.0,19.5
2025-09,Nagatinsky Zaton,YuAO,332200,364000,1384,117,14,18,17.0,19.5
2025-10,Nagatinsky Zaton,YuAO,321300,337700,1339,173,16,97,17.0,19.5
2025-11,Nagatinsky Zaton,YuAO,343200,369700,1430,47,9,99,17.0,19.5
2025-12,Nagatinsky Zaton,YuAO,324600,361600,1353,27,64,31,17.0,19.5
2026-01,Nagatinsky Zaton,YuAO,340000,382200,1417,55,31,58,17.0,19.5
2026-02,Nagatinsky Zaton,YuAO,335800,368300,1399,32,49,14,17.0,19.5
2026-03,Nagatinsky Zaton,YuAO,335700,355400,1399,131,56,83,17.0,19.5
2026-04,Nagatinsky Zaton,YuAO,351400,386200,1464,76,19,81,17.0,19.5
2020-01,Nagorny,YuAO,216000,242300,900,51,58,111,6.0,8.5
2020-02,Nagorny,YuAO,202500,221500,844,61,50,76,6.0,8.5
2020-03,Nagorny,YuAO,209400,221100,872,101,19,66,6.0,8.5
2020-04,Nagorny,YuAO,218300,241100,910,38,72,26,4.25,6.75
2020-05,Nagorny,YuAO,217900,233400,908,98,77,110,4.25,6.75
2020-06,Nagorny,YuAO,225000,246600,938,121,33,102,4.25,6.75
2020-07,Nagorny,YuAO,225600,243400,940,166,15,109,4.25,6.75
2020-08,Nagorny,YuAO,214300,230200,893,143,25,105,4.25,6.75
2020-09,Nagorny,YuAO,235700,260400,982,73,18,30,4.25,6.75
2020-10,Nagorny,YuAO,231600,253800,965,48,77,57,4.25,6.75
2020-11,Nagorny,YuAO,245300,261500,1022,46,79,14,4.25,6.75
2020-12,Nagorny,YuAO,243400,275800,1014,48,65,106,4.25,6.75
2021-01,Nagorny,YuAO,246300,268200,1026,111,44,89,4.25,6.75
2021-02,Nagorny,YuAO,259800,278900,1082,33,57,77,4.25,6.75
2021-03,Nagorny,YuAO,250000,273100,1042,184,16,81,4.25,6.75
2021-04,Nagorny,YuAO,252600,275900,1053,105,29,65,8.5,11.0
2021-05,Nagorny,YuAO,260900,296300,1087,185,69,57,8.5,11.0
2021-06,Nagorny,YuAO,271500,299900,1131,189,64,112,8.5,11.0
2021-07,Nagorny,YuAO,267900,308400,1116,59,23,91,8.5,11.0
2021-08,Nagorny,YuAO,259200,280600,1080,130,13,44,8.5,11.0
2021-09,Nagorny,YuAO,273100,293000,1138,87,75,23,8.5,11.0
2021-10,Nagorny,YuAO,284300,308600,1185,197,9,104,8.5,11.0
2021-11,Nagorny,YuAO,276600,291300,1153,92,50,107,8.5,11.0
2021-12,Nagorny,YuAO,281600,301900,1174,56,7,93,8.5,11.0
2022-01,Nagorny,YuAO,291700,322800,1215,37,51,23,20.0,22.5
2022-02,Nagorny,YuAO,282000,301400,1175,99,12,25,20.0,22.5
2022-03,Nagorny,YuAO,278200,302900,1159,58,64,112,20.0,22.5
2022-04,Nagorny,YuAO,273200,320400,1138,87,43,80,9.5,12.0
2022-05,Nagorny,YuAO,264800,281500,1103,187,9,45,9.5,12.0
2022-06,Nagorny,YuAO,267700,300900,1116,66,43,79,9.5,12.0
2022-07,Nagorny,YuAO,280700,308700,1170,87,32,22,9.5,12.0
2022-08,Nagorny,YuAO,281400,314300,1173,148,58,82,9.5,12.0
2022-09,Nagorny,YuAO,285400,323800,1189,162,10,111,9.5,12.0
2022-10,Nagorny,YuAO,290000,335800,1208,91,22,63,7.5,10.0
2022-11,Nagorny,YuAO,293200,335500,1222,161,16,64,7.5,10.0
2022-12,Nagorny,YuAO,288700,296900,1203,21,25,51,7.5,10.0
2023-01,Nagorny,YuAO,292500,322100,1219,61,34,118,7.5,10.0
2023-02,Nagorny,YuAO,285500,307500,1190,21,29,58,7.5,10.0
2023-03,Nagorny,YuAO,290600,313700,1211,127,69,38,7.5,10.0
2023-04,Nagorny,YuAO,297600,328600,1240,89,59,108,7.5,10.0
2023-05,Nagorny,YuAO,298000,324400,1241,191,59,96,7.5,10.0
2023-06,Nagorny,YuAO,299900,345300,1250,76,38,14,7.5,10.0
2023-07,Nagorny,YuAO,301600,314100,1257,61,44,31,13.0,15.5
2023-08,Nagorny,YuAO,320900,345100,1337,72,70,38,13.0,15.5
2023-09,Nagorny,YuAO,305500,337700,1273,101,79,81,13.0,15.5
2023-10,Nagorny,YuAO,316700,355700,1319,190,62,105,13.0,15.5
2023-11,Nagorny,YuAO,309500,341600,1290,194,68,95,13.0,15.5
2023-12,Nagorny,YuAO,315600,350700,1315,137,79,100,13.0,15.5
2024-01,Nagorny,YuAO,303000,339700,1263,193,26,67,16.0,18.5
2024-02,Nagorny,YuAO,317000,353500,1321,188,64,49,16.0,18.5
2024-03,Nagorny,YuAO,339400,362800,1414,127,34,14,16.0,18.5
2024-04,Nagorny,YuAO,324700,345400,1353,117,15,61,16.0,18.5
2024-05,Nagorny,YuAO,324000,345500,1350,139,40,73,16.0,18.5
2024-06,Nagorny,YuAO,315400,350800,1314,80,12,41,16.0,18.5
2024-07,Nagorny,YuAO,324000,375800,1350,114,22,66,16.0,18.5
2024-08,Nagorny,YuAO,314100,348200,1309,140,47,11,16.0,18.5
2024-09,Nagorny,YuAO,316600,344000,1319,62,35,61,16.0,18.5
2024-10,Nagorny,YuAO,310000,329200,1292,171,12,41,21.0,23.5
2024-11,Nagorny,YuAO,308800,338700,1287,61,48,52,21.0,23.5
2024-12,Nagorny,YuAO,312200,344400,1301,107,53,84,21.0,23.5
2025-01,Nagorny,YuAO,304400,329400,1268,143,25,23,21.0,23.5
2025-02,Nagorny,YuAO,317700,355300,1324,23,78,79,21.0,23.5
2025-03,Nagorny,YuAO,318400,361500,1327,121,8,24,21.0,23.5
2025-04,Nagorny,YuAO,323500,359400,1348,81,27,112,21.0,23.5
2025-05,Nagorny,YuAO,311900,347800,1299,112,18,106,21.0,23.5
2025-06,Nagorny,YuAO,322100,346800,1342,196,59,100,21.0,23.5
2025-07,Nagorny,YuAO,332500,361300,1385,105,6,81,17.0,19.5
2025-08,Nagorny,YuAO,316400,353900,1318,40,47,25,17.0,19.5
2025-09,Nagorny,YuAO,328900,371900,1371,187,78,43,17.0,19.5
2025-10,Nagorny,YuAO,312800,346200,1303,189,54,98,17.0,19.5
2025-11,Nagorny,YuAO,317400,349400,1323,167,30,96,17.0,19.5
2025-12,Nagorny,YuAO,319800,350600,1333,28,10,34,17.0,19.5
2026-01,Nagorny,YuAO,313200,344100,1305,131,72,74,17.0,19.5
2026-02,Nagorny,YuAO,318100,345400,1325,67,15,101,17.0,19.5
2026-03,Nagorny,YuAO,321200,355500,1338,108,60,90,17.0,19.5
2026-04,Nagorny,YuAO,324500,352100,1352,145,63,88,17.0,19.5
2020-01,Orekhovo-Borisovo Severnoye,YuAO,163600,180200,682,119,16,61,6.0,8.5
2020-02,Orekhovo-Borisovo Severnoye,YuAO,175300,183300,730,120,23,86,6.0,8.5
2020-03,Orekhovo-Borisovo Severnoye,YuAO,171000,187600,713,82,21,119,6.0,8.5
2020-04,Orekhovo-Borisovo Severnoye,YuAO,172400,199100,718,191,21,61,4.25,6.75
2020-05,Orekhovo-Borisovo Severnoye,YuAO,179400,201800,747,187,41,98,4.25,6.75
2020-06,Orekhovo-Borisovo Severnoye,YuAO,171800,186800,716,67,65,62,4.25,6.75
2020-07,Orekhovo-Borisovo Severnoye,YuAO,172500,182100,719,38,32,29,4.25,6.75
2020-08,Orekhovo-Borisovo Severnoye,YuAO,184300,207200,768,76,60,19,4.25,6.75
2020-09,Orekhovo-Borisovo Severnoye,YuAO,185400,203000,773,55,52,99,4.25,6.75
2020-10,Orekhovo-Borisovo Severnoye,YuAO,186600,196400,778,112,70,107,4.25,6.75
2020-11,Orekhovo-Borisovo Severnoye,YuAO,188000,201000,783,56,6,27,4.25,6.75
2020-12,Orekhovo-Borisovo Severnoye,YuAO,199700,220800,832,68,36,81,4.25,6.75
2021-01,Orekhovo-Borisovo Severnoye,YuAO,197600,227300,823,131,56,52,4.25,6.75
2021-02,Orekhovo-Borisovo Severnoye,YuAO,194000,212300,808,90,6,91,4.25,6.75
2021-03,Orekhovo-Borisovo Severnoye,YuAO,198700,210800,828,74,63,56,4.25,6.75
2021-04,Orekhovo-Borisovo Severnoye,YuAO,204600,234000,852,176,67,90,8.5,11.0
2021-05,Orekhovo-Borisovo Severnoye,YuAO,216700,245900,903,135,46,113,8.5,11.0
2021-06,Orekhovo-Borisovo Severnoye,YuAO,215200,232000,897,51,14,100,8.5,11.0
2021-07,Orekhovo-Borisovo Severnoye,YuAO,216300,236600,901,30,72,75,8.5,11.0
2021-08,Orekhovo-Borisovo Severnoye,YuAO,215700,238000,899,168,54,100,8.5,11.0
2021-09,Orekhovo-Borisovo Severnoye,YuAO,222700,240100,928,158,27,48,8.5,11.0
2021-10,Orekhovo-Borisovo Severnoye,YuAO,220500,241300,919,164,61,31,8.5,11.0
2021-11,Orekhovo-Borisovo Severnoye,YuAO,218400,238100,910,159,6,87,8.5,11.0
2021-12,Orekhovo-Borisovo Severnoye,YuAO,223600,245300,932,26,17,38,8.5,11.0
2022-01,Orekhovo-Borisovo Severnoye,YuAO,234500,256500,977,124,64,111,20.0,22.5
2022-02,Orekhovo-Borisovo Severnoye,YuAO,224200,255800,934,60,64,77,20.0,22.5
2022-03,Orekhovo-Borisovo Severnoye,YuAO,211100,237200,880,182,59,33,20.0,22.5
2022-04,Orekhovo-Borisovo Severnoye,YuAO,216400,237900,902,173,26,52,9.5,12.0
2022-05,Orekhovo-Borisovo Severnoye,YuAO,219100,248100,913,178,22,36,9.5,12.0
2022-06,Orekhovo-Borisovo Severnoye,YuAO,223700,256200,932,109,56,96,9.5,12.0
2022-07,Orekhovo-Borisovo Severnoye,YuAO,225600,250600,940,33,60,91,9.5,12.0
2022-08,Orekhovo-Borisovo Severnoye,YuAO,211500,240500,881,195,47,91,9.5,12.0
2022-09,Orekhovo-Borisovo Severnoye,YuAO,235600,262400,982,104,18,111,9.5,12.0
2022-10,Orekhovo-Borisovo Severnoye,YuAO,226700,242900,945,41,7,32,7.5,10.0
2022-11,Orekhovo-Borisovo Severnoye,YuAO,226100,245500,942,116,48,38,7.5,10.0
2022-12,Orekhovo-Borisovo Severnoye,YuAO,222800,245400,928,53,36,22,7.5,10.0
2023-01,Orekhovo-Borisovo Severnoye,YuAO,230800,253300,962,76,62,28,7.5,10.0
2023-02,Orekhovo-Borisovo Severnoye,YuAO,241500,263200,1006,195,16,79,7.5,10.0
2023-03,Orekhovo-Borisovo Severnoye,YuAO,238500,263000,994,111,40,87,7.5,10.0
2023-04,Orekhovo-Borisovo Severnoye,YuAO,243000,273300,1012,112,15,96,7.5,10.0
2023-05,Orekhovo-Borisovo Severnoye,YuAO,249800,286000,1041,195,58,81,7.5,10.0
2023-06,Orekhovo-Borisovo Severnoye,YuAO,245600,277300,1023,20,55,41,7.5,10.0
2023-07,Orekhovo-Borisovo Severnoye,YuAO,243900,274800,1016,64,60,92,13.0,15.5
2023-08,Orekhovo-Borisovo Severnoye,YuAO,245200,267400,1022,26,75,51,13.0,15.5
2023-09,Orekhovo-Borisovo Severnoye,YuAO,251200,272600,1047,119,61,30,13.0,15.5
2023-10,Orekhovo-Borisovo Severnoye,YuAO,250800,278900,1045,57,47,64,13.0,15.5
2023-11,Orekhovo-Borisovo Severnoye,YuAO,250300,276000,1043,136,10,61,13.0,15.5
2023-12,Orekhovo-Borisovo Severnoye,YuAO,247200,269300,1030,48,13,115,13.0,15.5
2024-01,Orekhovo-Borisovo Severnoye,YuAO,261900,291000,1091,183,8,102,16.0,18.5
2024-02,Orekhovo-Borisovo Severnoye,YuAO,253300,280500,1055,80,67,117,16.0,18.5
2024-03,Orekhovo-Borisovo Severnoye,YuAO,258600,286100,1077,65,18,86,16.0,18.5
2024-04,Orekhovo-Borisovo Severnoye,YuAO,263400,286300,1098,102,70,95,16.0,18.5
2024-05,Orekhovo-Borisovo Severnoye,YuAO,271500,291400,1131,161,69,34,16.0,18.5
2024-06,Orekhovo-Borisovo Severnoye,YuAO,251500,279400,1048,148,56,106,16.0,18.5
2024-07,Orekhovo-Borisovo Severnoye,YuAO,256900,277900,1070,110,36,102,16.0,18.5
2024-08,Orekhovo-Borisovo Severnoye,YuAO,254300,282800,1059,98,5,38,16.0,18.5
2024-09,Orekhovo-Borisovo Severnoye,YuAO,259100,286000,1080,139,35,74,16.0,18.5
2024-10,Orekhovo-Borisovo Severnoye,YuAO,247700,274500,1032,95,18,114,21.0,23.5
2024-11,Orekhovo-Borisovo Severnoye,YuAO,257200,294300,1072,108,22,102,21.0,23.5
2024-12,Orekhovo-Borisovo Severnoye,YuAO,243200,270500,1013,198,52,116,21.0,23.5
2025-01,Orekhovo-Borisovo Severnoye,YuAO,259900,276300,1083,29,56,107,21.0,23.5
2025-02,Orekhovo-Borisovo Severnoye,YuAO,246000,270900,1025,26,74,45,21.0,23.5
2025-03,Orekhovo-Borisovo Severnoye,YuAO,261100,295000,1088,24,29,44,21.0,23.5
2025-04,Orekhovo-Borisovo Severnoye,YuAO,252900,277700,1054,174,14,84,21.0,23.5
2025-05,Orekhovo-Borisovo Severnoye,YuAO,241800,256700,1007,78,68,34,21.0,23.5
2025-06,Orekhovo-Borisovo Severnoye,YuAO,249700,278300,1040,143,21,88,21.0,23.5
2025-07,Orekhovo-Borisovo Severnoye,YuAO,251600,287300,1048,106,19,101,17.0,19.5
2025-08,Orekhovo-Borisovo Severnoye,YuAO,252700,292800,1053,92,32,103,17.0,19.5
2025-09,Orekhovo-Borisovo Severnoye,YuAO,245900,274000,1025,105,45,103,17.0,19.5
2025-10,Orekhovo-Borisovo Severnoye,YuAO,244100,256500,1017,120,31,116,17.0,19.5
2025-11,Orekhovo-Borisovo Severnoye,YuAO,253100,271100,1055,96,30,85,17.0,19.5
2025-12,Orekhovo-Borisovo Severnoye,YuAO,255600,284900,1065,43,11,98,17.0,19.5
2026-01,Orekhovo-Borisovo Severnoye,YuAO,249400,274100,1039,157,42,87,17.0,19.5
2026-02,Orekhovo-Borisovo Severnoye,YuAO,243500,272300,1015,128,73,97,17.0,19.5
2026-03,Orekhovo-Borisovo Severnoye,YuAO,251400,268200,1048,102,36,98,17.0,19.5
2026-04,Orekhovo-Borisovo Severnoye,YuAO,252800,271300,1053,87,42,94,17.0,19.5
2020-01,Orekhovo-Borisovo Yuzhnoye,YuAO,163900,178100,683,186,66,113,6.0,8.5
2020-02,Orekhovo-Borisovo Yuzhnoye,YuAO,159100,167100,663,194,40,92,6.0,8.5
2020-03,Orekhovo-Borisovo Yuzhnoye,YuAO,163600,183600,682,102,62,96,6.0,8.5
2020-04,Orekhovo-Borisovo Yuzhnoye,YuAO,172400,183300,718,129,32,36,4.25,6.75
2020-05,Orekhovo-Borisovo Yuzhnoye,YuAO,172700,188500,720,125,21,90,4.25,6.75
2020-06,Orekhovo-Borisovo Yuzhnoye,YuAO,187500,213100,781,192,15,104,4.25,6.75
2020-07,Orekhovo-Borisovo Yuzhnoye,YuAO,178600,197300,744,70,63,54,4.25,6.75
2020-08,Orekhovo-Borisovo Yuzhnoye,YuAO,190000,213000,792,152,25,47,4.25,6.75
2020-09,Orekhovo-Borisovo Yuzhnoye,YuAO,178700,204800,745,145,55,109,4.25,6.75
2020-10,Orekhovo-Borisovo Yuzhnoye,YuAO,200000,223800,833,122,51,100,4.25,6.75
2020-11,Orekhovo-Borisovo Yuzhnoye,YuAO,188000,207500,783,92,16,64,4.25,6.75
2020-12,Orekhovo-Borisovo Yuzhnoye,YuAO,193800,212900,808,199,39,72,4.25,6.75
2021-01,Orekhovo-Borisovo Yuzhnoye,YuAO,191700,215500,799,124,61,100,4.25,6.75
2021-02,Orekhovo-Borisovo Yuzhnoye,YuAO,203600,221200,848,112,70,106,4.25,6.75
2021-03,Orekhovo-Borisovo Yuzhnoye,YuAO,197200,209200,822,123,69,23,4.25,6.75
2021-04,Orekhovo-Borisovo Yuzhnoye,YuAO,203700,214700,849,72,14,23,8.5,11.0
2021-05,Orekhovo-Borisovo Yuzhnoye,YuAO,201700,214200,840,56,47,12,8.5,11.0
2021-06,Orekhovo-Borisovo Yuzhnoye,YuAO,212600,226900,886,157,27,56,8.5,11.0
2021-07,Orekhovo-Borisovo Yuzhnoye,YuAO,211200,234400,880,139,70,65,8.5,11.0
2021-08,Orekhovo-Borisovo Yuzhnoye,YuAO,221800,249300,924,69,78,17,8.5,11.0
2021-09,Orekhovo-Borisovo Yuzhnoye,YuAO,224200,261900,934,99,34,38,8.5,11.0
2021-10,Orekhovo-Borisovo Yuzhnoye,YuAO,222600,234000,927,64,33,76,8.5,11.0
2021-11,Orekhovo-Borisovo Yuzhnoye,YuAO,230900,264000,962,188,47,94,8.5,11.0
2021-12,Orekhovo-Borisovo Yuzhnoye,YuAO,227300,261000,947,145,7,104,8.5,11.0
2022-01,Orekhovo-Borisovo Yuzhnoye,YuAO,221600,243700,923,90,54,28,20.0,22.5
2022-02,Orekhovo-Borisovo Yuzhnoye,YuAO,220400,239800,919,34,41,81,20.0,22.5
2022-03,Orekhovo-Borisovo Yuzhnoye,YuAO,232600,248400,969,149,42,113,20.0,22.5
2022-04,Orekhovo-Borisovo Yuzhnoye,YuAO,211900,230100,883,118,11,27,9.5,12.0
2022-05,Orekhovo-Borisovo Yuzhnoye,YuAO,215900,234900,899,102,68,86,9.5,12.0
2022-06,Orekhovo-Borisovo Yuzhnoye,YuAO,207100,226300,863,119,43,24,9.5,12.0
2022-07,Orekhovo-Borisovo Yuzhnoye,YuAO,220500,252900,919,122,30,48,9.5,12.0
2022-08,Orekhovo-Borisovo Yuzhnoye,YuAO,233100,252200,971,34,34,87,9.5,12.0
2022-09,Orekhovo-Borisovo Yuzhnoye,YuAO,227800,242900,949,113,27,104,9.5,12.0
2022-10,Orekhovo-Borisovo Yuzhnoye,YuAO,229100,261900,955,162,48,100,7.5,10.0
2022-11,Orekhovo-Borisovo Yuzhnoye,YuAO,237900,262700,991,155,52,24,7.5,10.0
2022-12,Orekhovo-Borisovo Yuzhnoye,YuAO,231000,259200,962,191,61,36,7.5,10.0
2023-01,Orekhovo-Borisovo Yuzhnoye,YuAO,230200,272200,959,48,7,85,7.5,10.0
2023-02,Orekhovo-Borisovo Yuzhnoye,YuAO,235900,264000,983,49,20,96,7.5,10.0
2023-03,Orekhovo-Borisovo Yuzhnoye,YuAO,235800,254400,982,154,40,64,7.5,10.0
2023-04,Orekhovo-Borisovo Yuzhnoye,YuAO,246800,268700,1028,46,56,43,7.5,10.0
2023-05,Orekhovo-Borisovo Yuzhnoye,YuAO,247000,275800,1029,45,74,108,7.5,10.0
2023-06,Orekhovo-Borisovo Yuzhnoye,YuAO,247400,284000,1031,26,38,84,7.5,10.0
2023-07,Orekhovo-Borisovo Yuzhnoye,YuAO,251600,265400,1048,182,17,50,13.0,15.5
2023-08,Orekhovo-Borisovo Yuzhnoye,YuAO,254000,277600,1058,107,34,12,13.0,15.5
2023-09,Orekhovo-Borisovo Yuzhnoye,YuAO,254200,276600,1059,123,70,23,13.0,15.5
2023-10,Orekhovo-Borisovo Yuzhnoye,YuAO,254400,276000,1060,117,72,17,13.0,15.5
2023-11,Orekhovo-Borisovo Yuzhnoye,YuAO,256500,281300,1069,34,19,42,13.0,15.5
2023-12,Orekhovo-Borisovo Yuzhnoye,YuAO,257300,278700,1072,172,5,10,13.0,15.5
2024-01,Orekhovo-Borisovo Yuzhnoye,YuAO,244400,270100,1018,161,59,36,16.0,18.5
2024-02,Orekhovo-Borisovo Yuzhnoye,YuAO,257700,277400,1074,69,6,90,16.0,18.5
2024-03,Orekhovo-Borisovo Yuzhnoye,YuAO,255300,289600,1064,192,68,16,16.0,18.5
2024-04,Orekhovo-Borisovo Yuzhnoye,YuAO,254700,279800,1061,137,12,63,16.0,18.5
2024-05,Orekhovo-Borisovo Yuzhnoye,YuAO,257500,277900,1073,129,21,86,16.0,18.5
2024-06,Orekhovo-Borisovo Yuzhnoye,YuAO,261300,269300,1089,145,74,87,16.0,18.5
2024-07,Orekhovo-Borisovo Yuzhnoye,YuAO,260700,282900,1086,110,51,95,16.0,18.5
2024-08,Orekhovo-Borisovo Yuzhnoye,YuAO,263400,294900,1097,113,48,119,16.0,18.5
2024-09,Orekhovo-Borisovo Yuzhnoye,YuAO,260300,292900,1085,191,60,105,16.0,18.5
2024-10,Orekhovo-Borisovo Yuzhnoye,YuAO,249900,256500,1041,97,13,107,21.0,23.5
2024-11,Orekhovo-Borisovo Yuzhnoye,YuAO,250200,285400,1042,83,36,64,21.0,23.5
2024-12,Orekhovo-Borisovo Yuzhnoye,YuAO,258100,272800,1075,49,22,63,21.0,23.5
2025-01,Orekhovo-Borisovo Yuzhnoye,YuAO,245700,275400,1024,43,27,51,21.0,23.5
2025-02,Orekhovo-Borisovo Yuzhnoye,YuAO,257100,285300,1071,105,57,13,21.0,23.5
2025-03,Orekhovo-Borisovo Yuzhnoye,YuAO,251700,290000,1049,123,74,83,21.0,23.5
2025-04,Orekhovo-Borisovo Yuzhnoye,YuAO,251300,280100,1047,124,7,119,21.0,23.5
2025-05,Orekhovo-Borisovo Yuzhnoye,YuAO,255200,270600,1063,139,25,70,21.0,23.5
2025-06,Orekhovo-Borisovo Yuzhnoye,YuAO,247400,265400,1031,94,54,118,21.0,23.5
2025-07,Orekhovo-Borisovo Yuzhnoye,YuAO,248200,261100,1034,168,19,58,17.0,19.5
2025-08,Orekhovo-Borisovo Yuzhnoye,YuAO,256500,275800,1069,181,44,84,17.0,19.5
2025-09,Orekhovo-Borisovo Yuzhnoye,YuAO,246000,286300,1025,25,22,20,17.0,19.5
2025-10,Orekhovo-Borisovo Yuzhnoye,YuAO,260700,281700,1086,61,12,25,17.0,19.5
2025-11,Orekhovo-Borisovo Yuzhnoye,YuAO,248200,281900,1034,99,73,77,17.0,19.5
2025-12,Orekhovo-Borisovo Yuzhnoye,YuAO,260000,286200,1083,107,47,31,17.0,19.5
2026-01,Orekhovo-Borisovo Yuzhnoye,YuAO,253500,274600,1056,57,77,88,17.0,19.5
2026-02,Orekhovo-Borisovo Yuzhnoye,YuAO,261300,289300,1089,161,48,82,17.0,19.5
2026-03,Orekhovo-Borisovo Yuzhnoye,YuAO,262800,285700,1095,197,6,65,17.0,19.5
2026-04,Orekhovo-Borisovo Yuzhnoye,YuAO,249600,278000,1040,91,17,108,17.0,19.5
2020-01,Tsaritsyno,YuAO,177400,196500,739,27,16,12,6.0,8.5
2020-02,Tsaritsyno,YuAO,181100,203000,755,100,51,70,6.0,8.5
2020-03,Tsaritsyno,YuAO,192900,209200,804,26,68,16,6.0,8.5
2020-04,Tsaritsyno,YuAO,184400,205900,769,54,56,89,4.25,6.75
2020-05,Tsaritsyno,YuAO,187900,206300,783,149,6,10,4.25,6.75
2020-06,Tsaritsyno,YuAO,191100,209200,796,152,64,20,4.25,6.75
2020-07,Tsaritsyno,YuAO,190800,210900,795,177,32,78,4.25,6.75
2020-08,Tsaritsyno,YuAO,191300,207200,797,23,5,41,4.25,6.75
2020-09,Tsaritsyno,YuAO,201900,224600,841,196,78,98,4.25,6.75
2020-10,Tsaritsyno,YuAO,196400,214200,818,92,37,88,4.25,6.75
2020-11,Tsaritsyno,YuAO,201200,217100,838,86,6,11,4.25,6.75
2020-12,Tsaritsyno,YuAO,208700,230300,870,179,33,118,4.25,6.75
2021-01,Tsaritsyno,YuAO,215500,229400,898,104,54,100,4.25,6.75
2021-02,Tsaritsyno,YuAO,218600,248800,911,41,55,33,4.25,6.75
2021-03,Tsaritsyno,YuAO,213500,232900,890,35,68,110,4.25,6.75
2021-04,Tsaritsyno,YuAO,220000,247700,917,74,74,91,8.5,11.0
2021-05,Tsaritsyno,YuAO,222700,249300,928,174,76,52,8.5,11.0
2021-06,Tsaritsyno,YuAO,228500,254400,952,180,53,81,8.5,11.0
2021-07,Tsaritsyno,YuAO,216000,230100,900,88,58,16,8.5,11.0
2021-08,Tsaritsyno,YuAO,224200,247500,934,152,35,113,8.5,11.0
2021-09,Tsaritsyno,YuAO,243600,266500,1015,104,36,61,8.5,11.0
2021-10,Tsaritsyno,YuAO,232700,259300,969,155,21,105,8.5,11.0
2021-11,Tsaritsyno,YuAO,234100,251800,976,173,69,27,8.5,11.0
2021-12,Tsaritsyno,YuAO,240900,266400,1004,43,17,30,8.5,11.0
2022-01,Tsaritsyno,YuAO,243400,274300,1014,134,11,89,20.0,22.5
2022-02,Tsaritsyno,YuAO,232400,253400,969,131,30,102,20.0,22.5
2022-03,Tsaritsyno,YuAO,242600,266600,1011,64,43,90,20.0,22.5
2022-04,Tsaritsyno,YuAO,241700,259100,1007,141,32,66,9.5,12.0
2022-05,Tsaritsyno,YuAO,236700,258000,986,80,38,111,9.5,12.0
2022-06,Tsaritsyno,YuAO,249500,275700,1039,68,77,16,9.5,12.0
2022-07,Tsaritsyno,YuAO,233700,251100,974,117,40,106,9.5,12.0
2022-08,Tsaritsyno,YuAO,236100,257800,984,52,61,119,9.5,12.0
2022-09,Tsaritsyno,YuAO,240700,263100,1003,135,7,93,9.5,12.0
2022-10,Tsaritsyno,YuAO,240600,260800,1003,172,28,112,7.5,10.0
2022-11,Tsaritsyno,YuAO,249800,278300,1041,192,31,88,7.5,10.0
2022-12,Tsaritsyno,YuAO,243400,270400,1014,66,19,27,7.5,10.0
2023-01,Tsaritsyno,YuAO,252300,286800,1051,107,24,31,7.5,10.0
2023-02,Tsaritsyno,YuAO,253900,273700,1058,20,14,33,7.5,10.0
2023-03,Tsaritsyno,YuAO,241400,264400,1006,64,64,66,7.5,10.0
2023-04,Tsaritsyno,YuAO,263200,292900,1097,162,23,55,7.5,10.0
2023-05,Tsaritsyno,YuAO,256600,279500,1069,70,11,78,7.5,10.0
2023-06,Tsaritsyno,YuAO,271000,306400,1129,34,58,39,7.5,10.0
2023-07,Tsaritsyno,YuAO,263300,277000,1097,140,68,75,13.0,15.5
2023-08,Tsaritsyno,YuAO,272200,299800,1134,192,50,101,13.0,15.5
2023-09,Tsaritsyno,YuAO,264400,285400,1101,27,32,81,13.0,15.5
2023-10,Tsaritsyno,YuAO,279200,312700,1163,40,20,51,13.0,15.5
2023-11,Tsaritsyno,YuAO,268200,293700,1117,167,22,29,13.0,15.5
2023-12,Tsaritsyno,YuAO,268800,290000,1120,196,52,96,13.0,15.5
2024-01,Tsaritsyno,YuAO,280000,310800,1166,144,40,13,16.0,18.5
2024-02,Tsaritsyno,YuAO,273300,294000,1139,108,74,55,16.0,18.5
2024-03,Tsaritsyno,YuAO,276900,316600,1154,106,77,85,16.0,18.5
2024-04,Tsaritsyno,YuAO,261300,291300,1089,171,48,104,16.0,18.5
2024-05,Tsaritsyno,YuAO,276800,307400,1153,71,63,29,16.0,18.5
2024-06,Tsaritsyno,YuAO,277600,306400,1157,22,72,107,16.0,18.5
2024-07,Tsaritsyno,YuAO,283500,312700,1181,33,71,24,16.0,18.5
2024-08,Tsaritsyno,YuAO,264500,295400,1102,135,65,102,16.0,18.5
2024-09,Tsaritsyno,YuAO,270400,286700,1127,171,48,42,16.0,18.5
2024-10,Tsaritsyno,YuAO,280500,303100,1169,26,73,57,21.0,23.5
2024-11,Tsaritsyno,YuAO,265200,282400,1105,51,69,15,21.0,23.5
2024-12,Tsaritsyno,YuAO,258000,286900,1075,187,20,58,21.0,23.5
2025-01,Tsaritsyno,YuAO,272400,293500,1135,135,60,65,21.0,23.5
2025-02,Tsaritsyno,YuAO,256400,284400,1068,37,61,112,21.0,23.5
2025-03,Tsaritsyno,YuAO,259100,286200,1079,143,46,47,21.0,23.5
2025-04,Tsaritsyno,YuAO,265300,284300,1105,190,57,65,21.0,23.5
2025-05,Tsaritsyno,YuAO,287800,316700,1199,149,19,64,21.0,23.5
2025-06,Tsaritsyno,YuAO,268100,299400,1117,140,39,55,21.0,23.5
2025-07,Tsaritsyno,YuAO,278700,315400,1161,106,45,51,17.0,19.5
2025-08,Tsaritsyno,YuAO,271700,308400,1132,194,52,105,17.0,19.5
2025-09,Tsaritsyno,YuAO,273100,294700,1138,73,56,68,17.0,19.5
2025-10,Tsaritsyno,YuAO,268500,284900,1119,32,14,116,17.0,19.5
2025-11,Tsaritsyno,YuAO,279800,305800,1166,125,9,73,17.0,19.5
2025-12,Tsaritsyno,YuAO,273500,306000,1140,188,67,85,17.0,19.5
2026-01,Tsaritsyno,YuAO,272900,311800,1137,35,56,64,17.0,19.5
2026-02,Tsaritsyno,YuAO,261600,279800,1090,185,60,56,17.0,19.5
2026-03,Tsaritsyno,YuAO,272000,301900,1133,46,51,35,17.0,19.5
2026-04,Tsaritsyno,YuAO,290100,318900,1209,86,61,67,17.0,19.5
2020-01,Chertanovo Severnoye,YuAO,185800,198600,774,188,5,115,6.0,8.5
2020-02,Chertanovo Severnoye,YuAO,186600,215800,777,54,26,90,6.0,8.5
2020-03,Chertanovo Severnoye,YuAO,198200,226200,826,178,26,21,6.0,8.5
2020-04,Chertanovo Severnoye,YuAO,183500,201300,765,181,31,60,4.25,6.75
2020-05,Chertanovo Severnoye,YuAO,192800,214300,803,106,76,38,4.25,6.75
2020-06,Chertanovo Severnoye,YuAO,197500,219600,823,153,17,88,4.25,6.75
2020-07,Chertanovo Severnoye,YuAO,193200,220200,805,174,9,22,4.25,6.75
2020-08,Chertanovo Severnoye,YuAO,198300,225600,826,30,74,97,4.25,6.75
2020-09,Chertanovo Severnoye,YuAO,205100,234100,855,198,68,117,4.25,6.75
2020-10,Chertanovo Severnoye,YuAO,203300,222500,847,134,38,118,4.25,6.75
2020-11,Chertanovo Severnoye,YuAO,215300,234700,897,87,44,47,4.25,6.75
2020-12,Chertanovo Severnoye,YuAO,209400,236400,873,77,45,112,4.25,6.75
2021-01,Chertanovo Severnoye,YuAO,209600,231000,873,147,52,68,4.25,6.75
2021-02,Chertanovo Severnoye,YuAO,214200,242100,892,168,28,54,4.25,6.75
2021-03,Chertanovo Severnoye,YuAO,233500,253100,973,98,54,85,4.25,6.75
2021-04,Chertanovo Severnoye,YuAO,225100,247600,938,76,42,95,8.5,11.0
2021-05,Chertanovo Severnoye,YuAO,227700,259700,949,77,60,100,8.5,11.0
2021-06,Chertanovo Severnoye,YuAO,223700,251400,932,112,62,110,8.5,11.0
2021-07,Chertanovo Severnoye,YuAO,235600,255900,982,135,77,100,8.5,11.0
2021-08,Chertanovo Severnoye,YuAO,233400,255300,973,53,28,18,8.5,11.0
2021-09,Chertanovo Severnoye,YuAO,236500,259500,985,79,10,117,8.5,11.0
2021-10,Chertanovo Severnoye,YuAO,243000,265300,1013,148,72,46,8.5,11.0
2021-11,Chertanovo Severnoye,YuAO,251700,261300,1049,148,17,105,8.5,11.0
2021-12,Chertanovo Severnoye,YuAO,252600,276700,1053,142,75,28,8.5,11.0
2022-01,Chertanovo Severnoye,YuAO,250100,270400,1042,151,62,71,20.0,22.5
2022-02,Chertanovo Severnoye,YuAO,259000,282400,1079,191,17,83,20.0,22.5
2022-03,Chertanovo Severnoye,YuAO,241100,272500,1005,172,39,117,20.0,22.5
2022-04,Chertanovo Severnoye,YuAO,244900,269400,1020,26,39,83,9.5,12.0
2022-05,Chertanovo Severnoye,YuAO,237800,255100,991,178,58,28,9.5,12.0
2022-06,Chertanovo Severnoye,YuAO,246700,285300,1028,100,68,48,9.5,12.0
2022-07,Chertanovo Severnoye,YuAO,253400,272400,1056,64,42,49,9.5,12.0
2022-08,Chertanovo Severnoye,YuAO,246300,282300,1026,67,23,67,9.5,12.0
2022-09,Chertanovo Severnoye,YuAO,262900,300900,1095,89,66,114,9.5,12.0
2022-10,Chertanovo Severnoye,YuAO,256100,273500,1067,73,35,33,7.5,10.0
2022-11,Chertanovo Severnoye,YuAO,256400,282600,1068,172,79,46,7.5,10.0
2022-12,Chertanovo Severnoye,YuAO,258400,283500,1077,96,5,18,7.5,10.0
2023-01,Chertanovo Severnoye,YuAO,266600,290600,1111,133,72,63,7.5,10.0
2023-02,Chertanovo Severnoye,YuAO,263300,277300,1097,78,12,69,7.5,10.0
2023-03,Chertanovo Severnoye,YuAO,271300,296900,1130,126,15,73,7.5,10.0
2023-04,Chertanovo Severnoye,YuAO,264800,279100,1103,184,49,110,7.5,10.0
2023-05,Chertanovo Severnoye,YuAO,264100,279000,1101,97,59,72,7.5,10.0
2023-06,Chertanovo Severnoye,YuAO,278100,311400,1159,108,23,39,7.5,10.0
2023-07,Chertanovo Severnoye,YuAO,279500,307200,1165,127,65,72,13.0,15.5
2023-08,Chertanovo Severnoye,YuAO,270300,297200,1126,77,25,112,13.0,15.5
2023-09,Chertanovo Severnoye,YuAO,260300,289800,1085,120,69,45,13.0,15.5
2023-10,Chertanovo Severnoye,YuAO,279000,300900,1163,78,18,32,13.0,15.5
2023-11,Chertanovo Severnoye,YuAO,273700,294800,1140,75,57,85,13.0,15.5
2023-12,Chertanovo Severnoye,YuAO,270600,313700,1127,134,78,60,13.0,15.5
2024-01,Chertanovo Severnoye,YuAO,269300,294400,1122,89,33,57,16.0,18.5
2024-02,Chertanovo Severnoye,YuAO,290100,324200,1209,86,46,72,16.0,18.5
2024-03,Chertanovo Severnoye,YuAO,278400,299800,1160,177,63,109,16.0,18.5
2024-04,Chertanovo Severnoye,YuAO,288500,317700,1202,74,17,99,16.0,18.5
2024-05,Chertanovo Severnoye,YuAO,284500,317300,1185,93,29,76,16.0,18.5
2024-06,Chertanovo Severnoye,YuAO,285700,307300,1190,143,57,30,16.0,18.5
2024-07,Chertanovo Severnoye,YuAO,294400,328200,1227,44,17,26,16.0,18.5
2024-08,Chertanovo Severnoye,YuAO,286700,303500,1194,103,54,77,16.0,18.5
2024-09,Chertanovo Severnoye,YuAO,291300,311500,1214,123,45,56,16.0,18.5
2024-10,Chertanovo Severnoye,YuAO,285400,311800,1189,88,21,89,21.0,23.5
2024-11,Chertanovo Severnoye,YuAO,289300,308500,1205,135,10,107,21.0,23.5
2024-12,Chertanovo Severnoye,YuAO,283300,305500,1181,163,29,28,21.0,23.5
2025-01,Chertanovo Severnoye,YuAO,268400,307700,1118,21,39,63,21.0,23.5
2025-02,Chertanovo Severnoye,YuAO,276200,306900,1151,102,69,68,21.0,23.5
2025-03,Chertanovo Severnoye,YuAO,277100,296100,1155,164,25,110,21.0,23.5
2025-04,Chertanovo Severnoye,YuAO,277000,290200,1154,53,40,103,21.0,23.5
2025-05,Chertanovo Severnoye,YuAO,283900,300200,1183,88,63,113,21.0,23.5
2025-06,Chertanovo Severnoye,YuAO,273300,292600,1139,77,34,91,21.0,23.5
2025-07,Chertanovo Severnoye,YuAO,283600,301100,1182,165,6,100,17.0,19.5
2025-08,Chertanovo Severnoye,YuAO,280400,301100,1169,199,78,17,17.0,19.5
2025-09,Chertanovo Severnoye,YuAO,274400,300700,1143,89,42,106,17.0,19.5
2025-10,Chertanovo Severnoye,YuAO,292900,318100,1220,59,24,39,17.0,19.5
2025-11,Chertanovo Severnoye,YuAO,267700,298700,1116,159,27,53,17.0,19.5
2025-12,Chertanovo Severnoye,YuAO,281600,315600,1173,181,36,74,17.0,19.5
2026-01,Chertanovo Severnoye,YuAO,291400,316200,1214,131,64,82,17.0,19.5
2026-02,Chertanovo Severnoye,YuAO,274700,306400,1145,53,50,110,17.0,19.5
2026-03,Chertanovo Severnoye,YuAO,302700,336200,1261,47,33,17,17.0,19.5
2026-04,Chertanovo Severnoye,YuAO,290100,314200,1209,175,65,22,17.0,19.5
2020-01,Chertanovo Tsentralnoye,YuAO,177900,198800,741,180,42,87,6.0,8.5
2020-02,Chertanovo Tsentralnoye,YuAO,174800,186800,728,193,47,111,6.0,8.5
2020-03,Chertanovo Tsentralnoye,YuAO,186800,202400,778,120,10,49,6.0,8.5
2020-04,Chertanovo Tsentralnoye,YuAO,179400,200400,748,36,44,40,4.25,6.75
2020-05,Chertanovo Tsentralnoye,YuAO,182300,204100,760,140,49,107,4.25,6.75
2020-06,Chertanovo Tsentralnoye,YuAO,198100,223700,826,71,63,20,4.25,6.75
2020-07,Chertanovo Tsentralnoye,YuAO,193800,213000,807,158,28,57,4.25,6.75
2020-08,Chertanovo Tsentralnoye,YuAO,195700,199800,815,52,56,81,4.25,6.75
2020-09,Chertanovo Tsentralnoye,YuAO,193000,208600,804,140,43,13,4.25,6.75
2020-10,Chertanovo Tsentralnoye,YuAO,206700,229600,861,122,63,108,4.25,6.75
2020-11,Chertanovo Tsentralnoye,YuAO,204900,216600,854,181,8,27,4.25,6.75
2020-12,Chertanovo Tsentralnoye,YuAO,198100,217600,826,65,19,86,4.25,6.75
2021-01,Chertanovo Tsentralnoye,YuAO,206000,224500,858,63,18,19,4.25,6.75
2021-02,Chertanovo Tsentralnoye,YuAO,223200,251000,930,61,63,105,4.25,6.75
2021-03,Chertanovo Tsentralnoye,YuAO,221300,253200,922,67,55,106,4.25,6.75
2021-04,Chertanovo Tsentralnoye,YuAO,219200,243000,913,72,38,14,8.5,11.0
2021-05,Chertanovo Tsentralnoye,YuAO,219900,245300,916,121,64,13,8.5,11.0
2021-06,Chertanovo Tsentralnoye,YuAO,224700,256300,936,175,31,113,8.5,11.0
2021-07,Chertanovo Tsentralnoye,YuAO,221000,243600,921,75,21,78,8.5,11.0
2021-08,Chertanovo Tsentralnoye,YuAO,229400,253100,956,134,70,31,8.5,11.0
2021-09,Chertanovo Tsentralnoye,YuAO,235600,255900,982,195,32,48,8.5,11.0
2021-10,Chertanovo Tsentralnoye,YuAO,234100,256100,975,172,14,80,8.5,11.0
2021-11,Chertanovo Tsentralnoye,YuAO,240900,270200,1004,157,8,22,8.5,11.0
2021-12,Chertanovo Tsentralnoye,YuAO,239400,253300,997,33,44,108,8.5,11.0
2022-01,Chertanovo Tsentralnoye,YuAO,249800,269600,1041,48,74,118,20.0,22.5
2022-02,Chertanovo Tsentralnoye,YuAO,242300,261100,1009,85,15,24,20.0,22.5
2022-03,Chertanovo Tsentralnoye,YuAO,248200,279800,1034,105,22,14,20.0,22.5
2022-04,Chertanovo Tsentralnoye,YuAO,234100,249100,975,178,38,106,9.5,12.0
2022-05,Chertanovo Tsentralnoye,YuAO,227800,250200,949,131,6,91,9.5,12.0
2022-06,Chertanovo Tsentralnoye,YuAO,239100,269300,996,41,39,74,9.5,12.0
2022-07,Chertanovo Tsentralnoye,YuAO,235900,250600,983,49,14,56,9.5,12.0
2022-08,Chertanovo Tsentralnoye,YuAO,232900,248100,970,87,63,28,9.5,12.0
2022-09,Chertanovo Tsentralnoye,YuAO,246800,273200,1028,34,30,73,9.5,12.0
2022-10,Chertanovo Tsentralnoye,YuAO,242700,266000,1011,135,79,72,7.5,10.0
2022-11,Chertanovo Tsentralnoye,YuAO,247200,259300,1030,37,74,25,7.5,10.0
2022-12,Chertanovo Tsentralnoye,YuAO,251800,274400,1049,69,12,84,7.5,10.0
2023-01,Chertanovo Tsentralnoye,YuAO,256900,270600,1071,94,75,46,7.5,10.0
2023-02,Chertanovo Tsentralnoye,YuAO,262700,288200,1095,54,63,103,7.5,10.0
2023-03,Chertanovo Tsentralnoye,YuAO,266600,297100,1111,169,19,110,7.5,10.0
2023-04,Chertanovo Tsentralnoye,YuAO,267700,290000,1115,43,76,87,7.5,10.0
2023-05,Chertanovo Tsentralnoye,YuAO,250200,273200,1043,68,40,44,7.5,10.0
2023-06,Chertanovo Tsentralnoye,YuAO,258000,286300,1075,117,20,90,7.5,10.0
2023-07,Chertanovo Tsentralnoye,YuAO,261100,300500,1088,157,25,30,13.0,15.5
2023-08,Chertanovo Tsentralnoye,YuAO,273500,289700,1139,42,58,98,13.0,15.5
2023-09,Chertanovo Tsentralnoye,YuAO,268800,308700,1120,27,23,44,13.0,15.5
2023-10,Chertanovo Tsentralnoye,YuAO,261400,286000,1089,70,56,16,13.0,15.5
2023-11,Chertanovo Tsentralnoye,YuAO,249000,273500,1037,114,55,109,13.0,15.5
2023-12,Chertanovo Tsentralnoye,YuAO,263500,277100,1098,191,75,17,13.0,15.5
2024-01,Chertanovo Tsentralnoye,YuAO,265800,301900,1107,178,33,106,16.0,18.5
2024-02,Chertanovo Tsentralnoye,YuAO,270800,289700,1128,46,63,119,16.0,18.5
2024-03,Chertanovo Tsentralnoye,YuAO,280400,307200,1168,99,53,79,16.0,18.5
2024-04,Chertanovo Tsentralnoye,YuAO,277100,316700,1155,67,74,52,16.0,18.5
2024-05,Chertanovo Tsentralnoye,YuAO,275700,296100,1149,182,35,35,16.0,18.5
2024-06,Chertanovo Tsentralnoye,YuAO,272900,304300,1137,152,33,34,16.0,18.5
2024-07,Chertanovo Tsentralnoye,YuAO,289700,322800,1207,37,22,41,16.0,18.5
2024-08,Chertanovo Tsentralnoye,YuAO,264000,290200,1100,116,58,96,16.0,18.5
2024-09,Chertanovo Tsentralnoye,YuAO,284800,317300,1187,159,56,97,16.0,18.5
2024-10,Chertanovo Tsentralnoye,YuAO,269200,296100,1122,56,59,41,21.0,23.5
2024-11,Chertanovo Tsentralnoye,YuAO,277600,297200,1157,163,14,39,21.0,23.5
2024-12,Chertanovo Tsentralnoye,YuAO,267100,298800,1113,100,50,70,21.0,23.5
2025-01,Chertanovo Tsentralnoye,YuAO,269700,301200,1124,124,15,50,21.0,23.5
2025-02,Chertanovo Tsentralnoye,YuAO,267300,295800,1114,127,55,81,21.0,23.5
2025-03,Chertanovo Tsentralnoye,YuAO,260500,278300,1085,134,43,16,21.0,23.5
2025-04,Chertanovo Tsentralnoye,YuAO,270800,297000,1128,175,54,54,21.0,23.5
2025-05,Chertanovo Tsentralnoye,YuAO,261300,305700,1089,143,9,60,21.0,23.5
2025-06,Chertanovo Tsentralnoye,YuAO,265200,297900,1105,197,73,85,21.0,23.5
2025-07,Chertanovo Tsentralnoye,YuAO,269100,302200,1121,78,50,96,17.0,19.5
2025-08,Chertanovo Tsentralnoye,YuAO,275200,296300,1147,172,55,12,17.0,19.5
2025-09,Chertanovo Tsentralnoye,YuAO,271900,294000,1133,188,51,119,17.0,19.5
2025-10,Chertanovo Tsentralnoye,YuAO,261500,286000,1089,80,64,93,17.0,19.5
2025-11,Chertanovo Tsentralnoye,YuAO,273600,294700,1140,88,61,44,17.0,19.5
2025-12,Chertanovo Tsentralnoye,YuAO,282900,321800,1179,97,62,55,17.0,19.5
2026-01,Chertanovo Tsentralnoye,YuAO,268700,285200,1120,189,34,39,17.0,19.5
2026-02,Chertanovo Tsentralnoye,YuAO,276000,286200,1150,145,34,27,17.0,19.5
2026-03,Chertanovo Tsentralnoye,YuAO,275100,293200,1146,148,52,117,17.0,19.5
2026-04,Chertanovo Tsentralnoye,YuAO,277000,300800,1154,187,71,20,17.0,19.5
2020-01,Chertanovo Yuzhnoye,YuAO,172700,195000,720,81,39,106,6.0,8.5
2020-02,Chertanovo Yuzhnoye,YuAO,165300,175500,689,166,19,93,6.0,8.5
2020-03,Chertanovo Yuzhnoye,YuAO,168600,181500,703,192,71,22,6.0,8.5
2020-04,Chertanovo Yuzhnoye,YuAO,177500,197200,740,74,30,63,4.25,6.75
2020-05,Chertanovo Yuzhnoye,YuAO,179100,198900,746,164,33,61,4.25,6.75
2020-06,Chertanovo Yuzhnoye,YuAO,177800,194000,741,95,70,111,4.25,6.75
2020-07,Chertanovo Yuzhnoye,YuAO,175500,196100,731,115,77,119,4.25,6.75
2020-08,Chertanovo Yuzhnoye,YuAO,183000,195800,763,30,47,17,4.25,6.75
2020-09,Chertanovo Yuzhnoye,YuAO,190300,210200,793,26,26,56,4.25,6.75
2020-10,Chertanovo Yuzhnoye,YuAO,192500,211900,802,184,76,46,4.25,6.75
2020-11,Chertanovo Yuzhnoye,YuAO,185900,202900,774,104,40,19,4.25,6.75
2020-12,Chertanovo Yuzhnoye,YuAO,191200,208600,797,93,46,12,4.25,6.75
2021-01,Chertanovo Yuzhnoye,YuAO,189800,206900,791,199,54,23,4.25,6.75
2021-02,Chertanovo Yuzhnoye,YuAO,202500,215300,844,41,23,29,4.25,6.75
2021-03,Chertanovo Yuzhnoye,YuAO,208100,221600,867,55,13,33,4.25,6.75
2021-04,Chertanovo Yuzhnoye,YuAO,202700,222400,845,181,39,83,8.5,11.0
2021-05,Chertanovo Yuzhnoye,YuAO,209900,229800,874,194,72,107,8.5,11.0
2021-06,Chertanovo Yuzhnoye,YuAO,204600,209100,853,151,15,109,8.5,11.0
2021-07,Chertanovo Yuzhnoye,YuAO,205400,233400,856,142,75,30,8.5,11.0
2021-08,Chertanovo Yuzhnoye,YuAO,213600,234900,890,54,49,40,8.5,11.0
2021-09,Chertanovo Yuzhnoye,YuAO,219700,246000,915,68,20,33,8.5,11.0
2021-10,Chertanovo Yuzhnoye,YuAO,224300,263700,934,146,57,15,8.5,11.0
2021-11,Chertanovo Yuzhnoye,YuAO,226900,250900,945,38,41,56,8.5,11.0
2021-12,Chertanovo Yuzhnoye,YuAO,219500,238200,915,50,34,27,8.5,11.0
2022-01,Chertanovo Yuzhnoye,YuAO,235100,260100,979,63,69,103,20.0,22.5
2022-02,Chertanovo Yuzhnoye,YuAO,230300,263800,960,175,77,72,20.0,22.5
2022-03,Chertanovo Yuzhnoye,YuAO,213000,234000,887,85,38,53,20.0,22.5
2022-04,Chertanovo Yuzhnoye,YuAO,213900,236700,891,159,46,71,9.5,12.0
2022-05,Chertanovo Yuzhnoye,YuAO,228400,253800,952,180,22,16,9.5,12.0
2022-06,Chertanovo Yuzhnoye,YuAO,221500,243500,923,171,28,29,9.5,12.0
2022-07,Chertanovo Yuzhnoye,YuAO,224100,245200,934,174,15,25,9.5,12.0
2022-08,Chertanovo Yuzhnoye,YuAO,228200,259300,951,61,66,91,9.5,12.0
2022-09,Chertanovo Yuzhnoye,YuAO,229400,237700,956,28,59,101,9.5,12.0
2022-10,Chertanovo Yuzhnoye,YuAO,229900,262700,958,132,23,16,7.5,10.0
2022-11,Chertanovo Yuzhnoye,YuAO,233200,252400,971,140,32,64,7.5,10.0
2022-12,Chertanovo Yuzhnoye,YuAO,227700,260200,949,192,52,106,7.5,10.0
2023-01,Chertanovo Yuzhnoye,YuAO,244000,277600,1017,109,52,29,7.5,10.0
2023-02,Chertanovo Yuzhnoye,YuAO,243100,262900,1013,175,65,68,7.5,10.0
2023-03,Chertanovo Yuzhnoye,YuAO,238200,262900,992,174,64,58,7.5,10.0
2023-04,Chertanovo Yuzhnoye,YuAO,249200,284500,1038,66,27,25,7.5,10.0
2023-05,Chertanovo Yuzhnoye,YuAO,243300,273400,1014,130,17,97,7.5,10.0
2023-06,Chertanovo Yuzhnoye,YuAO,244900,271200,1020,175,31,75,7.5,10.0
2023-07,Chertanovo Yuzhnoye,YuAO,247000,260900,1029,43,12,24,13.0,15.5
2023-08,Chertanovo Yuzhnoye,YuAO,247800,270600,1032,191,64,84,13.0,15.5
2023-09,Chertanovo Yuzhnoye,YuAO,248100,272300,1034,93,28,47,13.0,15.5
2023-10,Chertanovo Yuzhnoye,YuAO,256800,279700,1070,23,23,42,13.0,15.5
2023-11,Chertanovo Yuzhnoye,YuAO,250600,274500,1044,100,69,60,13.0,15.5
2023-12,Chertanovo Yuzhnoye,YuAO,250400,274300,1043,49,8,115,13.0,15.5
2024-01,Chertanovo Yuzhnoye,YuAO,263000,283500,1096,168,15,25,16.0,18.5
2024-02,Chertanovo Yuzhnoye,YuAO,253100,275900,1055,80,38,114,16.0,18.5
2024-03,Chertanovo Yuzhnoye,YuAO,260800,304000,1087,100,49,30,16.0,18.5
2024-04,Chertanovo Yuzhnoye,YuAO,256500,275200,1069,162,38,25,16.0,18.5
2024-05,Chertanovo Yuzhnoye,YuAO,263300,294000,1097,95,62,88,16.0,18.5
2024-06,Chertanovo Yuzhnoye,YuAO,256600,289300,1069,87,64,95,16.0,18.5
2024-07,Chertanovo Yuzhnoye,YuAO,262700,293900,1095,124,37,75,16.0,18.5
2024-08,Chertanovo Yuzhnoye,YuAO,253900,281600,1058,185,18,32,16.0,18.5
2024-09,Chertanovo Yuzhnoye,YuAO,249500,281100,1040,21,70,119,16.0,18.5
2024-10,Chertanovo Yuzhnoye,YuAO,258400,284800,1077,68,54,16,21.0,23.5
2024-11,Chertanovo Yuzhnoye,YuAO,236200,254000,984,29,17,61,21.0,23.5
2024-12,Chertanovo Yuzhnoye,YuAO,248500,265500,1035,81,65,119,21.0,23.5
2025-01,Chertanovo Yuzhnoye,YuAO,252300,271600,1051,83,50,58,21.0,23.5
2025-02,Chertanovo Yuzhnoye,YuAO,262200,297600,1093,160,46,62,21.0,23.5
2025-03,Chertanovo Yuzhnoye,YuAO,252600,277800,1052,147,38,78,21.0,23.5
2025-04,Chertanovo Yuzhnoye,YuAO,252600,276200,1053,59,74,76,21.0,23.5
2025-05,Chertanovo Yuzhnoye,YuAO,248000,273700,1034,75,5,23,21.0,23.5
2025-06,Chertanovo Yuzhnoye,YuAO,257700,282500,1074,185,49,64,21.0,23.5
2025-07,Chertanovo Yuzhnoye,YuAO,242400,267700,1010,138,28,97,17.0,19.5
2025-08,Chertanovo Yuzhnoye,YuAO,261600,282600,1090,98,21,112,17.0,19.5
2025-09,Chertanovo Yuzhnoye,YuAO,256700,287100,1069,170,34,16,17.0,19.5
2025-10,Chertanovo Yuzhnoye,YuAO,245300,262100,1022,83,7,66,17.0,19.5
2025-11,Chertanovo Yuzhnoye,YuAO,254100,282900,1059,165,35,101,17.0,19.5
2025-12,Chertanovo Yuzhnoye,YuAO,265000,291500,1104,103,40,41,17.0,19.5
2026-01,Chertanovo Yuzhnoye,YuAO,249800,288700,1041,49,30,25,17.0,19.5
2026-02,Chertanovo Yuzhnoye,YuAO,255200,280100,1063,115,24,44,17.0,19.5
2026-03,Chertanovo Yuzhnoye,YuAO,262900,293400,1095,101,60,103,17.0,19.5
2026-04,Chertanovo Yuzhnoye,YuAO,252200,263600,1051,121,28,35,17.0,19.5
2020-01,Akademichesky,YuZAO,282900,313200,1179,126,75,117,6.0,8.5
2020-02,Akademichesky,YuZAO,288100,323800,1201,89,8,39,6.0,8.5
2020-03,Akademichesky,YuZAO,288000,314300,1200,172,63,36,6.0,8.5
2020-04,Akademichesky,YuZAO,286400,320600,1193,116,31,25,4.25,6.75
2020-05,Akademichesky,YuZAO,298500,333700,1244,47,14,50,4.25,6.75
2020-06,Akademichesky,YuZAO,307400,335400,1281,83,59,114,4.25,6.75
2020-07,Akademichesky,YuZAO,292700,332600,1220,85,66,40,4.25,6.75
2020-08,Akademichesky,YuZAO,301000,333500,1254,187,77,51,4.25,6.75
2020-09,Akademichesky,YuZAO,307100,337800,1280,147,50,116,4.25,6.75
2020-10,Akademichesky,YuZAO,320200,351000,1334,150,7,19,4.25,6.75
2020-11,Akademichesky,YuZAO,328600,363500,1369,168,14,28,4.25,6.75
2020-12,Akademichesky,YuZAO,317300,336000,1322,93,58,75,4.25,6.75
2021-01,Akademichesky,YuZAO,326600,350600,1361,70,68,52,4.25,6.75
2021-02,Akademichesky,YuZAO,322100,357300,1342,195,71,32,4.25,6.75
2021-03,Akademichesky,YuZAO,334900,367400,1395,21,13,56,4.25,6.75
2021-04,Akademichesky,YuZAO,345000,391200,1438,189,65,24,8.5,11.0
2021-05,Akademichesky,YuZAO,353900,399900,1475,89,19,114,8.5,11.0
2021-06,Akademichesky,YuZAO,345300,388400,1439,21,48,53,8.5,11.0
2021-07,Akademichesky,YuZAO,359100,406300,1496,33,26,45,8.5,11.0
2021-08,Akademichesky,YuZAO,376300,414700,1568,192,30,91,8.5,11.0
2021-09,Akademichesky,YuZAO,357600,396900,1490,102,42,101,8.5,11.0
2021-10,Akademichesky,YuZAO,386500,422300,1610,50,19,71,8.5,11.0
2021-11,Akademichesky,YuZAO,366600,418800,1528,42,11,44,8.5,11.0
2021-12,Akademichesky,YuZAO,381900,416900,1591,56,54,109,8.5,11.0
2022-01,Akademichesky,YuZAO,378900,418700,1579,154,52,27,20.0,22.5
2022-02,Akademichesky,YuZAO,383800,415400,1599,132,74,47,20.0,22.5
2022-03,Akademichesky,YuZAO,384800,426700,1603,198,59,114,20.0,22.5
2022-04,Akademichesky,YuZAO,393900,441700,1641,125,61,74,9.5,12.0
2022-05,Akademichesky,YuZAO,362200,399300,1509,152,7,89,9.5,12.0
2022-06,Akademichesky,YuZAO,377200,415200,1572,49,30,11,9.5,12.0
2022-07,Akademichesky,YuZAO,390100,431300,1625,193,74,33,9.5,12.0
2022-08,Akademichesky,YuZAO,391800,433100,1633,176,55,55,9.5,12.0
2022-09,Akademichesky,YuZAO,380100,421200,1584,69,16,113,9.5,12.0
2022-10,Akademichesky,YuZAO,397500,433500,1656,96,50,87,7.5,10.0
2022-11,Akademichesky,YuZAO,401600,448100,1673,199,18,81,7.5,10.0
2022-12,Akademichesky,YuZAO,395100,451500,1646,87,75,38,7.5,10.0
2023-01,Akademichesky,YuZAO,388600,414900,1619,87,20,66,7.5,10.0
2023-02,Akademichesky,YuZAO,404800,435800,1687,115,68,81,7.5,10.0
2023-03,Akademichesky,YuZAO,416000,464400,1733,166,79,94,7.5,10.0
2023-04,Akademichesky,YuZAO,410000,448800,1708,76,64,31,7.5,10.0
2023-05,Akademichesky,YuZAO,412400,450800,1718,164,22,30,7.5,10.0
2023-06,Akademichesky,YuZAO,420300,458100,1751,164,49,21,7.5,10.0
2023-07,Akademichesky,YuZAO,428300,483100,1784,123,64,64,13.0,15.5
2023-08,Akademichesky,YuZAO,412600,456500,1719,22,10,54,13.0,15.5
2023-09,Akademichesky,YuZAO,429500,467700,1789,126,51,72,13.0,15.5
2023-10,Akademichesky,YuZAO,439700,490400,1832,109,62,113,13.0,15.5
2023-11,Akademichesky,YuZAO,415400,455200,1731,75,49,15,13.0,15.5
2023-12,Akademichesky,YuZAO,442800,494100,1845,124,74,31,13.0,15.5
2024-01,Akademichesky,YuZAO,438800,491300,1828,93,34,81,16.0,18.5
2024-02,Akademichesky,YuZAO,447100,529300,1863,188,79,75,16.0,18.5
2024-03,Akademichesky,YuZAO,421700,458100,1757,24,59,57,16.0,18.5
2024-04,Akademichesky,YuZAO,424800,463800,1770,152,62,30,16.0,18.5
2024-05,Akademichesky,YuZAO,439100,485800,1830,78,38,79,16.0,18.5
2024-06,Akademichesky,YuZAO,443400,508900,1848,105,14,69,16.0,18.5
2024-07,Akademichesky,YuZAO,442300,503900,1843,181,7,56,16.0,18.5
2024-08,Akademichesky,YuZAO,422200,466200,1759,175,16,67,16.0,18.5
2024-09,Akademichesky,YuZAO,430900,474900,1795,150,35,36,16.0,18.5
2024-10,Akademichesky,YuZAO,452200,502600,1884,37,53,68,21.0,23.5
2024-11,Akademichesky,YuZAO,422100,450400,1759,83,60,91,21.0,23.5
2024-12,Akademichesky,YuZAO,410300,450000,1710,102,37,117,21.0,23.5
2025-01,Akademichesky,YuZAO,426400,476400,1776,95,68,56,21.0,23.5
2025-02,Akademichesky,YuZAO,418700,446000,1745,23,72,60,21.0,23.5
2025-03,Akademichesky,YuZAO,432800,475600,1803,89,15,68,21.0,23.5
2025-04,Akademichesky,YuZAO,430400,498800,1793,97,8,10,21.0,23.5
2025-05,Akademichesky,YuZAO,438300,492200,1826,160,21,46,21.0,23.5
2025-06,Akademichesky,YuZAO,431700,459000,1799,198,7,81,21.0,23.5
2025-07,Akademichesky,YuZAO,427200,468400,1780,38,35,112,17.0,19.5
2025-08,Akademichesky,YuZAO,416900,447700,1737,191,47,66,17.0,19.5
2025-09,Akademichesky,YuZAO,411600,446400,1715,118,70,30,17.0,19.5
2025-10,Akademichesky,YuZAO,449600,478900,1873,156,30,12,17.0,19.5
2025-11,Akademichesky,YuZAO,429200,475900,1788,163,50,109,17.0,19.5
2025-12,Akademichesky,YuZAO,439900,479100,1833,133,45,57,17.0,19.5
2026-01,Akademichesky,YuZAO,435700,489000,1816,108,29,74,17.0,19.5
2026-02,Akademichesky,YuZAO,428600,455600,1786,181,59,97,17.0,19.5
2026-03,Akademichesky,YuZAO,425000,463500,1771,78,67,38,17.0,19.5
2026-04,Akademichesky,YuZAO,426900,473000,1779,40,34,57,17.0,19.5
2020-01,Gagarinsky,YuZAO,319800,335400,1333,88,40,57,6.0,8.5
2020-02,Gagarinsky,YuZAO,312600,350500,1302,141,10,111,6.0,8.5
2020-03,Gagarinsky,YuZAO,340000,378100,1417,89,74,43,6.0,8.5
2020-04,Gagarinsky,YuZAO,333000,364300,1388,195,29,21,4.25,6.75
2020-05,Gagarinsky,YuZAO,332500,365200,1385,86,65,97,4.25,6.75
2020-06,Gagarinsky,YuZAO,333400,372400,1389,175,8,67,4.25,6.75
2020-07,Gagarinsky,YuZAO,333700,354900,1390,196,54,10,4.25,6.75
2020-08,Gagarinsky,YuZAO,355100,392500,1480,197,39,112,4.25,6.75
2020-09,Gagarinsky,YuZAO,362400,414300,1510,171,55,43,4.25,6.75
2020-10,Gagarinsky,YuZAO,370500,421000,1544,83,77,101,4.25,6.75
2020-11,Gagarinsky,YuZAO,358800,380100,1495,99,60,50,4.25,6.75
2020-12,Gagarinsky,YuZAO,368000,416700,1533,106,39,108,4.25,6.75
2021-01,Gagarinsky,YuZAO,389600,449500,1623,125,39,61,4.25,6.75
2021-02,Gagarinsky,YuZAO,380100,435200,1584,169,45,70,4.25,6.75
2021-03,Gagarinsky,YuZAO,378000,408300,1575,156,56,13,4.25,6.75
2021-04,Gagarinsky,YuZAO,399900,442400,1666,59,40,119,8.5,11.0
2021-05,Gagarinsky,YuZAO,386900,428600,1612,109,76,91,8.5,11.0
2021-06,Gagarinsky,YuZAO,397800,429900,1657,167,67,74,8.5,11.0
2021-07,Gagarinsky,YuZAO,400000,454200,1667,163,66,56,8.5,11.0
2021-08,Gagarinsky,YuZAO,395300,414400,1647,181,17,52,8.5,11.0
2021-09,Gagarinsky,YuZAO,423000,455500,1763,73,29,40,8.5,11.0
2021-10,Gagarinsky,YuZAO,418600,476700,1744,118,54,23,8.5,11.0
2021-11,Gagarinsky,YuZAO,439300,484700,1830,180,62,11,8.5,11.0
2021-12,Gagarinsky,YuZAO,440900,480000,1837,189,21,11,8.5,11.0
2022-01,Gagarinsky,YuZAO,435600,477200,1815,166,30,107,20.0,22.5
2022-02,Gagarinsky,YuZAO,441300,487500,1839,103,13,69,20.0,22.5
2022-03,Gagarinsky,YuZAO,426900,482400,1779,138,31,88,20.0,22.5
2022-04,Gagarinsky,YuZAO,440600,493600,1836,138,66,116,9.5,12.0
2022-05,Gagarinsky,YuZAO,441600,473900,1840,134,14,26,9.5,12.0
2022-06,Gagarinsky,YuZAO,440000,479600,1833,184,63,65,9.5,12.0
2022-07,Gagarinsky,YuZAO,432800,476200,1804,42,38,82,9.5,12.0
2022-08,Gagarinsky,YuZAO,448300,481000,1868,90,10,118,9.5,12.0
2022-09,Gagarinsky,YuZAO,444900,468400,1854,142,10,17,9.5,12.0
2022-10,Gagarinsky,YuZAO,446600,497100,1861,135,73,32,7.5,10.0
2022-11,Gagarinsky,YuZAO,447000,471200,1862,140,62,49,7.5,10.0
2022-12,Gagarinsky,YuZAO,446400,496900,1860,118,29,20,7.5,10.0
2023-01,Gagarinsky,YuZAO,449300,489300,1872,136,72,108,7.5,10.0
2023-02,Gagarinsky,YuZAO,458200,520200,1909,156,18,52,7.5,10.0
2023-03,Gagarinsky,YuZAO,481100,530600,2005,192,68,84,7.5,10.0
2023-04,Gagarinsky,YuZAO,473200,497200,1972,23,11,47,7.5,10.0
2023-05,Gagarinsky,YuZAO,471600,523700,1965,176,30,53,7.5,10.0
2023-06,Gagarinsky,YuZAO,468200,523900,1951,86,29,15,7.5,10.0
2023-07,Gagarinsky,YuZAO,477000,523800,1987,55,28,92,13.0,15.5
2023-08,Gagarinsky,YuZAO,467100,522600,1946,117,48,40,13.0,15.5
2023-09,Gagarinsky,YuZAO,486600,554100,2027,88,11,30,13.0,15.5
2023-10,Gagarinsky,YuZAO,488400,558900,2035,21,49,34,13.0,15.5
2023-11,Gagarinsky,YuZAO,479400,535500,1998,83,15,22,13.0,15.5
2023-12,Gagarinsky,YuZAO,504700,555400,2103,157,38,90,13.0,15.5
2024-01,Gagarinsky,YuZAO,488600,563200,2036,58,30,25,16.0,18.5
2024-02,Gagarinsky,YuZAO,513600,585600,2140,28,51,28,16.0,18.5
2024-03,Gagarinsky,YuZAO,495000,552100,2063,122,20,88,16.0,18.5
2024-04,Gagarinsky,YuZAO,493000,517400,2054,95,46,64,16.0,18.5
2024-05,Gagarinsky,YuZAO,483000,506700,2012,20,50,99,16.0,18.5
2024-06,Gagarinsky,YuZAO,494300,548200,2060,167,36,30,16.0,18.5
2024-07,Gagarinsky,YuZAO,485600,505200,2023,22,19,32,16.0,18.5
2024-08,Gagarinsky,YuZAO,487600,533000,2032,128,13,36,16.0,18.5
2024-09,Gagarinsky,YuZAO,528500,575000,2202,125,23,114,16.0,18.5
2024-10,Gagarinsky,YuZAO,495700,524800,2065,166,70,101,21.0,23.5
2024-11,Gagarinsky,YuZAO,488700,550800,2036,44,30,91,21.0,23.5
2024-12,Gagarinsky,YuZAO,476600,503200,1986,75,39,71,21.0,23.5
2025-01,Gagarinsky,YuZAO,475800,521400,1983,129,28,116,21.0,23.5
2025-02,Gagarinsky,YuZAO,488000,526400,2033,130,30,90,21.0,23.5
2025-03,Gagarinsky,YuZAO,470800,501900,1962,40,72,108,21.0,23.5
2025-04,Gagarinsky,YuZAO,490000,527200,2042,106,24,10,21.0,23.5
2025-05,Gagarinsky,YuZAO,481000,531700,2004,21,59,37,21.0,23.5
2025-06,Gagarinsky,YuZAO,477100,530500,1988,139,10,36,21.0,23.5
2025-07,Gagarinsky,YuZAO,499600,516700,2082,40,50,37,17.0,19.5
2025-08,Gagarinsky,YuZAO,478100,531500,1992,58,52,89,17.0,19.5
2025-09,Gagarinsky,YuZAO,490100,553300,2042,192,50,105,17.0,19.5
2025-10,Gagarinsky,YuZAO,505500,539700,2106,112,18,18,17.0,19.5
2025-11,Gagarinsky,YuZAO,517900,581100,2158,53,19,43,17.0,19.5
2025-12,Gagarinsky,YuZAO,491300,544000,2047,140,58,54,17.0,19.5
2026-01,Gagarinsky,YuZAO,483000,537100,2012,139,12,117,17.0,19.5
2026-02,Gagarinsky,YuZAO,494800,542300,2062,101,32,27,17.0,19.5
2026-03,Gagarinsky,YuZAO,501600,562600,2090,49,56,49,17.0,19.5
2026-04,Gagarinsky,YuZAO,507700,555500,2116,177,36,93,17.0,19.5
2020-01,Zyuzino,YuZAO,254900,285500,1062,164,78,26,6.0,8.5
2020-02,Zyuzino,YuZAO,252900,266300,1054,113,17,66,6.0,8.5
2020-03,Zyuzino,YuZAO,246200,263700,1026,119,73,39,6.0,8.5
2020-04,Zyuzino,YuZAO,264500,296000,1102,103,69,43,4.25,6.75
2020-05,Zyuzino,YuZAO,264200,293000,1101,146,14,28,4.25,6.75
2020-06,Zyuzino,YuZAO,250800,270400,1045,97,76,44,4.25,6.75
2020-07,Zyuzino,YuZAO,256400,274600,1068,129,60,34,4.25,6.75
2020-08,Zyuzino,YuZAO,268400,306200,1118,81,30,11,4.25,6.75
2020-09,Zyuzino,YuZAO,276200,308300,1151,72,5,24,4.25,6.75
2020-10,Zyuzino,YuZAO,273700,291600,1140,166,77,97,4.25,6.75
2020-11,Zyuzino,YuZAO,276400,309600,1152,175,55,91,4.25,6.75
2020-12,Zyuzino,YuZAO,294200,309100,1226,136,15,99,4.25,6.75
2021-01,Zyuzino,YuZAO,294000,315300,1225,107,17,94,4.25,6.75
2021-02,Zyuzino,YuZAO,292100,317700,1217,133,22,100,4.25,6.75
2021-03,Zyuzino,YuZAO,318000,336100,1325,39,61,104,4.25,6.75
2021-04,Zyuzino,YuZAO,296400,330300,1235,127,43,64,8.5,11.0
2021-05,Zyuzino,YuZAO,307100,350500,1279,53,64,110,8.5,11.0
2021-06,Zyuzino,YuZAO,311600,342600,1298,138,24,44,8.5,11.0
2021-07,Zyuzino,YuZAO,309200,340500,1288,74,38,46,8.5,11.0
2021-08,Zyuzino,YuZAO,320200,362800,1334,42,52,64,8.5,11.0
2021-09,Zyuzino,YuZAO,335200,382600,1397,71,69,85,8.5,11.0
2021-10,Zyuzino,YuZAO,330300,352900,1376,95,22,110,8.5,11.0
2021-11,Zyuzino,YuZAO,330100,372000,1376,21,13,105,8.5,11.0
2021-12,Zyuzino,YuZAO,314600,350900,1311,32,44,38,8.5,11.0
2022-01,Zyuzino,YuZAO,332200,372700,1384,91,10,74,20.0,22.5
2022-02,Zyuzino,YuZAO,327800,350600,1366,186,58,90,20.0,22.5
2022-03,Zyuzino,YuZAO,335300,361800,1397,87,51,24,20.0,22.5
2022-04,Zyuzino,YuZAO,331700,375500,1382,176,59,20,9.5,12.0
2022-05,Zyuzino,YuZAO,329700,361300,1374,136,32,71,9.5,12.0
2022-06,Zyuzino,YuZAO,323400,344000,1347,45,51,113,9.5,12.0
2022-07,Zyuzino,YuZAO,335700,368700,1399,149,74,87,9.5,12.0
2022-08,Zyuzino,YuZAO,322800,355400,1345,190,13,98,9.5,12.0
2022-09,Zyuzino,YuZAO,357000,399700,1487,108,72,90,9.5,12.0
2022-10,Zyuzino,YuZAO,353400,376000,1472,49,79,25,7.5,10.0
2022-11,Zyuzino,YuZAO,351500,376400,1465,35,59,25,7.5,10.0
2022-12,Zyuzino,YuZAO,353400,378200,1473,196,13,106,7.5,10.0
2023-01,Zyuzino,YuZAO,346700,388600,1445,100,26,78,7.5,10.0
2023-02,Zyuzino,YuZAO,350600,393600,1461,197,35,108,7.5,10.0
2023-03,Zyuzino,YuZAO,359900,398900,1500,32,10,66,7.5,10.0
2023-04,Zyuzino,YuZAO,362300,391600,1509,26,9,48,7.5,10.0
2023-05,Zyuzino,YuZAO,373700,420800,1557,189,62,99,7.5,10.0
2023-06,Zyuzino,YuZAO,347900,382700,1450,146,49,40,7.5,10.0
2023-07,Zyuzino,YuZAO,361200,408300,1505,108,27,79,13.0,15.5
2023-08,Zyuzino,YuZAO,373600,399400,1557,163,79,99,13.0,15.5
2023-09,Zyuzino,YuZAO,369900,420900,1541,53,20,106,13.0,15.5
2023-10,Zyuzino,YuZAO,370400,405300,1543,162,18,90,13.0,15.5
2023-11,Zyuzino,YuZAO,378300,413100,1576,39,25,30,13.0,15.5
2023-12,Zyuzino,YuZAO,368900,405500,1537,117,53,50,13.0,15.5
2024-01,Zyuzino,YuZAO,364100,414500,1517,32,22,58,16.0,18.5
2024-02,Zyuzino,YuZAO,380400,427300,1585,59,9,21,16.0,18.5
2024-03,Zyuzino,YuZAO,384000,443800,1600,115,29,103,16.0,18.5
2024-04,Zyuzino,YuZAO,376500,412400,1569,118,52,116,16.0,18.5
2024-05,Zyuzino,YuZAO,376800,412700,1570,140,17,39,16.0,18.5
2024-06,Zyuzino,YuZAO,380300,416900,1585,192,48,105,16.0,18.5
2024-07,Zyuzino,YuZAO,392700,422400,1636,31,8,113,16.0,18.5
2024-08,Zyuzino,YuZAO,368700,390900,1536,139,34,56,16.0,18.5
2024-09,Zyuzino,YuZAO,370900,405900,1545,83,70,61,16.0,18.5
2024-10,Zyuzino,YuZAO,366500,400600,1527,40,72,117,21.0,23.5
2024-11,Zyuzino,YuZAO,370300,393300,1543,117,17,106,21.0,23.5
2024-12,Zyuzino,YuZAO,369000,413100,1538,97,60,80,21.0,23.5
2025-01,Zyuzino,YuZAO,371200,414300,1547,165,8,11,21.0,23.5
2025-02,Zyuzino,YuZAO,372400,419000,1552,140,67,40,21.0,23.5
2025-03,Zyuzino,YuZAO,367100,402000,1530,141,23,106,21.0,23.5
2025-04,Zyuzino,YuZAO,379800,418000,1582,161,66,68,21.0,23.5
2025-05,Zyuzino,YuZAO,363300,383300,1514,148,15,87,21.0,23.5
2025-06,Zyuzino,YuZAO,393100,422800,1638,70,49,28,21.0,23.5
2025-07,Zyuzino,YuZAO,377100,413000,1571,157,49,63,17.0,19.5
2025-08,Zyuzino,YuZAO,371200,411900,1547,140,13,110,17.0,19.5
2025-09,Zyuzino,YuZAO,369700,414800,1540,97,25,108,17.0,19.5
2025-10,Zyuzino,YuZAO,359000,395000,1496,179,16,35,17.0,19.5
2025-11,Zyuzino,YuZAO,382000,427100,1592,35,18,80,17.0,19.5
2025-12,Zyuzino,YuZAO,364800,397500,1520,89,48,114,17.0,19.5
2026-01,Zyuzino,YuZAO,386000,431700,1608,185,17,76,17.0,19.5
2026-02,Zyuzino,YuZAO,380900,411400,1587,160,15,47,17.0,19.5
2026-03,Zyuzino,YuZAO,368400,405100,1535,166,44,25,17.0,19.5
2026-04,Zyuzino,YuZAO,378400,409400,1577,175,29,62,17.0,19.5
2020-01,Konkovo,YuZAO,237400,253300,989,175,57,72,6.0,8.5
2020-02,Konkovo,YuZAO,243600,274700,1015,181,32,93,6.0,8.5
2020-03,Konkovo,YuZAO,247000,269700,1029,192,46,99,6.0,8.5
2020-04,Konkovo,YuZAO,255400,277600,1064,140,65,59,4.25,6.75
2020-05,Konkovo,YuZAO,258800,274700,1078,52,41,43,4.25,6.75
2020-06,Konkovo,YuZAO,254000,269500,1058,182,46,13,4.25,6.75
2020-07,Konkovo,YuZAO,259400,269900,1081,141,17,97,4.25,6.75
2020-08,Konkovo,YuZAO,248400,267600,1035,151,26,106,4.25,6.75
2020-09,Konkovo,YuZAO,260900,284800,1087,158,13,105,4.25,6.75
2020-10,Konkovo,YuZAO,276700,310000,1153,173,75,49,4.25,6.75
2020-11,Konkovo,YuZAO,273800,300200,1141,193,36,65,4.25,6.75
2020-12,Konkovo,YuZAO,263900,291100,1100,149,52,85,4.25,6.75
2021-01,Konkovo,YuZAO,285200,312900,1188,51,25,87,4.25,6.75
2021-02,Konkovo,YuZAO,291900,323100,1216,167,6,31,4.25,6.75
2021-03,Konkovo,YuZAO,294200,337200,1226,115,21,51,4.25,6.75
2021-04,Konkovo,YuZAO,282500,308600,1177,59,12,67,8.5,11.0
2021-05,Konkovo,YuZAO,293900,326600,1224,104,67,85,8.5,11.0
2021-06,Konkovo,YuZAO,311100,350000,1296,29,63,40,8.5,11.0
2021-07,Konkovo,YuZAO,301300,339500,1255,84,66,97,8.5,11.0
2021-08,Konkovo,YuZAO,310900,322900,1296,119,36,88,8.5,11.0
2021-09,Konkovo,YuZAO,322700,369400,1345,40,62,109,8.5,11.0
2021-10,Konkovo,YuZAO,333000,359300,1387,82,69,97,8.5,11.0
2021-11,Konkovo,YuZAO,335000,366300,1396,21,29,118,8.5,11.0
2021-12,Konkovo,YuZAO,331900,356500,1383,124,69,100,8.5,11.0
2022-01,Konkovo,YuZAO,335900,362900,1399,195,16,74,20.0,22.5
2022-02,Konkovo,YuZAO,334200,345700,1392,44,20,10,20.0,22.5
2022-03,Konkovo,YuZAO,312900,351300,1304,175,67,54,20.0,22.5
2022-04,Konkovo,YuZAO,306700,347300,1278,159,59,78,9.5,12.0
2022-05,Konkovo,YuZAO,312200,348400,1301,77,69,45,9.5,12.0
2022-06,Konkovo,YuZAO,310200,341100,1293,78,54,31,9.5,12.0
2022-07,Konkovo,YuZAO,321100,345700,1338,51,44,115,9.5,12.0
2022-08,Konkovo,YuZAO,326200,360700,1359,141,13,15,9.5,12.0
2022-09,Konkovo,YuZAO,325000,373000,1354,123,7,42,9.5,12.0
2022-10,Konkovo,YuZAO,324400,349800,1352,174,75,20,7.5,10.0
2022-11,Konkovo,YuZAO,331800,360500,1383,123,16,14,7.5,10.0
2022-12,Konkovo,YuZAO,321200,324800,1338,50,45,106,7.5,10.0
2023-01,Konkovo,YuZAO,357800,389800,1491,98,71,45,7.5,10.0
2023-02,Konkovo,YuZAO,346600,395400,1444,52,6,13,7.5,10.0
2023-03,Konkovo,YuZAO,353400,394500,1472,194,71,119,7.5,10.0
2023-04,Konkovo,YuZAO,343700,395900,1432,189,43,61,7.5,10.0
2023-05,Konkovo,YuZAO,344900,387500,1437,147,43,109,7.5,10.0
2023-06,Konkovo,YuZAO,349600,385800,1456,68,39,11,7.5,10.0
2023-07,Konkovo,YuZAO,347900,389200,1450,49,41,78,13.0,15.5
2023-08,Konkovo,YuZAO,369800,421400,1541,160,62,100,13.0,15.5
2023-09,Konkovo,YuZAO,369100,397900,1538,175,8,70,13.0,15.5
2023-10,Konkovo,YuZAO,363200,400400,1513,176,76,27,13.0,15.5
2023-11,Konkovo,YuZAO,356900,392300,1487,165,23,111,13.0,15.5
2023-12,Konkovo,YuZAO,365200,407300,1522,119,76,94,13.0,15.5
2024-01,Konkovo,YuZAO,353400,398200,1473,94,19,87,16.0,18.5
2024-02,Konkovo,YuZAO,363400,396400,1514,161,64,60,16.0,18.5
2024-03,Konkovo,YuZAO,374500,414700,1560,77,20,85,16.0,18.5
2024-04,Konkovo,YuZAO,360500,399400,1502,157,17,15,16.0,18.5
2024-05,Konkovo,YuZAO,370000,413400,1542,61,74,91,16.0,18.5
2024-06,Konkovo,YuZAO,359700,387500,1499,147,73,92,16.0,18.5
2024-07,Konkovo,YuZAO,371200,410200,1547,41,30,35,16.0,18.5
2024-08,Konkovo,YuZAO,373800,420400,1558,87,62,103,16.0,18.5
2024-09,Konkovo,YuZAO,365000,406400,1521,108,73,28,16.0,18.5
2024-10,Konkovo,YuZAO,358300,393300,1493,80,23,30,21.0,23.5
2024-11,Konkovo,YuZAO,373300,412500,1556,127,30,52,21.0,23.5
2024-12,Konkovo,YuZAO,364900,397500,1520,155,71,36,21.0,23.5
2025-01,Konkovo,YuZAO,338600,355100,1411,23,78,116,21.0,23.5
2025-02,Konkovo,YuZAO,345300,377500,1439,120,30,78,21.0,23.5
2025-03,Konkovo,YuZAO,352800,375400,1470,49,58,27,21.0,23.5
2025-04,Konkovo,YuZAO,358700,398800,1495,48,56,28,21.0,23.5
2025-05,Konkovo,YuZAO,373500,411400,1556,186,38,26,21.0,23.5
2025-06,Konkovo,YuZAO,361500,390300,1506,35,18,71,21.0,23.5
2025-07,Konkovo,YuZAO,368100,386500,1534,159,50,14,17.0,19.5
2025-08,Konkovo,YuZAO,353300,377300,1472,173,31,43,17.0,19.5
2025-09,Konkovo,YuZAO,371100,400500,1546,42,78,12,17.0,19.5
2025-10,Konkovo,YuZAO,363300,398600,1514,140,36,27,17.0,19.5
2025-11,Konkovo,YuZAO,357900,389200,1491,83,14,115,17.0,19.5
2025-12,Konkovo,YuZAO,364900,394900,1520,184,30,44,17.0,19.5
2026-01,Konkovo,YuZAO,341000,367800,1421,148,49,56,17.0,19.5
2026-02,Konkovo,YuZAO,368500,405900,1536,163,34,69,17.0,19.5
2026-03,Konkovo,YuZAO,363700,429900,1515,58,75,65,17.0,19.5
2026-04,Konkovo,YuZAO,355500,384700,1481,83,58,43,17.0,19.5
2020-01,Kotlovka,YuZAO,260600,287500,1086,80,27,49,6.0,8.5
2020-02,Kotlovka,YuZAO,261900,280000,1091,127,66,27,6.0,8.5
2020-03,Kotlovka,YuZAO,250100,274700,1042,44,48,43,6.0,8.5
2020-04,Kotlovka,YuZAO,270200,295700,1126,82,38,102,4.25,6.75
2020-05,Kotlovka,YuZAO,257100,276500,1071,117,16,92,4.25,6.75
2020-06,Kotlovka,YuZAO,274200,293700,1143,126,18,88,4.25,6.75
2020-07,Kotlovka,YuZAO,271100,312200,1130,137,79,104,4.25,6.75
2020-08,Kotlovka,YuZAO,277300,308300,1155,96,79,106,4.25,6.75
2020-09,Kotlovka,YuZAO,276500,298300,1152,85,44,46,4.25,6.75
2020-10,Kotlovka,YuZAO,283700,316300,1182,71,21,46,4.25,6.75
2020-11,Kotlovka,YuZAO,291800,312900,1216,185,63,12,4.25,6.75
2020-12,Kotlovka,YuZAO,303100,345600,1263,130,68,42,4.25,6.75
2021-01,Kotlovka,YuZAO,299500,342000,1248,137,79,94,4.25,6.75
2021-02,Kotlovka,YuZAO,299200,332600,1247,169,53,21,4.25,6.75
2021-03,Kotlovka,YuZAO,305900,341300,1274,72,67,31,4.25,6.75
2021-04,Kotlovka,YuZAO,308000,343800,1284,105,57,55,8.5,11.0
2021-05,Kotlovka,YuZAO,318400,348900,1327,64,47,48,8.5,11.0
2021-06,Kotlovka,YuZAO,330200,362000,1376,142,68,53,8.5,11.0
2021-07,Kotlovka,YuZAO,334300,365000,1393,54,58,29,8.5,11.0
2021-08,Kotlovka,YuZAO,332100,373600,1384,89,43,103,8.5,11.0
2021-09,Kotlovka,YuZAO,335000,379100,1396,128,45,11,8.5,11.0
2021-10,Kotlovka,YuZAO,339700,382100,1415,144,18,105,8.5,11.0
2021-11,Kotlovka,YuZAO,332400,385600,1385,74,63,100,8.5,11.0
2021-12,Kotlovka,YuZAO,352900,397400,1471,95,33,73,8.5,11.0
2022-01,Kotlovka,YuZAO,352400,385400,1468,184,51,40,20.0,22.5
2022-02,Kotlovka,YuZAO,336600,360100,1402,195,34,88,20.0,22.5
2022-03,Kotlovka,YuZAO,350200,378800,1459,117,61,100,20.0,22.5
2022-04,Kotlovka,YuZAO,335900,354800,1400,120,39,72,9.5,12.0
2022-05,Kotlovka,YuZAO,337200,377700,1405,73,26,67,9.5,12.0
2022-06,Kotlovka,YuZAO,348800,375400,1453,137,54,110,9.5,12.0
2022-07,Kotlovka,YuZAO,340600,363400,1419,163,6,84,9.5,12.0
2022-08,Kotlovka,YuZAO,347100,383000,1446,30,75,88,9.5,12.0
2022-09,Kotlovka,YuZAO,332200,362000,1384,157,34,106,9.5,12.0
2022-10,Kotlovka,YuZAO,335500,365500,1398,154,51,27,7.5,10.0
2022-11,Kotlovka,YuZAO,346700,378200,1444,69,12,119,7.5,10.0
2022-12,Kotlovka,YuZAO,349300,382300,1456,191,24,77,7.5,10.0
2023-01,Kotlovka,YuZAO,371400,396900,1548,26,44,76,7.5,10.0
2023-02,Kotlovka,YuZAO,359300,403800,1497,88,29,61,7.5,10.0
2023-03,Kotlovka,YuZAO,387800,407300,1616,125,5,62,7.5,10.0
2023-04,Kotlovka,YuZAO,375100,415000,1563,39,14,68,7.5,10.0
2023-05,Kotlovka,YuZAO,365000,423000,1521,147,68,32,7.5,10.0
2023-06,Kotlovka,YuZAO,380300,421800,1585,75,24,18,7.5,10.0
2023-07,Kotlovka,YuZAO,381000,420800,1588,130,52,47,13.0,15.5
2023-08,Kotlovka,YuZAO,383800,425100,1599,28,73,27,13.0,15.5
2023-09,Kotlovka,YuZAO,389800,421600,1624,110,24,66,13.0,15.5
2023-10,Kotlovka,YuZAO,391400,445600,1631,145,35,58,13.0,15.5
2023-11,Kotlovka,YuZAO,399800,424200,1666,121,53,57,13.0,15.5
2023-12,Kotlovka,YuZAO,401900,443600,1675,29,71,19,13.0,15.5
2024-01,Kotlovka,YuZAO,397500,449100,1656,155,65,11,16.0,18.5
2024-02,Kotlovka,YuZAO,393300,417300,1639,141,34,43,16.0,18.5
2024-03,Kotlovka,YuZAO,392900,437600,1637,154,62,115,16.0,18.5
2024-04,Kotlovka,YuZAO,395700,443200,1649,61,49,96,16.0,18.5
2024-05,Kotlovka,YuZAO,392800,439600,1637,92,72,21,16.0,18.5
2024-06,Kotlovka,YuZAO,371800,393100,1549,53,44,43,16.0,18.5
2024-07,Kotlovka,YuZAO,408100,473900,1701,34,14,82,16.0,18.5
2024-08,Kotlovka,YuZAO,398300,453600,1659,98,61,31,16.0,18.5
2024-09,Kotlovka,YuZAO,392600,429800,1636,121,54,115,16.0,18.5
2024-10,Kotlovka,YuZAO,385100,425500,1605,35,69,111,21.0,23.5
2024-11,Kotlovka,YuZAO,384600,417700,1602,122,12,90,21.0,23.5
2024-12,Kotlovka,YuZAO,380900,415100,1587,164,38,10,21.0,23.5
2025-01,Kotlovka,YuZAO,370000,415400,1542,64,16,48,21.0,23.5
2025-02,Kotlovka,YuZAO,374300,402600,1560,55,5,95,21.0,23.5
2025-03,Kotlovka,YuZAO,379100,411900,1580,64,12,21,21.0,23.5
2025-04,Kotlovka,YuZAO,392700,442900,1636,162,40,28,21.0,23.5
2025-05,Kotlovka,YuZAO,386000,424000,1608,115,11,13,21.0,23.5
2025-06,Kotlovka,YuZAO,377800,397500,1574,57,49,20,21.0,23.5
2025-07,Kotlovka,YuZAO,369400,415000,1539,73,43,49,17.0,19.5
2025-08,Kotlovka,YuZAO,396200,436600,1651,83,17,22,17.0,19.5
2025-09,Kotlovka,YuZAO,378700,395000,1578,114,62,42,17.0,19.5
2025-10,Kotlovka,YuZAO,393200,435600,1638,189,42,48,17.0,19.5
2025-11,Kotlovka,YuZAO,375800,411400,1566,105,74,75,17.0,19.5
2025-12,Kotlovka,YuZAO,389200,439800,1622,183,66,104,17.0,19.5
2026-01,Kotlovka,YuZAO,400400,442900,1668,50,73,111,17.0,19.5
2026-02,Kotlovka,YuZAO,380000,393000,1583,117,11,52,17.0,19.5
2026-03,Kotlovka,YuZAO,401500,433800,1673,162,58,44,17.0,19.5
2026-04,Kotlovka,YuZAO,399300,423700,1664,24,77,92,17.0,19.5
2020-01,Lomonosovsky,YuZAO,302400,342400,1260,123,35,74,6.0,8.5
2020-02,Lomonosovsky,YuZAO,333600,378800,1390,40,56,69,6.0,8.5
2020-03,Lomonosovsky,YuZAO,326100,359500,1359,140,49,82,6.0,8.5
2020-04,Lomonosovsky,YuZAO,342900,385200,1429,134,38,69,4.25,6.75
2020-05,Lomonosovsky,YuZAO,330700,376500,1378,181,41,55,4.25,6.75
2020-06,Lomonosovsky,YuZAO,334000,353700,1392,159,70,72,4.25,6.75
2020-07,Lomonosovsky,YuZAO,331900,352600,1383,179,29,43,4.25,6.75
2020-08,Lomonosovsky,YuZAO,363400,414000,1514,122,33,116,4.25,6.75
2020-09,Lomonosovsky,YuZAO,330300,359000,1376,112,66,19,4.25,6.75
2020-10,Lomonosovsky,YuZAO,347400,386900,1448,70,23,52,4.25,6.75
2020-11,Lomonosovsky,YuZAO,348800,375200,1453,20,75,39,4.25,6.75
2020-12,Lomonosovsky,YuZAO,363000,410100,1513,81,17,115,4.25,6.75
2021-01,Lomonosovsky,YuZAO,362400,395200,1510,72,77,39,4.25,6.75
2021-02,Lomonosovsky,YuZAO,387200,432400,1614,199,75,27,4.25,6.75
2021-03,Lomonosovsky,YuZAO,388600,430200,1619,35,76,35,4.25,6.75
2021-04,Lomonosovsky,YuZAO,383500,425000,1598,86,26,95,8.5,11.0
2021-05,Lomonosovsky,YuZAO,394200,439100,1643,100,64,118,8.5,11.0
2021-06,Lomonosovsky,YuZAO,395900,419700,1649,140,72,78,8.5,11.0
2021-07,Lomonosovsky,YuZAO,406500,441800,1694,145,63,82,8.5,11.0
2021-08,Lomonosovsky,YuZAO,409000,475700,1704,127,28,104,8.5,11.0
2021-09,Lomonosovsky,YuZAO,400600,444900,1669,30,55,93,8.5,11.0
2021-10,Lomonosovsky,YuZAO,404500,443500,1685,172,54,53,8.5,11.0
2021-11,Lomonosovsky,YuZAO,401200,434500,1672,183,19,115,8.5,11.0
2021-12,Lomonosovsky,YuZAO,424100,482700,1767,54,38,63,8.5,11.0
2022-01,Lomonosovsky,YuZAO,454600,501000,1894,64,26,47,20.0,22.5
2022-02,Lomonosovsky,YuZAO,440400,500200,1835,155,57,30,20.0,22.5
2022-03,Lomonosovsky,YuZAO,425700,452200,1774,149,38,86,20.0,22.5
2022-04,Lomonosovsky,YuZAO,418700,462700,1744,56,57,15,9.5,12.0
2022-05,Lomonosovsky,YuZAO,436300,476400,1818,191,73,28,9.5,12.0
2022-06,Lomonosovsky,YuZAO,437300,484000,1822,148,29,93,9.5,12.0
2022-07,Lomonosovsky,YuZAO,417100,436900,1738,32,32,20,9.5,12.0
2022-08,Lomonosovsky,YuZAO,404600,428900,1686,77,41,55,9.5,12.0
2022-09,Lomonosovsky,YuZAO,418300,442900,1743,96,72,36,9.5,12.0
2022-10,Lomonosovsky,YuZAO,454100,507400,1892,150,37,23,7.5,10.0
2022-11,Lomonosovsky,YuZAO,447900,466200,1866,81,67,57,7.5,10.0
2022-12,Lomonosovsky,YuZAO,431900,488700,1799,102,5,13,7.5,10.0
2023-01,Lomonosovsky,YuZAO,440200,468000,1834,186,69,11,7.5,10.0
2023-02,Lomonosovsky,YuZAO,466200,514300,1943,129,69,104,7.5,10.0
2023-03,Lomonosovsky,YuZAO,440500,468600,1835,50,38,114,7.5,10.0
2023-04,Lomonosovsky,YuZAO,454400,515000,1894,154,50,89,7.5,10.0
2023-05,Lomonosovsky,YuZAO,480000,518100,2000,111,43,61,7.5,10.0
2023-06,Lomonosovsky,YuZAO,469400,503100,1956,111,11,30,7.5,10.0
2023-07,Lomonosovsky,YuZAO,481500,518300,2006,196,13,55,13.0,15.5
2023-08,Lomonosovsky,YuZAO,459000,507400,1913,152,27,48,13.0,15.5
2023-09,Lomonosovsky,YuZAO,470200,514300,1959,69,24,38,13.0,15.5
2023-10,Lomonosovsky,YuZAO,499900,553500,2083,74,18,63,13.0,15.5
2023-11,Lomonosovsky,YuZAO,483000,528600,2013,43,18,74,13.0,15.5
2023-12,Lomonosovsky,YuZAO,476100,524300,1984,37,79,50,13.0,15.5
2024-01,Lomonosovsky,YuZAO,502400,556900,2093,45,34,58,16.0,18.5
2024-02,Lomonosovsky,YuZAO,473300,494500,1972,182,57,67,16.0,18.5
2024-03,Lomonosovsky,YuZAO,482600,569500,2011,124,77,16,16.0,18.5
2024-04,Lomonosovsky,YuZAO,500900,542800,2087,71,57,24,16.0,18.5
2024-05,Lomonosovsky,YuZAO,496900,566500,2070,147,68,79,16.0,18.5
2024-06,Lomonosovsky,YuZAO,489000,541000,2037,189,62,112,16.0,18.5
2024-07,Lomonosovsky,YuZAO,486200,561200,2026,35,59,68,16.0,18.5
2024-08,Lomonosovsky,YuZAO,466400,501300,1943,88,34,31,16.0,18.5
2024-09,Lomonosovsky,YuZAO,489300,571000,2039,122,16,80,16.0,18.5
2024-10,Lomonosovsky,YuZAO,487300,535200,2031,165,72,20,21.0,23.5
2024-11,Lomonosovsky,YuZAO,463700,508500,1932,105,31,89,21.0,23.5
2024-12,Lomonosovsky,YuZAO,471700,525100,1966,108,60,15,21.0,23.5
2025-01,Lomonosovsky,YuZAO,467800,496200,1949,139,39,55,21.0,23.5
2025-02,Lomonosovsky,YuZAO,477700,523800,1990,29,23,45,21.0,23.5
2025-03,Lomonosovsky,YuZAO,473700,529200,1974,68,57,34,21.0,23.5
2025-04,Lomonosovsky,YuZAO,453500,483100,1889,62,48,118,21.0,23.5
2025-05,Lomonosovsky,YuZAO,494600,541300,2061,60,46,86,21.0,23.5
2025-06,Lomonosovsky,YuZAO,493500,549000,2056,60,10,92,21.0,23.5
2025-07,Lomonosovsky,YuZAO,486600,547200,2028,178,50,119,17.0,19.5
2025-08,Lomonosovsky,YuZAO,476200,507200,1984,88,33,23,17.0,19.5
2025-09,Lomonosovsky,YuZAO,498800,546000,2078,151,64,35,17.0,19.5
2025-10,Lomonosovsky,YuZAO,481100,516100,2005,46,76,81,17.0,19.5
2025-11,Lomonosovsky,YuZAO,482400,511500,2010,80,34,10,17.0,19.5
2025-12,Lomonosovsky,YuZAO,463400,508100,1931,75,73,57,17.0,19.5
2026-01,Lomonosovsky,YuZAO,471600,494500,1965,155,54,67,17.0,19.5
2026-02,Lomonosovsky,YuZAO,465500,509500,1940,180,31,49,17.0,19.5
2026-03,Lomonosovsky,YuZAO,447400,480000,1864,177,64,12,17.0,19.5
2026-04,Lomonosovsky,YuZAO,479300,510800,1997,86,10,21,17.0,19.5
2020-01,Obruchevsky,YuZAO,250300,285800,1043,60,23,95,6.0,8.5
2020-02,Obruchevsky,YuZAO,267900,294000,1116,114,30,113,6.0,8.5
2020-03,Obruchevsky,YuZAO,273500,306800,1139,152,44,29,6.0,8.5
2020-04,Obruchevsky,YuZAO,262300,273300,1093,184,21,34,4.25,6.75
2020-05,Obruchevsky,YuZAO,274600,291800,1144,89,41,38,4.25,6.75
2020-06,Obruchevsky,YuZAO,273300,289400,1139,73,7,26,4.25,6.75
2020-07,Obruchevsky,YuZAO,287800,307500,1199,74,61,77,4.25,6.75
2020-08,Obruchevsky,YuZAO,289900,322700,1208,101,64,66,4.25,6.75
2020-09,Obruchevsky,YuZAO,298400,315100,1244,198,29,42,4.25,6.75
2020-10,Obruchevsky,YuZAO,294700,325700,1228,120,33,52,4.25,6.75
2020-11,Obruchevsky,YuZAO,304500,338000,1269,106,52,95,4.25,6.75
2020-12,Obruchevsky,YuZAO,305500,324700,1273,31,44,23,4.25,6.75
2021-01,Obruchevsky,YuZAO,290600,341200,1211,46,11,38,4.25,6.75
2021-02,Obruchevsky,YuZAO,306300,343300,1276,90,47,106,4.25,6.75
2021-03,Obruchevsky,YuZAO,310500,340200,1294,190,43,119,4.25,6.75
2021-04,Obruchevsky,YuZAO,330000,362600,1375,47,19,21,8.5,11.0
2021-05,Obruchevsky,YuZAO,334700,380400,1395,93,73,116,8.5,11.0
2021-06,Obruchevsky,YuZAO,334400,383800,1393,29,33,33,8.5,11.0
2021-07,Obruchevsky,YuZAO,328200,354300,1368,69,78,108,8.5,11.0
2021-08,Obruchevsky,YuZAO,336700,363800,1403,131,29,52,8.5,11.0
2021-09,Obruchevsky,YuZAO,339300,383000,1414,167,43,81,8.5,11.0
2021-10,Obruchevsky,YuZAO,333100,357700,1388,38,39,42,8.5,11.0
2021-11,Obruchevsky,YuZAO,341000,367700,1421,108,34,72,8.5,11.0
2021-12,Obruchevsky,YuZAO,361100,415700,1504,124,27,78,8.5,11.0
2022-01,Obruchevsky,YuZAO,358700,387100,1494,57,20,61,20.0,22.5
2022-02,Obruchevsky,YuZAO,355400,399300,1481,144,23,80,20.0,22.5
2022-03,Obruchevsky,YuZAO,341700,384900,1424,22,22,54,20.0,22.5
2022-04,Obruchevsky,YuZAO,327000,374400,1363,90,38,40,9.5,12.0
2022-05,Obruchevsky,YuZAO,360400,399400,1501,68,11,105,9.5,12.0
2022-06,Obruchevsky,YuZAO,333700,366900,1391,138,74,42,9.5,12.0
2022-07,Obruchevsky,YuZAO,332600,367200,1386,40,49,57,9.5,12.0
2022-08,Obruchevsky,YuZAO,354200,394100,1476,64,70,67,9.5,12.0
2022-09,Obruchevsky,YuZAO,344400,365600,1435,192,61,112,9.5,12.0
2022-10,Obruchevsky,YuZAO,357400,402800,1489,42,55,104,7.5,10.0
2022-11,Obruchevsky,YuZAO,359200,383400,1497,138,64,102,7.5,10.0
2022-12,Obruchevsky,YuZAO,378800,414200,1578,125,63,47,7.5,10.0
2023-01,Obruchevsky,YuZAO,363500,411500,1515,193,75,113,7.5,10.0
2023-02,Obruchevsky,YuZAO,363500,404500,1515,73,53,31,7.5,10.0
2023-03,Obruchevsky,YuZAO,372400,411400,1552,110,18,80,7.5,10.0
2023-04,Obruchevsky,YuZAO,388800,438400,1620,26,11,55,7.5,10.0
2023-05,Obruchevsky,YuZAO,388500,418600,1619,199,75,66,7.5,10.0
2023-06,Obruchevsky,YuZAO,368400,426200,1535,50,25,85,7.5,10.0
2023-07,Obruchevsky,YuZAO,372200,428500,1551,36,44,35,13.0,15.5
2023-08,Obruchevsky,YuZAO,389100,421900,1621,166,48,58,13.0,15.5
2023-09,Obruchevsky,YuZAO,392700,446400,1636,66,45,46,13.0,15.5
2023-10,Obruchevsky,YuZAO,412800,465800,1720,23,46,93,13.0,15.5
2023-11,Obruchevsky,YuZAO,401100,452700,1671,81,48,97,13.0,15.5
2023-12,Obruchevsky,YuZAO,385300,412800,1606,119,46,31,13.0,15.5
2024-01,Obruchevsky,YuZAO,371400,402200,1547,65,43,87,16.0,18.5
2024-02,Obruchevsky,YuZAO,394200,436400,1643,21,79,93,16.0,18.5
2024-03,Obruchevsky,YuZAO,389300,421500,1622,141,38,17,16.0,18.5
2024-04,Obruchevsky,YuZAO,408600,438100,1702,36,33,96,16.0,18.5
2024-05,Obruchevsky,YuZAO,406000,467900,1692,92,14,19,16.0,18.5
2024-06,Obruchevsky,YuZAO,415700,449300,1732,22,28,83,16.0,18.5
2024-07,Obruchevsky,YuZAO,405300,432300,1689,110,35,95,16.0,18.5
2024-08,Obruchevsky,YuZAO,409500,458400,1706,135,21,80,16.0,18.5
2024-09,Obruchevsky,YuZAO,397300,445500,1655,44,28,66,16.0,18.5
2024-10,Obruchevsky,YuZAO,413800,465600,1724,62,48,26,21.0,23.5
2024-11,Obruchevsky,YuZAO,394400,443900,1643,175,6,115,21.0,23.5
2024-12,Obruchevsky,YuZAO,388700,414300,1620,140,52,69,21.0,23.5
2025-01,Obruchevsky,YuZAO,381500,424700,1590,118,10,28,21.0,23.5
2025-02,Obruchevsky,YuZAO,389200,427400,1622,99,28,103,21.0,23.5
2025-03,Obruchevsky,YuZAO,384700,428100,1603,47,64,107,21.0,23.5
2025-04,Obruchevsky,YuZAO,388900,427600,1620,49,22,14,21.0,23.5
2025-05,Obruchevsky,YuZAO,401600,442400,1673,146,70,117,21.0,23.5
2025-06,Obruchevsky,YuZAO,399600,450500,1665,43,74,90,21.0,23.5
2025-07,Obruchevsky,YuZAO,393700,430000,1641,146,37,116,17.0,19.5
2025-08,Obruchevsky,YuZAO,406100,447400,1692,152,12,20,17.0,19.5
2025-09,Obruchevsky,YuZAO,399500,445200,1665,115,63,85,17.0,19.5
2025-10,Obruchevsky,YuZAO,407800,428900,1699,61,24,88,17.0,19.5
2025-11,Obruchevsky,YuZAO,399200,422400,1663,87,15,33,17.0,19.5
2025-12,Obruchevsky,YuZAO,388400,431600,1618,139,67,95,17.0,19.5
2026-01,Obruchevsky,YuZAO,389700,429100,1624,99,7,29,17.0,19.5
2026-02,Obruchevsky,YuZAO,405500,431500,1690,195,32,113,17.0,19.5
2026-03,Obruchevsky,YuZAO,407500,448100,1698,142,63,92,17.0,19.5
2026-04,Obruchevsky,YuZAO,389000,414200,1621,76,18,57,17.0,19.5
2020-01,Severnoye Butovo,YuZAO,212100,224900,884,76,40,85,6.0,8.5
2020-02,Severnoye Butovo,YuZAO,209100,224200,871,74,5,117,6.0,8.5
2020-03,Severnoye Butovo,YuZAO,215600,232400,898,72,16,23,6.0,8.5
2020-04,Severnoye Butovo,YuZAO,223500,256400,931,159,9,23,4.25,6.75
2020-05,Severnoye Butovo,YuZAO,229200,252500,955,126,58,106,4.25,6.75
2020-06,Severnoye Butovo,YuZAO,217900,242700,908,136,5,32,4.25,6.75
2020-07,Severnoye Butovo,YuZAO,221700,247000,924,90,33,65,4.25,6.75
2020-08,Severnoye Butovo,YuZAO,232300,253700,968,59,76,99,4.25,6.75
2020-09,Severnoye Butovo,YuZAO,238700,264400,995,33,27,30,4.25,6.75
2020-10,Severnoye Butovo,YuZAO,237100,250300,988,156,59,67,4.25,6.75
2020-11,Severnoye Butovo,YuZAO,241700,267700,1007,129,78,12,4.25,6.75
2020-12,Severnoye Butovo,YuZAO,243000,272300,1013,128,50,33,4.25,6.75
2021-01,Severnoye Butovo,YuZAO,250800,277300,1045,64,11,54,4.25,6.75
2021-02,Severnoye Butovo,YuZAO,251200,277300,1046,91,66,80,4.25,6.75
2021-03,Severnoye Butovo,YuZAO,250300,275000,1043,193,32,12,4.25,6.75
2021-04,Severnoye Butovo,YuZAO,256700,291000,1070,75,30,59,8.5,11.0
2021-05,Severnoye Butovo,YuZAO,271100,293100,1130,183,73,103,8.5,11.0
2021-06,Severnoye Butovo,YuZAO,255800,278700,1066,187,27,40,8.5,11.0
2021-07,Severnoye Butovo,YuZAO,276700,300300,1153,185,14,57,8.5,11.0
2021-08,Severnoye Butovo,YuZAO,274600,297200,1144,160,6,91,8.5,11.0
2021-09,Severnoye Butovo,YuZAO,287000,321100,1196,47,38,46,8.5,11.0
2021-10,Severnoye Butovo,YuZAO,273900,302600,1141,147,34,62,8.5,11.0
2021-11,Severnoye Butovo,YuZAO,282700,307800,1178,141,25,33,8.5,11.0
2021-12,Severnoye Butovo,YuZAO,297100,331100,1238,174,45,115,8.5,11.0
2022-01,Severnoye Butovo,YuZAO,284400,309300,1185,39,79,107,20.0,22.5
2022-02,Severnoye Butovo,YuZAO,298100,330100,1242,52,44,41,20.0,22.5
2022-03,Severnoye Butovo,YuZAO,287200,305600,1197,166,23,44,20.0,22.5
2022-04,Severnoye Butovo,YuZAO,272800,302600,1137,60,41,74,9.5,12.0
2022-05,Severnoye Butovo,YuZAO,280100,307200,1167,60,43,59,9.5,12.0
2022-06,Severnoye Butovo,YuZAO,282300,321700,1176,148,45,103,9.5,12.0
2022-07,Severnoye Butovo,YuZAO,287900,306900,1200,67,26,35,9.5,12.0
2022-08,Severnoye Butovo,YuZAO,290700,313100,1211,122,53,28,9.5,12.0
2022-09,Severnoye Butovo,YuZAO,294400,344400,1227,164,22,25,9.5,12.0
2022-10,Severnoye Butovo,YuZAO,284600,302900,1186,34,68,67,7.5,10.0
2022-11,Severnoye Butovo,YuZAO,295700,323100,1232,127,6,74,7.5,10.0
2022-12,Severnoye Butovo,YuZAO,306600,334700,1277,129,75,22,7.5,10.0
2023-01,Severnoye Butovo,YuZAO,302300,334500,1259,152,59,92,7.5,10.0
2023-02,Severnoye Butovo,YuZAO,304600,324500,1269,197,56,82,7.5,10.0
2023-03,Severnoye Butovo,YuZAO,311200,342400,1296,76,78,92,7.5,10.0
2023-04,Severnoye Butovo,YuZAO,304500,335400,1269,33,53,90,7.5,10.0
2023-05,Severnoye Butovo,YuZAO,318500,364600,1327,165,29,105,7.5,10.0
2023-06,Severnoye Butovo,YuZAO,322600,364700,1344,85,10,18,7.5,10.0
2023-07,Severnoye Butovo,YuZAO,313800,336900,1308,57,43,63,13.0,15.5
2023-08,Severnoye Butovo,YuZAO,311400,339900,1298,192,62,16,13.0,15.5
2023-09,Severnoye Butovo,YuZAO,322300,369100,1343,143,73,20,13.0,15.5
2023-10,Severnoye Butovo,YuZAO,313500,333800,1306,141,66,44,13.0,15.5
2023-11,Severnoye Butovo,YuZAO,329200,372300,1372,122,13,115,13.0,15.5
2023-12,Severnoye Butovo,YuZAO,324800,367000,1353,162,65,108,13.0,15.5
2024-01,Severnoye Butovo,YuZAO,331200,365500,1380,145,44,102,16.0,18.5
2024-02,Severnoye Butovo,YuZAO,335200,361900,1397,51,5,101,16.0,18.5
2024-03,Severnoye Butovo,YuZAO,326400,363100,1360,57,31,46,16.0,18.5
2024-04,Severnoye Butovo,YuZAO,313900,339700,1308,59,54,16,16.0,18.5
2024-05,Severnoye Butovo,YuZAO,325800,367800,1358,41,57,79,16.0,18.5
2024-06,Severnoye Butovo,YuZAO,324000,354600,1350,145,5,28,16.0,18.5
2024-07,Severnoye Butovo,YuZAO,330200,347900,1376,113,30,68,16.0,18.5
2024-08,Severnoye Butovo,YuZAO,311500,341900,1298,81,58,103,16.0,18.5
2024-09,Severnoye Butovo,YuZAO,335700,379100,1399,137,62,103,16.0,18.5
2024-10,Severnoye Butovo,YuZAO,324400,362100,1352,101,42,55,21.0,23.5
2024-11,Severnoye Butovo,YuZAO,315700,352600,1315,44,76,47,21.0,23.5
2024-12,Severnoye Butovo,YuZAO,311800,328900,1299,143,30,77,21.0,23.5
2025-01,Severnoye Butovo,YuZAO,318500,356800,1327,115,79,34,21.0,23.5
2025-02,Severnoye Butovo,YuZAO,321300,356200,1339,75,18,106,21.0,23.5
2025-03,Severnoye Butovo,YuZAO,317300,334300,1322,178,24,110,21.0,23.5
2025-04,Severnoye Butovo,YuZAO,306400,336800,1277,160,39,87,21.0,23.5
2025-05,Severnoye Butovo,YuZAO,332500,371400,1385,48,51,82,21.0,23.5
2025-06,Severnoye Butovo,YuZAO,319200,343500,1330,62,74,108,21.0,23.5
2025-07,Severnoye Butovo,YuZAO,325100,357800,1355,128,71,23,17.0,19.5
2025-08,Severnoye Butovo,YuZAO,320900,361400,1337,39,77,78,17.0,19.5
2025-09,Severnoye Butovo,YuZAO,322500,353300,1344,89,31,97,17.0,19.5
2025-10,Severnoye Butovo,YuZAO,337000,358700,1404,30,34,106,17.0,19.5
2025-11,Severnoye Butovo,YuZAO,314200,349100,1309,55,66,50,17.0,19.5
2025-12,Severnoye Butovo,YuZAO,316600,344000,1319,131,40,52,17.0,19.5
2026-01,Severnoye Butovo,YuZAO,325500,367100,1356,38,37,115,17.0,19.5
2026-02,Severnoye Butovo,YuZAO,316700,347900,1319,61,55,84,17.0,19.5
2026-03,Severnoye Butovo,YuZAO,324400,354800,1351,196,27,35,17.0,19.5
2026-04,Severnoye Butovo,YuZAO,329100,361400,1371,94,43,34,17.0,19.5
2020-01,Tyoply Stan,YuZAO,211000,237400,879,166,69,101,6.0,8.5
2020-02,Tyoply Stan,YuZAO,221900,239900,925,181,48,106,6.0,8.5
2020-03,Tyoply Stan,YuZAO,219800,242200,916,104,30,25,6.0,8.5
2020-04,Tyoply Stan,YuZAO,225000,254400,938,183,77,87,4.25,6.75
2020-05,Tyoply Stan,YuZAO,240300,266000,1001,22,35,24,4.25,6.75
2020-06,Tyoply Stan,YuZAO,240800,252600,1003,79,40,31,4.25,6.75
2020-07,Tyoply Stan,YuZAO,233000,262700,971,103,43,56,4.25,6.75
2020-08,Tyoply Stan,YuZAO,240000,265600,1000,130,21,43,4.25,6.75
2020-09,Tyoply Stan,YuZAO,250800,266100,1045,47,6,112,4.25,6.75
2020-10,Tyoply Stan,YuZAO,257900,289600,1075,54,17,24,4.25,6.75
2020-11,Tyoply Stan,YuZAO,254100,274400,1059,113,41,91,4.25,6.75
2020-12,Tyoply Stan,YuZAO,242600,265900,1011,62,26,38,4.25,6.75
2021-01,Tyoply Stan,YuZAO,261800,300200,1091,120,59,87,4.25,6.75
2021-02,Tyoply Stan,YuZAO,270200,299200,1126,166,10,77,4.25,6.75
2021-03,Tyoply Stan,YuZAO,258500,286900,1077,168,67,11,4.25,6.75
2021-04,Tyoply Stan,YuZAO,265000,299900,1104,197,56,39,8.5,11.0
2021-05,Tyoply Stan,YuZAO,275100,319400,1146,84,34,108,8.5,11.0
2021-06,Tyoply Stan,YuZAO,273400,300000,1139,179,13,10,8.5,11.0
2021-07,Tyoply Stan,YuZAO,271400,291700,1131,69,56,37,8.5,11.0
2021-08,Tyoply Stan,YuZAO,282600,320300,1178,154,77,119,8.5,11.0
2021-09,Tyoply Stan,YuZAO,294300,329800,1226,186,67,65,8.5,11.0
2021-10,Tyoply Stan,YuZAO,296500,326200,1235,45,54,109,8.5,11.0
2021-11,Tyoply Stan,YuZAO,294300,316500,1226,47,72,93,8.5,11.0
2021-12,Tyoply Stan,YuZAO,304300,334800,1268,43,64,114,8.5,11.0
2022-01,Tyoply Stan,YuZAO,298500,335600,1244,134,30,114,20.0,22.5
2022-02,Tyoply Stan,YuZAO,295500,329700,1231,152,63,97,20.0,22.5
2022-03,Tyoply Stan,YuZAO,295400,326700,1231,114,60,100,20.0,22.5
2022-04,Tyoply Stan,YuZAO,277200,300000,1155,35,42,43,9.5,12.0
2022-05,Tyoply Stan,YuZAO,284900,311400,1187,187,64,31,9.5,12.0
2022-06,Tyoply Stan,YuZAO,282200,298800,1176,107,43,37,9.5,12.0
2022-07,Tyoply Stan,YuZAO,293000,311000,1221,187,40,33,9.5,12.0
2022-08,Tyoply Stan,YuZAO,300700,329100,1253,142,19,45,9.5,12.0
2022-09,Tyoply Stan,YuZAO,299500,333800,1248,87,19,67,9.5,12.0
2022-10,Tyoply Stan,YuZAO,313200,341300,1305,153,6,11,7.5,10.0
2022-11,Tyoply Stan,YuZAO,297200,331200,1238,144,26,42,7.5,10.0
2022-12,Tyoply Stan,YuZAO,306800,337800,1278,117,46,53,7.5,10.0
2023-01,Tyoply Stan,YuZAO,314100,338000,1309,147,19,95,7.5,10.0
2023-02,Tyoply Stan,YuZAO,312000,351800,1300,128,25,96,7.5,10.0
2023-03,Tyoply Stan,YuZAO,306900,332800,1279,199,25,73,7.5,10.0
2023-04,Tyoply Stan,YuZAO,322800,369400,1345,154,77,33,7.5,10.0
2023-05,Tyoply Stan,YuZAO,315500,348900,1315,69,12,13,7.5,10.0
2023-06,Tyoply Stan,YuZAO,328400,354400,1368,30,38,77,7.5,10.0
2023-07,Tyoply Stan,YuZAO,333800,372000,1391,98,63,105,13.0,15.5
2023-08,Tyoply Stan,YuZAO,337200,360800,1405,63,29,112,13.0,15.5
2023-09,Tyoply Stan,YuZAO,326200,368400,1359,137,78,17,13.0,15.5
2023-10,Tyoply Stan,YuZAO,337300,365400,1405,29,71,45,13.0,15.5
2023-11,Tyoply Stan,YuZAO,333200,355100,1388,133,39,61,13.0,15.5
2023-12,Tyoply Stan,YuZAO,329800,362400,1374,162,46,69,13.0,15.5
2024-01,Tyoply Stan,YuZAO,340900,385000,1420,139,43,74,16.0,18.5
2024-02,Tyoply Stan,YuZAO,336000,396000,1400,68,67,80,16.0,18.5
2024-03,Tyoply Stan,YuZAO,323100,351400,1346,123,65,42,16.0,18.5
2024-04,Tyoply Stan,YuZAO,337100,361300,1404,64,35,111,16.0,18.5
2024-05,Tyoply Stan,YuZAO,370000,401500,1542,96,55,61,16.0,18.5
2024-06,Tyoply Stan,YuZAO,333200,378000,1388,105,52,115,16.0,18.5
2024-07,Tyoply Stan,YuZAO,347200,381800,1447,41,25,77,16.0,18.5
2024-08,Tyoply Stan,YuZAO,329300,360600,1372,146,31,60,16.0,18.5
2024-09,Tyoply Stan,YuZAO,329200,357500,1372,59,23,26,16.0,18.5
2024-10,Tyoply Stan,YuZAO,342300,375000,1426,96,37,11,21.0,23.5
2024-11,Tyoply Stan,YuZAO,342700,385100,1428,70,9,84,21.0,23.5
2024-12,Tyoply Stan,YuZAO,325700,348200,1357,81,56,105,21.0,23.5
2025-01,Tyoply Stan,YuZAO,322700,355200,1345,133,54,14,21.0,23.5
2025-02,Tyoply Stan,YuZAO,324400,363100,1352,23,52,85,21.0,23.5
2025-03,Tyoply Stan,YuZAO,324000,347500,1350,35,52,24,21.0,23.5
2025-04,Tyoply Stan,YuZAO,324600,356100,1353,101,10,79,21.0,23.5
2025-05,Tyoply Stan,YuZAO,320200,349900,1334,93,21,106,21.0,23.5
2025-06,Tyoply Stan,YuZAO,337800,385200,1407,36,32,97,21.0,23.5
2025-07,Tyoply Stan,YuZAO,338200,359600,1409,44,20,65,17.0,19.5
2025-08,Tyoply Stan,YuZAO,333700,368400,1390,136,7,65,17.0,19.5
2025-09,Tyoply Stan,YuZAO,345800,379000,1441,48,73,116,17.0,19.5
2025-10,Tyoply Stan,YuZAO,333600,381600,1390,93,62,11,17.0,19.5
2025-11,Tyoply Stan,YuZAO,337800,369100,1407,115,23,42,17.0,19.5
2025-12,Tyoply Stan,YuZAO,333800,382700,1391,174,69,67,17.0,19.5
2026-01,Tyoply Stan,YuZAO,335600,360100,1398,160,75,81,17.0,19.5
2026-02,Tyoply Stan,YuZAO,340600,376500,1419,145,26,33,17.0,19.5
2026-03,Tyoply Stan,YuZAO,351400,403200,1464,134,57,11,17.0,19.5
2026-04,Tyoply Stan,YuZAO,337000,358300,1404,68,11,72,17.0,19.5
2020-01,Cheryomushki,YuZAO,254300,281700,1059,96,6,33,6.0,8.5
2020-02,Cheryomushki,YuZAO,262300,290500,1093,182,73,55,6.0,8.5
2020-03,Cheryomushki,YuZAO,258800,281800,1078,33,54,34,6.0,8.5
2020-04,Cheryomushki,YuZAO,272900,296000,1137,126,28,56,4.25,6.75
2020-05,Cheryomushki,YuZAO,273400,299100,1139,165,29,38,4.25,6.75
2020-06,Cheryomushki,YuZAO,287300,325000,1197,193,37,71,4.25,6.75
2020-07,Cheryomushki,YuZAO,271900,297600,1133,69,66,94,4.25,6.75
2020-08,Cheryomushki,YuZAO,285700,308000,1190,131,10,30,4.25,6.75
2020-09,Cheryomushki,YuZAO,292100,319300,1217,152,37,49,4.25,6.75
2020-10,Cheryomushki,YuZAO,271000,292500,1129,23,12,69,4.25,6.75
2020-11,Cheryomushki,YuZAO,288600,320500,1202,51,69,92,4.25,6.75
2020-12,Cheryomushki,YuZAO,293200,324200,1221,74,18,47,4.25,6.75
2021-01,Cheryomushki,YuZAO,307600,345300,1282,190,44,50,4.25,6.75
2021-02,Cheryomushki,YuZAO,317500,348100,1323,125,29,54,4.25,6.75
2021-03,Cheryomushki,YuZAO,319300,344700,1331,119,64,28,4.25,6.75
2021-04,Cheryomushki,YuZAO,313500,357500,1306,112,57,106,8.5,11.0
2021-05,Cheryomushki,YuZAO,327000,350000,1362,175,20,83,8.5,11.0
2021-06,Cheryomushki,YuZAO,339800,377300,1416,57,38,84,8.5,11.0
2021-07,Cheryomushki,YuZAO,322500,357700,1344,129,49,41,8.5,11.0
2021-08,Cheryomushki,YuZAO,339200,372400,1413,70,28,33,8.5,11.0
2021-09,Cheryomushki,YuZAO,341600,384600,1423,25,22,48,8.5,11.0
2021-10,Cheryomushki,YuZAO,348900,389500,1454,51,17,32,8.5,11.0
2021-11,Cheryomushki,YuZAO,341700,372700,1424,90,24,35,8.5,11.0
2021-12,Cheryomushki,YuZAO,352800,380400,1470,191,43,46,8.5,11.0
2022-01,Cheryomushki,YuZAO,347200,393600,1447,67,68,27,20.0,22.5
2022-02,Cheryomushki,YuZAO,358800,409300,1495,76,31,91,20.0,22.5
2022-03,Cheryomushki,YuZAO,357800,388900,1491,198,68,17,20.0,22.5
2022-04,Cheryomushki,YuZAO,345400,382600,1439,63,39,102,9.5,12.0
2022-05,Cheryomushki,YuZAO,342000,376300,1425,26,50,44,9.5,12.0
2022-06,Cheryomushki,YuZAO,351200,391900,1464,131,77,80,9.5,12.0
2022-07,Cheryomushki,YuZAO,339800,378200,1416,181,8,118,9.5,12.0
2022-08,Cheryomushki,YuZAO,357600,382300,1490,162,10,102,9.5,12.0
2022-09,Cheryomushki,YuZAO,358300,384900,1493,60,57,115,9.5,12.0
2022-10,Cheryomushki,YuZAO,366400,390500,1527,46,75,87,7.5,10.0
2022-11,Cheryomushki,YuZAO,355500,391100,1481,34,57,58,7.5,10.0
2022-12,Cheryomushki,YuZAO,359500,395800,1498,48,31,47,7.5,10.0
2023-01,Cheryomushki,YuZAO,363200,387300,1513,70,13,90,7.5,10.0
2023-02,Cheryomushki,YuZAO,385400,392900,1606,22,41,114,7.5,10.0
2023-03,Cheryomushki,YuZAO,383400,423800,1598,35,25,77,7.5,10.0
2023-04,Cheryomushki,YuZAO,373300,431200,1555,99,13,82,7.5,10.0
2023-05,Cheryomushki,YuZAO,377100,402200,1571,51,51,17,7.5,10.0
2023-06,Cheryomushki,YuZAO,372800,399200,1553,163,38,22,7.5,10.0
2023-07,Cheryomushki,YuZAO,395200,448500,1647,150,19,50,13.0,15.5
2023-08,Cheryomushki,YuZAO,367800,410300,1533,86,66,50,13.0,15.5
2023-09,Cheryomushki,YuZAO,393900,431200,1641,150,35,77,13.0,15.5
2023-10,Cheryomushki,YuZAO,391300,435300,1630,52,66,86,13.0,15.5
2023-11,Cheryomushki,YuZAO,384900,419500,1604,65,76,78,13.0,15.5
2023-12,Cheryomushki,YuZAO,391900,424500,1633,155,25,49,13.0,15.5
2024-01,Cheryomushki,YuZAO,400300,442000,1668,69,70,63,16.0,18.5
2024-02,Cheryomushki,YuZAO,408400,460600,1702,184,5,17,16.0,18.5
2024-03,Cheryomushki,YuZAO,389300,434700,1622,60,75,79,16.0,18.5
2024-04,Cheryomushki,YuZAO,391600,439200,1632,117,53,16,16.0,18.5
2024-05,Cheryomushki,YuZAO,413400,459600,1722,26,8,73,16.0,18.5
2024-06,Cheryomushki,YuZAO,413400,454400,1723,94,58,18,16.0,18.5
2024-07,Cheryomushki,YuZAO,402200,444500,1676,57,44,102,16.0,18.5
2024-08,Cheryomushki,YuZAO,395400,430500,1648,62,21,35,16.0,18.5
2024-09,Cheryomushki,YuZAO,397000,442900,1654,182,15,101,16.0,18.5
2024-10,Cheryomushki,YuZAO,393000,428000,1638,145,58,38,21.0,23.5
2024-11,Cheryomushki,YuZAO,409700,442500,1707,100,45,47,21.0,23.5
2024-12,Cheryomushki,YuZAO,398800,432400,1661,113,52,78,21.0,23.5
2025-01,Cheryomushki,YuZAO,386500,414400,1610,98,51,86,21.0,23.5
2025-02,Cheryomushki,YuZAO,382400,434700,1594,97,66,42,21.0,23.5
2025-03,Cheryomushki,YuZAO,385700,430900,1607,30,21,52,21.0,23.5
2025-04,Cheryomushki,YuZAO,385000,423700,1604,34,59,27,21.0,23.5
2025-05,Cheryomushki,YuZAO,395200,429100,1647,125,29,68,21.0,23.5
2025-06,Cheryomushki,YuZAO,385900,423400,1608,99,36,46,21.0,23.5
2025-07,Cheryomushki,YuZAO,392600,424700,1636,26,50,55,17.0,19.5
2025-08,Cheryomushki,YuZAO,412700,475800,1720,63,51,13,17.0,19.5
2025-09,Cheryomushki,YuZAO,397900,439100,1658,190,62,117,17.0,19.5
2025-10,Cheryomushki,YuZAO,415100,447500,1730,71,50,32,17.0,19.5
2025-11,Cheryomushki,YuZAO,376700,424500,1569,112,22,83,17.0,19.5
2025-12,Cheryomushki,YuZAO,387800,427400,1616,156,16,59,17.0,19.5
2026-01,Cheryomushki,YuZAO,382700,431300,1595,150,27,24,17.0,19.5
2026-02,Cheryomushki,YuZAO,387200,433100,1613,45,79,28,17.0,19.5
2026-03,Cheryomushki,YuZAO,394900,439000,1645,130,36,84,17.0,19.5
2026-04,Cheryomushki,YuZAO,395200,445000,1647,25,28,97,17.0,19.5
2020-01,Yuzhnoye Butovo,YuZAO,198200,216300,826,111,9,89,6.0,8.5
2020-02,Yuzhnoye Butovo,YuZAO,198900,225900,829,180,53,77,6.0,8.5
2020-03,Yuzhnoye Butovo,YuZAO,201500,225100,840,109,64,23,6.0,8.5
2020-04,Yuzhnoye Butovo,YuZAO,210300,231600,876,71,11,64,4.25,6.75
2020-05,Yuzhnoye Butovo,YuZAO,214300,232100,893,139,74,104,4.25,6.75
2020-06,Yuzhnoye Butovo,YuZAO,207600,222300,865,179,34,99,4.25,6.75
2020-07,Yuzhnoye Butovo,YuZAO,211300,223300,880,145,34,71,4.25,6.75
2020-08,Yuzhnoye Butovo,YuZAO,206700,236200,861,92,15,87,4.25,6.75
2020-09,Yuzhnoye Butovo,YuZAO,208900,225600,870,88,63,113,4.25,6.75
2020-10,Yuzhnoye Butovo,YuZAO,220300,241300,918,126,64,68,4.25,6.75
2020-11,Yuzhnoye Butovo,YuZAO,221600,246200,923,53,75,44,4.25,6.75
2020-12,Yuzhnoye Butovo,YuZAO,224700,241300,936,27,60,67,4.25,6.75
2021-01,Yuzhnoye Butovo,YuZAO,232300,255700,968,151,17,66,4.25,6.75
2021-02,Yuzhnoye Butovo,YuZAO,232900,256000,970,70,31,68,4.25,6.75
2021-03,Yuzhnoye Butovo,YuZAO,245700,275300,1024,142,29,55,4.25,6.75
2021-04,Yuzhnoye Butovo,YuZAO,245400,281900,1022,35,58,49,8.5,11.0
2021-05,Yuzhnoye Butovo,YuZAO,245200,276200,1022,170,77,39,8.5,11.0
2021-06,Yuzhnoye Butovo,YuZAO,244400,278100,1018,44,11,79,8.5,11.0
2021-07,Yuzhnoye Butovo,YuZAO,258700,281900,1078,158,5,36,8.5,11.0
2021-08,Yuzhnoye Butovo,YuZAO,259300,291100,1080,104,44,87,8.5,11.0
2021-09,Yuzhnoye Butovo,YuZAO,262600,289200,1094,20,54,23,8.5,11.0
2021-10,Yuzhnoye Butovo,YuZAO,276900,311200,1154,110,45,67,8.5,11.0
2021-11,Yuzhnoye Butovo,YuZAO,260200,291500,1084,169,46,23,8.5,11.0
2021-12,Yuzhnoye Butovo,YuZAO,267000,284200,1112,37,14,110,8.5,11.0
2022-01,Yuzhnoye Butovo,YuZAO,272100,304900,1134,100,61,63,20.0,22.5
2022-02,Yuzhnoye Butovo,YuZAO,276100,304500,1151,196,23,11,20.0,22.5
2022-03,Yuzhnoye Butovo,YuZAO,266700,301600,1111,87,67,67,20.0,22.5
2022-04,Yuzhnoye Butovo,YuZAO,261600,272900,1090,162,51,101,9.5,12.0
2022-05,Yuzhnoye Butovo,YuZAO,255500,286400,1065,76,43,79,9.5,12.0
2022-06,Yuzhnoye Butovo,YuZAO,264300,281200,1101,140,42,34,9.5,12.0
2022-07,Yuzhnoye Butovo,YuZAO,274300,314600,1143,198,9,72,9.5,12.0
2022-08,Yuzhnoye Butovo,YuZAO,270500,296800,1127,138,8,20,9.5,12.0
2022-09,Yuzhnoye Butovo,YuZAO,278100,309200,1159,67,79,80,9.5,12.0
2022-10,Yuzhnoye Butovo,YuZAO,262200,298500,1093,196,39,49,7.5,10.0
2022-11,Yuzhnoye Butovo,YuZAO,283700,311900,1182,76,39,117,7.5,10.0
2022-12,Yuzhnoye Butovo,YuZAO,275000,286100,1146,97,71,84,7.5,10.0
2023-01,Yuzhnoye Butovo,YuZAO,265300,298400,1105,156,11,42,7.5,10.0
2023-02,Yuzhnoye Butovo,YuZAO,285300,310300,1189,139,18,100,7.5,10.0
2023-03,Yuzhnoye Butovo,YuZAO,284900,325700,1187,49,48,96,7.5,10.0
2023-04,Yuzhnoye Butovo,YuZAO,284600,325300,1186,166,68,94,7.5,10.0
2023-05,Yuzhnoye Butovo,YuZAO,285900,310200,1191,26,53,25,7.5,10.0
2023-06,Yuzhnoye Butovo,YuZAO,301700,326500,1257,153,48,118,7.5,10.0
2023-07,Yuzhnoye Butovo,YuZAO,302400,331400,1260,59,23,46,13.0,15.5
2023-08,Yuzhnoye Butovo,YuZAO,305300,326600,1272,102,22,83,13.0,15.5
2023-09,Yuzhnoye Butovo,YuZAO,298700,319400,1244,76,32,51,13.0,15.5
2023-10,Yuzhnoye Butovo,YuZAO,301300,334200,1256,31,54,94,13.0,15.5
2023-11,Yuzhnoye Butovo,YuZAO,312600,339900,1303,33,66,117,13.0,15.5
2023-12,Yuzhnoye Butovo,YuZAO,300800,341200,1254,112,33,91,13.0,15.5
2024-01,Yuzhnoye Butovo,YuZAO,299200,319800,1247,110,78,43,16.0,18.5
2024-02,Yuzhnoye Butovo,YuZAO,306600,335500,1278,79,43,113,16.0,18.5
2024-03,Yuzhnoye Butovo,YuZAO,298500,308400,1244,37,71,107,16.0,18.5
2024-04,Yuzhnoye Butovo,YuZAO,306000,331300,1275,53,44,10,16.0,18.5
2024-05,Yuzhnoye Butovo,YuZAO,305200,337700,1272,64,44,14,16.0,18.5
2024-06,Yuzhnoye Butovo,YuZAO,298300,321400,1243,159,70,89,16.0,18.5
2024-07,Yuzhnoye Butovo,YuZAO,310000,346400,1292,86,41,64,16.0,18.5
2024-08,Yuzhnoye Butovo,YuZAO,318700,352000,1328,104,46,114,16.0,18.5
2024-09,Yuzhnoye Butovo,YuZAO,310200,341000,1292,117,18,11,16.0,18.5
2024-10,Yuzhnoye Butovo,YuZAO,299800,334400,1249,173,22,109,21.0,23.5
2024-11,Yuzhnoye Butovo,YuZAO,306700,336200,1278,27,48,39,21.0,23.5
2024-12,Yuzhnoye Butovo,YuZAO,296700,319500,1236,49,44,109,21.0,23.5
2025-01,Yuzhnoye Butovo,YuZAO,287000,322800,1196,23,9,33,21.0,23.5
2025-02,Yuzhnoye Butovo,YuZAO,305900,330900,1274,97,63,81,21.0,23.5
2025-03,Yuzhnoye Butovo,YuZAO,298600,320200,1244,170,20,56,21.0,23.5
2025-04,Yuzhnoye Butovo,YuZAO,318300,359200,1326,199,15,43,21.0,23.5
2025-05,Yuzhnoye Butovo,YuZAO,295000,338100,1229,31,48,18,21.0,23.5
2025-06,Yuzhnoye Butovo,YuZAO,296100,312200,1234,45,59,40,21.0,23.5
2025-07,Yuzhnoye Butovo,YuZAO,296400,330300,1235,144,78,34,17.0,19.5
2025-08,Yuzhnoye Butovo,YuZAO,314500,356200,1311,161,14,105,17.0,19.5
2025-09,Yuzhnoye Butovo,YuZAO,308800,344400,1287,186,60,49,17.0,19.5
2025-10,Yuzhnoye Butovo,YuZAO,286700,317200,1195,78,8,10,17.0,19.5
2025-11,Yuzhnoye Butovo,YuZAO,304300,348400,1268,96,35,70,17.0,19.5
2025-12,Yuzhnoye Butovo,YuZAO,296400,317500,1235,176,43,51,17.0,19.5
2026-01,Yuzhnoye Butovo,YuZAO,297100,327000,1238,56,49,89,17.0,19.5
2026-02,Yuzhnoye Butovo,YuZAO,298400,313300,1243,119,12,79,17.0,19.5
2026-03,Yuzhnoye Butovo,YuZAO,293200,330600,1222,83,18,41,17.0,19.5
2026-04,Yuzhnoye Butovo,YuZAO,313900,348700,1308,126,49,33,17.0,19.5
2020-01,Yasenevo,YuZAO,236100,259400,984,180,65,82,6.0,8.5
2020-02,Yasenevo,YuZAO,242100,254300,1009,183,21,82,6.0,8.5
2020-03,Yasenevo,YuZAO,249300,276400,1039,164,24,48,6.0,8.5
2020-04,Yasenevo,YuZAO,252800,274900,1053,44,21,80,4.25,6.75
2020-05,Yasenevo,YuZAO,248500,279100,1036,49,78,61,4.25,6.75
2020-06,Yasenevo,YuZAO,247600,270300,1032,186,49,41,4.25,6.75
2020-07,Yasenevo,YuZAO,265600,298400,1106,50,57,51,4.25,6.75
2020-08,Yasenevo,YuZAO,267300,290200,1114,56,16,71,4.25,6.75
2020-09,Yasenevo,YuZAO,265000,291500,1104,31,67,28,4.25,6.75
2020-10,Yasenevo,YuZAO,273800,300200,1141,109,19,66,4.25,6.75
2020-11,Yasenevo,YuZAO,264100,283100,1100,93,51,107,4.25,6.75
2020-12,Yasenevo,YuZAO,270800,295600,1128,64,72,81,4.25,6.75
2021-01,Yasenevo,YuZAO,270600,298500,1128,89,43,55,4.25,6.75
2021-02,Yasenevo,YuZAO,293000,328800,1221,27,7,108,4.25,6.75
2021-03,Yasenevo,YuZAO,297800,327200,1241,119,12,49,4.25,6.75
2021-04,Yasenevo,YuZAO,300700,313700,1253,116,13,79,8.5,11.0
2021-05,Yasenevo,YuZAO,303400,340800,1264,72,52,66,8.5,11.0
2021-06,Yasenevo,YuZAO,295500,325000,1231,129,34,89,8.5,11.0
2021-07,Yasenevo,YuZAO,296600,330400,1236,43,39,54,8.5,11.0
2021-08,Yasenevo,YuZAO,307100,348100,1280,28,75,66,8.5,11.0
2021-09,Yasenevo,YuZAO,311800,356400,1299,161,46,96,8.5,11.0
2021-10,Yasenevo,YuZAO,324900,354300,1354,138,62,22,8.5,11.0
2021-11,Yasenevo,YuZAO,321000,339500,1337,55,76,20,8.5,11.0
2021-12,Yasenevo,YuZAO,325600,354600,1357,101,17,118,8.5,11.0
2022-01,Yasenevo,YuZAO,325600,354300,1357,185,20,112,20.0,22.5
2022-02,Yasenevo,YuZAO,317500,347600,1323,44,52,116,20.0,22.5
2022-03,Yasenevo,YuZAO,303900,336300,1266,44,68,36,20.0,22.5
2022-04,Yasenevo,YuZAO,301700,341600,1257,116,64,14,9.5,12.0
2022-05,Yasenevo,YuZAO,325000,369700,1354,134,46,58,9.5,12.0
2022-06,Yasenevo,YuZAO,324800,360700,1353,83,42,101,9.5,12.0
2022-07,Yasenevo,YuZAO,319200,356500,1330,139,30,46,9.5,12.0
2022-08,Yasenevo,YuZAO,336300,356000,1401,117,61,95,9.5,12.0
2022-09,Yasenevo,YuZAO,319400,342500,1331,175,36,42,9.5,12.0
2022-10,Yasenevo,YuZAO,339900,354100,1416,53,70,56,7.5,10.0
2022-11,Yasenevo,YuZAO,337200,375000,1405,36,56,100,7.5,10.0
2022-12,Yasenevo,YuZAO,318600,342000,1327,188,50,76,7.5,10.0
2023-01,Yasenevo,YuZAO,340400,366300,1418,142,76,52,7.5,10.0
2023-02,Yasenevo,YuZAO,330100,361400,1376,36,18,57,7.5,10.0
2023-03,Yasenevo,YuZAO,350600,388100,1461,178,72,82,7.5,10.0
2023-04,Yasenevo,YuZAO,345300,397100,1439,115,35,35,7.5,10.0
2023-05,Yasenevo,YuZAO,353800,388600,1474,80,20,44,7.5,10.0
2023-06,Yasenevo,YuZAO,351300,389100,1464,46,76,114,7.5,10.0
2023-07,Yasenevo,YuZAO,364000,404400,1516,118,11,101,13.0,15.5
2023-08,Yasenevo,YuZAO,361300,376900,1506,20,25,76,13.0,15.5
2023-09,Yasenevo,YuZAO,359600,394800,1498,148,27,104,13.0,15.5
2023-10,Yasenevo,YuZAO,369200,408400,1539,150,37,62,13.0,15.5
2023-11,Yasenevo,YuZAO,376800,408400,1570,58,57,89,13.0,15.5
2023-12,Yasenevo,YuZAO,375700,404600,1565,103,63,95,13.0,15.5
2024-01,Yasenevo,YuZAO,349000,388600,1454,170,50,14,16.0,18.5
2024-02,Yasenevo,YuZAO,347600,391100,1448,58,48,30,16.0,18.5
2024-03,Yasenevo,YuZAO,366300,379900,1526,158,63,37,16.0,18.5
2024-04,Yasenevo,YuZAO,376900,419500,1570,52,19,61,16.0,18.5
2024-05,Yasenevo,YuZAO,359300,390600,1497,159,42,72,16.0,18.5
2024-06,Yasenevo,YuZAO,376900,419600,1570,167,20,37,16.0,18.5
2024-07,Yasenevo,YuZAO,376700,425700,1570,164,68,78,16.0,18.5
2024-08,Yasenevo,YuZAO,379900,411000,1583,84,76,67,16.0,18.5
2024-09,Yasenevo,YuZAO,364500,395800,1519,38,40,98,16.0,18.5
2024-10,Yasenevo,YuZAO,356200,406100,1484,187,65,74,21.0,23.5
2024-11,Yasenevo,YuZAO,361800,395400,1507,39,24,19,21.0,23.5
2024-12,Yasenevo,YuZAO,350800,374900,1461,26,6,56,21.0,23.5
2025-01,Yasenevo,YuZAO,359000,407200,1496,38,58,41,21.0,23.5
2025-02,Yasenevo,YuZAO,361300,405700,1506,83,5,106,21.0,23.5
2025-03,Yasenevo,YuZAO,360700,372200,1503,42,17,48,21.0,23.5
2025-04,Yasenevo,YuZAO,353600,393300,1473,27,45,79,21.0,23.5
2025-05,Yasenevo,YuZAO,352900,381600,1470,144,57,25,21.0,23.5
2025-06,Yasenevo,YuZAO,374200,411000,1559,196,48,21,21.0,23.5
2025-07,Yasenevo,YuZAO,372700,409000,1553,115,45,92,17.0,19.5
2025-08,Yasenevo,YuZAO,364600,400500,1519,122,70,106,17.0,19.5
2025-09,Yasenevo,YuZAO,355200,389300,1480,145,22,62,17.0,19.5
2025-10,Yasenevo,YuZAO,363500,398200,1515,164,53,62,17.0,19.5
2025-11,Yasenevo,YuZAO,365300,401800,1522,53,45,28,17.0,19.5
2025-12,Yasenevo,YuZAO,388600,426900,1619,110,19,81,17.0,19.5
2026-01,Yasenevo,YuZAO,376600,425300,1569,56,61,101,17.0,19.5
2026-02,Yasenevo,YuZAO,375200,420000,1563,60,52,69,17.0,19.5
2026-03,Yasenevo,YuZAO,360900,376100,1504,191,17,78,17.0,19.5
2026-04,Yasenevo,YuZAO,352500,401500,1469,156,69,55,17.0,19.5
2020-01,Vnukovo,ZAO,195400,206700,814,174,31,15,6.0,8.5
2020-02,Vnukovo,ZAO,195400,207800,814,116,33,39,6.0,8.5
2020-03,Vnukovo,ZAO,190200,199300,792,132,77,93,6.0,8.5
2020-04,Vnukovo,ZAO,197600,221400,823,45,79,113,4.25,6.75
2020-05,Vnukovo,ZAO,203400,229700,847,56,6,29,4.25,6.75
2020-06,Vnukovo,ZAO,205800,219400,858,108,75,50,4.25,6.75
2020-07,Vnukovo,ZAO,204200,226900,851,195,26,19,4.25,6.75
2020-08,Vnukovo,ZAO,202800,214900,845,111,36,21,4.25,6.75
2020-09,Vnukovo,ZAO,208100,231400,867,165,66,12,4.25,6.75
2020-10,Vnukovo,ZAO,219900,241700,916,137,46,89,4.25,6.75
2020-11,Vnukovo,ZAO,215400,237300,897,183,58,44,4.25,6.75
2020-12,Vnukovo,ZAO,225100,248300,938,139,53,104,4.25,6.75
2021-01,Vnukovo,ZAO,216300,238600,901,69,42,119,4.25,6.75
2021-02,Vnukovo,ZAO,231300,245500,964,145,45,26,4.25,6.75
2021-03,Vnukovo,ZAO,238800,266900,995,50,43,119,4.25,6.75
2021-04,Vnukovo,ZAO,235000,259400,979,168,6,60,8.5,11.0
2021-05,Vnukovo,ZAO,238500,257700,994,77,34,45,8.5,11.0
2021-06,Vnukovo,ZAO,248100,280800,1034,101,50,99,8.5,11.0
2021-07,Vnukovo,ZAO,251100,276100,1046,197,40,53,8.5,11.0
2021-08,Vnukovo,ZAO,249800,285300,1041,141,13,85,8.5,11.0
2021-09,Vnukovo,ZAO,246300,267500,1026,155,45,68,8.5,11.0
2021-10,Vnukovo,ZAO,252400,287000,1052,45,43,96,8.5,11.0
2021-11,Vnukovo,ZAO,255800,274600,1066,174,67,40,8.5,11.0
2021-12,Vnukovo,ZAO,266400,289000,1110,157,49,54,8.5,11.0
2022-01,Vnukovo,ZAO,266200,289400,1109,141,46,49,20.0,22.5
2022-02,Vnukovo,ZAO,268900,311400,1120,115,18,40,20.0,22.5
2022-03,Vnukovo,ZAO,250500,279000,1044,180,52,89,20.0,22.5
2022-04,Vnukovo,ZAO,252100,284000,1051,56,7,48,9.5,12.0
2022-05,Vnukovo,ZAO,251000,287300,1046,82,49,41,9.5,12.0
2022-06,Vnukovo,ZAO,251600,271000,1048,95,78,39,9.5,12.0
2022-07,Vnukovo,ZAO,251600,271200,1048,85,15,67,9.5,12.0
2022-08,Vnukovo,ZAO,257700,288000,1074,111,20,114,9.5,12.0
2022-09,Vnukovo,ZAO,251400,267600,1048,104,78,21,9.5,12.0
2022-10,Vnukovo,ZAO,260000,284900,1083,72,39,77,7.5,10.0
2022-11,Vnukovo,ZAO,266000,292600,1108,151,37,48,7.5,10.0
2022-12,Vnukovo,ZAO,270900,293900,1129,89,54,117,7.5,10.0
2023-01,Vnukovo,ZAO,278800,306700,1162,177,60,31,7.5,10.0
2023-02,Vnukovo,ZAO,287100,313800,1196,175,14,45,7.5,10.0
2023-03,Vnukovo,ZAO,274500,290600,1144,195,27,82,7.5,10.0
2023-04,Vnukovo,ZAO,278900,314700,1162,24,64,72,7.5,10.0
2023-05,Vnukovo,ZAO,279100,302400,1163,196,69,63,7.5,10.0
2023-06,Vnukovo,ZAO,280000,293700,1167,112,68,13,7.5,10.0
2023-07,Vnukovo,ZAO,286100,320200,1192,42,34,76,13.0,15.5
2023-08,Vnukovo,ZAO,287200,303600,1197,49,58,109,13.0,15.5
2023-09,Vnukovo,ZAO,288300,299800,1201,126,25,91,13.0,15.5
2023-10,Vnukovo,ZAO,290100,325400,1209,138,30,94,13.0,15.5
2023-11,Vnukovo,ZAO,301400,340100,1256,167,60,10,13.0,15.5
2023-12,Vnukovo,ZAO,296600,324400,1236,145,69,116,13.0,15.5
2024-01,Vnukovo,ZAO,294300,318300,1226,194,43,87,16.0,18.5
2024-02,Vnukovo,ZAO,299800,330700,1249,187,36,26,16.0,18.5
2024-03,Vnukovo,ZAO,297100,335400,1238,80,63,98,16.0,18.5
2024-04,Vnukovo,ZAO,297300,322800,1239,162,10,117,16.0,18.5
2024-05,Vnukovo,ZAO,291000,317700,1212,180,28,39,16.0,18.5
2024-06,Vnukovo,ZAO,300100,317700,1250,161,14,11,16.0,18.5
2024-07,Vnukovo,ZAO,301800,329400,1258,28,15,112,16.0,18.5
2024-08,Vnukovo,ZAO,296600,336300,1236,175,48,72,16.0,18.5
2024-09,Vnukovo,ZAO,308000,332600,1283,184,31,98,16.0,18.5
2024-10,Vnukovo,ZAO,290400,325400,1210,164,24,28,21.0,23.5
2024-11,Vnukovo,ZAO,286500,328000,1194,187,78,96,21.0,23.5
2024-12,Vnukovo,ZAO,280300,312900,1168,25,37,108,21.0,23.5
2025-01,Vnukovo,ZAO,272100,294200,1134,192,28,87,21.0,23.5
2025-02,Vnukovo,ZAO,292700,315600,1220,64,72,12,21.0,23.5
2025-03,Vnukovo,ZAO,294500,333200,1227,137,78,82,21.0,23.5
2025-04,Vnukovo,ZAO,287100,316000,1196,189,26,56,21.0,23.5
2025-05,Vnukovo,ZAO,291200,313700,1213,145,21,56,21.0,23.5
2025-06,Vnukovo,ZAO,285000,310600,1188,108,53,91,21.0,23.5
2025-07,Vnukovo,ZAO,293000,318700,1221,91,24,53,17.0,19.5
2025-08,Vnukovo,ZAO,279200,299400,1163,161,51,117,17.0,19.5
2025-09,Vnukovo,ZAO,295100,311000,1230,57,14,36,17.0,19.5
2025-10,Vnukovo,ZAO,298700,330600,1244,55,74,71,17.0,19.5
2025-11,Vnukovo,ZAO,298500,320900,1244,23,67,10,17.0,19.5
2025-12,Vnukovo,ZAO,300400,324500,1252,130,77,113,17.0,19.5
2026-01,Vnukovo,ZAO,286300,312200,1193,165,74,84,17.0,19.5
2026-02,Vnukovo,ZAO,296100,321200,1234,141,77,105,17.0,19.5
2026-03,Vnukovo,ZAO,298100,324300,1242,20,5,12,17.0,19.5
2026-04,Vnukovo,ZAO,299700,334200,1249,148,55,36,17.0,19.5
2020-01,Dorogomilovo,ZAO,373300,391300,1555,79,25,11,6.0,8.5
2020-02,Dorogomilovo,ZAO,369800,406700,1541,145,11,16,6.0,8.5
2020-03,Dorogomilovo,ZAO,392700,422100,1636,119,48,93,6.0,8.5
2020-04,Dorogomilovo,ZAO,382000,428300,1592,170,50,52,4.25,6.75
2020-05,Dorogomilovo,ZAO,398600,459800,1661,166,41,64,4.25,6.75
2020-06,Dorogomilovo,ZAO,387100,427000,1613,83,72,29,4.25,6.75
2020-07,Dorogomilovo,ZAO,403900,438300,1683,21,57,67,4.25,6.75
2020-08,Dorogomilovo,ZAO,404400,451300,1685,79,55,19,4.25,6.75
2020-09,Dorogomilovo,ZAO,428700,468000,1786,125,34,37,4.25,6.75
2020-10,Dorogomilovo,ZAO,430500,469800,1794,148,34,22,4.25,6.75
2020-11,Dorogomilovo,ZAO,429900,462600,1791,47,75,82,4.25,6.75
2020-12,Dorogomilovo,ZAO,443600,467800,1848,90,25,89,4.25,6.75
2021-01,Dorogomilovo,ZAO,426400,480600,1777,155,24,95,4.25,6.75
2021-02,Dorogomilovo,ZAO,438800,484700,1828,101,64,46,4.25,6.75
2021-03,Dorogomilovo,ZAO,439900,456000,1833,54,54,72,4.25,6.75
2021-04,Dorogomilovo,ZAO,457100,513700,1905,38,53,19,8.5,11.0
2021-05,Dorogomilovo,ZAO,470900,511700,1962,177,10,112,8.5,11.0
2021-06,Dorogomilovo,ZAO,474300,533100,1976,111,23,89,8.5,11.0
2021-07,Dorogomilovo,ZAO,491600,528700,2048,100,50,87,8.5,11.0
2021-08,Dorogomilovo,ZAO,485900,541300,2025,176,15,85,8.5,11.0
2021-09,Dorogomilovo,ZAO,476100,532300,1984,79,15,26,8.5,11.0
2021-10,Dorogomilovo,ZAO,502200,555700,2093,146,9,30,8.5,11.0
2021-11,Dorogomilovo,ZAO,474200,497600,1976,48,69,67,8.5,11.0
2021-12,Dorogomilovo,ZAO,500100,541400,2084,64,59,109,8.5,11.0
2022-01,Dorogomilovo,ZAO,509100,567000,2121,114,68,23,20.0,22.5
2022-02,Dorogomilovo,ZAO,494800,557100,2062,143,12,80,20.0,22.5
2022-03,Dorogomilovo,ZAO,506700,549000,2111,62,33,70,20.0,22.5
2022-04,Dorogomilovo,ZAO,468800,516600,1953,175,19,91,9.5,12.0
2022-05,Dorogomilovo,ZAO,489300,514200,2039,107,19,28,9.5,12.0
2022-06,Dorogomilovo,ZAO,498300,537000,2076,124,51,117,9.5,12.0
2022-07,Dorogomilovo,ZAO,484100,547500,2017,78,20,30,9.5,12.0
2022-08,Dorogomilovo,ZAO,516500,566600,2152,84,38,44,9.5,12.0
2022-09,Dorogomilovo,ZAO,517700,574100,2157,174,12,72,9.5,12.0
2022-10,Dorogomilovo,ZAO,514300,557200,2143,94,59,13,7.5,10.0
2022-11,Dorogomilovo,ZAO,511500,570600,2131,197,28,94,7.5,10.0
2022-12,Dorogomilovo,ZAO,518900,568600,2162,99,44,68,7.5,10.0
2023-01,Dorogomilovo,ZAO,523200,547300,2180,145,40,59,7.5,10.0
2023-02,Dorogomilovo,ZAO,505700,543200,2107,184,28,84,7.5,10.0
2023-03,Dorogomilovo,ZAO,539800,639800,2249,108,59,65,7.5,10.0
2023-04,Dorogomilovo,ZAO,563600,594500,2348,160,37,14,7.5,10.0
2023-05,Dorogomilovo,ZAO,534600,607300,2227,131,12,71,7.5,10.0
2023-06,Dorogomilovo,ZAO,552000,621900,2300,152,33,34,7.5,10.0
2023-07,Dorogomilovo,ZAO,561600,617300,2340,192,5,100,13.0,15.5
2023-08,Dorogomilovo,ZAO,537500,582500,2240,38,51,54,13.0,15.5
2023-09,Dorogomilovo,ZAO,564200,603100,2351,97,45,14,13.0,15.5
2023-10,Dorogomilovo,ZAO,567200,638100,2364,74,44,90,13.0,15.5
2023-11,Dorogomilovo,ZAO,558500,607200,2327,111,40,71,13.0,15.5
2023-12,Dorogomilovo,ZAO,569100,622000,2371,149,42,110,13.0,15.5
2024-01,Dorogomilovo,ZAO,580000,648700,2417,80,26,29,16.0,18.5
2024-02,Dorogomilovo,ZAO,577500,621500,2406,49,56,83,16.0,18.5
2024-03,Dorogomilovo,ZAO,564900,615900,2354,102,39,60,16.0,18.5
2024-04,Dorogomilovo,ZAO,565800,620400,2358,22,23,10,16.0,18.5
2024-05,Dorogomilovo,ZAO,597300,642100,2489,90,49,34,16.0,18.5
2024-06,Dorogomilovo,ZAO,562700,626400,2345,116,45,79,16.0,18.5
2024-07,Dorogomilovo,ZAO,593600,667900,2473,77,42,74,16.0,18.5
2024-08,Dorogomilovo,ZAO,585600,679200,2440,122,66,64,16.0,18.5
2024-09,Dorogomilovo,ZAO,576500,651900,2402,89,45,50,16.0,18.5
2024-10,Dorogomilovo,ZAO,562200,641400,2342,30,18,14,21.0,23.5
2024-11,Dorogomilovo,ZAO,575900,641900,2400,184,47,92,21.0,23.5
2024-12,Dorogomilovo,ZAO,568600,621500,2369,54,52,108,21.0,23.5
2025-01,Dorogomilovo,ZAO,547700,592000,2282,34,75,16,21.0,23.5
2025-02,Dorogomilovo,ZAO,543200,619200,2263,54,75,116,21.0,23.5
2025-03,Dorogomilovo,ZAO,552500,565400,2302,34,36,15,21.0,23.5
2025-04,Dorogomilovo,ZAO,553800,599100,2307,158,56,102,21.0,23.5
2025-05,Dorogomilovo,ZAO,562900,623300,2345,165,15,42,21.0,23.5
2025-06,Dorogomilovo,ZAO,575500,642300,2398,181,35,18,21.0,23.5
2025-07,Dorogomilovo,ZAO,547800,653800,2283,151,59,19,17.0,19.5
2025-08,Dorogomilovo,ZAO,570900,639500,2379,104,43,29,17.0,19.5
2025-09,Dorogomilovo,ZAO,562800,609600,2345,39,75,47,17.0,19.5
2025-10,Dorogomilovo,ZAO,569800,652400,2374,129,68,15,17.0,19.5
2025-11,Dorogomilovo,ZAO,554700,620900,2311,36,61,25,17.0,19.5
2025-12,Dorogomilovo,ZAO,576800,660900,2403,173,46,29,17.0,19.5
2026-01,Dorogomilovo,ZAO,537700,593200,2240,171,34,56,17.0,19.5
2026-02,Dorogomilovo,ZAO,596600,660900,2486,86,51,40,17.0,19.5
2026-03,Dorogomilovo,ZAO,568500,626700,2369,83,77,85,17.0,19.5
2026-04,Dorogomilovo,ZAO,583600,642900,2432,100,60,114,17.0,19.5
2020-01,Kuntsevo,ZAO,266300,281300,1109,166,70,94,6.0,8.5
2020-02,Kuntsevo,ZAO,261600,300600,1090,75,9,106,6.0,8.5
2020-03,Kuntsevo,ZAO,274800,315800,1145,72,65,33,6.0,8.5
2020-04,Kuntsevo,ZAO,268500,279200,1119,189,15,83,4.25,6.75
2020-05,Kuntsevo,ZAO,274300,292300,1143,105,17,50,4.25,6.75
2020-06,Kuntsevo,ZAO,272900,281400,1137,59,19,78,4.25,6.75
2020-07,Kuntsevo,ZAO,277200,304100,1155,22,36,45,4.25,6.75
2020-08,Kuntsevo,ZAO,283900,318200,1183,104,60,93,4.25,6.75
2020-09,Kuntsevo,ZAO,297600,340800,1240,137,14,39,4.25,6.75
2020-10,Kuntsevo,ZAO,291700,338100,1216,185,25,19,4.25,6.75
2020-11,Kuntsevo,ZAO,295100,324800,1230,105,73,119,4.25,6.75
2020-12,Kuntsevo,ZAO,311100,348200,1296,161,34,36,4.25,6.75
2021-01,Kuntsevo,ZAO,319800,344700,1332,87,28,96,4.25,6.75
2021-02,Kuntsevo,ZAO,321800,346000,1341,98,75,38,4.25,6.75
2021-03,Kuntsevo,ZAO,311000,348100,1296,146,56,76,4.25,6.75
2021-04,Kuntsevo,ZAO,306000,328900,1275,61,46,102,8.5,11.0
2021-05,Kuntsevo,ZAO,320300,340600,1335,159,56,111,8.5,11.0
2021-06,Kuntsevo,ZAO,340900,371900,1421,123,46,10,8.5,11.0
2021-07,Kuntsevo,ZAO,327900,367000,1366,188,45,24,8.5,11.0
2021-08,Kuntsevo,ZAO,316600,347900,1319,101,56,89,8.5,11.0
2021-09,Kuntsevo,ZAO,338900,374400,1412,144,38,13,8.5,11.0
2021-10,Kuntsevo,ZAO,354900,379400,1479,33,14,105,8.5,11.0
2021-11,Kuntsevo,ZAO,333400,356600,1389,182,79,50,8.5,11.0
2021-12,Kuntsevo,ZAO,354100,393100,1476,87,73,80,8.5,11.0
2022-01,Kuntsevo,ZAO,352100,384000,1467,150,34,40,20.0,22.5
2022-02,Kuntsevo,ZAO,366500,393000,1527,76,46,68,20.0,22.5
2022-03,Kuntsevo,ZAO,368700,396700,1536,88,49,106,20.0,22.5
2022-04,Kuntsevo,ZAO,347000,388400,1446,194,66,44,9.5,12.0
2022-05,Kuntsevo,ZAO,327400,356600,1364,91,74,81,9.5,12.0
2022-06,Kuntsevo,ZAO,351700,407000,1465,120,6,53,9.5,12.0
2022-07,Kuntsevo,ZAO,339600,369700,1415,64,36,101,9.5,12.0
2022-08,Kuntsevo,ZAO,360800,410300,1503,154,35,60,9.5,12.0
2022-09,Kuntsevo,ZAO,346500,374700,1444,139,19,56,9.5,12.0
2022-10,Kuntsevo,ZAO,360600,396100,1503,176,45,98,7.5,10.0
2022-11,Kuntsevo,ZAO,364300,409700,1518,141,34,65,7.5,10.0
2022-12,Kuntsevo,ZAO,368400,403700,1535,167,23,29,7.5,10.0
2023-01,Kuntsevo,ZAO,358400,380800,1493,143,45,61,7.5,10.0
2023-02,Kuntsevo,ZAO,386600,437900,1611,87,7,27,7.5,10.0
2023-03,Kuntsevo,ZAO,372200,400500,1551,24,69,60,7.5,10.0
2023-04,Kuntsevo,ZAO,378200,433100,1576,44,17,64,7.5,10.0
2023-05,Kuntsevo,ZAO,377300,415600,1572,185,39,35,7.5,10.0
2023-06,Kuntsevo,ZAO,396700,467100,1653,165,28,44,7.5,10.0
2023-07,Kuntsevo,ZAO,396300,440700,1651,110,8,107,13.0,15.5
2023-08,Kuntsevo,ZAO,395500,442800,1648,56,37,18,13.0,15.5
2023-09,Kuntsevo,ZAO,391600,437800,1632,88,17,67,13.0,15.5
2023-10,Kuntsevo,ZAO,395700,445300,1649,174,23,113,13.0,15.5
2023-11,Kuntsevo,ZAO,410500,445600,1710,149,27,29,13.0,15.5
2023-12,Kuntsevo,ZAO,386700,426600,1611,181,58,115,13.0,15.5
2024-01,Kuntsevo,ZAO,401800,432700,1674,68,13,96,16.0,18.5
2024-02,Kuntsevo,ZAO,395000,442900,1646,167,72,59,16.0,18.5
2024-03,Kuntsevo,ZAO,408200,435900,1701,140,36,119,16.0,18.5
2024-04,Kuntsevo,ZAO,415700,470100,1732,47,71,61,16.0,18.5
2024-05,Kuntsevo,ZAO,412100,442500,1717,111,46,89,16.0,18.5
2024-06,Kuntsevo,ZAO,398100,448400,1659,48,26,13,16.0,18.5
2024-07,Kuntsevo,ZAO,409000,438000,1704,196,50,17,16.0,18.5
2024-08,Kuntsevo,ZAO,411300,457400,1714,67,28,99,16.0,18.5
2024-09,Kuntsevo,ZAO,396500,421300,1652,143,74,93,16.0,18.5
2024-10,Kuntsevo,ZAO,400100,425300,1667,43,71,80,21.0,23.5
2024-11,Kuntsevo,ZAO,403200,435700,1680,95,12,15,21.0,23.5
2024-12,Kuntsevo,ZAO,393900,426500,1641,173,46,103,21.0,23.5
2025-01,Kuntsevo,ZAO,389000,413500,1621,119,20,14,21.0,23.5
2025-02,Kuntsevo,ZAO,387400,414800,1614,188,12,15,21.0,23.5
2025-03,Kuntsevo,ZAO,380300,399900,1585,169,55,104,21.0,23.5
2025-04,Kuntsevo,ZAO,386400,423900,1610,107,32,38,21.0,23.5
2025-05,Kuntsevo,ZAO,403900,459000,1683,143,20,98,21.0,23.5
2025-06,Kuntsevo,ZAO,388900,422800,1620,36,43,67,21.0,23.5
2025-07,Kuntsevo,ZAO,393300,416900,1639,39,59,103,17.0,19.5
2025-08,Kuntsevo,ZAO,410800,430200,1711,148,24,29,17.0,19.5
2025-09,Kuntsevo,ZAO,401800,445100,1674,160,62,89,17.0,19.5
2025-10,Kuntsevo,ZAO,392400,423900,1635,117,49,59,17.0,19.5
2025-11,Kuntsevo,ZAO,401200,426600,1672,70,73,74,17.0,19.5
2025-12,Kuntsevo,ZAO,391700,441300,1632,131,32,63,17.0,19.5
2026-01,Kuntsevo,ZAO,398000,441400,1658,174,8,17,17.0,19.5
2026-02,Kuntsevo,ZAO,400400,430500,1668,185,9,11,17.0,19.5
2026-03,Kuntsevo,ZAO,398000,436500,1658,136,30,56,17.0,19.5
2026-04,Kuntsevo,ZAO,410000,468800,1708,116,42,40,17.0,19.5
2020-01,Mozhaysky,ZAO,239800,263500,999,199,21,25,6.0,8.5
2020-02,Mozhaysky,ZAO,235400,264600,981,138,48,41,6.0,8.5
2020-03,Mozhaysky,ZAO,243800,270200,1016,185,54,50,6.0,8.5
2020-04,Mozhaysky,ZAO,250700,287600,1044,145,46,103,4.25,6.75
2020-05,Mozhaysky,ZAO,262800,272200,1095,186,33,20,4.25,6.75
2020-06,Mozhaysky,ZAO,255000,269000,1063,148,45,20,4.25,6.75
2020-07,Mozhaysky,ZAO,267600,293500,1115,92,9,34,4.25,6.75
2020-08,Mozhaysky,ZAO,262900,308600,1096,34,8,47,4.25,6.75
2020-09,Mozhaysky,ZAO,283400,311500,1181,133,39,110,4.25,6.75
2020-10,Mozhaysky,ZAO,271200,297900,1130,113,30,119,4.25,6.75
2020-11,Mozhaysky,ZAO,280400,299200,1168,189,38,75,4.25,6.75
2020-12,Mozhaysky,ZAO,273700,305100,1140,59,60,68,4.25,6.75
2021-01,Mozhaysky,ZAO,276300,304100,1151,153,34,67,4.25,6.75
2021-02,Mozhaysky,ZAO,304100,329400,1267,125,53,84,4.25,6.75
2021-03,Mozhaysky,ZAO,289600,309200,1207,75,78,21,4.25,6.75
2021-04,Mozhaysky,ZAO,298100,334000,1242,125,34,91,8.5,11.0
2021-05,Mozhaysky,ZAO,301400,332800,1256,184,54,37,8.5,11.0
2021-06,Mozhaysky,ZAO,308000,339200,1283,98,10,107,8.5,11.0
2021-07,Mozhaysky,ZAO,292800,335000,1220,37,75,89,8.5,11.0
2021-08,Mozhaysky,ZAO,303000,338000,1262,181,53,18,8.5,11.0
2021-09,Mozhaysky,ZAO,308300,326400,1285,61,62,99,8.5,11.0
2021-10,Mozhaysky,ZAO,319300,347700,1331,108,16,77,8.5,11.0
2021-11,Mozhaysky,ZAO,319600,360800,1332,30,31,12,8.5,11.0
2021-12,Mozhaysky,ZAO,328900,361400,1370,109,18,70,8.5,11.0
2022-01,Mozhaysky,ZAO,338900,372200,1412,116,15,12,20.0,22.5
2022-02,Mozhaysky,ZAO,334400,366000,1393,185,56,119,20.0,22.5
2022-03,Mozhaysky,ZAO,325400,363400,1356,32,44,77,20.0,22.5
2022-04,Mozhaysky,ZAO,316600,348700,1319,24,72,81,9.5,12.0
2022-05,Mozhaysky,ZAO,303600,338600,1265,129,25,40,9.5,12.0
2022-06,Mozhaysky,ZAO,314800,360200,1312,174,38,96,9.5,12.0
2022-07,Mozhaysky,ZAO,340700,349200,1420,174,62,13,9.5,12.0
2022-08,Mozhaysky,ZAO,323400,353700,1347,154,17,82,9.5,12.0
2022-09,Mozhaysky,ZAO,311600,351200,1298,95,50,73,9.5,12.0
2022-10,Mozhaysky,ZAO,315600,340800,1315,157,35,77,7.5,10.0
2022-11,Mozhaysky,ZAO,325200,359200,1355,57,61,83,7.5,10.0
2022-12,Mozhaysky,ZAO,338900,371900,1412,21,33,100,7.5,10.0
2023-01,Mozhaysky,ZAO,338600,351800,1411,193,74,77,7.5,10.0
2023-02,Mozhaysky,ZAO,349200,390900,1455,171,72,25,7.5,10.0
2023-03,Mozhaysky,ZAO,364500,393300,1519,143,39,61,7.5,10.0
2023-04,Mozhaysky,ZAO,339700,385400,1415,75,52,63,7.5,10.0
2023-05,Mozhaysky,ZAO,350300,384000,1459,96,19,68,7.5,10.0
2023-06,Mozhaysky,ZAO,359000,383500,1496,173,26,89,7.5,10.0
2023-07,Mozhaysky,ZAO,349300,388000,1455,43,39,58,13.0,15.5
2023-08,Mozhaysky,ZAO,337400,374900,1406,41,52,36,13.0,15.5
2023-09,Mozhaysky,ZAO,353300,376800,1472,171,71,32,13.0,15.5
2023-10,Mozhaysky,ZAO,345800,379700,1441,131,23,113,13.0,15.5
2023-11,Mozhaysky,ZAO,367500,392300,1531,181,62,35,13.0,15.5
2023-12,Mozhaysky,ZAO,365600,413800,1523,121,26,103,13.0,15.5
2024-01,Mozhaysky,ZAO,349800,394200,1458,21,50,11,16.0,18.5
2024-02,Mozhaysky,ZAO,366000,412000,1525,124,76,37,16.0,18.5
2024-03,Mozhaysky,ZAO,369800,407800,1541,121,59,119,16.0,18.5
2024-04,Mozhaysky,ZAO,393400,425700,1639,20,68,94,16.0,18.5
2024-05,Mozhaysky,ZAO,384700,424400,1603,88,51,54,16.0,18.5
2024-06,Mozhaysky,ZAO,390000,425400,1625,123,39,32,16.0,18.5
2024-07,Mozhaysky,ZAO,388100,411200,1617,141,41,79,16.0,18.5
2024-08,Mozhaysky,ZAO,375000,418000,1562,22,19,27,16.0,18.5
2024-09,Mozhaysky,ZAO,372100,398800,1550,124,42,96,16.0,18.5
2024-10,Mozhaysky,ZAO,366700,382800,1528,168,64,113,21.0,23.5
2024-11,Mozhaysky,ZAO,360400,395100,1502,120,22,64,21.0,23.5
2024-12,Mozhaysky,ZAO,360500,390900,1502,127,34,47,21.0,23.5
2025-01,Mozhaysky,ZAO,351900,415000,1466,140,77,54,21.0,23.5
2025-02,Mozhaysky,ZAO,367000,405500,1529,128,65,35,21.0,23.5
2025-03,Mozhaysky,ZAO,350600,395800,1461,125,24,13,21.0,23.5
2025-04,Mozhaysky,ZAO,382600,423500,1594,145,8,88,21.0,23.5
2025-05,Mozhaysky,ZAO,363200,394600,1513,120,27,43,21.0,23.5
2025-06,Mozhaysky,ZAO,359500,393600,1498,137,54,47,21.0,23.5
2025-07,Mozhaysky,ZAO,351800,393900,1466,116,79,83,17.0,19.5
2025-08,Mozhaysky,ZAO,364600,386100,1519,143,30,96,17.0,19.5
2025-09,Mozhaysky,ZAO,370700,399100,1545,144,5,104,17.0,19.5
2025-10,Mozhaysky,ZAO,369600,417200,1540,159,24,79,17.0,19.5
2025-11,Mozhaysky,ZAO,368900,398200,1537,193,69,100,17.0,19.5
2025-12,Mozhaysky,ZAO,373800,412200,1558,98,60,13,17.0,19.5
2026-01,Mozhaysky,ZAO,364000,396800,1517,140,39,26,17.0,19.5
2026-02,Mozhaysky,ZAO,371600,406800,1549,177,35,23,17.0,19.5
2026-03,Mozhaysky,ZAO,371300,424800,1547,48,50,66,17.0,19.5
2026-04,Mozhaysky,ZAO,371800,400800,1549,124,8,32,17.0,19.5
2020-01,Novo-Peredelkino,ZAO,193200,215700,805,138,18,49,6.0,8.5
2020-02,Novo-Peredelkino,ZAO,204900,213500,854,54,40,107,6.0,8.5
2020-03,Novo-Peredelkino,ZAO,210500,223700,877,33,76,56,6.0,8.5
2020-04,Novo-Peredelkino,ZAO,210400,237700,877,150,46,19,4.25,6.75
2020-05,Novo-Peredelkino,ZAO,197800,215500,824,199,47,69,4.25,6.75
2020-06,Novo-Peredelkino,ZAO,214000,230100,892,107,57,115,4.25,6.75
2020-07,Novo-Peredelkino,ZAO,214200,238600,892,158,20,23,4.25,6.75
2020-08,Novo-Peredelkino,ZAO,215100,241700,896,73,74,82,4.25,6.75
2020-09,Novo-Peredelkino,ZAO,224600,242800,936,149,12,106,4.25,6.75
2020-10,Novo-Peredelkino,ZAO,221800,243000,924,181,16,56,4.25,6.75
2020-11,Novo-Peredelkino,ZAO,224900,253000,937,118,19,42,4.25,6.75
2020-12,Novo-Peredelkino,ZAO,226400,259600,943,159,62,20,4.25,6.75
2021-01,Novo-Peredelkino,ZAO,230400,255000,960,34,24,103,4.25,6.75
2021-02,Novo-Peredelkino,ZAO,240000,258800,1000,42,45,22,4.25,6.75
2021-03,Novo-Peredelkino,ZAO,231600,253900,965,52,74,111,4.25,6.75
2021-04,Novo-Peredelkino,ZAO,249600,263000,1040,126,38,62,8.5,11.0
2021-05,Novo-Peredelkino,ZAO,245400,269200,1023,71,61,17,8.5,11.0
2021-06,Novo-Peredelkino,ZAO,251700,281100,1049,96,64,92,8.5,11.0
2021-07,Novo-Peredelkino,ZAO,258900,297500,1079,112,11,115,8.5,11.0
2021-08,Novo-Peredelkino,ZAO,257800,290500,1074,160,77,97,8.5,11.0
2021-09,Novo-Peredelkino,ZAO,255600,276200,1065,147,60,20,8.5,11.0
2021-10,Novo-Peredelkino,ZAO,259800,288700,1083,84,29,69,8.5,11.0
2021-11,Novo-Peredelkino,ZAO,271300,291900,1131,36,13,97,8.5,11.0
2021-12,Novo-Peredelkino,ZAO,266500,295700,1110,144,70,59,8.5,11.0
2022-01,Novo-Peredelkino,ZAO,270400,305400,1127,28,37,83,20.0,22.5
2022-02,Novo-Peredelkino,ZAO,279100,316300,1163,46,43,96,20.0,22.5
2022-03,Novo-Peredelkino,ZAO,257700,289800,1074,144,27,41,20.0,22.5
2022-04,Novo-Peredelkino,ZAO,272300,299800,1135,162,53,73,9.5,12.0
2022-05,Novo-Peredelkino,ZAO,255300,281000,1064,51,61,91,9.5,12.0
2022-06,Novo-Peredelkino,ZAO,270900,302300,1129,161,76,56,9.5,12.0
2022-07,Novo-Peredelkino,ZAO,277500,292600,1156,141,54,19,9.5,12.0
2022-08,Novo-Peredelkino,ZAO,273100,312100,1138,184,39,86,9.5,12.0
2022-09,Novo-Peredelkino,ZAO,283700,311300,1182,162,64,117,9.5,12.0
2022-10,Novo-Peredelkino,ZAO,263200,282000,1097,106,56,115,7.5,10.0
2022-11,Novo-Peredelkino,ZAO,283400,322500,1181,71,78,93,7.5,10.0
2022-12,Novo-Peredelkino,ZAO,277600,301100,1157,47,69,66,7.5,10.0
2023-01,Novo-Peredelkino,ZAO,276700,299900,1153,80,8,58,7.5,10.0
2023-02,Novo-Peredelkino,ZAO,277600,296800,1157,37,57,67,7.5,10.0
2023-03,Novo-Peredelkino,ZAO,288900,311100,1204,70,62,59,7.5,10.0
2023-04,Novo-Peredelkino,ZAO,293200,328700,1222,184,22,20,7.5,10.0
2023-05,Novo-Peredelkino,ZAO,291400,335000,1214,20,14,78,7.5,10.0
2023-06,Novo-Peredelkino,ZAO,299700,314200,1249,39,25,87,7.5,10.0
2023-07,Novo-Peredelkino,ZAO,295400,335900,1231,161,72,68,13.0,15.5
2023-08,Novo-Peredelkino,ZAO,300000,326300,1250,57,51,90,13.0,15.5
2023-09,Novo-Peredelkino,ZAO,288900,323200,1204,91,36,96,13.0,15.5
2023-10,Novo-Peredelkino,ZAO,295600,324200,1232,152,7,106,13.0,15.5
2023-11,Novo-Peredelkino,ZAO,300900,331900,1254,64,14,55,13.0,15.5
2023-12,Novo-Peredelkino,ZAO,296500,343800,1235,49,67,69,13.0,15.5
2024-01,Novo-Peredelkino,ZAO,302200,351400,1259,71,64,12,16.0,18.5
2024-02,Novo-Peredelkino,ZAO,308700,330500,1286,49,74,112,16.0,18.5
2024-03,Novo-Peredelkino,ZAO,298700,330900,1244,77,13,22,16.0,18.5
2024-04,Novo-Peredelkino,ZAO,314100,343700,1309,93,74,89,16.0,18.5
2024-05,Novo-Peredelkino,ZAO,311100,355200,1296,24,26,81,16.0,18.5
2024-06,Novo-Peredelkino,ZAO,310800,355100,1295,32,36,42,16.0,18.5
2024-07,Novo-Peredelkino,ZAO,304100,330100,1267,111,15,32,16.0,18.5
2024-08,Novo-Peredelkino,ZAO,298700,329000,1245,138,62,11,16.0,18.5
2024-09,Novo-Peredelkino,ZAO,290400,308100,1210,95,64,45,16.0,18.5
2024-10,Novo-Peredelkino,ZAO,316700,363700,1320,54,75,98,21.0,23.5
2024-11,Novo-Peredelkino,ZAO,300800,328500,1253,59,64,111,21.0,23.5
2024-12,Novo-Peredelkino,ZAO,296600,316900,1236,100,78,35,21.0,23.5
2025-01,Novo-Peredelkino,ZAO,295900,313800,1233,81,5,16,21.0,23.5
2025-02,Novo-Peredelkino,ZAO,294900,319500,1229,112,13,105,21.0,23.5
2025-03,Novo-Peredelkino,ZAO,292500,311100,1219,54,63,46,21.0,23.5
2025-04,Novo-Peredelkino,ZAO,296700,328100,1236,152,16,14,21.0,23.5
2025-05,Novo-Peredelkino,ZAO,288200,325200,1201,159,57,41,21.0,23.5
2025-06,Novo-Peredelkino,ZAO,304000,348700,1267,57,49,39,21.0,23.5
2025-07,Novo-Peredelkino,ZAO,294200,334300,1226,20,57,30,17.0,19.5
2025-08,Novo-Peredelkino,ZAO,298800,333300,1245,113,63,62,17.0,19.5
2025-09,Novo-Peredelkino,ZAO,306500,353200,1277,136,54,92,17.0,19.5
2025-10,Novo-Peredelkino,ZAO,296000,328700,1233,155,49,85,17.0,19.5
2025-11,Novo-Peredelkino,ZAO,305000,334100,1271,134,70,32,17.0,19.5
2025-12,Novo-Peredelkino,ZAO,302800,351700,1262,92,26,18,17.0,19.5
2026-01,Novo-Peredelkino,ZAO,309800,340500,1291,33,33,26,17.0,19.5
2026-02,Novo-Peredelkino,ZAO,297400,315200,1239,23,30,38,17.0,19.5
2026-03,Novo-Peredelkino,ZAO,307900,352900,1283,106,16,24,17.0,19.5
2026-04,Novo-Peredelkino,ZAO,309300,329300,1289,39,73,47,17.0,19.5
2020-01,Ochakovo-Matveyevskoye,ZAO,244000,280800,1017,195,55,76,6.0,8.5
2020-02,Ochakovo-Matveyevskoye,ZAO,242800,277100,1011,27,23,38,6.0,8.5
2020-03,Ochakovo-Matveyevskoye,ZAO,246200,272500,1026,187,19,119,6.0,8.5
2020-04,Ochakovo-Matveyevskoye,ZAO,260800,273400,1087,58,42,77,4.25,6.75
2020-05,Ochakovo-Matveyevskoye,ZAO,238600,258900,994,45,49,93,4.25,6.75
2020-06,Ochakovo-Matveyevskoye,ZAO,257300,278100,1072,41,69,74,4.25,6.75
2020-07,Ochakovo-Matveyevskoye,ZAO,261100,292000,1088,64,40,36,4.25,6.75
2020-08,Ochakovo-Matveyevskoye,ZAO,259900,284300,1083,57,22,44,4.25,6.75
2020-09,Ochakovo-Matveyevskoye,ZAO,262100,291900,1092,180,51,83,4.25,6.75
2020-10,Ochakovo-Matveyevskoye,ZAO,260500,292600,1085,79,23,59,4.25,6.75
2020-11,Ochakovo-Matveyevskoye,ZAO,268200,292000,1118,102,32,28,4.25,6.75
2020-12,Ochakovo-Matveyevskoye,ZAO,289500,323600,1206,34,39,53,4.25,6.75
2021-01,Ochakovo-Matveyevskoye,ZAO,276500,301600,1152,169,63,31,4.25,6.75
2021-02,Ochakovo-Matveyevskoye,ZAO,297600,338500,1240,24,27,56,4.25,6.75
2021-03,Ochakovo-Matveyevskoye,ZAO,297300,337100,1239,124,41,27,4.25,6.75
2021-04,Ochakovo-Matveyevskoye,ZAO,289700,307000,1207,117,59,62,8.5,11.0
2021-05,Ochakovo-Matveyevskoye,ZAO,290700,329600,1211,146,75,64,8.5,11.0
2021-06,Ochakovo-Matveyevskoye,ZAO,294400,326700,1227,37,33,39,8.5,11.0
2021-07,Ochakovo-Matveyevskoye,ZAO,292000,325100,1217,111,40,56,8.5,11.0
2021-08,Ochakovo-Matveyevskoye,ZAO,318700,349600,1328,132,61,78,8.5,11.0
2021-09,Ochakovo-Matveyevskoye,ZAO,305200,325900,1272,108,47,16,8.5,11.0
2021-10,Ochakovo-Matveyevskoye,ZAO,320600,353700,1336,52,33,117,8.5,11.0
2021-11,Ochakovo-Matveyevskoye,ZAO,295300,338400,1230,38,75,82,8.5,11.0
2021-12,Ochakovo-Matveyevskoye,ZAO,332400,365200,1385,168,10,89,8.5,11.0
2022-01,Ochakovo-Matveyevskoye,ZAO,321500,353800,1339,111,18,41,20.0,22.5
2022-02,Ochakovo-Matveyevskoye,ZAO,337500,377000,1406,179,73,18,20.0,22.5
2022-03,Ochakovo-Matveyevskoye,ZAO,334300,371500,1393,45,73,101,20.0,22.5
2022-04,Ochakovo-Matveyevskoye,ZAO,311300,324300,1297,93,50,45,9.5,12.0
2022-05,Ochakovo-Matveyevskoye,ZAO,323900,343600,1350,174,65,25,9.5,12.0
2022-06,Ochakovo-Matveyevskoye,ZAO,323900,361000,1349,149,10,79,9.5,12.0
2022-07,Ochakovo-Matveyevskoye,ZAO,307800,318400,1282,67,29,64,9.5,12.0
2022-08,Ochakovo-Matveyevskoye,ZAO,319100,377500,1330,125,25,95,9.5,12.0
2022-09,Ochakovo-Matveyevskoye,ZAO,335000,375900,1396,104,67,35,9.5,12.0
2022-10,Ochakovo-Matveyevskoye,ZAO,327400,357900,1364,55,51,95,7.5,10.0
2022-11,Ochakovo-Matveyevskoye,ZAO,336800,375700,1403,95,20,60,7.5,10.0
2022-12,Ochakovo-Matveyevskoye,ZAO,328000,349700,1367,103,63,71,7.5,10.0
2023-01,Ochakovo-Matveyevskoye,ZAO,331600,384200,1381,69,33,102,7.5,10.0
2023-02,Ochakovo-Matveyevskoye,ZAO,349600,381000,1457,99,50,65,7.5,10.0
2023-03,Ochakovo-Matveyevskoye,ZAO,358500,402200,1494,60,20,21,7.5,10.0
2023-04,Ochakovo-Matveyevskoye,ZAO,344200,387500,1434,69,45,115,7.5,10.0
2023-05,Ochakovo-Matveyevskoye,ZAO,354500,396500,1477,65,12,43,7.5,10.0
2023-06,Ochakovo-Matveyevskoye,ZAO,352300,391600,1468,37,51,26,7.5,10.0
2023-07,Ochakovo-Matveyevskoye,ZAO,358600,379100,1494,61,38,109,13.0,15.5
2023-08,Ochakovo-Matveyevskoye,ZAO,346900,388100,1445,90,21,27,13.0,15.5
2023-09,Ochakovo-Matveyevskoye,ZAO,372400,408000,1552,115,7,113,13.0,15.5
2023-10,Ochakovo-Matveyevskoye,ZAO,350900,384300,1462,56,43,118,13.0,15.5
2023-11,Ochakovo-Matveyevskoye,ZAO,361700,400300,1507,80,46,78,13.0,15.5
2023-12,Ochakovo-Matveyevskoye,ZAO,356800,392400,1487,49,46,92,13.0,15.5
2024-01,Ochakovo-Matveyevskoye,ZAO,353600,395700,1473,191,9,98,16.0,18.5
2024-02,Ochakovo-Matveyevskoye,ZAO,366800,393800,1529,54,12,84,16.0,18.5
2024-03,Ochakovo-Matveyevskoye,ZAO,377800,415500,1574,33,56,95,16.0,18.5
2024-04,Ochakovo-Matveyevskoye,ZAO,352000,386200,1467,29,30,84,16.0,18.5
2024-05,Ochakovo-Matveyevskoye,ZAO,370800,422500,1545,115,10,21,16.0,18.5
2024-06,Ochakovo-Matveyevskoye,ZAO,396700,456200,1653,59,16,79,16.0,18.5
2024-07,Ochakovo-Matveyevskoye,ZAO,377400,399100,1573,52,28,22,16.0,18.5
2024-08,Ochakovo-Matveyevskoye,ZAO,377300,434600,1572,67,49,51,16.0,18.5
2024-09,Ochakovo-Matveyevskoye,ZAO,363500,391700,1514,45,71,26,16.0,18.5
2024-10,Ochakovo-Matveyevskoye,ZAO,379200,411800,1580,143,57,103,21.0,23.5
2024-11,Ochakovo-Matveyevskoye,ZAO,348900,371800,1454,75,56,95,21.0,23.5
2024-12,Ochakovo-Matveyevskoye,ZAO,349100,375400,1455,147,36,99,21.0,23.5
2025-01,Ochakovo-Matveyevskoye,ZAO,360100,401500,1500,104,73,12,21.0,23.5
2025-02,Ochakovo-Matveyevskoye,ZAO,351600,386900,1465,165,53,77,21.0,23.5
2025-03,Ochakovo-Matveyevskoye,ZAO,371400,404900,1547,166,72,39,21.0,23.5
2025-04,Ochakovo-Matveyevskoye,ZAO,357900,412800,1491,196,37,71,21.0,23.5
2025-05,Ochakovo-Matveyevskoye,ZAO,367900,398600,1533,199,74,87,21.0,23.5
2025-06,Ochakovo-Matveyevskoye,ZAO,360500,408700,1502,194,65,96,21.0,23.5
2025-07,Ochakovo-Matveyevskoye,ZAO,370600,406400,1544,187,65,19,17.0,19.5
2025-08,Ochakovo-Matveyevskoye,ZAO,360300,395400,1501,55,77,38,17.0,19.5
2025-09,Ochakovo-Matveyevskoye,ZAO,363700,405300,1516,68,45,55,17.0,19.5
2025-10,Ochakovo-Matveyevskoye,ZAO,361900,393900,1508,21,55,54,17.0,19.5
2025-11,Ochakovo-Matveyevskoye,ZAO,372600,402100,1552,108,42,44,17.0,19.5
2025-12,Ochakovo-Matveyevskoye,ZAO,375100,421800,1563,74,55,94,17.0,19.5
2026-01,Ochakovo-Matveyevskoye,ZAO,378600,411100,1578,126,67,53,17.0,19.5
2026-02,Ochakovo-Matveyevskoye,ZAO,374600,413700,1561,157,53,62,17.0,19.5
2026-03,Ochakovo-Matveyevskoye,ZAO,362800,393900,1512,100,29,45,17.0,19.5
2026-04,Ochakovo-Matveyevskoye,ZAO,356900,383600,1487,155,71,49,17.0,19.5
2020-01,Prospekt Vernadskogo,ZAO,310400,337700,1293,139,36,16,6.0,8.5
2020-02,Prospekt Vernadskogo,ZAO,318800,371600,1328,170,66,59,6.0,8.5
2020-03,Prospekt Vernadskogo,ZAO,338300,364800,1409,149,36,54,6.0,8.5
2020-04,Prospekt Vernadskogo,ZAO,316300,352300,1318,137,6,69,4.25,6.75
2020-05,Prospekt Vernadskogo,ZAO,323100,350500,1346,23,70,10,4.25,6.75
2020-06,Prospekt Vernadskogo,ZAO,328500,364000,1369,114,5,78,4.25,6.75
2020-07,Prospekt Vernadskogo,ZAO,351500,379400,1465,67,9,28,4.25,6.75
2020-08,Prospekt Vernadskogo,ZAO,335600,360900,1398,157,59,76,4.25,6.75
2020-09,Prospekt Vernadskogo,ZAO,355700,400100,1482,128,26,56,4.25,6.75
2020-10,Prospekt Vernadskogo,ZAO,346300,401400,1443,55,12,86,4.25,6.75
2020-11,Prospekt Vernadskogo,ZAO,358700,406700,1495,46,67,56,4.25,6.75
2020-12,Prospekt Vernadskogo,ZAO,365200,400000,1522,116,13,104,4.25,6.75
2021-01,Prospekt Vernadskogo,ZAO,364100,406400,1517,103,48,109,4.25,6.75
2021-02,Prospekt Vernadskogo,ZAO,371500,412300,1548,95,54,57,4.25,6.75
2021-03,Prospekt Vernadskogo,ZAO,384700,417000,1603,91,5,62,4.25,6.75
2021-04,Prospekt Vernadskogo,ZAO,381600,419100,1590,30,66,92,8.5,11.0
2021-05,Prospekt Vernadskogo,ZAO,393800,430200,1641,37,44,73,8.5,11.0
2021-06,Prospekt Vernadskogo,ZAO,395800,433100,1649,134,68,21,8.5,11.0
2021-07,Prospekt Vernadskogo,ZAO,420900,446900,1754,24,43,57,8.5,11.0
2021-08,Prospekt Vernadskogo,ZAO,424900,434900,1770,101,20,26,8.5,11.0
2021-09,Prospekt Vernadskogo,ZAO,411300,455900,1714,54,72,58,8.5,11.0
2021-10,Prospekt Vernadskogo,ZAO,430000,501800,1792,117,78,58,8.5,11.0
2021-11,Prospekt Vernadskogo,ZAO,415800,460200,1732,53,76,76,8.5,11.0
2021-12,Prospekt Vernadskogo,ZAO,437000,497200,1821,118,61,85,8.5,11.0
2022-01,Prospekt Vernadskogo,ZAO,418000,455900,1742,50,49,109,20.0,22.5
2022-02,Prospekt Vernadskogo,ZAO,447300,480800,1864,175,61,52,20.0,22.5
2022-03,Prospekt Vernadskogo,ZAO,423100,463000,1763,140,39,19,20.0,22.5
2022-04,Prospekt Vernadskogo,ZAO,430100,471700,1792,170,53,101,9.5,12.0
2022-05,Prospekt Vernadskogo,ZAO,413100,444800,1721,106,53,37,9.5,12.0
2022-06,Prospekt Vernadskogo,ZAO,408900,441900,1704,133,17,115,9.5,12.0
2022-07,Prospekt Vernadskogo,ZAO,418300,457600,1743,39,46,95,9.5,12.0
2022-08,Prospekt Vernadskogo,ZAO,433600,477500,1807,90,38,71,9.5,12.0
2022-09,Prospekt Vernadskogo,ZAO,436700,469500,1819,51,33,102,9.5,12.0
2022-10,Prospekt Vernadskogo,ZAO,420800,477100,1753,108,6,11,7.5,10.0
2022-11,Prospekt Vernadskogo,ZAO,431100,489600,1796,108,55,64,7.5,10.0
2022-12,Prospekt Vernadskogo,ZAO,456400,517200,1902,127,45,71,7.5,10.0
2023-01,Prospekt Vernadskogo,ZAO,444000,484500,1850,152,31,93,7.5,10.0
2023-02,Prospekt Vernadskogo,ZAO,470300,503300,1959,174,66,96,7.5,10.0
2023-03,Prospekt Vernadskogo,ZAO,468200,497000,1951,69,41,101,7.5,10.0
2023-04,Prospekt Vernadskogo,ZAO,444900,495100,1854,165,33,115,7.5,10.0
2023-05,Prospekt Vernadskogo,ZAO,459500,503700,1914,149,26,25,7.5,10.0
2023-06,Prospekt Vernadskogo,ZAO,476500,535800,1985,120,40,89,7.5,10.0
2023-07,Prospekt Vernadskogo,ZAO,475000,533500,1979,79,33,84,13.0,15.5
2023-08,Prospekt Vernadskogo,ZAO,458800,474900,1912,107,54,82,13.0,15.5
2023-09,Prospekt Vernadskogo,ZAO,473500,515000,1973,114,17,30,13.0,15.5
2023-10,Prospekt Vernadskogo,ZAO,471000,514900,1962,179,58,49,13.0,15.5
2023-11,Prospekt Vernadskogo,ZAO,493800,570000,2057,90,64,105,13.0,15.5
2023-12,Prospekt Vernadskogo,ZAO,475500,520700,1981,152,58,64,13.0,15.5
2024-01,Prospekt Vernadskogo,ZAO,500500,535400,2086,42,29,60,16.0,18.5
2024-02,Prospekt Vernadskogo,ZAO,467200,513300,1946,100,73,84,16.0,18.5
2024-03,Prospekt Vernadskogo,ZAO,479300,513500,1997,156,65,24,16.0,18.5
2024-04,Prospekt Vernadskogo,ZAO,489100,528800,2038,149,55,72,16.0,18.5
2024-05,Prospekt Vernadskogo,ZAO,463400,511800,1931,33,32,112,16.0,18.5
2024-06,Prospekt Vernadskogo,ZAO,497800,549700,2074,131,26,94,16.0,18.5
2024-07,Prospekt Vernadskogo,ZAO,485900,521200,2025,141,8,115,16.0,18.5
2024-08,Prospekt Vernadskogo,ZAO,481500,548100,2006,176,58,86,16.0,18.5
2024-09,Prospekt Vernadskogo,ZAO,501300,555700,2089,64,21,64,16.0,18.5
2024-10,Prospekt Vernadskogo,ZAO,480800,551800,2003,34,50,118,21.0,23.5
2024-11,Prospekt Vernadskogo,ZAO,459500,488500,1915,173,76,107,21.0,23.5
2024-12,Prospekt Vernadskogo,ZAO,465900,534300,1941,25,31,89,21.0,23.5
2025-01,Prospekt Vernadskogo,ZAO,491700,543200,2049,96,5,113,21.0,23.5
2025-02,Prospekt Vernadskogo,ZAO,485700,523400,2024,68,39,92,21.0,23.5
2025-03,Prospekt Vernadskogo,ZAO,459200,506600,1913,187,8,30,21.0,23.5
2025-04,Prospekt Vernadskogo,ZAO,496500,553700,2069,195,57,101,21.0,23.5
2025-05,Prospekt Vernadskogo,ZAO,495400,521000,2064,114,18,105,21.0,23.5
2025-06,Prospekt Vernadskogo,ZAO,468000,494000,1950,165,14,105,21.0,23.5
2025-07,Prospekt Vernadskogo,ZAO,467400,509000,1947,175,75,17,17.0,19.5
2025-08,Prospekt Vernadskogo,ZAO,449800,498800,1874,84,67,66,17.0,19.5
2025-09,Prospekt Vernadskogo,ZAO,465500,494700,1940,130,44,18,17.0,19.5
2025-10,Prospekt Vernadskogo,ZAO,487700,547900,2032,128,43,16,17.0,19.5
2025-11,Prospekt Vernadskogo,ZAO,496800,534000,2070,81,45,96,17.0,19.5
2025-12,Prospekt Vernadskogo,ZAO,466600,498100,1944,193,53,28,17.0,19.5
2026-01,Prospekt Vernadskogo,ZAO,481300,541300,2005,136,44,110,17.0,19.5
2026-02,Prospekt Vernadskogo,ZAO,496600,556400,2069,116,48,60,17.0,19.5
2026-03,Prospekt Vernadskogo,ZAO,479700,515100,1999,75,16,111,17.0,19.5
2026-04,Prospekt Vernadskogo,ZAO,486300,538900,2026,183,20,79,17.0,19.5
2020-01,Ramenki,ZAO,319800,354300,1332,153,56,56,6.0,8.5
2020-02,Ramenki,ZAO,319900,338400,1333,72,5,117,6.0,8.5
2020-03,Ramenki,ZAO,340400,373700,1418,86,76,87,6.0,8.5
2020-04,Ramenki,ZAO,344700,371000,1436,42,38,102,4.25,6.75
2020-05,Ramenki,ZAO,334500,377800,1394,56,74,106,4.25,6.75
2020-06,Ramenki,ZAO,337100,359300,1405,82,67,23,4.25,6.75
2020-07,Ramenki,ZAO,348300,382000,1451,26,25,21,4.25,6.75
2020-08,Ramenki,ZAO,373500,409200,1556,74,69,115,4.25,6.75
2020-09,Ramenki,ZAO,345300,367100,1439,59,68,96,4.25,6.75
2020-10,Ramenki,ZAO,358200,377700,1492,87,38,117,4.25,6.75
2020-11,Ramenki,ZAO,378600,419000,1577,151,20,103,4.25,6.75
2020-12,Ramenki,ZAO,364600,394000,1519,192,23,11,4.25,6.75
2021-01,Ramenki,ZAO,370800,396600,1545,149,37,103,4.25,6.75
2021-02,Ramenki,ZAO,391100,419800,1629,46,28,101,4.25,6.75
2021-03,Ramenki,ZAO,399700,461700,1665,77,18,100,4.25,6.75
2021-04,Ramenki,ZAO,392300,423400,1635,72,26,86,8.5,11.0
2021-05,Ramenki,ZAO,389900,441700,1624,127,26,35,8.5,11.0
2021-06,Ramenki,ZAO,399800,434700,1666,177,57,98,8.5,11.0
2021-07,Ramenki,ZAO,415200,458900,1730,159,44,33,8.5,11.0
2021-08,Ramenki,ZAO,408700,461000,1703,192,9,26,8.5,11.0
2021-09,Ramenki,ZAO,441000,470500,1838,54,50,47,8.5,11.0
2021-10,Ramenki,ZAO,441400,471600,1839,126,44,99,8.5,11.0
2021-11,Ramenki,ZAO,419200,454900,1747,108,30,57,8.5,11.0
2021-12,Ramenki,ZAO,425100,471900,1771,183,31,38,8.5,11.0
2022-01,Ramenki,ZAO,437600,494800,1823,42,26,53,20.0,22.5
2022-02,Ramenki,ZAO,437500,487800,1823,153,23,47,20.0,22.5
2022-03,Ramenki,ZAO,439200,496600,1830,164,32,119,20.0,22.5
2022-04,Ramenki,ZAO,428600,460000,1786,80,52,18,9.5,12.0
2022-05,Ramenki,ZAO,423400,497100,1764,82,20,111,9.5,12.0
2022-06,Ramenki,ZAO,433700,491700,1807,45,21,104,9.5,12.0
2022-07,Ramenki,ZAO,428600,470700,1786,95,75,71,9.5,12.0
2022-08,Ramenki,ZAO,437000,462100,1821,55,77,38,9.5,12.0
2022-09,Ramenki,ZAO,443300,496800,1847,116,14,44,9.5,12.0
2022-10,Ramenki,ZAO,432400,484800,1802,175,8,23,7.5,10.0
2022-11,Ramenki,ZAO,462800,515100,1928,119,58,97,7.5,10.0
2022-12,Ramenki,ZAO,443100,491800,1846,73,61,47,7.5,10.0
2023-01,Ramenki,ZAO,457200,508400,1905,65,12,56,7.5,10.0
2023-02,Ramenki,ZAO,461800,507700,1924,197,15,116,7.5,10.0
2023-03,Ramenki,ZAO,456400,506300,1902,122,71,101,7.5,10.0
2023-04,Ramenki,ZAO,464000,529700,1933,49,8,46,7.5,10.0
2023-05,Ramenki,ZAO,470700,492700,1961,133,66,53,7.5,10.0
2023-06,Ramenki,ZAO,475400,523900,1981,194,56,73,7.5,10.0
2023-07,Ramenki,ZAO,487000,538700,2029,157,28,30,13.0,15.5
2023-08,Ramenki,ZAO,496700,556900,2070,95,65,87,13.0,15.5
2023-09,Ramenki,ZAO,480700,554800,2003,66,11,53,13.0,15.5
2023-10,Ramenki,ZAO,492700,548600,2053,158,43,21,13.0,15.5
2023-11,Ramenki,ZAO,495600,544500,2065,22,73,21,13.0,15.5
2023-12,Ramenki,ZAO,496700,519900,2070,85,61,65,13.0,15.5
2024-01,Ramenki,ZAO,508400,553400,2118,77,27,83,16.0,18.5
2024-02,Ramenki,ZAO,484600,538500,2019,167,38,13,16.0,18.5
2024-03,Ramenki,ZAO,474000,540900,1975,79,48,24,16.0,18.5
2024-04,Ramenki,ZAO,485900,535400,2025,127,40,16,16.0,18.5
2024-05,Ramenki,ZAO,483600,519900,2015,150,53,110,16.0,18.5
2024-06,Ramenki,ZAO,510800,567200,2128,118,73,41,16.0,18.5
2024-07,Ramenki,ZAO,486700,548600,2028,27,31,47,16.0,18.5
2024-08,Ramenki,ZAO,490300,550100,2043,133,52,22,16.0,18.5
2024-09,Ramenki,ZAO,496300,530300,2068,176,74,77,16.0,18.5
2024-10,Ramenki,ZAO,512900,569200,2137,155,52,36,21.0,23.5
2024-11,Ramenki,ZAO,483100,516600,2013,99,40,106,21.0,23.5
2024-12,Ramenki,ZAO,483500,539300,2015,113,43,89,21.0,23.5
2025-01,Ramenki,ZAO,486500,528700,2027,132,69,33,21.0,23.5
2025-02,Ramenki,ZAO,497700,552500,2074,197,65,47,21.0,23.5
2025-03,Ramenki,ZAO,482400,527000,2010,111,53,108,21.0,23.5
2025-04,Ramenki,ZAO,481100,530100,2005,87,42,119,21.0,23.5
2025-05,Ramenki,ZAO,517200,573900,2155,45,27,117,21.0,23.5
2025-06,Ramenki,ZAO,480600,516700,2002,52,44,51,21.0,23.5
2025-07,Ramenki,ZAO,484200,516700,2017,52,13,47,17.0,19.5
2025-08,Ramenki,ZAO,475800,517500,1983,116,48,67,17.0,19.5
2025-09,Ramenki,ZAO,493800,522800,2057,141,28,11,17.0,19.5
2025-10,Ramenki,ZAO,506700,555900,2111,161,32,91,17.0,19.5
2025-11,Ramenki,ZAO,503600,554800,2098,80,56,25,17.0,19.5
2025-12,Ramenki,ZAO,481400,538400,2006,136,19,85,17.0,19.5
2026-01,Ramenki,ZAO,484600,541300,2019,83,18,70,17.0,19.5
2026-02,Ramenki,ZAO,485900,542900,2025,48,68,59,17.0,19.5
2026-03,Ramenki,ZAO,476000,530600,1983,86,24,28,17.0,19.5
2026-04,Ramenki,ZAO,485500,551600,2023,41,36,62,17.0,19.5
2020-01,Solntsevo,ZAO,209700,233300,874,165,76,49,6.0,8.5
2020-02,Solntsevo,ZAO,205300,226000,856,115,55,61,6.0,8.5
2020-03,Solntsevo,ZAO,217300,234600,905,45,25,50,6.0,8.5
2020-04,Solntsevo,ZAO,212200,224900,884,170,53,93,4.25,6.75
2020-05,Solntsevo,ZAO,216600,241100,902,156,32,53,4.25,6.75
2020-06,Solntsevo,ZAO,220500,250000,919,144,27,13,4.25,6.75
2020-07,Solntsevo,ZAO,230600,257200,961,143,10,97,4.25,6.75
2020-08,Solntsevo,ZAO,235900,255800,983,114,77,20,4.25,6.75
2020-09,Solntsevo,ZAO,227200,247200,947,149,73,59,4.25,6.75
2020-10,Solntsevo,ZAO,243800,261000,1016,199,36,66,4.25,6.75
2020-11,Solntsevo,ZAO,244900,269000,1020,118,36,23,4.25,6.75
2020-12,Solntsevo,ZAO,233400,259200,973,104,56,57,4.25,6.75
2021-01,Solntsevo,ZAO,242100,268600,1009,22,60,88,4.25,6.75
2021-02,Solntsevo,ZAO,244300,268900,1018,24,64,87,4.25,6.75
2021-03,Solntsevo,ZAO,248000,271400,1033,144,26,71,4.25,6.75
2021-04,Solntsevo,ZAO,251400,259100,1048,167,25,72,8.5,11.0
2021-05,Solntsevo,ZAO,259600,288900,1082,89,20,33,8.5,11.0
2021-06,Solntsevo,ZAO,278000,320400,1158,51,5,28,8.5,11.0
2021-07,Solntsevo,ZAO,273400,312300,1139,95,71,20,8.5,11.0
2021-08,Solntsevo,ZAO,274700,297900,1145,115,25,51,8.5,11.0
2021-09,Solntsevo,ZAO,278400,309600,1160,83,22,70,8.5,11.0
2021-10,Solntsevo,ZAO,285900,312900,1191,156,27,75,8.5,11.0
2021-11,Solntsevo,ZAO,302000,317400,1258,167,61,85,8.5,11.0
2021-12,Solntsevo,ZAO,288300,315500,1201,44,32,81,8.5,11.0
2022-01,Solntsevo,ZAO,289100,316500,1204,167,78,75,20.0,22.5
2022-02,Solntsevo,ZAO,292600,320200,1219,82,14,97,20.0,22.5
2022-03,Solntsevo,ZAO,276000,303300,1150,54,47,14,20.0,22.5
2022-04,Solntsevo,ZAO,273600,304700,1140,184,28,12,9.5,12.0
2022-05,Solntsevo,ZAO,283000,314000,1179,42,46,51,9.5,12.0
2022-06,Solntsevo,ZAO,287600,305300,1198,132,73,23,9.5,12.0
2022-07,Solntsevo,ZAO,290300,317000,1210,188,58,81,9.5,12.0
2022-08,Solntsevo,ZAO,297100,315500,1238,79,12,43,9.5,12.0
2022-09,Solntsevo,ZAO,287300,317200,1197,186,5,84,9.5,12.0
2022-10,Solntsevo,ZAO,288900,324900,1204,165,61,23,7.5,10.0
2022-11,Solntsevo,ZAO,313400,342000,1306,25,20,58,7.5,10.0
2022-12,Solntsevo,ZAO,291100,325800,1213,58,75,61,7.5,10.0
2023-01,Solntsevo,ZAO,309000,349800,1288,37,25,27,7.5,10.0
2023-02,Solntsevo,ZAO,291800,311300,1216,60,25,45,7.5,10.0
2023-03,Solntsevo,ZAO,305900,335500,1275,193,28,94,7.5,10.0
2023-04,Solntsevo,ZAO,304300,343000,1268,168,41,115,7.5,10.0
2023-05,Solntsevo,ZAO,313600,352400,1306,169,45,72,7.5,10.0
2023-06,Solntsevo,ZAO,312400,347500,1301,183,8,88,7.5,10.0
2023-07,Solntsevo,ZAO,308600,347600,1286,55,54,77,13.0,15.5
2023-08,Solntsevo,ZAO,323100,371800,1346,126,33,21,13.0,15.5
2023-09,Solntsevo,ZAO,338600,358400,1411,199,64,116,13.0,15.5
2023-10,Solntsevo,ZAO,314300,350800,1310,198,54,109,13.0,15.5
2023-11,Solntsevo,ZAO,309700,335900,1290,48,12,84,13.0,15.5
2023-12,Solntsevo,ZAO,330800,353900,1378,22,70,110,13.0,15.5
2024-01,Solntsevo,ZAO,321900,362100,1341,34,14,49,16.0,18.5
2024-02,Solntsevo,ZAO,329300,356300,1372,103,67,54,16.0,18.5
2024-03,Solntsevo,ZAO,318900,348900,1329,117,48,53,16.0,18.5
2024-04,Solntsevo,ZAO,329100,373400,1371,27,75,37,16.0,18.5
2024-05,Solntsevo,ZAO,327300,371500,1364,154,43,37,16.0,18.5
2024-06,Solntsevo,ZAO,329800,372800,1374,193,15,48,16.0,18.5
2024-07,Solntsevo,ZAO,339400,370100,1414,74,42,98,16.0,18.5
2024-08,Solntsevo,ZAO,333700,373200,1391,149,71,18,16.0,18.5
2024-09,Solntsevo,ZAO,323200,349800,1347,75,11,117,16.0,18.5
2024-10,Solntsevo,ZAO,322800,348400,1345,137,38,68,21.0,23.5
2024-11,Solntsevo,ZAO,315700,342300,1315,75,48,63,21.0,23.5
2024-12,Solntsevo,ZAO,323300,352900,1347,39,40,55,21.0,23.5
2025-01,Solntsevo,ZAO,323800,355900,1349,144,34,88,21.0,23.5
2025-02,Solntsevo,ZAO,309500,334300,1289,98,22,86,21.0,23.5
2025-03,Solntsevo,ZAO,315700,338800,1315,74,44,103,21.0,23.5
2025-04,Solntsevo,ZAO,305900,348600,1275,86,76,70,21.0,23.5
2025-05,Solntsevo,ZAO,341300,376600,1422,157,30,68,21.0,23.5
2025-06,Solntsevo,ZAO,298000,325800,1242,94,10,30,21.0,23.5
2025-07,Solntsevo,ZAO,329000,351300,1371,35,28,58,17.0,19.5
2025-08,Solntsevo,ZAO,331500,368400,1381,114,70,46,17.0,19.5
2025-09,Solntsevo,ZAO,327500,358900,1364,25,76,98,17.0,19.5
2025-10,Solntsevo,ZAO,327600,349100,1365,176,32,64,17.0,19.5
2025-11,Solntsevo,ZAO,322800,363200,1345,167,79,21,17.0,19.5
2025-12,Solntsevo,ZAO,345200,365400,1438,163,55,69,17.0,19.5
2026-01,Solntsevo,ZAO,320900,342000,1337,63,38,83,17.0,19.5
2026-02,Solntsevo,ZAO,316200,341500,1317,166,17,13,17.0,19.5
2026-03,Solntsevo,ZAO,324600,345000,1352,57,29,55,17.0,19.5
2026-04,Solntsevo,ZAO,328100,376600,1367,29,29,32,17.0,19.5
2020-01,Troparyovo-Nikulino,ZAO,280300,311700,1168,81,65,42,6.0,8.5
2020-02,Troparyovo-Nikulino,ZAO,289100,298300,1205,106,9,56,6.0,8.5
2020-03,Troparyovo-Nikulino,ZAO,292000,316500,1217,81,44,85,6.0,8.5
2020-04,Troparyovo-Nikulino,ZAO,313400,338300,1306,180,50,17,4.25,6.75
2020-05,Troparyovo-Nikulino,ZAO,291900,305400,1216,142,64,76,4.25,6.75
2020-06,Troparyovo-Nikulino,ZAO,295800,335300,1233,121,32,75,4.25,6.75
2020-07,Troparyovo-Nikulino,ZAO,313800,344700,1307,39,34,43,4.25,6.75
2020-08,Troparyovo-Nikulino,ZAO,294100,309700,1225,34,74,38,4.25,6.75
2020-09,Troparyovo-Nikulino,ZAO,314600,342200,1311,45,69,81,4.25,6.75
2020-10,Troparyovo-Nikulino,ZAO,321900,358900,1341,177,20,111,4.25,6.75
2020-11,Troparyovo-Nikulino,ZAO,319400,339600,1331,133,69,99,4.25,6.75
2020-12,Troparyovo-Nikulino,ZAO,325900,352400,1358,152,50,95,4.25,6.75
2021-01,Troparyovo-Nikulino,ZAO,333500,358700,1389,122,76,15,4.25,6.75
2021-02,Troparyovo-Nikulino,ZAO,359000,399500,1496,23,6,68,4.25,6.75
2021-03,Troparyovo-Nikulino,ZAO,330500,374400,1377,171,74,90,4.25,6.75
2021-04,Troparyovo-Nikulino,ZAO,349700,381300,1457,198,37,117,8.5,11.0
2021-05,Troparyovo-Nikulino,ZAO,336100,376000,1401,163,20,62,8.5,11.0
2021-06,Troparyovo-Nikulino,ZAO,364100,425400,1517,67,56,51,8.5,11.0
2021-07,Troparyovo-Nikulino,ZAO,362600,399400,1511,51,67,66,8.5,11.0
2021-08,Troparyovo-Nikulino,ZAO,348000,389500,1450,116,24,23,8.5,11.0
2021-09,Troparyovo-Nikulino,ZAO,371600,409400,1548,80,67,110,8.5,11.0
2021-10,Troparyovo-Nikulino,ZAO,378800,427200,1578,83,36,111,8.5,11.0
2021-11,Troparyovo-Nikulino,ZAO,377900,434800,1575,122,54,40,8.5,11.0
2021-12,Troparyovo-Nikulino,ZAO,380500,409000,1585,109,49,17,8.5,11.0
2022-01,Troparyovo-Nikulino,ZAO,392100,420800,1634,54,66,98,20.0,22.5
2022-02,Troparyovo-Nikulino,ZAO,392300,436800,1635,50,34,19,20.0,22.5
2022-03,Troparyovo-Nikulino,ZAO,366500,378700,1527,20,14,86,20.0,22.5
2022-04,Troparyovo-Nikulino,ZAO,380900,410300,1587,75,27,99,9.5,12.0
2022-05,Troparyovo-Nikulino,ZAO,369800,400500,1541,99,26,80,9.5,12.0
2022-06,Troparyovo-Nikulino,ZAO,365600,398400,1523,48,47,112,9.5,12.0
2022-07,Troparyovo-Nikulino,ZAO,373900,414900,1558,116,13,88,9.5,12.0
2022-08,Troparyovo-Nikulino,ZAO,366300,406900,1526,49,50,113,9.5,12.0
2022-09,Troparyovo-Nikulino,ZAO,392100,435300,1634,182,72,89,9.5,12.0
2022-10,Troparyovo-Nikulino,ZAO,388000,416100,1617,127,44,30,7.5,10.0
2022-11,Troparyovo-Nikulino,ZAO,393400,428800,1639,155,14,55,7.5,10.0
2022-12,Troparyovo-Nikulino,ZAO,409900,460200,1708,169,57,84,7.5,10.0
2023-01,Troparyovo-Nikulino,ZAO,397400,433900,1656,95,37,98,7.5,10.0
2023-02,Troparyovo-Nikulino,ZAO,380700,414200,1586,117,49,11,7.5,10.0
2023-03,Troparyovo-Nikulino,ZAO,412300,450100,1718,182,50,81,7.5,10.0
2023-04,Troparyovo-Nikulino,ZAO,415300,450800,1731,175,22,87,7.5,10.0
2023-05,Troparyovo-Nikulino,ZAO,416100,438800,1734,85,39,115,7.5,10.0
2023-06,Troparyovo-Nikulino,ZAO,409100,450500,1705,166,35,55,7.5,10.0
2023-07,Troparyovo-Nikulino,ZAO,430200,477700,1792,124,5,103,13.0,15.5
2023-08,Troparyovo-Nikulino,ZAO,423500,448900,1765,166,17,113,13.0,15.5
2023-09,Troparyovo-Nikulino,ZAO,415500,466900,1731,128,30,16,13.0,15.5
2023-10,Troparyovo-Nikulino,ZAO,416300,456500,1735,118,61,71,13.0,15.5
2023-11,Troparyovo-Nikulino,ZAO,442900,478100,1845,85,59,52,13.0,15.5
2023-12,Troparyovo-Nikulino,ZAO,414500,452500,1727,118,22,10,13.0,15.5
2024-01,Troparyovo-Nikulino,ZAO,431800,485200,1799,149,59,106,16.0,18.5
2024-02,Troparyovo-Nikulino,ZAO,430200,483100,1793,65,34,103,16.0,18.5
2024-03,Troparyovo-Nikulino,ZAO,436700,503000,1819,193,14,48,16.0,18.5
2024-04,Troparyovo-Nikulino,ZAO,429400,488200,1789,102,47,56,16.0,18.5
2024-05,Troparyovo-Nikulino,ZAO,422900,471500,1762,29,39,97,16.0,18.5
2024-06,Troparyovo-Nikulino,ZAO,441200,502100,1838,175,45,45,16.0,18.5
2024-07,Troparyovo-Nikulino,ZAO,426600,488100,1778,130,49,98,16.0,18.5
2024-08,Troparyovo-Nikulino,ZAO,439800,486100,1832,67,16,21,16.0,18.5
2024-09,Troparyovo-Nikulino,ZAO,423400,488600,1764,117,21,81,16.0,18.5
2024-10,Troparyovo-Nikulino,ZAO,419800,461700,1749,67,15,108,21.0,23.5
2024-11,Troparyovo-Nikulino,ZAO,425900,477100,1774,164,11,12,21.0,23.5
2024-12,Troparyovo-Nikulino,ZAO,422800,462900,1762,99,27,23,21.0,23.5
2025-01,Troparyovo-Nikulino,ZAO,414800,451200,1728,72,35,42,21.0,23.5
2025-02,Troparyovo-Nikulino,ZAO,422100,456200,1759,125,73,108,21.0,23.5
2025-03,Troparyovo-Nikulino,ZAO,415900,458400,1733,130,53,12,21.0,23.5
2025-04,Troparyovo-Nikulino,ZAO,422000,468400,1758,75,76,14,21.0,23.5
2025-05,Troparyovo-Nikulino,ZAO,435600,475700,1815,66,53,52,21.0,23.5
2025-06,Troparyovo-Nikulino,ZAO,423800,468400,1766,185,18,56,21.0,23.5
2025-07,Troparyovo-Nikulino,ZAO,411800,467600,1716,39,47,28,17.0,19.5
2025-08,Troparyovo-Nikulino,ZAO,431000,487800,1796,165,25,45,17.0,19.5
2025-09,Troparyovo-Nikulino,ZAO,431000,463500,1796,187,5,104,17.0,19.5
2025-10,Troparyovo-Nikulino,ZAO,435800,468600,1816,189,52,71,17.0,19.5
2025-11,Troparyovo-Nikulino,ZAO,424500,450500,1769,38,58,89,17.0,19.5
2025-12,Troparyovo-Nikulino,ZAO,439000,477500,1829,183,62,83,17.0,19.5
2026-01,Troparyovo-Nikulino,ZAO,428000,461900,1783,158,10,100,17.0,19.5
2026-02,Troparyovo-Nikulino,ZAO,430800,471100,1795,46,29,37,17.0,19.5
2026-03,Troparyovo-Nikulino,ZAO,438700,468600,1828,99,42,111,17.0,19.5
2026-04,Troparyovo-Nikulino,ZAO,439100,472900,1830,172,58,86,17.0,19.5
2020-01,Filyovsky Park,ZAO,300100,340100,1250,84,79,65,6.0,8.5
2020-02,Filyovsky Park,ZAO,298900,331700,1245,27,33,19,6.0,8.5
2020-03,Filyovsky Park,ZAO,303300,336800,1264,58,43,58,6.0,8.5
2020-04,Filyovsky Park,ZAO,308300,334800,1285,56,66,58,4.25,6.75
2020-05,Filyovsky Park,ZAO,310500,343100,1294,165,23,104,4.25,6.75
2020-06,Filyovsky Park,ZAO,318100,346500,1325,177,12,119,4.25,6.75
2020-07,Filyovsky Park,ZAO,324000,362800,1350,51,29,64,4.25,6.75
2020-08,Filyovsky Park,ZAO,326800,368300,1362,89,21,71,4.25,6.75
2020-09,Filyovsky Park,ZAO,338700,359500,1411,142,14,86,4.25,6.75
2020-10,Filyovsky Park,ZAO,343700,391600,1432,130,75,23,4.25,6.75
2020-11,Filyovsky Park,ZAO,336200,359100,1401,89,44,66,4.25,6.75
2020-12,Filyovsky Park,ZAO,338600,372900,1411,92,8,103,4.25,6.75
2021-01,Filyovsky Park,ZAO,342500,380100,1427,122,23,94,4.25,6.75
2021-02,Filyovsky Park,ZAO,356900,391600,1487,80,27,76,4.25,6.75
2021-03,Filyovsky Park,ZAO,348000,391200,1450,121,20,93,4.25,6.75
2021-04,Filyovsky Park,ZAO,359800,379300,1499,70,28,73,8.5,11.0
2021-05,Filyovsky Park,ZAO,376100,400800,1567,24,26,96,8.5,11.0
2021-06,Filyovsky Park,ZAO,375600,412000,1565,169,45,62,8.5,11.0
2021-07,Filyovsky Park,ZAO,381200,416600,1588,138,39,20,8.5,11.0
2021-08,Filyovsky Park,ZAO,387800,421500,1616,88,64,99,8.5,11.0
2021-09,Filyovsky Park,ZAO,382400,416000,1593,118,31,38,8.5,11.0
2021-10,Filyovsky Park,ZAO,383200,411000,1597,192,20,96,8.5,11.0
2021-11,Filyovsky Park,ZAO,377900,420900,1574,74,39,97,8.5,11.0
2021-12,Filyovsky Park,ZAO,396500,435600,1652,179,67,97,8.5,11.0
2022-01,Filyovsky Park,ZAO,388400,431400,1618,109,76,45,20.0,22.5
2022-02,Filyovsky Park,ZAO,411700,425600,1715,76,60,42,20.0,22.5
2022-03,Filyovsky Park,ZAO,391700,430300,1632,180,55,30,20.0,22.5
2022-04,Filyovsky Park,ZAO,382000,423800,1592,127,41,51,9.5,12.0
2022-05,Filyovsky Park,ZAO,383500,425400,1598,37,52,27,9.5,12.0
2022-06,Filyovsky Park,ZAO,386300,423400,1610,162,29,46,9.5,12.0
2022-07,Filyovsky Park,ZAO,397500,451900,1656,184,46,81,9.5,12.0
2022-08,Filyovsky Park,ZAO,401800,431900,1674,130,20,101,9.5,12.0
2022-09,Filyovsky Park,ZAO,400900,449300,1671,151,49,100,9.5,12.0
2022-10,Filyovsky Park,ZAO,410900,440800,1712,192,59,35,7.5,10.0
2022-11,Filyovsky Park,ZAO,402900,431100,1679,175,18,66,7.5,10.0
2022-12,Filyovsky Park,ZAO,434500,485200,1810,127,42,53,7.5,10.0
2023-01,Filyovsky Park,ZAO,404100,457700,1684,114,13,33,7.5,10.0
2023-02,Filyovsky Park,ZAO,415300,466700,1731,111,26,30,7.5,10.0
2023-03,Filyovsky Park,ZAO,408700,456600,1703,166,51,75,7.5,10.0
2023-04,Filyovsky Park,ZAO,449600,508400,1873,72,53,52,7.5,10.0
2023-05,Filyovsky Park,ZAO,433600,485400,1807,167,32,48,7.5,10.0
2023-06,Filyovsky Park,ZAO,431400,478100,1798,118,47,71,7.5,10.0
2023-07,Filyovsky Park,ZAO,442000,499900,1842,84,14,27,13.0,15.5
2023-08,Filyovsky Park,ZAO,443800,498400,1849,189,40,48,13.0,15.5
2023-09,Filyovsky Park,ZAO,420000,450300,1750,191,40,46,13.0,15.5
2023-10,Filyovsky Park,ZAO,462800,512400,1928,47,15,45,13.0,15.5
2023-11,Filyovsky Park,ZAO,443400,462700,1848,104,22,10,13.0,15.5
2023-12,Filyovsky Park,ZAO,458700,488800,1911,45,41,65,13.0,15.5
2024-01,Filyovsky Park,ZAO,438100,477000,1826,53,67,61,16.0,18.5
2024-02,Filyovsky Park,ZAO,450500,531500,1877,63,48,39,16.0,18.5
2024-03,Filyovsky Park,ZAO,482600,522200,2011,52,42,14,16.0,18.5
2024-04,Filyovsky Park,ZAO,449700,492500,1874,142,60,81,16.0,18.5
2024-05,Filyovsky Park,ZAO,452400,491500,1885,141,38,22,16.0,18.5
2024-06,Filyovsky Park,ZAO,440000,487200,1833,45,70,49,16.0,18.5
2024-07,Filyovsky Park,ZAO,444500,502200,1852,153,23,80,16.0,18.5
2024-08,Filyovsky Park,ZAO,454200,524500,1893,129,71,74,16.0,18.5
2024-09,Filyovsky Park,ZAO,478700,505800,1995,57,14,78,16.0,18.5
2024-10,Filyovsky Park,ZAO,463100,498900,1930,100,19,40,21.0,23.5
2024-11,Filyovsky Park,ZAO,452600,517800,1886,158,24,57,21.0,23.5
2024-12,Filyovsky Park,ZAO,446900,501500,1862,44,72,95,21.0,23.5
2025-01,Filyovsky Park,ZAO,416200,476400,1734,51,72,11,21.0,23.5
2025-02,Filyovsky Park,ZAO,455600,494100,1898,62,61,44,21.0,23.5
2025-03,Filyovsky Park,ZAO,446800,476300,1862,147,68,41,21.0,23.5
2025-04,Filyovsky Park,ZAO,443500,498500,1848,43,10,98,21.0,23.5
2025-05,Filyovsky Park,ZAO,438400,485700,1827,165,46,54,21.0,23.5
2025-06,Filyovsky Park,ZAO,447400,497400,1864,174,68,115,21.0,23.5
2025-07,Filyovsky Park,ZAO,453000,496300,1888,135,5,22,17.0,19.5
2025-08,Filyovsky Park,ZAO,429100,453400,1788,129,79,46,17.0,19.5
2025-09,Filyovsky Park,ZAO,443800,490300,1849,100,55,89,17.0,19.5
2025-10,Filyovsky Park,ZAO,435400,492100,1814,194,59,69,17.0,19.5
2025-11,Filyovsky Park,ZAO,446700,508900,1861,50,76,56,17.0,19.5
2025-12,Filyovsky Park,ZAO,455300,499600,1897,24,46,64,17.0,19.5
2026-01,Filyovsky Park,ZAO,450600,507300,1877,119,64,32,17.0,19.5
2026-02,Filyovsky Park,ZAO,457200,494900,1905,96,13,31,17.0,19.5
2026-03,Filyovsky Park,ZAO,450500,481500,1877,181,29,37,17.0,19.5
2026-04,Filyovsky Park,ZAO,462000,511000,1925,98,39,21,17.0,19.5
2020-01,Fili-Davydkovo,ZAO,277300,308900,1155,141,58,46,6.0,8.5
2020-02,Fili-Davydkovo,ZAO,281600,315200,1173,65,63,24,6.0,8.5
2020-03,Fili-Davydkovo,ZAO,289400,312400,1206,130,69,116,6.0,8.5
2020-04,Fili-Davydkovo,ZAO,274200,303200,1143,29,74,92,4.25,6.75
2020-05,Fili-Davydkovo,ZAO,295500,327900,1231,78,69,14,4.25,6.75
2020-06,Fili-Davydkovo,ZAO,294000,321700,1225,25,67,111,4.25,6.75
2020-07,Fili-Davydkovo,ZAO,285300,308900,1189,112,46,28,4.25,6.75
2020-08,Fili-Davydkovo,ZAO,302800,351600,1261,31,17,47,4.25,6.75
2020-09,Fili-Davydkovo,ZAO,323700,360500,1349,118,15,29,4.25,6.75
2020-10,Fili-Davydkovo,ZAO,320400,357600,1335,36,12,55,4.25,6.75
2020-11,Fili-Davydkovo,ZAO,302500,346300,1260,124,45,77,4.25,6.75
2020-12,Fili-Davydkovo,ZAO,321400,372600,1339,32,52,18,4.25,6.75
2021-01,Fili-Davydkovo,ZAO,325400,371000,1356,34,25,26,4.25,6.75
2021-02,Fili-Davydkovo,ZAO,336600,369300,1403,86,48,116,4.25,6.75
2021-03,Fili-Davydkovo,ZAO,351200,383900,1463,199,77,49,4.25,6.75
2021-04,Fili-Davydkovo,ZAO,327600,354900,1365,198,18,75,8.5,11.0
2021-05,Fili-Davydkovo,ZAO,342000,372700,1425,65,59,33,8.5,11.0
2021-06,Fili-Davydkovo,ZAO,346300,383800,1443,147,26,82,8.5,11.0
2021-07,Fili-Davydkovo,ZAO,362300,412500,1510,114,60,69,8.5,11.0
2021-08,Fili-Davydkovo,ZAO,377400,413300,1572,54,7,45,8.5,11.0
2021-09,Fili-Davydkovo,ZAO,374200,404800,1559,126,52,75,8.5,11.0
2021-10,Fili-Davydkovo,ZAO,375500,412600,1565,114,34,13,8.5,11.0
2021-11,Fili-Davydkovo,ZAO,380900,411700,1587,43,25,106,8.5,11.0
2021-12,Fili-Davydkovo,ZAO,370900,444100,1546,126,22,40,8.5,11.0
2022-01,Fili-Davydkovo,ZAO,397000,447400,1654,21,78,27,20.0,22.5
2022-02,Fili-Davydkovo,ZAO,396200,444600,1651,94,22,33,20.0,22.5
2022-03,Fili-Davydkovo,ZAO,375200,419400,1563,154,78,56,20.0,22.5
2022-04,Fili-Davydkovo,ZAO,350200,391800,1459,32,74,108,9.5,12.0
2022-05,Fili-Davydkovo,ZAO,363900,402000,1516,198,66,92,9.5,12.0
2022-06,Fili-Davydkovo,ZAO,370700,408100,1545,49,40,109,9.5,12.0
2022-07,Fili-Davydkovo,ZAO,384700,435000,1603,64,48,30,9.5,12.0
2022-08,Fili-Davydkovo,ZAO,386500,429600,1610,133,62,19,9.5,12.0
2022-09,Fili-Davydkovo,ZAO,403400,429600,1681,162,77,88,9.5,12.0
2022-10,Fili-Davydkovo,ZAO,385400,432300,1606,89,31,73,7.5,10.0
2022-11,Fili-Davydkovo,ZAO,388700,442500,1619,139,25,51,7.5,10.0
2022-12,Fili-Davydkovo,ZAO,393900,434800,1641,195,32,82,7.5,10.0
2023-01,Fili-Davydkovo,ZAO,393900,451500,1641,125,13,97,7.5,10.0
2023-02,Fili-Davydkovo,ZAO,397900,443800,1658,82,46,77,7.5,10.0
2023-03,Fili-Davydkovo,ZAO,399000,448800,1662,46,16,77,7.5,10.0
2023-04,Fili-Davydkovo,ZAO,405800,447100,1691,45,33,57,7.5,10.0
2023-05,Fili-Davydkovo,ZAO,421600,446200,1757,152,30,24,7.5,10.0
2023-06,Fili-Davydkovo,ZAO,425900,483000,1774,182,8,108,7.5,10.0
2023-07,Fili-Davydkovo,ZAO,425700,443000,1774,50,8,74,13.0,15.5
2023-08,Fili-Davydkovo,ZAO,420800,470800,1753,99,66,116,13.0,15.5
2023-09,Fili-Davydkovo,ZAO,437700,489300,1824,158,33,108,13.0,15.5
2023-10,Fili-Davydkovo,ZAO,416800,460600,1737,31,29,61,13.0,15.5
2023-11,Fili-Davydkovo,ZAO,434600,497100,1811,102,60,70,13.0,15.5
2023-12,Fili-Davydkovo,ZAO,404600,443500,1686,96,79,69,13.0,15.5
2024-01,Fili-Davydkovo,ZAO,436700,481300,1820,143,6,108,16.0,18.5
2024-02,Fili-Davydkovo,ZAO,445200,500900,1855,56,71,62,16.0,18.5
2024-03,Fili-Davydkovo,ZAO,433500,462700,1806,177,50,13,16.0,18.5
2024-04,Fili-Davydkovo,ZAO,444900,458500,1854,91,5,89,16.0,18.5
2024-05,Fili-Davydkovo,ZAO,443300,491600,1847,163,19,21,16.0,18.5
2024-06,Fili-Davydkovo,ZAO,457100,494100,1904,84,73,54,16.0,18.5
2024-07,Fili-Davydkovo,ZAO,429800,474700,1791,155,60,22,16.0,18.5
2024-08,Fili-Davydkovo,ZAO,431400,473700,1798,155,25,18,16.0,18.5
2024-09,Fili-Davydkovo,ZAO,432000,461300,1800,138,13,90,16.0,18.5
2024-10,Fili-Davydkovo,ZAO,447100,483300,1863,103,66,71,21.0,23.5
2024-11,Fili-Davydkovo,ZAO,423500,477600,1765,36,56,108,21.0,23.5
2024-12,Fili-Davydkovo,ZAO,422300,444000,1760,62,37,102,21.0,23.5
2025-01,Fili-Davydkovo,ZAO,421600,463400,1757,101,23,58,21.0,23.5
2025-02,Fili-Davydkovo,ZAO,421900,467400,1758,45,55,48,21.0,23.5
2025-03,Fili-Davydkovo,ZAO,420600,453900,1753,192,36,119,21.0,23.5
2025-04,Fili-Davydkovo,ZAO,403600,451100,1682,126,38,115,21.0,23.5
2025-05,Fili-Davydkovo,ZAO,408000,423800,1700,79,34,52,21.0,23.5
2025-06,Fili-Davydkovo,ZAO,419300,449200,1747,153,43,99,21.0,23.5
2025-07,Fili-Davydkovo,ZAO,418500,493600,1744,83,44,52,17.0,19.5
2025-08,Fili-Davydkovo,ZAO,409800,463100,1707,81,37,71,17.0,19.5
2025-09,Fili-Davydkovo,ZAO,407000,440800,1696,94,16,38,17.0,19.5
2025-10,Fili-Davydkovo,ZAO,437700,483800,1824,42,51,49,17.0,19.5
2025-11,Fili-Davydkovo,ZAO,419700,461500,1749,25,62,90,17.0,19.5
2025-12,Fili-Davydkovo,ZAO,428100,482600,1784,76,39,20,17.0,19.5
2026-01,Fili-Davydkovo,ZAO,435000,479800,1812,66,11,60,17.0,19.5
2026-02,Fili-Davydkovo,ZAO,433300,463800,1806,74,74,36,17.0,19.5
2026-03,Fili-Davydkovo,ZAO,417000,459500,1737,172,27,89,17.0,19.5
2026-04,Fili-Davydkovo,ZAO,436900,484000,1820,61,31,85,17.0,19.5
2020-01,Krylatskoye,SZAO,307900,342400,1283,46,46,28,6.0,8.5
2020-02,Krylatskoye,SZAO,303700,333000,1266,77,26,16,6.0,8.5
2020-03,Krylatskoye,SZAO,297000,329400,1238,42,46,57,6.0,8.5
2020-04,Krylatskoye,SZAO,300700,318500,1253,73,16,83,4.25,6.75
2020-05,Krylatskoye,SZAO,310300,353100,1293,48,65,87,4.25,6.75
2020-06,Krylatskoye,SZAO,307200,334200,1280,20,46,119,4.25,6.75
2020-07,Krylatskoye,SZAO,316100,344100,1317,187,18,79,4.25,6.75
2020-08,Krylatskoye,SZAO,331600,355100,1382,71,38,80,4.25,6.75
2020-09,Krylatskoye,SZAO,331700,346300,1382,62,25,27,4.25,6.75
2020-10,Krylatskoye,SZAO,342500,376200,1427,59,8,90,4.25,6.75
2020-11,Krylatskoye,SZAO,355600,392600,1482,129,40,84,4.25,6.75
2020-12,Krylatskoye,SZAO,358000,388200,1492,150,27,26,4.25,6.75
2021-01,Krylatskoye,SZAO,348900,406000,1454,32,62,103,4.25,6.75
2021-02,Krylatskoye,SZAO,376600,419200,1569,156,71,109,4.25,6.75
2021-03,Krylatskoye,SZAO,382300,411700,1593,57,36,79,4.25,6.75
2021-04,Krylatskoye,SZAO,370300,399000,1543,34,68,18,8.5,11.0
2021-05,Krylatskoye,SZAO,383800,426900,1599,81,24,62,8.5,11.0
2021-06,Krylatskoye,SZAO,379200,423700,1580,63,64,78,8.5,11.0
2021-07,Krylatskoye,SZAO,385500,429200,1606,150,76,15,8.5,11.0
2021-08,Krylatskoye,SZAO,398500,441200,1660,172,26,106,8.5,11.0
2021-09,Krylatskoye,SZAO,382200,417100,1593,76,24,41,8.5,11.0
2021-10,Krylatskoye,SZAO,405600,434700,1690,146,35,25,8.5,11.0
2021-11,Krylatskoye,SZAO,390800,417300,1629,86,36,100,8.5,11.0
2021-12,Krylatskoye,SZAO,393400,422700,1639,149,54,18,8.5,11.0
2022-01,Krylatskoye,SZAO,396400,429100,1652,110,25,61,20.0,22.5
2022-02,Krylatskoye,SZAO,411700,463000,1716,195,10,15,20.0,22.5
2022-03,Krylatskoye,SZAO,399800,437200,1666,195,35,110,20.0,22.5
2022-04,Krylatskoye,SZAO,388600,428100,1619,75,60,22,9.5,12.0
2022-05,Krylatskoye,SZAO,394000,427500,1642,143,72,58,9.5,12.0
2022-06,Krylatskoye,SZAO,406000,456100,1692,179,47,118,9.5,12.0
2022-07,Krylatskoye,SZAO,401500,436900,1673,171,55,87,9.5,12.0
2022-08,Krylatskoye,SZAO,377800,418800,1574,54,58,11,9.5,12.0
2022-09,Krylatskoye,SZAO,423900,473200,1766,76,6,10,9.5,12.0
2022-10,Krylatskoye,SZAO,417300,455500,1739,159,66,16,7.5,10.0
2022-11,Krylatskoye,SZAO,414300,463500,1726,76,63,32,7.5,10.0
2022-12,Krylatskoye,SZAO,417400,476700,1739,118,30,58,7.5,10.0
2023-01,Krylatskoye,SZAO,423900,465700,1766,127,17,62,7.5,10.0
2023-02,Krylatskoye,SZAO,427900,459200,1783,116,65,90,7.5,10.0
2023-03,Krylatskoye,SZAO,447000,513000,1863,42,63,95,7.5,10.0
2023-04,Krylatskoye,SZAO,432200,482200,1801,186,6,99,7.5,10.0
2023-05,Krylatskoye,SZAO,447600,482800,1865,47,55,13,7.5,10.0
2023-06,Krylatskoye,SZAO,423900,453400,1766,177,37,25,7.5,10.0
2023-07,Krylatskoye,SZAO,437000,482100,1821,155,44,62,13.0,15.5
2023-08,Krylatskoye,SZAO,459000,507600,1912,163,30,32,13.0,15.5
2023-09,Krylatskoye,SZAO,438900,463500,1829,33,71,65,13.0,15.5
2023-10,Krylatskoye,SZAO,465300,528800,1939,74,25,118,13.0,15.5
2023-11,Krylatskoye,SZAO,458700,501400,1911,46,32,22,13.0,15.5
2023-12,Krylatskoye,SZAO,456400,505600,1902,172,30,103,13.0,15.5
2024-01,Krylatskoye,SZAO,443200,477000,1847,117,46,93,16.0,18.5
2024-02,Krylatskoye,SZAO,474700,519000,1978,154,67,84,16.0,18.5
2024-03,Krylatskoye,SZAO,480800,544500,2003,177,48,113,16.0,18.5
2024-04,Krylatskoye,SZAO,478600,533500,1994,172,7,90,16.0,18.5
2024-05,Krylatskoye,SZAO,467800,536500,1949,105,70,85,16.0,18.5
2024-06,Krylatskoye,SZAO,473500,531900,1973,81,52,92,16.0,18.5
2024-07,Krylatskoye,SZAO,458800,498300,1912,167,53,112,16.0,18.5
2024-08,Krylatskoye,SZAO,471300,528700,1964,46,43,113,16.0,18.5
2024-09,Krylatskoye,SZAO,467300,539000,1947,86,59,16,16.0,18.5
2024-10,Krylatskoye,SZAO,494600,512900,2061,190,52,101,21.0,23.5
2024-11,Krylatskoye,SZAO,454600,487600,1894,25,33,107,21.0,23.5
2024-12,Krylatskoye,SZAO,470400,515500,1960,51,31,106,21.0,23.5
2025-01,Krylatskoye,SZAO,433400,497900,1806,61,54,16,21.0,23.5
2025-02,Krylatskoye,SZAO,448400,496600,1868,192,26,10,21.0,23.5
2025-03,Krylatskoye,SZAO,459700,511100,1916,150,7,114,21.0,23.5
2025-04,Krylatskoye,SZAO,450800,491200,1879,164,69,43,21.0,23.5
2025-05,Krylatskoye,SZAO,452300,499900,1884,118,35,62,21.0,23.5
2025-06,Krylatskoye,SZAO,433800,464200,1807,125,57,110,21.0,23.5
2025-07,Krylatskoye,SZAO,441400,495300,1839,160,45,33,17.0,19.5
2025-08,Krylatskoye,SZAO,431200,467100,1797,165,55,81,17.0,19.5
2025-09,Krylatskoye,SZAO,445000,517300,1854,92,71,68,17.0,19.5
2025-10,Krylatskoye,SZAO,450200,486600,1876,198,16,59,17.0,19.5
2025-11,Krylatskoye,SZAO,459300,506700,1914,40,59,115,17.0,19.5
2025-12,Krylatskoye,SZAO,455500,491900,1898,137,53,76,17.0,19.5
2026-01,Krylatskoye,SZAO,465100,531000,1938,67,33,87,17.0,19.5
2026-02,Krylatskoye,SZAO,448000,494100,1867,93,7,78,17.0,19.5
2026-03,Krylatskoye,SZAO,466900,504500,1945,84,31,65,17.0,19.5
2026-04,Krylatskoye,SZAO,475000,542200,1979,107,28,31,17.0,19.5
2020-01,Kurkino,SZAO,250100,271600,1042,169,61,12,6.0,8.5
2020-02,Kurkino,SZAO,248500,267000,1036,73,22,60,6.0,8.5
2020-03,Kurkino,SZAO,258500,273300,1077,165,39,93,6.0,8.5
2020-04,Kurkino,SZAO,248600,277500,1036,101,74,104,4.25,6.75
2020-05,Kurkino,SZAO,262500,286100,1094,155,34,64,4.25,6.75
2020-06,Kurkino,SZAO,257600,281700,1073,69,37,33,4.25,6.75
2020-07,Kurkino,SZAO,262400,293500,1093,125,70,66,4.25,6.75
2020-08,Kurkino,SZAO,271400,304600,1131,72,50,34,4.25,6.75
2020-09,Kurkino,SZAO,276700,297600,1153,92,39,62,4.25,6.75
2020-10,Kurkino,SZAO,287600,330800,1198,186,68,59,4.25,6.75
2020-11,Kurkino,SZAO,283500,330300,1181,88,47,20,4.25,6.75
2020-12,Kurkino,SZAO,277400,293200,1156,181,50,18,4.25,6.75
2021-01,Kurkino,SZAO,301900,332900,1258,41,55,39,4.25,6.75
2021-02,Kurkino,SZAO,291800,333600,1216,73,23,102,4.25,6.75
2021-03,Kurkino,SZAO,303500,342500,1265,78,42,54,4.25,6.75
2021-04,Kurkino,SZAO,300300,335000,1251,34,15,45,8.5,11.0
2021-05,Kurkino,SZAO,312400,333400,1302,139,43,81,8.5,11.0
2021-06,Kurkino,SZAO,318100,353400,1325,136,72,93,8.5,11.0
2021-07,Kurkino,SZAO,318700,340300,1328,128,26,25,8.5,11.0
2021-08,Kurkino,SZAO,316700,342200,1319,154,6,68,8.5,11.0
2021-09,Kurkino,SZAO,325300,342200,1355,58,53,104,8.5,11.0
2021-10,Kurkino,SZAO,329200,364300,1372,39,68,74,8.5,11.0
2021-11,Kurkino,SZAO,328800,364100,1370,52,30,59,8.5,11.0
2021-12,Kurkino,SZAO,347000,375800,1446,141,75,43,8.5,11.0
2022-01,Kurkino,SZAO,321700,365500,1340,30,49,60,20.0,22.5
2022-02,Kurkino,SZAO,334100,372600,1392,43,65,31,20.0,22.5
2022-03,Kurkino,SZAO,340000,381100,1417,74,79,53,20.0,22.5
2022-04,Kurkino,SZAO,321300,352000,1339,160,11,62,9.5,12.0
2022-05,Kurkino,SZAO,327900,351000,1366,67,55,21,9.5,12.0
2022-06,Kurkino,SZAO,322600,346800,1344,106,77,70,9.5,12.0
2022-07,Kurkino,SZAO,330600,383000,1378,51,23,19,9.5,12.0
2022-08,Kurkino,SZAO,334500,374700,1394,78,61,78,9.5,12.0
2022-09,Kurkino,SZAO,345100,385400,1438,23,47,58,9.5,12.0
2022-10,Kurkino,SZAO,340500,368900,1419,180,49,61,7.5,10.0
2022-11,Kurkino,SZAO,331900,357500,1383,72,38,58,7.5,10.0
2022-12,Kurkino,SZAO,357900,378300,1491,71,68,49,7.5,10.0
2023-01,Kurkino,SZAO,354200,406300,1476,129,23,101,7.5,10.0
2023-02,Kurkino,SZAO,360800,381400,1503,177,37,25,7.5,10.0
2023-03,Kurkino,SZAO,361200,400800,1505,139,21,56,7.5,10.0
2023-04,Kurkino,SZAO,351000,371700,1463,155,62,17,7.5,10.0
2023-05,Kurkino,SZAO,358800,396700,1495,158,22,111,7.5,10.0
2023-06,Kurkino,SZAO,383400,422600,1597,50,59,96,7.5,10.0
2023-07,Kurkino,SZAO,373800,409800,1557,137,26,56,13.0,15.5
2023-08,Kurkino,SZAO,373500,416300,1556,37,45,96,13.0,15.5
2023-09,Kurkino,SZAO,373100,414000,1555,33,76,53,13.0,15.5
2023-10,Kurkino,SZAO,362300,415400,1510,175,75,99,13.0,15.5
2023-11,Kurkino,SZAO,374600,396500,1561,199,57,11,13.0,15.5
2023-12,Kurkino,SZAO,367800,416300,1533,114,43,78,13.0,15.5
2024-01,Kurkino,SZAO,383800,431400,1599,22,46,71,16.0,18.5
2024-02,Kurkino,SZAO,364400,385000,1518,190,41,111,16.0,18.5
2024-03,Kurkino,SZAO,395500,425500,1648,94,70,19,16.0,18.5
2024-04,Kurkino,SZAO,386600,436200,1611,78,37,17,16.0,18.5
2024-05,Kurkino,SZAO,393300,437400,1639,176,72,13,16.0,18.5
2024-06,Kurkino,SZAO,404200,439200,1684,99,53,33,16.0,18.5
2024-07,Kurkino,SZAO,385000,419500,1604,142,18,78,16.0,18.5
2024-08,Kurkino,SZAO,376200,416600,1568,25,61,39,16.0,18.5
2024-09,Kurkino,SZAO,377900,432900,1575,158,29,93,16.0,18.5
2024-10,Kurkino,SZAO,389500,441100,1623,22,43,21,21.0,23.5
2024-11,Kurkino,SZAO,382500,412900,1594,30,34,36,21.0,23.5
2024-12,Kurkino,SZAO,364800,412100,1520,99,23,106,21.0,23.5
2025-01,Kurkino,SZAO,365000,412400,1521,21,24,25,21.0,23.5
2025-02,Kurkino,SZAO,380300,407300,1584,175,71,10,21.0,23.5
2025-03,Kurkino,SZAO,383600,411000,1598,150,22,48,21.0,23.5
2025-04,Kurkino,SZAO,373900,400100,1558,179,72,65,21.0,23.5
2025-05,Kurkino,SZAO,386900,440900,1612,158,75,33,21.0,23.5
2025-06,Kurkino,SZAO,364200,400800,1517,166,69,77,21.0,23.5
2025-07,Kurkino,SZAO,377700,403500,1574,94,19,61,17.0,19.5
2025-08,Kurkino,SZAO,378100,430200,1575,114,11,15,17.0,19.5
2025-09,Kurkino,SZAO,350300,385000,1460,159,33,54,17.0,19.5
2025-10,Kurkino,SZAO,370200,402100,1542,38,42,45,17.0,19.5
2025-11,Kurkino,SZAO,385100,435300,1604,139,77,74,17.0,19.5
2025-12,Kurkino,SZAO,380900,405400,1587,80,34,65,17.0,19.5
2026-01,Kurkino,SZAO,379600,418100,1582,58,57,19,17.0,19.5
2026-02,Kurkino,SZAO,364400,401400,1518,108,54,111,17.0,19.5
2026-03,Kurkino,SZAO,357700,398200,1490,67,13,69,17.0,19.5
2026-04,Kurkino,SZAO,392000,436800,1633,27,61,44,17.0,19.5
2020-01,Mitino,SZAO,206600,228300,861,192,39,115,6.0,8.5
2020-02,Mitino,SZAO,206700,221300,861,185,76,96,6.0,8.5
2020-03,Mitino,SZAO,219400,237400,914,43,75,90,6.0,8.5
2020-04,Mitino,SZAO,215000,240700,896,128,71,80,4.25,6.75
2020-05,Mitino,SZAO,227600,242400,949,121,68,58,4.25,6.75
2020-06,Mitino,SZAO,217800,247200,908,119,8,89,4.25,6.75
2020-07,Mitino,SZAO,229200,239400,955,45,11,68,4.25,6.75
2020-08,Mitino,SZAO,226500,244000,944,30,12,42,4.25,6.75
2020-09,Mitino,SZAO,218900,247900,912,43,78,118,4.25,6.75
2020-10,Mitino,SZAO,237300,258900,989,131,28,28,4.25,6.75
2020-11,Mitino,SZAO,241600,265100,1006,188,22,41,4.25,6.75
2020-12,Mitino,SZAO,245400,274400,1022,25,39,59,4.25,6.75
2021-01,Mitino,SZAO,249800,276900,1041,20,50,90,4.25,6.75
2021-02,Mitino,SZAO,239600,270900,998,148,7,24,4.25,6.75
2021-03,Mitino,SZAO,261800,288700,1091,72,58,114,4.25,6.75
2021-04,Mitino,SZAO,256600,298800,1069,143,78,82,8.5,11.0
2021-05,Mitino,SZAO,262100,285300,1092,154,69,65,8.5,11.0
2021-06,Mitino,SZAO,253900,270900,1058,35,8,108,8.5,11.0
2021-07,Mitino,SZAO,272900,287600,1137,106,63,111,8.5,11.0
2021-08,Mitino,SZAO,271000,291600,1129,187,16,76,8.5,11.0
2021-09,Mitino,SZAO,280600,307900,1169,84,17,58,8.5,11.0
2021-10,Mitino,SZAO,277400,313700,1156,57,37,26,8.5,11.0
2021-11,Mitino,SZAO,276600,296500,1152,34,10,58,8.5,11.0
2021-12,Mitino,SZAO,292600,319400,1219,173,71,75,8.5,11.0
2022-01,Mitino,SZAO,291400,309300,1214,22,8,106,20.0,22.5
2022-02,Mitino,SZAO,289900,324500,1208,100,71,38,20.0,22.5
2022-03,Mitino,SZAO,286000,309300,1192,52,49,49,20.0,22.5
2022-04,Mitino,SZAO,268900,292300,1121,100,64,24,9.5,12.0
2022-05,Mitino,SZAO,278100,289100,1159,96,52,44,9.5,12.0
2022-06,Mitino,SZAO,284800,312900,1187,79,46,104,9.5,12.0
2022-07,Mitino,SZAO,273300,275200,1139,98,12,25,9.5,12.0
2022-08,Mitino,SZAO,290000,325000,1208,157,50,44,9.5,12.0
2022-09,Mitino,SZAO,277900,297300,1158,130,10,16,9.5,12.0
2022-10,Mitino,SZAO,282100,301200,1175,41,22,60,7.5,10.0
2022-11,Mitino,SZAO,287600,323500,1198,55,40,16,7.5,10.0
2022-12,Mitino,SZAO,280100,310700,1167,140,74,63,7.5,10.0
2023-01,Mitino,SZAO,293500,314300,1223,138,21,49,7.5,10.0
2023-02,Mitino,SZAO,290500,322600,1210,180,28,80,7.5,10.0
2023-03,Mitino,SZAO,300600,327200,1252,111,79,29,7.5,10.0
2023-04,Mitino,SZAO,310000,351500,1292,121,30,26,7.5,10.0
2023-05,Mitino,SZAO,309300,339700,1289,87,35,31,7.5,10.0
2023-06,Mitino,SZAO,303000,335400,1263,67,70,65,7.5,10.0
2023-07,Mitino,SZAO,318400,342300,1327,129,68,111,13.0,15.5
2023-08,Mitino,SZAO,319500,366900,1331,56,57,60,13.0,15.5
2023-09,Mitino,SZAO,305400,328000,1273,157,52,75,13.0,15.5
2023-10,Mitino,SZAO,314900,351000,1312,20,20,25,13.0,15.5
2023-11,Mitino,SZAO,311400,347000,1297,155,71,91,13.0,15.5
2023-12,Mitino,SZAO,330900,368000,1379,153,66,37,13.0,15.5
2024-01,Mitino,SZAO,334300,380100,1393,70,48,108,16.0,18.5
2024-02,Mitino,SZAO,316100,361400,1317,159,79,102,16.0,18.5
2024-03,Mitino,SZAO,318000,343200,1325,179,13,100,16.0,18.5
2024-04,Mitino,SZAO,333700,352000,1390,37,15,12,16.0,18.5
2024-05,Mitino,SZAO,326700,354400,1361,100,47,35,16.0,18.5
2024-06,Mitino,SZAO,312400,330800,1302,160,40,88,16.0,18.5
2024-07,Mitino,SZAO,318600,345000,1327,39,72,36,16.0,18.5
2024-08,Mitino,SZAO,318800,371900,1328,129,13,86,16.0,18.5
2024-09,Mitino,SZAO,333000,361200,1387,37,28,51,16.0,18.5
2024-10,Mitino,SZAO,318700,360500,1328,121,46,22,21.0,23.5
2024-11,Mitino,SZAO,319100,353200,1330,21,55,106,21.0,23.5
2024-12,Mitino,SZAO,323600,339800,1348,73,74,88,21.0,23.5
2025-01,Mitino,SZAO,313300,335600,1305,105,58,57,21.0,23.5
2025-02,Mitino,SZAO,320500,349500,1335,176,23,85,21.0,23.5
2025-03,Mitino,SZAO,313100,328800,1304,124,52,24,21.0,23.5
2025-04,Mitino,SZAO,306800,345000,1278,43,7,22,21.0,23.5
2025-05,Mitino,SZAO,332500,362000,1385,163,20,113,21.0,23.5
2025-06,Mitino,SZAO,313100,345700,1305,157,78,96,21.0,23.5
2025-07,Mitino,SZAO,320100,348900,1334,98,57,106,17.0,19.5
2025-08,Mitino,SZAO,316900,358600,1321,154,61,59,17.0,19.5
2025-09,Mitino,SZAO,322000,366100,1342,25,53,119,17.0,19.5
2025-10,Mitino,SZAO,318300,371900,1326,179,25,23,17.0,19.5
2025-11,Mitino,SZAO,308000,338600,1283,105,17,106,17.0,19.5
2025-12,Mitino,SZAO,305200,337400,1272,102,64,31,17.0,19.5
2026-01,Mitino,SZAO,322300,368900,1343,90,26,70,17.0,19.5
2026-02,Mitino,SZAO,317300,344000,1322,125,15,11,17.0,19.5
2026-03,Mitino,SZAO,321000,355000,1337,109,43,93,17.0,19.5
2026-04,Mitino,SZAO,323100,357300,1346,126,69,26,17.0,19.5
2020-01,Pokrovskoye-Streshnevo,SZAO,233200,260200,971,164,5,97,6.0,8.5
2020-02,Pokrovskoye-Streshnevo,SZAO,233400,252900,973,52,32,73,6.0,8.5
2020-03,Pokrovskoye-Streshnevo,SZAO,235500,253200,981,133,79,102,6.0,8.5
2020-04,Pokrovskoye-Streshnevo,SZAO,244100,268700,1017,95,23,101,4.25,6.75
2020-05,Pokrovskoye-Streshnevo,SZAO,243000,265500,1013,129,48,11,4.25,6.75
2020-06,Pokrovskoye-Streshnevo,SZAO,251400,278100,1047,188,55,89,4.25,6.75
2020-07,Pokrovskoye-Streshnevo,SZAO,236700,258200,986,67,29,67,4.25,6.75
2020-08,Pokrovskoye-Streshnevo,SZAO,247900,258400,1033,130,59,60,4.25,6.75
2020-09,Pokrovskoye-Streshnevo,SZAO,262300,292600,1093,44,24,82,4.25,6.75
2020-10,Pokrovskoye-Streshnevo,SZAO,260500,286900,1085,140,77,74,4.25,6.75
2020-11,Pokrovskoye-Streshnevo,SZAO,252900,270800,1054,73,47,11,4.25,6.75
2020-12,Pokrovskoye-Streshnevo,SZAO,266200,290200,1109,166,46,14,4.25,6.75
2021-01,Pokrovskoye-Streshnevo,SZAO,274800,302000,1145,169,54,40,4.25,6.75
2021-02,Pokrovskoye-Streshnevo,SZAO,281400,299900,1173,133,71,77,4.25,6.75
2021-03,Pokrovskoye-Streshnevo,SZAO,277600,303800,1157,183,36,13,4.25,6.75
2021-04,Pokrovskoye-Streshnevo,SZAO,298900,322500,1246,167,6,79,8.5,11.0
2021-05,Pokrovskoye-Streshnevo,SZAO,292400,311400,1218,106,12,88,8.5,11.0
2021-06,Pokrovskoye-Streshnevo,SZAO,295600,327900,1232,142,28,102,8.5,11.0
2021-07,Pokrovskoye-Streshnevo,SZAO,297800,331300,1241,177,7,76,8.5,11.0
2021-08,Pokrovskoye-Streshnevo,SZAO,293800,326000,1224,72,24,58,8.5,11.0
2021-09,Pokrovskoye-Streshnevo,SZAO,297500,318400,1240,122,40,45,8.5,11.0
2021-10,Pokrovskoye-Streshnevo,SZAO,312900,350300,1304,37,6,107,8.5,11.0
2021-11,Pokrovskoye-Streshnevo,SZAO,317700,340500,1324,106,52,11,8.5,11.0
2021-12,Pokrovskoye-Streshnevo,SZAO,309000,333700,1288,153,50,60,8.5,11.0
2022-01,Pokrovskoye-Streshnevo,SZAO,341300,370200,1422,173,43,66,20.0,22.5
2022-02,Pokrovskoye-Streshnevo,SZAO,314500,341500,1310,22,30,91,20.0,22.5
2022-03,Pokrovskoye-Streshnevo,SZAO,299600,335100,1248,53,25,99,20.0,22.5
2022-04,Pokrovskoye-Streshnevo,SZAO,313500,354600,1306,20,56,85,9.5,12.0
2022-05,Pokrovskoye-Streshnevo,SZAO,305900,330400,1274,55,48,100,9.5,12.0
2022-06,Pokrovskoye-Streshnevo,SZAO,316100,342500,1317,78,36,18,9.5,12.0
2022-07,Pokrovskoye-Streshnevo,SZAO,305600,338200,1273,43,47,51,9.5,12.0
2022-08,Pokrovskoye-Streshnevo,SZAO,324800,367500,1354,20,66,71,9.5,12.0
2022-09,Pokrovskoye-Streshnevo,SZAO,321500,340000,1339,32,23,87,9.5,12.0
2022-10,Pokrovskoye-Streshnevo,SZAO,323000,363800,1346,185,70,38,7.5,10.0
2022-11,Pokrovskoye-Streshnevo,SZAO,328900,353500,1370,57,53,83,7.5,10.0
2022-12,Pokrovskoye-Streshnevo,SZAO,332300,363900,1385,118,8,26,7.5,10.0
2023-01,Pokrovskoye-Streshnevo,SZAO,342800,386800,1428,163,61,111,7.5,10.0
2023-02,Pokrovskoye-Streshnevo,SZAO,340000,374600,1417,157,39,91,7.5,10.0
2023-03,Pokrovskoye-Streshnevo,SZAO,346000,376200,1442,138,61,29,7.5,10.0
2023-04,Pokrovskoye-Streshnevo,SZAO,337100,377800,1405,137,66,16,7.5,10.0
2023-05,Pokrovskoye-Streshnevo,SZAO,349100,401600,1455,132,70,11,7.5,10.0
2023-06,Pokrovskoye-Streshnevo,SZAO,356200,382400,1484,102,10,69,7.5,10.0
2023-07,Pokrovskoye-Streshnevo,SZAO,364400,393900,1518,117,41,68,13.0,15.5
2023-08,Pokrovskoye-Streshnevo,SZAO,353600,396900,1473,198,54,28,13.0,15.5
2023-09,Pokrovskoye-Streshnevo,SZAO,356000,405000,1483,113,33,47,13.0,15.5
2023-10,Pokrovskoye-Streshnevo,SZAO,351800,388600,1466,196,13,49,13.0,15.5
2023-11,Pokrovskoye-Streshnevo,SZAO,343600,391600,1432,91,74,79,13.0,15.5
2023-12,Pokrovskoye-Streshnevo,SZAO,355900,392400,1483,139,44,81,13.0,15.5
2024-01,Pokrovskoye-Streshnevo,SZAO,359300,405900,1497,135,18,106,16.0,18.5
2024-02,Pokrovskoye-Streshnevo,SZAO,363700,396000,1515,162,57,108,16.0,18.5
2024-03,Pokrovskoye-Streshnevo,SZAO,366000,401500,1525,133,72,11,16.0,18.5
2024-04,Pokrovskoye-Streshnevo,SZAO,372200,396800,1551,166,43,50,16.0,18.5
2024-05,Pokrovskoye-Streshnevo,SZAO,371000,401300,1546,196,73,17,16.0,18.5
2024-06,Pokrovskoye-Streshnevo,SZAO,353800,388000,1474,163,45,100,16.0,18.5
2024-07,Pokrovskoye-Streshnevo,SZAO,368600,410600,1536,84,68,69,16.0,18.5
2024-08,Pokrovskoye-Streshnevo,SZAO,358600,406700,1494,124,65,19,16.0,18.5
2024-09,Pokrovskoye-Streshnevo,SZAO,356300,396600,1484,57,21,66,16.0,18.5
2024-10,Pokrovskoye-Streshnevo,SZAO,367300,396500,1530,125,71,54,21.0,23.5
2024-11,Pokrovskoye-Streshnevo,SZAO,353600,392600,1473,111,67,16,21.0,23.5
2024-12,Pokrovskoye-Streshnevo,SZAO,350300,385500,1460,141,56,41,21.0,23.5
2025-01,Pokrovskoye-Streshnevo,SZAO,348100,384400,1451,137,42,51,21.0,23.5
2025-02,Pokrovskoye-Streshnevo,SZAO,344900,378800,1437,183,77,117,21.0,23.5
2025-03,Pokrovskoye-Streshnevo,SZAO,342400,386300,1427,157,25,68,21.0,23.5
2025-04,Pokrovskoye-Streshnevo,SZAO,345300,385000,1439,165,79,16,21.0,23.5
2025-05,Pokrovskoye-Streshnevo,SZAO,346300,374500,1443,110,40,102,21.0,23.5
2025-06,Pokrovskoye-Streshnevo,SZAO,376500,421500,1569,26,8,77,21.0,23.5
2025-07,Pokrovskoye-Streshnevo,SZAO,368000,405800,1534,197,12,76,17.0,19.5
2025-08,Pokrovskoye-Streshnevo,SZAO,362200,394300,1509,136,15,30,17.0,19.5
2025-09,Pokrovskoye-Streshnevo,SZAO,346000,387800,1442,112,6,19,17.0,19.5
2025-10,Pokrovskoye-Streshnevo,SZAO,369100,412500,1538,190,40,16,17.0,19.5
2025-11,Pokrovskoye-Streshnevo,SZAO,345700,375900,1441,100,69,91,17.0,19.5
2025-12,Pokrovskoye-Streshnevo,SZAO,358700,379900,1495,37,61,92,17.0,19.5
2026-01,Pokrovskoye-Streshnevo,SZAO,363200,393700,1513,146,32,86,17.0,19.5
2026-02,Pokrovskoye-Streshnevo,SZAO,372700,414600,1553,192,27,99,17.0,19.5
2026-03,Pokrovskoye-Streshnevo,SZAO,349600,380900,1457,152,56,116,17.0,19.5
2026-04,Pokrovskoye-Streshnevo,SZAO,356100,397700,1484,73,78,105,17.0,19.5
2020-01,Severnoye Tushino,SZAO,211300,232000,880,93,14,17,6.0,8.5
2020-02,Severnoye Tushino,SZAO,213400,242100,889,40,29,28,6.0,8.5
2020-03,Severnoye Tushino,SZAO,223400,250300,931,96,63,32,6.0,8.5
2020-04,Severnoye Tushino,SZAO,219600,231000,915,111,23,44,4.25,6.75
2020-05,Severnoye Tushino,SZAO,227800,251700,949,60,67,33,4.25,6.75
2020-06,Severnoye Tushino,SZAO,237200,256700,988,169,5,83,4.25,6.75
2020-07,Severnoye Tushino,SZAO,225300,242200,939,159,43,37,4.25,6.75
2020-08,Severnoye Tushino,SZAO,230400,236200,960,89,32,85,4.25,6.75
2020-09,Severnoye Tushino,SZAO,237500,252400,990,97,20,25,4.25,6.75
2020-10,Severnoye Tushino,SZAO,244000,277200,1017,124,55,79,4.25,6.75
2020-11,Severnoye Tushino,SZAO,242000,267200,1008,43,50,61,4.25,6.75
2020-12,Severnoye Tushino,SZAO,251000,286200,1046,127,36,113,4.25,6.75
2021-01,Severnoye Tushino,SZAO,239800,268400,999,21,51,83,4.25,6.75
2021-02,Severnoye Tushino,SZAO,262100,295000,1092,100,20,119,4.25,6.75
2021-03,Severnoye Tushino,SZAO,253400,277600,1056,35,44,21,4.25,6.75
2021-04,Severnoye Tushino,SZAO,258200,296100,1076,197,69,28,8.5,11.0
2021-05,Severnoye Tushino,SZAO,270900,308800,1129,52,60,57,8.5,11.0
2021-06,Severnoye Tushino,SZAO,269500,290900,1123,183,5,114,8.5,11.0
2021-07,Severnoye Tushino,SZAO,271700,309900,1132,91,41,12,8.5,11.0
2021-08,Severnoye Tushino,SZAO,273200,296800,1138,154,59,64,8.5,11.0
2021-09,Severnoye Tushino,SZAO,273900,296000,1141,132,18,39,8.5,11.0
2021-10,Severnoye Tushino,SZAO,291100,331500,1213,30,48,87,8.5,11.0
2021-11,Severnoye Tushino,SZAO,297800,323400,1241,191,8,71,8.5,11.0
2021-12,Severnoye Tushino,SZAO,284900,322900,1187,189,53,106,8.5,11.0
2022-01,Severnoye Tushino,SZAO,285400,316400,1189,113,21,119,20.0,22.5
2022-02,Severnoye Tushino,SZAO,288500,321000,1202,133,46,95,20.0,22.5
2022-03,Severnoye Tushino,SZAO,288100,308500,1201,184,10,21,20.0,22.5
2022-04,Severnoye Tushino,SZAO,274500,306100,1144,22,75,10,9.5,12.0
2022-05,Severnoye Tushino,SZAO,285200,331600,1188,117,54,34,9.5,12.0
2022-06,Severnoye Tushino,SZAO,284000,319100,1183,169,26,97,9.5,12.0
2022-07,Severnoye Tushino,SZAO,290700,314300,1211,95,31,47,9.5,12.0
2022-08,Severnoye Tushino,SZAO,297000,327000,1237,147,74,27,9.5,12.0
2022-09,Severnoye Tushino,SZAO,303200,341000,1263,132,7,107,9.5,12.0
2022-10,Severnoye Tushino,SZAO,304100,334900,1267,129,45,35,7.5,10.0
2022-11,Severnoye Tushino,SZAO,291300,317100,1214,173,35,34,7.5,10.0
2022-12,Severnoye Tushino,SZAO,297900,335400,1241,114,7,19,7.5,10.0
2023-01,Severnoye Tushino,SZAO,298400,332800,1243,163,75,82,7.5,10.0
2023-02,Severnoye Tushino,SZAO,297700,343800,1240,153,68,116,7.5,10.0
2023-03,Severnoye Tushino,SZAO,314200,342800,1309,130,11,14,7.5,10.0
2023-04,Severnoye Tushino,SZAO,307700,337500,1282,174,24,59,7.5,10.0
2023-05,Severnoye Tushino,SZAO,309900,349100,1291,89,42,85,7.5,10.0
2023-06,Severnoye Tushino,SZAO,313600,350500,1306,142,23,40,7.5,10.0
2023-07,Severnoye Tushino,SZAO,322900,363400,1345,57,19,67,13.0,15.5
2023-08,Severnoye Tushino,SZAO,328700,354300,1369,140,64,106,13.0,15.5
2023-09,Severnoye Tushino,SZAO,326200,354500,1359,183,39,86,13.0,15.5
2023-10,Severnoye Tushino,SZAO,315100,344600,1313,152,6,115,13.0,15.5
2023-11,Severnoye Tushino,SZAO,321400,364900,1339,166,26,76,13.0,15.5
2023-12,Severnoye Tushino,SZAO,338200,373700,1409,43,56,30,13.0,15.5
2024-01,Severnoye Tushino,SZAO,332000,373700,1383,78,6,17,16.0,18.5
2024-02,Severnoye Tushino,SZAO,316600,357900,1319,90,14,12,16.0,18.5
2024-03,Severnoye Tushino,SZAO,333400,359800,1389,129,78,73,16.0,18.5
2024-04,Severnoye Tushino,SZAO,325700,365700,1357,55,76,63,16.0,18.5
2024-05,Severnoye Tushino,SZAO,328400,361700,1368,139,7,75,16.0,18.5
2024-06,Severnoye Tushino,SZAO,336600,363200,1403,182,50,16,16.0,18.5
2024-07,Severnoye Tushino,SZAO,326700,366200,1361,101,40,90,16.0,18.5
2024-08,Severnoye Tushino,SZAO,316000,358300,1317,59,60,16,16.0,18.5
2024-09,Severnoye Tushino,SZAO,341000,374300,1421,164,48,87,16.0,18.5
2024-10,Severnoye Tushino,SZAO,314700,337300,1311,39,48,16,21.0,23.5
2024-11,Severnoye Tushino,SZAO,325900,351600,1358,92,59,20,21.0,23.5
2024-12,Severnoye Tushino,SZAO,305000,353700,1271,110,62,112,21.0,23.5
2025-01,Severnoye Tushino,SZAO,341400,356800,1423,56,9,112,21.0,23.5
2025-02,Severnoye Tushino,SZAO,321200,351800,1338,89,53,51,21.0,23.5
2025-03,Severnoye Tushino,SZAO,312200,345300,1301,44,75,32,21.0,23.5
2025-04,Severnoye Tushino,SZAO,327200,354400,1363,128,58,68,21.0,23.5
2025-05,Severnoye Tushino,SZAO,330800,362900,1378,39,7,16,21.0,23.5
2025-06,Severnoye Tushino,SZAO,336700,355200,1403,134,44,12,21.0,23.5
2025-07,Severnoye Tushino,SZAO,340500,394400,1419,152,78,54,17.0,19.5
2025-08,Severnoye Tushino,SZAO,344900,398100,1437,76,50,31,17.0,19.5
2025-09,Severnoye Tushino,SZAO,334000,365600,1392,75,31,63,17.0,19.5
2025-10,Severnoye Tushino,SZAO,320400,333100,1335,48,79,52,17.0,19.5
2025-11,Severnoye Tushino,SZAO,337400,354800,1406,143,5,58,17.0,19.5
2025-12,Severnoye Tushino,SZAO,322600,354000,1344,120,53,117,17.0,19.5
2026-01,Severnoye Tushino,SZAO,335500,369300,1398,194,5,38,17.0,19.5
2026-02,Severnoye Tushino,SZAO,331700,354000,1382,109,53,42,17.0,19.5
2026-03,Severnoye Tushino,SZAO,319000,357500,1329,40,33,56,17.0,19.5
2026-04,Severnoye Tushino,SZAO,331400,349700,1381,194,12,109,17.0,19.5
2020-01,Strogino,SZAO,264800,286400,1103,122,62,60,6.0,8.5
2020-02,Strogino,SZAO,268300,297200,1118,96,53,83,6.0,8.5
2020-03,Strogino,SZAO,286700,296100,1195,33,56,101,6.0,8.5
2020-04,Strogino,SZAO,283900,314900,1183,197,43,61,4.25,6.75
2020-05,Strogino,SZAO,278800,310500,1162,161,75,72,4.25,6.75
2020-06,Strogino,SZAO,289900,318500,1208,23,37,119,4.25,6.75
2020-07,Strogino,SZAO,284900,307200,1187,162,36,74,4.25,6.75
2020-08,Strogino,SZAO,302700,335500,1261,71,37,114,4.25,6.75
2020-09,Strogino,SZAO,287400,319500,1198,118,54,79,4.25,6.75
2020-10,Strogino,SZAO,298100,327900,1242,164,62,68,4.25,6.75
2020-11,Strogino,SZAO,310400,337800,1294,141,27,17,4.25,6.75
2020-12,Strogino,SZAO,311000,335300,1296,197,32,76,4.25,6.75
2021-01,Strogino,SZAO,316100,364300,1317,57,72,73,4.25,6.75
2021-02,Strogino,SZAO,311900,351400,1300,92,47,49,4.25,6.75
2021-03,Strogino,SZAO,331300,373400,1380,79,38,48,4.25,6.75
2021-04,Strogino,SZAO,327300,361000,1364,85,56,58,8.5,11.0
2021-05,Strogino,SZAO,335100,371500,1396,159,64,46,8.5,11.0
2021-06,Strogino,SZAO,334100,361800,1392,71,52,70,8.5,11.0
2021-07,Strogino,SZAO,333700,356100,1391,191,52,19,8.5,11.0
2021-08,Strogino,SZAO,349400,367000,1456,143,77,76,8.5,11.0
2021-09,Strogino,SZAO,345100,384100,1438,188,29,110,8.5,11.0
2021-10,Strogino,SZAO,351300,397800,1464,81,53,41,8.5,11.0
2021-11,Strogino,SZAO,341100,361200,1421,71,71,61,8.5,11.0
2021-12,Strogino,SZAO,357300,403900,1489,36,40,100,8.5,11.0
2022-01,Strogino,SZAO,382900,440500,1595,99,26,96,20.0,22.5
2022-02,Strogino,SZAO,364400,413200,1518,55,54,73,20.0,22.5
2022-03,Strogino,SZAO,343900,364600,1433,84,53,108,20.0,22.5
2022-04,Strogino,SZAO,351200,389800,1463,88,74,114,9.5,12.0
2022-05,Strogino,SZAO,352400,399200,1468,114,48,97,9.5,12.0
2022-06,Strogino,SZAO,363300,410900,1514,57,37,107,9.5,12.0
2022-07,Strogino,SZAO,371500,415200,1548,80,51,119,9.5,12.0
2022-08,Strogino,SZAO,371800,411100,1549,28,65,71,9.5,12.0
2022-09,Strogino,SZAO,378500,401900,1577,163,23,33,9.5,12.0
2022-10,Strogino,SZAO,356900,403200,1487,156,77,21,7.5,10.0
2022-11,Strogino,SZAO,356700,388000,1486,49,42,77,7.5,10.0
2022-12,Strogino,SZAO,371500,417200,1548,195,55,43,7.5,10.0
2023-01,Strogino,SZAO,380500,399100,1585,157,74,111,7.5,10.0
2023-02,Strogino,SZAO,377400,428600,1573,103,6,63,7.5,10.0
2023-03,Strogino,SZAO,379600,410000,1582,142,67,94,7.5,10.0
2023-04,Strogino,SZAO,392600,434800,1636,30,34,78,7.5,10.0
2023-05,Strogino,SZAO,410800,447500,1712,190,73,115,7.5,10.0
2023-06,Strogino,SZAO,398500,435300,1660,27,69,99,7.5,10.0
2023-07,Strogino,SZAO,379900,415600,1583,33,75,106,13.0,15.5
2023-08,Strogino,SZAO,409800,447900,1708,104,18,87,13.0,15.5
2023-09,Strogino,SZAO,404500,453500,1686,159,36,116,13.0,15.5
2023-10,Strogino,SZAO,391700,430600,1632,28,61,96,13.0,15.5
2023-11,Strogino,SZAO,413000,472500,1721,155,24,70,13.0,15.5
2023-12,Strogino,SZAO,416000,474000,1733,177,69,43,13.0,15.5
2024-01,Strogino,SZAO,412400,442500,1718,129,44,70,16.0,18.5
2024-02,Strogino,SZAO,413600,457200,1723,35,52,53,16.0,18.5
2024-03,Strogino,SZAO,424000,454300,1767,132,56,59,16.0,18.5
2024-04,Strogino,SZAO,416100,457800,1734,137,47,96,16.0,18.5
2024-05,Strogino,SZAO,415000,453300,1729,133,43,74,16.0,18.5
2024-06,Strogino,SZAO,407700,455200,1699,103,24,97,16.0,18.5
2024-07,Strogino,SZAO,439600,471900,1832,114,18,20,16.0,18.5
2024-08,Strogino,SZAO,420100,459600,1750,131,73,55,16.0,18.5
2024-09,Strogino,SZAO,422200,463000,1759,65,25,87,16.0,18.5
2024-10,Strogino,SZAO,394200,419300,1642,161,71,59,21.0,23.5
2024-11,Strogino,SZAO,394700,448000,1645,31,75,80,21.0,23.5
2024-12,Strogino,SZAO,405300,459400,1689,31,35,38,21.0,23.5
2025-01,Strogino,SZAO,396900,441500,1654,128,5,113,21.0,23.5
2025-02,Strogino,SZAO,397400,441100,1656,196,11,78,21.0,23.5
2025-03,Strogino,SZAO,390800,422300,1628,21,75,104,21.0,23.5
2025-04,Strogino,SZAO,407500,438600,1698,104,27,17,21.0,23.5
2025-05,Strogino,SZAO,408400,448700,1701,94,68,110,21.0,23.5
2025-06,Strogino,SZAO,424100,458600,1767,37,16,118,21.0,23.5
2025-07,Strogino,SZAO,402800,454700,1679,110,78,50,17.0,19.5
2025-08,Strogino,SZAO,420200,456600,1751,112,75,40,17.0,19.5
2025-09,Strogino,SZAO,416500,457100,1736,134,16,39,17.0,19.5
2025-10,Strogino,SZAO,411700,451700,1715,74,29,91,17.0,19.5
2025-11,Strogino,SZAO,413300,464500,1722,120,27,70,17.0,19.5
2025-12,Strogino,SZAO,416700,458500,1736,29,48,77,17.0,19.5
2026-01,Strogino,SZAO,405100,447900,1688,133,63,10,17.0,19.5
2026-02,Strogino,SZAO,409100,447900,1705,44,68,61,17.0,19.5
2026-03,Strogino,SZAO,412200,458700,1717,130,14,32,17.0,19.5
2026-04,Strogino,SZAO,417700,439400,1740,140,73,38,17.0,19.5
2020-01,Khoroshyovo-Mnyovniki,SZAO,270500,305800,1127,39,7,61,6.0,8.5
2020-02,Khoroshyovo-Mnyovniki,SZAO,271100,295400,1130,140,24,30,6.0,8.5
2020-03,Khoroshyovo-Mnyovniki,SZAO,272200,299400,1134,96,10,18,6.0,8.5
2020-04,Khoroshyovo-Mnyovniki,SZAO,269700,302100,1124,143,5,97,4.25,6.75
2020-05,Khoroshyovo-Mnyovniki,SZAO,272400,305900,1135,189,74,73,4.25,6.75
2020-06,Khoroshyovo-Mnyovniki,SZAO,278900,302800,1162,72,73,110,4.25,6.75
2020-07,Khoroshyovo-Mnyovniki,SZAO,279000,307700,1163,77,76,96,4.25,6.75
2020-08,Khoroshyovo-Mnyovniki,SZAO,285300,317900,1189,163,35,89,4.25,6.75
2020-09,Khoroshyovo-Mnyovniki,SZAO,303900,344300,1266,167,12,72,4.25,6.75
2020-10,Khoroshyovo-Mnyovniki,SZAO,293700,327600,1224,110,69,56,4.25,6.75
2020-11,Khoroshyovo-Mnyovniki,SZAO,294700,325900,1228,124,66,81,4.25,6.75
2020-12,Khoroshyovo-Mnyovniki,SZAO,298500,323900,1244,110,58,16,4.25,6.75
2021-01,Khoroshyovo-Mnyovniki,SZAO,309700,330000,1291,155,72,99,4.25,6.75
2021-02,Khoroshyovo-Mnyovniki,SZAO,313600,351100,1307,131,66,41,4.25,6.75
2021-03,Khoroshyovo-Mnyovniki,SZAO,312000,350600,1300,171,68,45,4.25,6.75
2021-04,Khoroshyovo-Mnyovniki,SZAO,316900,330200,1320,158,32,111,8.5,11.0
2021-05,Khoroshyovo-Mnyovniki,SZAO,322700,348300,1344,22,49,83,8.5,11.0
2021-06,Khoroshyovo-Mnyovniki,SZAO,348900,368600,1454,80,48,40,8.5,11.0
2021-07,Khoroshyovo-Mnyovniki,SZAO,322800,360300,1345,124,11,23,8.5,11.0
2021-08,Khoroshyovo-Mnyovniki,SZAO,338500,363600,1411,167,47,77,8.5,11.0
2021-09,Khoroshyovo-Mnyovniki,SZAO,344400,366900,1435,147,54,21,8.5,11.0
2021-10,Khoroshyovo-Mnyovniki,SZAO,349000,387000,1454,125,56,57,8.5,11.0
2021-11,Khoroshyovo-Mnyovniki,SZAO,351200,366200,1463,30,45,71,8.5,11.0
2021-12,Khoroshyovo-Mnyovniki,SZAO,387100,431100,1613,69,14,51,8.5,11.0
2022-01,Khoroshyovo-Mnyovniki,SZAO,336400,370400,1402,145,74,103,20.0,22.5
2022-02,Khoroshyovo-Mnyovniki,SZAO,357600,394700,1490,41,16,117,20.0,22.5
2022-03,Khoroshyovo-Mnyovniki,SZAO,339700,377800,1415,58,78,80,20.0,22.5
2022-04,Khoroshyovo-Mnyovniki,SZAO,336700,381000,1403,125,26,79,9.5,12.0
2022-05,Khoroshyovo-Mnyovniki,SZAO,347500,382500,1448,94,77,105,9.5,12.0
2022-06,Khoroshyovo-Mnyovniki,SZAO,340800,374700,1420,140,72,87,9.5,12.0
2022-07,Khoroshyovo-Mnyovniki,SZAO,356900,404300,1487,51,37,92,9.5,12.0
2022-08,Khoroshyovo-Mnyovniki,SZAO,345900,385200,1441,157,25,95,9.5,12.0
2022-09,Khoroshyovo-Mnyovniki,SZAO,336200,369000,1401,93,21,83,9.5,12.0
2022-10,Khoroshyovo-Mnyovniki,SZAO,358600,389800,1494,191,65,80,7.5,10.0
2022-11,Khoroshyovo-Mnyovniki,SZAO,359000,394000,1496,182,65,48,7.5,10.0
2022-12,Khoroshyovo-Mnyovniki,SZAO,361900,395800,1508,199,26,101,7.5,10.0
2023-01,Khoroshyovo-Mnyovniki,SZAO,377300,396900,1572,177,42,37,7.5,10.0
2023-02,Khoroshyovo-Mnyovniki,SZAO,372300,413500,1551,46,34,67,7.5,10.0
2023-03,Khoroshyovo-Mnyovniki,SZAO,377800,418700,1574,93,31,34,7.5,10.0
2023-04,Khoroshyovo-Mnyovniki,SZAO,379900,407100,1583,104,50,46,7.5,10.0
2023-05,Khoroshyovo-Mnyovniki,SZAO,371600,398300,1548,64,67,80,7.5,10.0
2023-06,Khoroshyovo-Mnyovniki,SZAO,381300,426200,1589,28,57,116,7.5,10.0
2023-07,Khoroshyovo-Mnyovniki,SZAO,375600,415500,1565,34,57,20,13.0,15.5
2023-08,Khoroshyovo-Mnyovniki,SZAO,383600,430300,1598,167,27,38,13.0,15.5
2023-09,Khoroshyovo-Mnyovniki,SZAO,399200,444300,1663,104,7,29,13.0,15.5
2023-10,Khoroshyovo-Mnyovniki,SZAO,384400,419500,1602,100,75,118,13.0,15.5
2023-11,Khoroshyovo-Mnyovniki,SZAO,394900,444200,1645,109,34,17,13.0,15.5
2023-12,Khoroshyovo-Mnyovniki,SZAO,398700,434700,1661,122,30,80,13.0,15.5
2024-01,Khoroshyovo-Mnyovniki,SZAO,399100,431700,1663,127,55,23,16.0,18.5
2024-02,Khoroshyovo-Mnyovniki,SZAO,390600,434700,1627,197,22,18,16.0,18.5
2024-03,Khoroshyovo-Mnyovniki,SZAO,397700,436600,1657,133,61,42,16.0,18.5
2024-04,Khoroshyovo-Mnyovniki,SZAO,397100,424200,1654,55,24,78,16.0,18.5
2024-05,Khoroshyovo-Mnyovniki,SZAO,400000,441200,1667,157,19,24,16.0,18.5
2024-06,Khoroshyovo-Mnyovniki,SZAO,405300,423100,1689,59,21,96,16.0,18.5
2024-07,Khoroshyovo-Mnyovniki,SZAO,400700,449200,1670,113,74,85,16.0,18.5
2024-08,Khoroshyovo-Mnyovniki,SZAO,410300,423100,1710,135,32,93,16.0,18.5
2024-09,Khoroshyovo-Mnyovniki,SZAO,414200,434600,1726,31,46,48,16.0,18.5
2024-10,Khoroshyovo-Mnyovniki,SZAO,399500,442600,1665,62,51,38,21.0,23.5
2024-11,Khoroshyovo-Mnyovniki,SZAO,401900,450100,1674,52,27,100,21.0,23.5
2024-12,Khoroshyovo-Mnyovniki,SZAO,391700,428300,1632,30,64,73,21.0,23.5
2025-01,Khoroshyovo-Mnyovniki,SZAO,393300,429900,1639,181,6,12,21.0,23.5
2025-02,Khoroshyovo-Mnyovniki,SZAO,387000,419000,1613,112,69,91,21.0,23.5
2025-03,Khoroshyovo-Mnyovniki,SZAO,393000,429400,1638,197,55,79,21.0,23.5
2025-04,Khoroshyovo-Mnyovniki,SZAO,399000,436400,1663,172,49,44,21.0,23.5
2025-05,Khoroshyovo-Mnyovniki,SZAO,395100,450600,1646,28,42,33,21.0,23.5
2025-06,Khoroshyovo-Mnyovniki,SZAO,394800,446100,1645,141,39,94,21.0,23.5
2025-07,Khoroshyovo-Mnyovniki,SZAO,376000,420200,1567,42,12,31,17.0,19.5
2025-08,Khoroshyovo-Mnyovniki,SZAO,398700,436000,1661,115,5,68,17.0,19.5
2025-09,Khoroshyovo-Mnyovniki,SZAO,413400,444200,1723,138,8,109,17.0,19.5
2025-10,Khoroshyovo-Mnyovniki,SZAO,404200,449400,1684,81,39,90,17.0,19.5
2025-11,Khoroshyovo-Mnyovniki,SZAO,399800,422100,1666,94,75,30,17.0,19.5
2025-12,Khoroshyovo-Mnyovniki,SZAO,395100,433800,1646,147,38,34,17.0,19.5
2026-01,Khoroshyovo-Mnyovniki,SZAO,429700,486300,1790,41,46,12,17.0,19.5
2026-02,Khoroshyovo-Mnyovniki,SZAO,397700,442200,1657,75,55,49,17.0,19.5
2026-03,Khoroshyovo-Mnyovniki,SZAO,388300,414200,1618,138,73,69,17.0,19.5
2026-04,Khoroshyovo-Mnyovniki,SZAO,405200,445000,1688,162,75,74,17.0,19.5
2020-01,Shchukino,SZAO,261500,285400,1090,118,51,29,6.0,8.5
2020-02,Shchukino,SZAO,263000,297900,1096,25,77,83,6.0,8.5
2020-03,Shchukino,SZAO,265300,301600,1106,188,15,76,6.0,8.5
2020-04,Shchukino,SZAO,277400,303600,1156,21,26,48,4.25,6.75
2020-05,Shchukino,SZAO,275600,301800,1148,145,7,87,4.25,6.75
2020-06,Shchukino,SZAO,283900,323500,1183,44,22,22,4.25,6.75
2020-07,Shchukino,SZAO,282600,317500,1177,195,35,18,4.25,6.75
2020-08,Shchukino,SZAO,287900,311200,1200,49,40,51,4.25,6.75
2020-09,Shchukino,SZAO,287200,334500,1197,79,17,110,4.25,6.75
2020-10,Shchukino,SZAO,294300,334400,1226,127,11,65,4.25,6.75
2020-11,Shchukino,SZAO,302200,324600,1259,128,53,76,4.25,6.75
2020-12,Shchukino,SZAO,303500,337200,1265,103,52,74,4.25,6.75
2021-01,Shchukino,SZAO,317400,351600,1323,60,77,15,4.25,6.75
2021-02,Shchukino,SZAO,304400,340300,1269,186,69,119,4.25,6.75
2021-03,Shchukino,SZAO,319100,354900,1330,135,77,29,4.25,6.75
2021-04,Shchukino,SZAO,306700,335800,1278,113,63,83,8.5,11.0
2021-05,Shchukino,SZAO,317500,354200,1323,138,40,46,8.5,11.0
2021-06,Shchukino,SZAO,317700,349000,1324,58,24,85,8.5,11.0
2021-07,Shchukino,SZAO,322600,358400,1344,186,38,63,8.5,11.0
2021-08,Shchukino,SZAO,348700,372100,1453,86,44,51,8.5,11.0
2021-09,Shchukino,SZAO,346300,406800,1443,42,60,118,8.5,11.0
2021-10,Shchukino,SZAO,343400,384400,1431,57,8,83,8.5,11.0
2021-11,Shchukino,SZAO,339200,380800,1413,128,52,38,8.5,11.0
2021-12,Shchukino,SZAO,373200,409500,1555,132,22,68,8.5,11.0
2022-01,Shchukino,SZAO,352300,356700,1468,168,19,118,20.0,22.5
2022-02,Shchukino,SZAO,357400,398000,1489,122,63,22,20.0,22.5
2022-03,Shchukino,SZAO,343100,378300,1430,74,18,36,20.0,22.5
2022-04,Shchukino,SZAO,328600,359600,1369,34,18,86,9.5,12.0
2022-05,Shchukino,SZAO,335600,358100,1398,68,32,49,9.5,12.0
2022-06,Shchukino,SZAO,344900,373100,1437,164,38,27,9.5,12.0
2022-07,Shchukino,SZAO,343100,379600,1430,98,58,63,9.5,12.0
2022-08,Shchukino,SZAO,341400,386000,1422,118,25,41,9.5,12.0
2022-09,Shchukino,SZAO,357400,408000,1489,155,58,99,9.5,12.0
2022-10,Shchukino,SZAO,374800,417500,1562,159,71,119,7.5,10.0
2022-11,Shchukino,SZAO,368600,399000,1536,96,18,37,7.5,10.0
2022-12,Shchukino,SZAO,365000,403600,1521,38,10,116,7.5,10.0
2023-01,Shchukino,SZAO,391600,416500,1632,109,23,25,7.5,10.0
2023-02,Shchukino,SZAO,367900,402600,1533,23,62,51,7.5,10.0
2023-03,Shchukino,SZAO,370000,382100,1542,92,73,67,7.5,10.0
2023-04,Shchukino,SZAO,374700,427000,1561,145,44,109,7.5,10.0
2023-05,Shchukino,SZAO,376000,416800,1567,151,53,112,7.5,10.0
2023-06,Shchukino,SZAO,380500,419100,1585,108,25,85,7.5,10.0
2023-07,Shchukino,SZAO,377300,418400,1572,64,46,19,13.0,15.5
2023-08,Shchukino,SZAO,391400,424500,1631,68,35,116,13.0,15.5
2023-09,Shchukino,SZAO,391600,430200,1632,178,26,30,13.0,15.5
2023-10,Shchukino,SZAO,399100,439000,1663,74,70,15,13.0,15.5
2023-11,Shchukino,SZAO,385100,421000,1605,65,34,30,13.0,15.5
2023-12,Shchukino,SZAO,406100,455900,1692,29,16,18,13.0,15.5
2024-01,Shchukino,SZAO,398400,443600,1660,194,48,32,16.0,18.5
2024-02,Shchukino,SZAO,387500,432300,1615,28,6,63,16.0,18.5
2024-03,Shchukino,SZAO,415300,443100,1730,162,20,116,16.0,18.5
2024-04,Shchukino,SZAO,406800,461100,1695,97,52,12,16.0,18.5
2024-05,Shchukino,SZAO,417400,464600,1739,106,65,116,16.0,18.5
2024-06,Shchukino,SZAO,404500,442100,1685,125,73,75,16.0,18.5
2024-07,Shchukino,SZAO,410400,472600,1710,142,51,105,16.0,18.5
2024-08,Shchukino,SZAO,394500,429600,1644,24,76,29,16.0,18.5
2024-09,Shchukino,SZAO,404900,449400,1687,151,35,73,16.0,18.5
2024-10,Shchukino,SZAO,402500,437300,1677,125,6,88,21.0,23.5
2024-11,Shchukino,SZAO,380600,425800,1586,77,71,30,21.0,23.5
2024-12,Shchukino,SZAO,387300,432300,1614,24,62,61,21.0,23.5
2025-01,Shchukino,SZAO,381200,423600,1589,98,56,82,21.0,23.5
2025-02,Shchukino,SZAO,398300,432200,1659,35,31,19,21.0,23.5
2025-03,Shchukino,SZAO,396400,433800,1652,150,20,51,21.0,23.5
2025-04,Shchukino,SZAO,401100,455700,1671,36,17,75,21.0,23.5
2025-05,Shchukino,SZAO,412400,438000,1718,80,20,35,21.0,23.5
2025-06,Shchukino,SZAO,393000,439800,1638,147,24,10,21.0,23.5
2025-07,Shchukino,SZAO,403300,458600,1680,96,48,83,17.0,19.5
2025-08,Shchukino,SZAO,383600,429300,1598,56,43,35,17.0,19.5
2025-09,Shchukino,SZAO,405600,453500,1690,167,47,28,17.0,19.5
2025-10,Shchukino,SZAO,404800,454200,1687,60,16,94,17.0,19.5
2025-11,Shchukino,SZAO,409900,434800,1708,24,59,115,17.0,19.5
2025-12,Shchukino,SZAO,392900,433800,1637,130,32,68,17.0,19.5
2026-01,Shchukino,SZAO,386000,408000,1608,42,47,61,17.0,19.5
2026-02,Shchukino,SZAO,401000,428700,1671,53,58,22,17.0,19.5
2026-03,Shchukino,SZAO,418100,461600,1742,112,63,89,17.0,19.5
2026-04,Shchukino,SZAO,404100,454200,1684,25,41,116,17.0,19.5
2020-01,Yuzhnoye Tushino,SZAO,216200,235500,901,20,65,36,6.0,8.5
2020-02,Yuzhnoye Tushino,SZAO,222300,254400,926,35,12,28,6.0,8.5
2020-03,Yuzhnoye Tushino,SZAO,228200,254300,951,179,40,102,6.0,8.5
2020-04,Yuzhnoye Tushino,SZAO,216900,235900,904,151,70,76,4.25,6.75
2020-05,Yuzhnoye Tushino,SZAO,230000,260700,958,76,64,11,4.25,6.75
2020-06,Yuzhnoye Tushino,SZAO,240000,275900,1000,145,20,77,4.25,6.75
2020-07,Yuzhnoye Tushino,SZAO,232100,250100,967,38,31,118,4.25,6.75
2020-08,Yuzhnoye Tushino,SZAO,239300,267500,997,114,31,69,4.25,6.75
2020-09,Yuzhnoye Tushino,SZAO,237800,271000,991,38,20,97,4.25,6.75
2020-10,Yuzhnoye Tushino,SZAO,241600,259600,1007,158,5,103,4.25,6.75
2020-11,Yuzhnoye Tushino,SZAO,261200,282400,1089,65,73,41,4.25,6.75
2020-12,Yuzhnoye Tushino,SZAO,267900,299800,1116,149,22,79,4.25,6.75
2021-01,Yuzhnoye Tushino,SZAO,268200,302000,1117,109,39,35,4.25,6.75
2021-02,Yuzhnoye Tushino,SZAO,262900,291200,1095,79,36,91,4.25,6.75
2021-03,Yuzhnoye Tushino,SZAO,252500,282100,1052,86,57,14,4.25,6.75
2021-04,Yuzhnoye Tushino,SZAO,271100,291300,1129,98,14,16,8.5,11.0
2021-05,Yuzhnoye Tushino,SZAO,269700,291000,1124,194,31,88,8.5,11.0
2021-06,Yuzhnoye Tushino,SZAO,282000,307000,1175,119,52,14,8.5,11.0
2021-07,Yuzhnoye Tushino,SZAO,276400,309200,1152,128,21,99,8.5,11.0
2021-08,Yuzhnoye Tushino,SZAO,294400,342500,1226,133,37,37,8.5,11.0
2021-09,Yuzhnoye Tushino,SZAO,285800,313200,1191,166,60,104,8.5,11.0
2021-10,Yuzhnoye Tushino,SZAO,303500,332100,1264,136,78,72,8.5,11.0
2021-11,Yuzhnoye Tushino,SZAO,308500,339400,1286,117,21,23,8.5,11.0
2021-12,Yuzhnoye Tushino,SZAO,302500,320700,1261,33,26,10,8.5,11.0
2022-01,Yuzhnoye Tushino,SZAO,304000,329300,1267,80,36,108,20.0,22.5
2022-02,Yuzhnoye Tushino,SZAO,285900,318900,1191,199,24,48,20.0,22.5
2022-03,Yuzhnoye Tushino,SZAO,297900,333200,1241,53,40,63,20.0,22.5
2022-04,Yuzhnoye Tushino,SZAO,291300,336800,1214,111,8,24,9.5,12.0
2022-05,Yuzhnoye Tushino,SZAO,291800,313000,1216,126,72,66,9.5,12.0
2022-06,Yuzhnoye Tushino,SZAO,300100,333500,1250,29,8,68,9.5,12.0
2022-07,Yuzhnoye Tushino,SZAO,300700,324800,1253,122,41,63,9.5,12.0
2022-08,Yuzhnoye Tushino,SZAO,302200,343900,1259,23,58,91,9.5,12.0
2022-09,Yuzhnoye Tushino,SZAO,305100,325700,1271,146,19,35,9.5,12.0
2022-10,Yuzhnoye Tushino,SZAO,308300,338900,1285,49,58,11,7.5,10.0
2022-11,Yuzhnoye Tushino,SZAO,314500,347700,1310,146,9,62,7.5,10.0
2022-12,Yuzhnoye Tushino,SZAO,320400,340100,1335,121,39,113,7.5,10.0
2023-01,Yuzhnoye Tushino,SZAO,309600,339100,1290,137,13,102,7.5,10.0
2023-02,Yuzhnoye Tushino,SZAO,312900,352100,1304,185,5,42,7.5,10.0
2023-03,Yuzhnoye Tushino,SZAO,321200,351500,1338,145,24,98,7.5,10.0
2023-04,Yuzhnoye Tushino,SZAO,325300,351800,1355,53,49,94,7.5,10.0
2023-05,Yuzhnoye Tushino,SZAO,310500,345800,1294,139,52,117,7.5,10.0
2023-06,Yuzhnoye Tushino,SZAO,328300,371900,1368,142,61,32,7.5,10.0
2023-07,Yuzhnoye Tushino,SZAO,325000,357600,1354,99,19,98,13.0,15.5
2023-08,Yuzhnoye Tushino,SZAO,340700,347200,1420,73,51,33,13.0,15.5
2023-09,Yuzhnoye Tushino,SZAO,331000,367800,1379,26,54,98,13.0,15.5
2023-10,Yuzhnoye Tushino,SZAO,329300,367200,1372,87,57,14,13.0,15.5
2023-11,Yuzhnoye Tushino,SZAO,335200,374500,1397,175,63,66,13.0,15.5
2023-12,Yuzhnoye Tushino,SZAO,337900,358400,1408,123,53,108,13.0,15.5
2024-01,Yuzhnoye Tushino,SZAO,343600,384400,1432,163,64,97,16.0,18.5
2024-02,Yuzhnoye Tushino,SZAO,339000,383600,1413,48,22,110,16.0,18.5
2024-03,Yuzhnoye Tushino,SZAO,350500,389100,1460,133,30,81,16.0,18.5
2024-04,Yuzhnoye Tushino,SZAO,335200,375200,1397,166,61,26,16.0,18.5
2024-05,Yuzhnoye Tushino,SZAO,335900,363200,1400,127,24,51,16.0,18.5
2024-06,Yuzhnoye Tushino,SZAO,335200,360600,1397,131,59,93,16.0,18.5
2024-07,Yuzhnoye Tushino,SZAO,351700,387600,1465,159,68,47,16.0,18.5
2024-08,Yuzhnoye Tushino,SZAO,331500,365400,1381,191,66,74,16.0,18.5
2024-09,Yuzhnoye Tushino,SZAO,322900,358200,1346,163,79,22,16.0,18.5
2024-10,Yuzhnoye Tushino,SZAO,336500,382300,1402,133,49,36,21.0,23.5
2024-11,Yuzhnoye Tushino,SZAO,317500,351600,1323,154,26,38,21.0,23.5
2024-12,Yuzhnoye Tushino,SZAO,343200,381200,1430,118,65,112,21.0,23.5
2025-01,Yuzhnoye Tushino,SZAO,335700,377600,1399,188,59,48,21.0,23.5
2025-02,Yuzhnoye Tushino,SZAO,356400,388200,1485,198,29,84,21.0,23.5
2025-03,Yuzhnoye Tushino,SZAO,327600,361800,1365,24,20,117,21.0,23.5
2025-04,Yuzhnoye Tushino,SZAO,330800,351000,1378,164,50,11,21.0,23.5
2025-05,Yuzhnoye Tushino,SZAO,322400,345700,1343,189,74,94,21.0,23.5
2025-06,Yuzhnoye Tushino,SZAO,329000,371300,1371,186,48,113,21.0,23.5
2025-07,Yuzhnoye Tushino,SZAO,349200,390200,1455,89,11,112,17.0,19.5
2025-08,Yuzhnoye Tushino,SZAO,341500,371600,1423,195,59,85,17.0,19.5
2025-09,Yuzhnoye Tushino,SZAO,329900,364800,1375,138,77,43,17.0,19.5
2025-10,Yuzhnoye Tushino,SZAO,342800,369600,1428,144,77,76,17.0,19.5
2025-11,Yuzhnoye Tushino,SZAO,345200,380600,1438,93,67,89,17.0,19.5
2025-12,Yuzhnoye Tushino,SZAO,336900,373700,1404,37,7,76,17.0,19.5
2026-01,Yuzhnoye Tushino,SZAO,354200,379900,1476,179,68,23,17.0,19.5
2026-02,Yuzhnoye Tushino,SZAO,348600,395300,1453,192,70,49,17.0,19.5
2026-03,Yuzhnoye Tushino,SZAO,344500,385000,1435,170,56,54,17.0,19.5
2026-04,Yuzhnoye Tushino,SZAO,344600,364300,1436,110,19,85,17.0,19.5
2020-01,Zelenograd,ZelAO,123300,138000,514,31,67,54,6.0,8.5
2020-02,Zelenograd,ZelAO,125200,136800,522,132,18,49,6.0,8.5
2020-03,Zelenograd,ZelAO,124900,137300,520,98,76,54,6.0,8.5
2020-04,Zelenograd,ZelAO,123100,138000,513,167,65,29,4.25,6.75
2020-05,Zelenograd,ZelAO,120900,134600,504,67,7,27,4.25,6.75
2020-06,Zelenograd,ZelAO,128600,140700,536,124,37,108,4.25,6.75
2020-07,Zelenograd,ZelAO,126800,138800,528,142,45,49,4.25,6.75
2020-08,Zelenograd,ZelAO,136500,153900,569,26,62,67,4.25,6.75
2020-09,Zelenograd,ZelAO,133100,146000,555,56,37,50,4.25,6.75
2020-10,Zelenograd,ZelAO,133000,150800,554,29,31,45,4.25,6.75
2020-11,Zelenograd,ZelAO,144600,155000,602,104,15,93,4.25,6.75
2020-12,Zelenograd,ZelAO,144900,158500,604,171,45,49,4.25,6.75
2021-01,Zelenograd,ZelAO,140900,150800,587,43,62,63,4.25,6.75
2021-02,Zelenograd,ZelAO,151600,165400,631,176,44,28,4.25,6.75
2021-03,Zelenograd,ZelAO,147300,159200,614,73,27,28,4.25,6.75
2021-04,Zelenograd,ZelAO,152100,172800,634,194,72,52,8.5,11.0
2021-05,Zelenograd,ZelAO,156100,173500,650,77,69,108,8.5,11.0
2021-06,Zelenograd,ZelAO,154500,170400,644,195,35,113,8.5,11.0
2021-07,Zelenograd,ZelAO,153400,164600,639,176,18,107,8.5,11.0
2021-08,Zelenograd,ZelAO,162100,173300,676,105,63,102,8.5,11.0
2021-09,Zelenograd,ZelAO,157700,176600,657,125,68,107,8.5,11.0
2021-10,Zelenograd,ZelAO,163000,177900,679,48,65,38,8.5,11.0
2021-11,Zelenograd,ZelAO,160100,179800,667,144,75,42,8.5,11.0
2021-12,Zelenograd,ZelAO,170300,184700,709,96,20,20,8.5,11.0
2022-01,Zelenograd,ZelAO,158900,182600,662,92,10,19,20.0,22.5
2022-02,Zelenograd,ZelAO,166900,184300,695,29,70,34,20.0,22.5
2022-03,Zelenograd,ZelAO,163300,188000,681,66,23,115,20.0,22.5
2022-04,Zelenograd,ZelAO,164100,172000,684,197,59,24,9.5,12.0
2022-05,Zelenograd,ZelAO,164300,172300,685,120,58,55,9.5,12.0
2022-06,Zelenograd,ZelAO,158200,172500,659,60,75,108,9.5,12.0
2022-07,Zelenograd,ZelAO,165800,184500,691,121,69,53,9.5,12.0
2022-08,Zelenograd,ZelAO,165500,175200,690,48,63,24,9.5,12.0
2022-09,Zelenograd,ZelAO,171300,182600,714,74,15,35,9.5,12.0
2022-10,Zelenograd,ZelAO,163000,175300,679,169,6,18,7.5,10.0
2022-11,Zelenograd,ZelAO,163900,177500,683,159,39,15,7.5,10.0
2022-12,Zelenograd,ZelAO,172500,182100,719,174,62,118,7.5,10.0
2023-01,Zelenograd,ZelAO,179300,195600,747,71,38,82,7.5,10.0
2023-02,Zelenograd,ZelAO,173400,182700,722,132,47,69,7.5,10.0
2023-03,Zelenograd,ZelAO,175700,201300,732,53,67,90,7.5,10.0
2023-04,Zelenograd,ZelAO,181600,208300,757,104,12,65,7.5,10.0
2023-05,Zelenograd,ZelAO,182600,198800,761,92,45,39,7.5,10.0
2023-06,Zelenograd,ZelAO,179300,193400,747,133,26,42,7.5,10.0
2023-07,Zelenograd,ZelAO,180600,193600,753,118,7,111,13.0,15.5
2023-08,Zelenograd,ZelAO,183800,211000,766,76,18,84,13.0,15.5
2023-09,Zelenograd,ZelAO,182500,200000,760,88,32,102,13.0,15.5
2023-10,Zelenograd,ZelAO,176400,197900,735,185,72,35,13.0,15.5
2023-11,Zelenograd,ZelAO,186100,201700,775,35,49,95,13.0,15.5
2023-12,Zelenograd,ZelAO,192600,210300,803,35,54,110,13.0,15.5
2024-01,Zelenograd,ZelAO,183600,204800,765,83,57,47,16.0,18.5
2024-02,Zelenograd,ZelAO,182900,205500,762,145,67,76,16.0,18.5
2024-03,Zelenograd,ZelAO,193300,213300,805,172,8,12,16.0,18.5
2024-04,Zelenograd,ZelAO,189100,209400,788,76,49,80,16.0,18.5
2024-05,Zelenograd,ZelAO,193500,213800,806,157,43,45,16.0,18.5
2024-06,Zelenograd,ZelAO,188900,207000,787,47,55,93,16.0,18.5
2024-07,Zelenograd,ZelAO,197800,224600,824,101,66,28,16.0,18.5
2024-08,Zelenograd,ZelAO,195000,210900,812,92,38,110,16.0,18.5
2024-09,Zelenograd,ZelAO,187600,207900,782,111,72,77,16.0,18.5
2024-10,Zelenograd,ZelAO,179600,197000,748,60,31,44,21.0,23.5
2024-11,Zelenograd,ZelAO,192600,221600,802,57,43,102,21.0,23.5
2024-12,Zelenograd,ZelAO,189600,199000,790,21,19,71,21.0,23.5
2025-01,Zelenograd,ZelAO,180800,211200,753,140,13,19,21.0,23.5
2025-02,Zelenograd,ZelAO,190200,204600,793,46,49,24,21.0,23.5
2025-03,Zelenograd,ZelAO,176600,187800,736,22,57,73,21.0,23.5
2025-04,Zelenograd,ZelAO,186600,208000,778,27,42,91,21.0,23.5
2025-05,Zelenograd,ZelAO,195100,213600,813,107,63,109,21.0,23.5
2025-06,Zelenograd,ZelAO,181700,197300,757,136,48,66,21.0,23.5
2025-07,Zelenograd,ZelAO,183700,210200,765,86,53,58,17.0,19.5
2025-08,Zelenograd,ZelAO,178600,203800,744,64,73,96,17.0,19.5
2025-09,Zelenograd,ZelAO,190100,212400,792,125,33,42,17.0,19.5
2025-10,Zelenograd,ZelAO,187200,199000,780,161,15,60,17.0,19.5
2025-11,Zelenograd,ZelAO,188500,200200,785,34,31,79,17.0,19.5
2025-12,Zelenograd,ZelAO,181400,201300,756,75,64,16,17.0,19.5
2026-01,Zelenograd,ZelAO,195300,221900,814,166,66,46,17.0,19.5
2026-02,Zelenograd,ZelAO,189700,208400,791,55,71,94,17.0,19.5
2026-03,Zelenograd,ZelAO,183800,203600,766,104,13,16,17.0,19.5
2026-04,Zelenograd,ZelAO,190000,198200,792,175,29,12,17.0,19.5
2020-01,Vnukovskoye,NAO,146200,161600,609,180,43,62,6.0,8.5
2020-02,Vnukovskoye,NAO,147900,162700,616,41,76,96,6.0,8.5
2020-03,Vnukovskoye,NAO,153400,165800,639,84,37,107,6.0,8.5
2020-04,Vnukovskoye,NAO,151500,166600,631,45,60,91,4.25,6.75
2020-05,Vnukovskoye,NAO,153600,174800,640,183,42,83,4.25,6.75
2020-06,Vnukovskoye,NAO,151700,165600,632,78,26,95,4.25,6.75
2020-07,Vnukovskoye,NAO,157900,180400,658,145,22,10,4.25,6.75
2020-08,Vnukovskoye,NAO,158700,174600,661,195,11,91,4.25,6.75
2020-09,Vnukovskoye,NAO,171900,193000,716,130,55,109,4.25,6.75
2020-10,Vnukovskoye,NAO,164600,184500,686,31,47,59,4.25,6.75
2020-11,Vnukovskoye,NAO,170600,191500,711,62,27,72,4.25,6.75
2020-12,Vnukovskoye,NAO,166200,175300,693,58,44,13,4.25,6.75
2021-01,Vnukovskoye,NAO,171300,196400,714,89,48,58,4.25,6.75
2021-02,Vnukovskoye,NAO,172300,186900,718,32,47,13,4.25,6.75
2021-03,Vnukovskoye,NAO,177800,192200,741,127,22,113,4.25,6.75
2021-04,Vnukovskoye,NAO,179200,196100,747,160,64,115,8.5,11.0
2021-05,Vnukovskoye,NAO,180300,198400,751,78,23,65,8.5,11.0
2021-06,Vnukovskoye,NAO,185200,194200,772,162,56,65,8.5,11.0
2021-07,Vnukovskoye,NAO,183100,199200,763,84,74,48,8.5,11.0
2021-08,Vnukovskoye,NAO,190800,203400,795,167,13,66,8.5,11.0
2021-09,Vnukovskoye,NAO,193600,209400,807,158,71,110,8.5,11.0
2021-10,Vnukovskoye,NAO,203500,223600,848,174,13,103,8.5,11.0
2021-11,Vnukovskoye,NAO,193300,217100,805,164,59,108,8.5,11.0
2021-12,Vnukovskoye,NAO,205200,225500,855,111,53,103,8.5,11.0
2022-01,Vnukovskoye,NAO,207800,229300,866,89,25,81,20.0,22.5
2022-02,Vnukovskoye,NAO,198200,229600,826,103,60,75,20.0,22.5
2022-03,Vnukovskoye,NAO,203700,224700,849,179,35,54,20.0,22.5
2022-04,Vnukovskoye,NAO,195000,215400,813,136,35,45,9.5,12.0
2022-05,Vnukovskoye,NAO,188600,212300,786,67,49,28,9.5,12.0
2022-06,Vnukovskoye,NAO,193100,199900,805,103,71,51,9.5,12.0
2022-07,Vnukovskoye,NAO,210700,214400,878,97,16,99,9.5,12.0
2022-08,Vnukovskoye,NAO,199400,213900,831,38,48,69,9.5,12.0
2022-09,Vnukovskoye,NAO,201500,216800,840,119,43,71,9.5,12.0
2022-10,Vnukovskoye,NAO,202800,227200,845,165,47,53,7.5,10.0
2022-11,Vnukovskoye,NAO,206000,232800,858,23,20,36,7.5,10.0
2022-12,Vnukovskoye,NAO,218200,239800,909,34,59,72,7.5,10.0
2023-01,Vnukovskoye,NAO,208000,228500,867,74,23,37,7.5,10.0
2023-02,Vnukovskoye,NAO,220200,242700,918,43,8,109,7.5,10.0
2023-03,Vnukovskoye,NAO,217100,242500,904,152,25,26,7.5,10.0
2023-04,Vnukovskoye,NAO,214600,231000,894,76,60,65,7.5,10.0
2023-05,Vnukovskoye,NAO,220400,254700,918,55,63,19,7.5,10.0
2023-06,Vnukovskoye,NAO,218700,240200,911,105,70,103,7.5,10.0
2023-07,Vnukovskoye,NAO,216200,232600,901,134,67,40,13.0,15.5
2023-08,Vnukovskoye,NAO,220100,246800,917,198,78,41,13.0,15.5
2023-09,Vnukovskoye,NAO,219300,239100,914,175,63,50,13.0,15.5
2023-10,Vnukovskoye,NAO,221600,244500,924,139,5,47,13.0,15.5
2023-11,Vnukovskoye,NAO,238300,255000,993,53,43,35,13.0,15.5
2023-12,Vnukovskoye,NAO,223000,246100,929,64,57,59,13.0,15.5
2024-01,Vnukovskoye,NAO,221600,235900,924,133,58,30,16.0,18.5
2024-02,Vnukovskoye,NAO,231500,253500,965,152,73,117,16.0,18.5
2024-03,Vnukovskoye,NAO,221700,244600,924,92,59,15,16.0,18.5
2024-04,Vnukovskoye,NAO,228700,255200,953,108,48,60,16.0,18.5
2024-05,Vnukovskoye,NAO,221800,258000,924,125,64,30,16.0,18.5
2024-06,Vnukovskoye,NAO,234300,259900,976,149,59,36,16.0,18.5
2024-07,Vnukovskoye,NAO,227100,241500,946,93,72,98,16.0,18.5
2024-08,Vnukovskoye,NAO,235700,259300,982,85,27,31,16.0,18.5
2024-09,Vnukovskoye,NAO,229800,254000,958,196,41,73,16.0,18.5
2024-10,Vnukovskoye,NAO,225200,254500,938,181,63,39,21.0,23.5
2024-11,Vnukovskoye,NAO,217800,238300,907,126,54,83,21.0,23.5
2024-12,Vnukovskoye,NAO,234000,255900,975,183,60,38,21.0,23.5
2025-01,Vnukovskoye,NAO,215000,231600,896,68,38,91,21.0,23.5
2025-02,Vnukovskoye,NAO,222900,245500,929,189,20,102,21.0,23.5
2025-03,Vnukovskoye,NAO,221700,244000,924,155,53,72,21.0,23.5
2025-04,Vnukovskoye,NAO,228200,257500,951,76,34,34,21.0,23.5
2025-05,Vnukovskoye,NAO,220200,237400,917,159,26,27,21.0,23.5
2025-06,Vnukovskoye,NAO,220400,248100,918,153,11,106,21.0,23.5
2025-07,Vnukovskoye,NAO,224100,260500,934,133,21,72,17.0,19.5
2025-08,Vnukovskoye,NAO,231700,260100,965,145,62,43,17.0,19.5
2025-09,Vnukovskoye,NAO,225700,248100,940,92,8,34,17.0,19.5
2025-10,Vnukovskoye,NAO,223400,237000,931,80,8,69,17.0,19.5
2025-11,Vnukovskoye,NAO,227100,247700,946,87,22,18,17.0,19.5
2025-12,Vnukovskoye,NAO,228000,248700,950,130,25,95,17.0,19.5
2026-01,Vnukovskoye,NAO,223700,244300,932,39,30,40,17.0,19.5
2026-02,Vnukovskoye,NAO,235400,262900,981,118,53,68,17.0,19.5
2026-03,Vnukovskoye,NAO,230400,263500,960,174,23,74,17.0,19.5
2026-04,Vnukovskoye,NAO,226400,246000,943,89,66,28,17.0,19.5
2020-01,Voskresenskoye,NAO,140500,150600,585,195,47,36,6.0,8.5
2020-02,Voskresenskoye,NAO,139100,146600,579,101,20,51,6.0,8.5
2020-03,Voskresenskoye,NAO,143000,159400,596,187,12,117,6.0,8.5
2020-04,Voskresenskoye,NAO,143300,158300,597,111,60,75,4.25,6.75
2020-05,Voskresenskoye,NAO,148400,161800,618,87,72,16,4.25,6.75
2020-06,Voskresenskoye,NAO,143300,161100,597,159,16,91,4.25,6.75
2020-07,Voskresenskoye,NAO,150000,168300,625,145,64,72,4.25,6.75
2020-08,Voskresenskoye,NAO,151100,170900,629,140,31,31,4.25,6.75
2020-09,Voskresenskoye,NAO,151000,165800,629,197,74,17,4.25,6.75
2020-10,Voskresenskoye,NAO,168400,178000,701,181,12,65,4.25,6.75
2020-11,Voskresenskoye,NAO,152600,159700,636,61,37,109,4.25,6.75
2020-12,Voskresenskoye,NAO,155600,169500,648,186,34,39,4.25,6.75
2021-01,Voskresenskoye,NAO,157100,170400,655,43,76,63,4.25,6.75
2021-02,Voskresenskoye,NAO,158900,174500,662,120,25,82,4.25,6.75
2021-03,Voskresenskoye,NAO,165500,181800,689,194,55,81,4.25,6.75
2021-04,Voskresenskoye,NAO,163500,182300,681,117,14,41,8.5,11.0
2021-05,Voskresenskoye,NAO,163700,180500,682,148,26,47,8.5,11.0
2021-06,Voskresenskoye,NAO,169000,181300,704,130,30,64,8.5,11.0
2021-07,Voskresenskoye,NAO,177100,193900,738,179,10,11,8.5,11.0
2021-08,Voskresenskoye,NAO,185200,207500,772,87,52,67,8.5,11.0
2021-09,Voskresenskoye,NAO,178100,199500,742,198,49,27,8.5,11.0
2021-10,Voskresenskoye,NAO,183500,195000,765,183,37,34,8.5,11.0
2021-11,Voskresenskoye,NAO,186500,201900,777,164,66,51,8.5,11.0
2021-12,Voskresenskoye,NAO,182800,208400,762,169,76,110,8.5,11.0
2022-01,Voskresenskoye,NAO,190200,211600,792,57,35,72,20.0,22.5
2022-02,Voskresenskoye,NAO,187000,210500,779,55,5,28,20.0,22.5
2022-03,Voskresenskoye,NAO,176600,190700,736,196,24,25,20.0,22.5
2022-04,Voskresenskoye,NAO,170000,191100,708,42,50,57,9.5,12.0
2022-05,Voskresenskoye,NAO,179500,205100,748,40,14,52,9.5,12.0
2022-06,Voskresenskoye,NAO,182800,202800,762,101,8,10,9.5,12.0
2022-07,Voskresenskoye,NAO,191200,214100,797,142,69,53,9.5,12.0
2022-08,Voskresenskoye,NAO,184400,193600,768,107,58,84,9.5,12.0
2022-09,Voskresenskoye,NAO,192200,210500,801,34,28,42,9.5,12.0
2022-10,Voskresenskoye,NAO,192800,215100,803,56,15,98,7.5,10.0
2022-11,Voskresenskoye,NAO,189300,207800,789,44,11,50,7.5,10.0
2022-12,Voskresenskoye,NAO,184600,200500,769,27,75,25,7.5,10.0
2023-01,Voskresenskoye,NAO,192600,222300,803,89,77,27,7.5,10.0
2023-02,Voskresenskoye,NAO,201500,217600,840,28,45,105,7.5,10.0
2023-03,Voskresenskoye,NAO,203100,236200,846,110,47,67,7.5,10.0
2023-04,Voskresenskoye,NAO,197100,223700,821,108,69,66,7.5,10.0
2023-05,Voskresenskoye,NAO,204800,228100,853,32,79,37,7.5,10.0
2023-06,Voskresenskoye,NAO,213200,239600,888,101,57,56,7.5,10.0
2023-07,Voskresenskoye,NAO,211300,233200,880,107,16,54,13.0,15.5
2023-08,Voskresenskoye,NAO,206800,232700,862,183,75,86,13.0,15.5
2023-09,Voskresenskoye,NAO,206000,221300,858,164,74,94,13.0,15.5
2023-10,Voskresenskoye,NAO,208100,223100,867,58,53,114,13.0,15.5
2023-11,Voskresenskoye,NAO,210600,234000,878,166,11,116,13.0,15.5
2023-12,Voskresenskoye,NAO,205600,228500,857,42,6,73,13.0,15.5
2024-01,Voskresenskoye,NAO,201700,216700,840,56,18,99,16.0,18.5
2024-02,Voskresenskoye,NAO,203500,229500,848,138,8,109,16.0,18.5
2024-03,Voskresenskoye,NAO,203600,223100,848,121,17,68,16.0,18.5
2024-04,Voskresenskoye,NAO,210000,224000,875,110,50,86,16.0,18.5
2024-05,Voskresenskoye,NAO,222400,250600,927,86,34,115,16.0,18.5
2024-06,Voskresenskoye,NAO,208500,224600,869,172,51,88,16.0,18.5
2024-07,Voskresenskoye,NAO,211300,225700,880,53,60,28,16.0,18.5
2024-08,Voskresenskoye,NAO,206600,222900,861,197,51,102,16.0,18.5
2024-09,Voskresenskoye,NAO,206200,217000,859,36,60,45,16.0,18.5
2024-10,Voskresenskoye,NAO,210900,233400,879,34,72,11,21.0,23.5
2024-11,Voskresenskoye,NAO,211200,230700,880,57,43,100,21.0,23.5
2024-12,Voskresenskoye,NAO,213800,230000,891,40,42,67,21.0,23.5
2025-01,Voskresenskoye,NAO,206600,230200,861,82,69,42,21.0,23.5
2025-02,Voskresenskoye,NAO,201700,229300,840,138,47,118,21.0,23.5
2025-03,Voskresenskoye,NAO,217600,238700,907,138,7,29,21.0,23.5
2025-04,Voskresenskoye,NAO,204500,219300,852,110,27,62,21.0,23.5
2025-05,Voskresenskoye,NAO,219100,230900,913,53,66,87,21.0,23.5
2025-06,Voskresenskoye,NAO,211900,229800,883,107,79,20,21.0,23.5
2025-07,Voskresenskoye,NAO,211400,232500,881,147,39,84,17.0,19.5
2025-08,Voskresenskoye,NAO,212900,231200,887,61,77,49,17.0,19.5
2025-09,Voskresenskoye,NAO,213500,225800,889,20,46,61,17.0,19.5
2025-10,Voskresenskoye,NAO,207400,232900,864,47,26,67,17.0,19.5
2025-11,Voskresenskoye,NAO,213400,233000,889,163,11,111,17.0,19.5
2025-12,Voskresenskoye,NAO,207100,229600,863,77,44,82,17.0,19.5
2026-01,Voskresenskoye,NAO,214200,229900,893,56,28,86,17.0,19.5
2026-02,Voskresenskoye,NAO,213100,243200,888,70,59,80,17.0,19.5
2026-03,Voskresenskoye,NAO,208200,235800,868,95,64,39,17.0,19.5
2026-04,Voskresenskoye,NAO,204300,224700,851,111,30,63,17.0,19.5
2020-01,Desyonovskoye,NAO,135100,143800,563,92,31,14,6.0,8.5
2020-02,Desyonovskoye,NAO,133400,149500,556,21,22,116,6.0,8.5
2020-03,Desyonovskoye,NAO,137100,148700,571,138,68,80,6.0,8.5
2020-04,Desyonovskoye,NAO,138100,147200,575,103,44,29,4.25,6.75
2020-05,Desyonovskoye,NAO,147200,165900,614,45,6,89,4.25,6.75
2020-06,Desyonovskoye,NAO,154900,179000,645,121,53,70,4.25,6.75
2020-07,Desyonovskoye,NAO,146900,165000,612,49,64,54,4.25,6.75
2020-08,Desyonovskoye,NAO,147800,164500,616,197,27,60,4.25,6.75
2020-09,Desyonovskoye,NAO,156000,169300,650,164,33,91,4.25,6.75
2020-10,Desyonovskoye,NAO,156500,170600,652,51,64,22,4.25,6.75
2020-11,Desyonovskoye,NAO,161600,175500,673,144,60,119,4.25,6.75
2020-12,Desyonovskoye,NAO,155700,169100,649,60,78,95,4.25,6.75
2021-01,Desyonovskoye,NAO,153700,174400,641,173,56,18,4.25,6.75
2021-02,Desyonovskoye,NAO,167200,182200,697,156,21,96,4.25,6.75
2021-03,Desyonovskoye,NAO,167900,185300,699,140,59,48,4.25,6.75
2021-04,Desyonovskoye,NAO,165000,180700,687,185,52,39,8.5,11.0
2021-05,Desyonovskoye,NAO,167200,181600,697,170,60,109,8.5,11.0
2021-06,Desyonovskoye,NAO,173100,188500,721,44,38,107,8.5,11.0
2021-07,Desyonovskoye,NAO,172800,188200,720,113,44,92,8.5,11.0
2021-08,Desyonovskoye,NAO,180800,197700,753,69,7,59,8.5,11.0
2021-09,Desyonovskoye,NAO,182200,191500,759,186,47,43,8.5,11.0
2021-10,Desyonovskoye,NAO,179100,195900,746,135,55,43,8.5,11.0
2021-11,Desyonovskoye,NAO,189300,205900,789,114,42,61,8.5,11.0
2021-12,Desyonovskoye,NAO,184400,208200,768,99,29,97,8.5,11.0
2022-01,Desyonovskoye,NAO,188500,202500,785,108,75,56,20.0,22.5
2022-02,Desyonovskoye,NAO,184200,206300,768,47,53,59,20.0,22.5
2022-03,Desyonovskoye,NAO,179800,188300,749,199,5,69,20.0,22.5
2022-04,Desyonovskoye,NAO,181600,197900,757,125,30,39,9.5,12.0
2022-05,Desyonovskoye,NAO,178900,198500,745,108,75,50,9.5,12.0
2022-06,Desyonovskoye,NAO,183800,198800,766,164,50,116,9.5,12.0
2022-07,Desyonovskoye,NAO,186400,203500,777,92,30,84,9.5,12.0
2022-08,Desyonovskoye,NAO,182000,198600,758,32,13,77,9.5,12.0
2022-09,Desyonovskoye,NAO,189600,206400,790,89,29,37,9.5,12.0
2022-10,Desyonovskoye,NAO,199100,217000,830,41,65,20,7.5,10.0
2022-11,Desyonovskoye,NAO,188400,202100,785,175,68,48,7.5,10.0
2022-12,Desyonovskoye,NAO,194600,206700,811,136,63,55,7.5,10.0
2023-01,Desyonovskoye,NAO,200500,223300,835,36,60,80,7.5,10.0
2023-02,Desyonovskoye,NAO,191300,210800,797,160,6,78,7.5,10.0
2023-03,Desyonovskoye,NAO,196400,218600,818,157,59,60,7.5,10.0
2023-04,Desyonovskoye,NAO,212100,242400,884,39,48,36,7.5,10.0
2023-05,Desyonovskoye,NAO,195700,213600,815,99,61,32,7.5,10.0
2023-06,Desyonovskoye,NAO,208800,234400,870,165,68,117,7.5,10.0
2023-07,Desyonovskoye,NAO,203000,220200,846,86,69,93,13.0,15.5
2023-08,Desyonovskoye,NAO,212100,226500,884,26,20,109,13.0,15.5
2023-09,Desyonovskoye,NAO,213400,239600,889,83,68,106,13.0,15.5
2023-10,Desyonovskoye,NAO,193100,205200,804,124,30,60,13.0,15.5
2023-11,Desyonovskoye,NAO,208400,225500,868,110,74,13,13.0,15.5
2023-12,Desyonovskoye,NAO,202600,223100,844,36,33,78,13.0,15.5
2024-01,Desyonovskoye,NAO,208800,227500,870,60,19,56,16.0,18.5
2024-02,Desyonovskoye,NAO,221100,245400,921,191,45,55,16.0,18.5
2024-03,Desyonovskoye,NAO,214400,231200,893,114,76,46,16.0,18.5
2024-04,Desyonovskoye,NAO,204800,230000,853,86,57,57,16.0,18.5
2024-05,Desyonovskoye,NAO,218400,249400,910,124,73,67,16.0,18.5
2024-06,Desyonovskoye,NAO,208300,224800,868,102,43,30,16.0,18.5
2024-07,Desyonovskoye,NAO,215800,235300,899,64,23,28,16.0,18.5
2024-08,Desyonovskoye,NAO,206700,218600,861,79,35,113,16.0,18.5
2024-09,Desyonovskoye,NAO,213800,233500,891,28,79,99,16.0,18.5
2024-10,Desyonovskoye,NAO,212500,232400,885,134,31,90,21.0,23.5
2024-11,Desyonovskoye,NAO,203800,217400,849,59,9,71,21.0,23.5
2024-12,Desyonovskoye,NAO,208000,235700,867,120,68,102,21.0,23.5
2025-01,Desyonovskoye,NAO,198800,225600,828,71,55,43,21.0,23.5
2025-02,Desyonovskoye,NAO,201100,218100,838,151,64,112,21.0,23.5
2025-03,Desyonovskoye,NAO,204300,226700,851,89,56,38,21.0,23.5
2025-04,Desyonovskoye,NAO,216700,236800,903,144,60,118,21.0,23.5
2025-05,Desyonovskoye,NAO,210400,220800,877,161,17,87,21.0,23.5
2025-06,Desyonovskoye,NAO,198700,217900,828,111,63,62,21.0,23.5
2025-07,Desyonovskoye,NAO,217000,236100,904,48,75,107,17.0,19.5
2025-08,Desyonovskoye,NAO,207500,227800,864,57,40,73,17.0,19.5
2025-09,Desyonovskoye,NAO,207900,226700,866,49,64,22,17.0,19.5
2025-10,Desyonovskoye,NAO,203500,231600,848,49,27,64,17.0,19.5
2025-11,Desyonovskoye,NAO,201500,231600,840,32,30,31,17.0,19.5
2025-12,Desyonovskoye,NAO,217600,239100,907,188,42,25,17.0,19.5
2026-01,Desyonovskoye,NAO,209200,234600,872,63,39,25,17.0,19.5
2026-02,Desyonovskoye,NAO,204300,230200,851,37,79,80,17.0,19.5
2026-03,Desyonovskoye,NAO,206400,234000,860,162,6,56,17.0,19.5
2026-04,Desyonovskoye,NAO,208300,228400,868,105,68,59,17.0,19.5
2020-01,Kokoshkino,NAO,114800,129800,478,187,62,89,6.0,8.5
2020-02,Kokoshkino,NAO,123200,135400,513,109,28,37,6.0,8.5
2020-03,Kokoshkino,NAO,118000,133200,492,50,24,67,6.0,8.5
2020-04,Kokoshkino,NAO,120400,128200,502,52,72,68,4.25,6.75
2020-05,Kokoshkino,NAO,124600,136800,519,94,64,12,4.25,6.75
2020-06,Kokoshkino,NAO,126400,132300,527,146,18,74,4.25,6.75
2020-07,Kokoshkino,NAO,120800,136000,504,99,9,12,4.25,6.75
2020-08,Kokoshkino,NAO,128700,140600,536,47,28,82,4.25,6.75
2020-09,Kokoshkino,NAO,128100,145400,534,94,45,115,4.25,6.75
2020-10,Kokoshkino,NAO,133100,152600,554,198,79,81,4.25,6.75
2020-11,Kokoshkino,NAO,133600,144600,557,109,45,112,4.25,6.75
2020-12,Kokoshkino,NAO,134800,153200,562,147,61,113,4.25,6.75
2021-01,Kokoshkino,NAO,133300,152000,555,42,23,93,4.25,6.75
2021-02,Kokoshkino,NAO,142300,155700,593,158,12,31,4.25,6.75
2021-03,Kokoshkino,NAO,137400,152800,572,34,69,97,4.25,6.75
2021-04,Kokoshkino,NAO,144200,159100,601,58,17,57,8.5,11.0
2021-05,Kokoshkino,NAO,144100,162300,600,172,54,12,8.5,11.0
2021-06,Kokoshkino,NAO,149800,168900,624,44,19,59,8.5,11.0
2021-07,Kokoshkino,NAO,147200,159100,613,161,31,72,8.5,11.0
2021-08,Kokoshkino,NAO,153400,164800,639,154,42,102,8.5,11.0
2021-09,Kokoshkino,NAO,152300,167100,635,111,44,94,8.5,11.0
2021-10,Kokoshkino,NAO,147300,160000,614,58,42,26,8.5,11.0
2021-11,Kokoshkino,NAO,155600,176800,648,111,54,104,8.5,11.0
2021-12,Kokoshkino,NAO,157300,172100,655,66,24,11,8.5,11.0
2022-01,Kokoshkino,NAO,163900,179600,683,68,28,102,20.0,22.5
2022-02,Kokoshkino,NAO,159200,169800,663,155,46,47,20.0,22.5
2022-03,Kokoshkino,NAO,150700,161500,628,58,42,35,20.0,22.5
2022-04,Kokoshkino,NAO,150300,178300,626,64,46,119,9.5,12.0
2022-05,Kokoshkino,NAO,156200,172100,651,162,24,16,9.5,12.0
2022-06,Kokoshkino,NAO,152700,163600,636,106,28,22,9.5,12.0
2022-07,Kokoshkino,NAO,157700,171800,657,27,12,118,9.5,12.0
2022-08,Kokoshkino,NAO,156700,174300,653,70,19,103,9.5,12.0
2022-09,Kokoshkino,NAO,155000,168800,646,99,67,70,9.5,12.0
2022-10,Kokoshkino,NAO,160300,183200,668,154,70,116,7.5,10.0
2022-11,Kokoshkino,NAO,166300,182800,693,161,58,23,7.5,10.0
2022-12,Kokoshkino,NAO,169600,180700,707,123,42,28,7.5,10.0
2023-01,Kokoshkino,NAO,167500,182400,698,68,53,47,7.5,10.0
2023-02,Kokoshkino,NAO,168100,182200,701,32,38,42,7.5,10.0
2023-03,Kokoshkino,NAO,166900,183100,695,23,56,33,7.5,10.0
2023-04,Kokoshkino,NAO,163800,178000,682,122,34,113,7.5,10.0
2023-05,Kokoshkino,NAO,169600,187700,707,138,78,21,7.5,10.0
2023-06,Kokoshkino,NAO,170800,183600,712,164,75,93,7.5,10.0
2023-07,Kokoshkino,NAO,173900,184400,725,68,72,35,13.0,15.5
2023-08,Kokoshkino,NAO,172700,175800,719,134,76,116,13.0,15.5
2023-09,Kokoshkino,NAO,180400,207800,752,102,77,103,13.0,15.5
2023-10,Kokoshkino,NAO,178500,196500,744,131,24,114,13.0,15.5
2023-11,Kokoshkino,NAO,175500,201000,731,61,43,79,13.0,15.5
2023-12,Kokoshkino,NAO,178300,191100,743,51,6,61,13.0,15.5
2024-01,Kokoshkino,NAO,176600,190000,736,57,49,63,16.0,18.5
2024-02,Kokoshkino,NAO,181300,202100,755,58,67,72,16.0,18.5
2024-03,Kokoshkino,NAO,177200,194800,738,69,59,39,16.0,18.5
2024-04,Kokoshkino,NAO,178600,193700,744,123,60,55,16.0,18.5
2024-05,Kokoshkino,NAO,174500,198300,727,189,5,51,16.0,18.5
2024-06,Kokoshkino,NAO,184400,195600,768,197,77,24,16.0,18.5
2024-07,Kokoshkino,NAO,180500,193100,752,58,47,88,16.0,18.5
2024-08,Kokoshkino,NAO,186100,200600,776,182,73,94,16.0,18.5
2024-09,Kokoshkino,NAO,192500,215100,802,157,41,33,16.0,18.5
2024-10,Kokoshkino,NAO,174800,194000,728,73,59,111,21.0,23.5
2024-11,Kokoshkino,NAO,182500,195200,761,52,18,11,21.0,23.5
2024-12,Kokoshkino,NAO,185700,201500,774,169,43,83,21.0,23.5
2025-01,Kokoshkino,NAO,182800,206100,762,31,16,63,21.0,23.5
2025-02,Kokoshkino,NAO,177700,198800,740,187,72,73,21.0,23.5
2025-03,Kokoshkino,NAO,175900,195700,733,75,49,118,21.0,23.5
2025-04,Kokoshkino,NAO,185800,210500,774,199,37,85,21.0,23.5
2025-05,Kokoshkino,NAO,178000,201400,742,196,57,22,21.0,23.5
2025-06,Kokoshkino,NAO,174900,197500,729,186,11,103,21.0,23.5
2025-07,Kokoshkino,NAO,179000,197700,746,121,46,40,17.0,19.5
2025-08,Kokoshkino,NAO,183400,202000,764,153,36,80,17.0,19.5
2025-09,Kokoshkino,NAO,177200,194800,738,153,12,90,17.0,19.5
2025-10,Kokoshkino,NAO,179300,194500,747,175,19,69,17.0,19.5
2025-11,Kokoshkino,NAO,171300,174400,714,144,35,40,17.0,19.5
2025-12,Kokoshkino,NAO,177700,191900,740,30,52,80,17.0,19.5
2026-01,Kokoshkino,NAO,175500,191300,731,92,50,35,17.0,19.5
2026-02,Kokoshkino,NAO,183600,206100,765,54,39,87,17.0,19.5
2026-03,Kokoshkino,NAO,178100,187200,742,183,24,70,17.0,19.5
2026-04,Kokoshkino,NAO,183800,203500,766,24,8,33,17.0,19.5
2020-01,Marushkinskoye,NAO,116500,127100,485,33,25,82,6.0,8.5
2020-02,Marushkinskoye,NAO,113900,124600,474,65,58,74,6.0,8.5
2020-03,Marushkinskoye,NAO,113000,122700,471,37,5,30,6.0,8.5
2020-04,Marushkinskoye,NAO,113600,126100,473,121,50,22,4.25,6.75
2020-05,Marushkinskoye,NAO,123700,136300,516,160,58,21,4.25,6.75
2020-06,Marushkinskoye,NAO,120000,131200,500,126,28,10,4.25,6.75
2020-07,Marushkinskoye,NAO,119100,136800,496,123,63,65,4.25,6.75
2020-08,Marushkinskoye,NAO,121700,134400,507,186,31,76,4.25,6.75
2020-09,Marushkinskoye,NAO,123300,136800,514,107,19,49,4.25,6.75
2020-10,Marushkinskoye,NAO,124400,140800,518,58,37,77,4.25,6.75
2020-11,Marushkinskoye,NAO,131600,142000,548,63,47,103,4.25,6.75
2020-12,Marushkinskoye,NAO,124600,138200,519,127,25,52,4.25,6.75
2021-01,Marushkinskoye,NAO,133800,141000,557,104,69,94,4.25,6.75
2021-02,Marushkinskoye,NAO,137200,150600,572,171,33,11,4.25,6.75
2021-03,Marushkinskoye,NAO,136300,150000,568,133,26,86,4.25,6.75
2021-04,Marushkinskoye,NAO,134900,150100,562,136,34,59,8.5,11.0
2021-05,Marushkinskoye,NAO,140100,154600,584,56,67,14,8.5,11.0
2021-06,Marushkinskoye,NAO,143700,154400,599,185,52,56,8.5,11.0
2021-07,Marushkinskoye,NAO,137200,145200,572,62,75,97,8.5,11.0
2021-08,Marushkinskoye,NAO,144400,155300,602,60,68,83,8.5,11.0
2021-09,Marushkinskoye,NAO,149000,162700,621,77,40,112,8.5,11.0
2021-10,Marushkinskoye,NAO,146800,158500,612,103,48,23,8.5,11.0
2021-11,Marushkinskoye,NAO,148900,169500,621,92,43,67,8.5,11.0
2021-12,Marushkinskoye,NAO,154900,169000,645,43,50,117,8.5,11.0
2022-01,Marushkinskoye,NAO,150000,166000,625,197,45,56,20.0,22.5
2022-02,Marushkinskoye,NAO,151600,170700,632,74,49,39,20.0,22.5
2022-03,Marushkinskoye,NAO,150800,158700,628,59,32,35,20.0,22.5
2022-04,Marushkinskoye,NAO,140700,152600,586,92,30,55,9.5,12.0
2022-05,Marushkinskoye,NAO,148900,167400,621,38,49,32,9.5,12.0
2022-06,Marushkinskoye,NAO,148400,166800,618,182,69,67,9.5,12.0
2022-07,Marushkinskoye,NAO,152200,168300,634,84,23,70,9.5,12.0
2022-08,Marushkinskoye,NAO,147200,163700,613,22,28,88,9.5,12.0
2022-09,Marushkinskoye,NAO,155400,174600,648,153,51,38,9.5,12.0
2022-10,Marushkinskoye,NAO,152700,166200,636,25,19,113,7.5,10.0
2022-11,Marushkinskoye,NAO,155000,171700,646,117,50,104,7.5,10.0
2022-12,Marushkinskoye,NAO,149900,166300,624,91,13,105,7.5,10.0
2023-01,Marushkinskoye,NAO,159300,169000,664,135,24,68,7.5,10.0
2023-02,Marushkinskoye,NAO,157400,174700,656,186,78,51,7.5,10.0
2023-03,Marushkinskoye,NAO,163200,179700,680,80,71,92,7.5,10.0
2023-04,Marushkinskoye,NAO,156300,171900,651,130,26,23,7.5,10.0
2023-05,Marushkinskoye,NAO,162900,186200,679,86,48,65,7.5,10.0
2023-06,Marushkinskoye,NAO,161900,183900,674,195,30,76,7.5,10.0
2023-07,Marushkinskoye,NAO,176400,186400,735,70,11,109,13.0,15.5
2023-08,Marushkinskoye,NAO,163900,178200,683,98,36,110,13.0,15.5
2023-09,Marushkinskoye,NAO,163800,179600,683,128,47,89,13.0,15.5
2023-10,Marushkinskoye,NAO,170500,195700,710,173,18,110,13.0,15.5
2023-11,Marushkinskoye,NAO,167800,176600,699,88,31,57,13.0,15.5
2023-12,Marushkinskoye,NAO,174800,186900,728,70,72,70,13.0,15.5
2024-01,Marushkinskoye,NAO,172900,192800,721,172,49,96,16.0,18.5
2024-02,Marushkinskoye,NAO,172200,194400,718,72,23,109,16.0,18.5
2024-03,Marushkinskoye,NAO,170600,190800,711,29,63,111,16.0,18.5
2024-04,Marushkinskoye,NAO,174200,188900,726,145,57,35,16.0,18.5
2024-05,Marushkinskoye,NAO,178000,203800,742,62,58,52,16.0,18.5
2024-06,Marushkinskoye,NAO,178400,200100,743,123,41,70,16.0,18.5
2024-07,Marushkinskoye,NAO,179300,191700,747,189,11,84,16.0,18.5
2024-08,Marushkinskoye,NAO,175800,195400,732,194,61,60,16.0,18.5
2024-09,Marushkinskoye,NAO,177100,196200,738,139,62,35,16.0,18.5
2024-10,Marushkinskoye,NAO,176300,194300,735,45,61,110,21.0,23.5
2024-11,Marushkinskoye,NAO,172000,190700,717,164,11,34,21.0,23.5
2024-12,Marushkinskoye,NAO,157700,176600,657,154,16,108,21.0,23.5
2025-01,Marushkinskoye,NAO,174100,186800,725,115,43,98,21.0,23.5
2025-02,Marushkinskoye,NAO,161100,178900,671,115,75,107,21.0,23.5
2025-03,Marushkinskoye,NAO,170100,194700,709,94,71,62,21.0,23.5
2025-04,Marushkinskoye,NAO,166900,178000,695,146,27,67,21.0,23.5
2025-05,Marushkinskoye,NAO,165500,188300,690,131,17,67,21.0,23.5
2025-06,Marushkinskoye,NAO,160800,180000,670,39,71,69,21.0,23.5
2025-07,Marushkinskoye,NAO,167600,180800,698,118,52,108,17.0,19.5
2025-08,Marushkinskoye,NAO,170400,189600,710,84,58,108,17.0,19.5
2025-09,Marushkinskoye,NAO,167600,190300,698,67,12,77,17.0,19.5
2025-10,Marushkinskoye,NAO,168500,185300,702,114,51,18,17.0,19.5
2025-11,Marushkinskoye,NAO,167400,182000,698,62,60,75,17.0,19.5
2025-12,Marushkinskoye,NAO,177300,197300,739,35,55,86,17.0,19.5
2026-01,Marushkinskoye,NAO,172300,191600,718,164,44,24,17.0,19.5
2026-02,Marushkinskoye,NAO,179400,191900,747,172,19,79,17.0,19.5
2026-03,Marushkinskoye,NAO,174800,196300,728,151,79,61,17.0,19.5
2026-04,Marushkinskoye,NAO,180700,199700,753,177,15,82,17.0,19.5
2020-01,Moskovsky,NAO,145000,162000,604,67,46,100,6.0,8.5
2020-02,Moskovsky,NAO,149900,165500,625,138,74,84,6.0,8.5
2020-03,Moskovsky,NAO,149300,155200,622,101,74,60,6.0,8.5
2020-04,Moskovsky,NAO,157300,171700,656,54,11,63,4.25,6.75
2020-05,Moskovsky,NAO,150900,171200,629,119,54,13,4.25,6.75
2020-06,Moskovsky,NAO,161800,181100,674,127,64,94,4.25,6.75
2020-07,Moskovsky,NAO,156200,178500,651,139,79,112,4.25,6.75
2020-08,Moskovsky,NAO,155000,163200,646,23,14,38,4.25,6.75
2020-09,Moskovsky,NAO,170700,182000,711,88,39,35,4.25,6.75
2020-10,Moskovsky,NAO,156300,169300,651,47,31,63,4.25,6.75
2020-11,Moskovsky,NAO,166600,180000,694,69,72,15,4.25,6.75
2020-12,Moskovsky,NAO,171600,185900,715,67,21,22,4.25,6.75
2021-01,Moskovsky,NAO,178400,192000,743,150,15,78,4.25,6.75
2021-02,Moskovsky,NAO,175000,188000,729,46,72,76,4.25,6.75
2021-03,Moskovsky,NAO,182200,201900,759,187,63,47,4.25,6.75
2021-04,Moskovsky,NAO,184900,207100,770,55,10,12,8.5,11.0
2021-05,Moskovsky,NAO,185300,202000,772,50,17,32,8.5,11.0
2021-06,Moskovsky,NAO,181700,202900,757,51,47,24,8.5,11.0
2021-07,Moskovsky,NAO,194400,209900,810,86,17,47,8.5,11.0
2021-08,Moskovsky,NAO,191000,208000,796,153,25,79,8.5,11.0
2021-09,Moskovsky,NAO,193600,213500,807,142,48,81,8.5,11.0
2021-10,Moskovsky,NAO,192100,206600,801,80,49,91,8.5,11.0
2021-11,Moskovsky,NAO,194600,218800,811,34,47,111,8.5,11.0
2021-12,Moskovsky,NAO,201100,227900,838,193,40,97,8.5,11.0
2022-01,Moskovsky,NAO,206600,231900,861,35,16,78,20.0,22.5
2022-02,Moskovsky,NAO,192900,210500,804,45,13,44,20.0,22.5
2022-03,Moskovsky,NAO,192600,208100,803,170,47,95,20.0,22.5
2022-04,Moskovsky,NAO,196800,217000,820,143,34,74,9.5,12.0
2022-05,Moskovsky,NAO,204800,228500,853,172,56,28,9.5,12.0
2022-06,Moskovsky,NAO,190400,212600,794,21,35,34,9.5,12.0
2022-07,Moskovsky,NAO,200700,208000,836,90,27,10,9.5,12.0
2022-08,Moskovsky,NAO,207100,231100,863,123,8,90,9.5,12.0
2022-09,Moskovsky,NAO,196100,218100,817,81,64,44,9.5,12.0
2022-10,Moskovsky,NAO,197800,219700,824,34,43,106,7.5,10.0
2022-11,Moskovsky,NAO,203300,217600,847,181,75,118,7.5,10.0
2022-12,Moskovsky,NAO,207000,232000,862,114,79,32,7.5,10.0
2023-01,Moskovsky,NAO,216000,232000,900,173,29,73,7.5,10.0
2023-02,Moskovsky,NAO,215400,238100,898,139,67,84,7.5,10.0
2023-03,Moskovsky,NAO,217700,237100,907,188,70,55,7.5,10.0
2023-04,Moskovsky,NAO,218000,235700,908,100,16,40,7.5,10.0
2023-05,Moskovsky,NAO,210300,226900,876,76,11,84,7.5,10.0
2023-06,Moskovsky,NAO,212700,250900,886,134,66,21,7.5,10.0
2023-07,Moskovsky,NAO,212300,244600,884,106,71,100,13.0,15.5
2023-08,Moskovsky,NAO,219800,229900,916,42,50,12,13.0,15.5
2023-09,Moskovsky,NAO,221700,248700,924,170,22,109,13.0,15.5
2023-10,Moskovsky,NAO,218800,238400,912,85,68,50,13.0,15.5
2023-11,Moskovsky,NAO,215700,234800,899,59,46,69,13.0,15.5
2023-12,Moskovsky,NAO,221800,244500,924,161,29,113,13.0,15.5
2024-01,Moskovsky,NAO,223700,247100,932,194,13,46,16.0,18.5
2024-02,Moskovsky,NAO,228300,240500,951,113,58,34,16.0,18.5
2024-03,Moskovsky,NAO,225600,262700,940,197,13,39,16.0,18.5
2024-04,Moskovsky,NAO,230700,245900,961,37,37,13,16.0,18.5
2024-05,Moskovsky,NAO,237400,257900,989,175,77,47,16.0,18.5
2024-06,Moskovsky,NAO,227000,239400,946,132,29,111,16.0,18.5
2024-07,Moskovsky,NAO,230200,256500,959,32,60,58,16.0,18.5
2024-08,Moskovsky,NAO,229800,258600,957,180,63,89,16.0,18.5
2024-09,Moskovsky,NAO,224600,264600,936,75,19,67,16.0,18.5
2024-10,Moskovsky,NAO,221400,239400,922,145,29,19,21.0,23.5
2024-11,Moskovsky,NAO,233500,270200,973,31,69,98,21.0,23.5
2024-12,Moskovsky,NAO,220300,233100,918,87,18,111,21.0,23.5
2025-01,Moskovsky,NAO,217400,238900,906,66,10,59,21.0,23.5
2025-02,Moskovsky,NAO,219000,244800,912,69,50,116,21.0,23.5
2025-03,Moskovsky,NAO,224900,248300,937,68,63,31,21.0,23.5
2025-04,Moskovsky,NAO,225200,252400,938,122,61,90,21.0,23.5
2025-05,Moskovsky,NAO,231300,246900,964,32,77,10,21.0,23.5
2025-06,Moskovsky,NAO,219700,247100,915,116,6,107,21.0,23.5
2025-07,Moskovsky,NAO,226000,249100,942,171,36,105,17.0,19.5
2025-08,Moskovsky,NAO,222400,234500,927,44,58,54,17.0,19.5
2025-09,Moskovsky,NAO,225700,252700,940,22,64,35,17.0,19.5
2025-10,Moskovsky,NAO,231400,252400,964,38,59,21,17.0,19.5
2025-11,Moskovsky,NAO,225400,252600,939,152,7,95,17.0,19.5
2025-12,Moskovsky,NAO,234100,265100,975,21,58,118,17.0,19.5
2026-01,Moskovsky,NAO,224900,255900,937,96,10,81,17.0,19.5
2026-02,Moskovsky,NAO,220900,237800,920,179,68,41,17.0,19.5
2026-03,Moskovsky,NAO,232300,251600,968,167,6,115,17.0,19.5
2026-04,Moskovsky,NAO,225300,237300,939,21,57,50,17.0,19.5
2020-01,Mosrentgen,NAO,152000,172900,633,45,62,15,6.0,8.5
2020-02,Mosrentgen,NAO,153500,167000,639,87,18,25,6.0,8.5
2020-03,Mosrentgen,NAO,146300,156600,610,199,5,108,6.0,8.5
2020-04,Mosrentgen,NAO,154200,172300,642,43,18,31,4.25,6.75
2020-05,Mosrentgen,NAO,155000,172700,646,170,68,33,4.25,6.75
2020-06,Mosrentgen,NAO,152600,172800,636,115,46,116,4.25,6.75
2020-07,Mosrentgen,NAO,160800,171300,670,56,72,44,4.25,6.75
2020-08,Mosrentgen,NAO,163500,184000,681,143,6,20,4.25,6.75
2020-09,Mosrentgen,NAO,164500,178400,685,147,51,56,4.25,6.75
2020-10,Mosrentgen,NAO,173100,189100,721,70,55,45,4.25,6.75
2020-11,Mosrentgen,NAO,166300,183100,693,140,42,47,4.25,6.75
2020-12,Mosrentgen,NAO,172800,190000,720,119,60,39,4.25,6.75
2021-01,Mosrentgen,NAO,167900,187700,700,173,75,85,4.25,6.75
2021-02,Mosrentgen,NAO,184700,198800,769,93,35,32,4.25,6.75
2021-03,Mosrentgen,NAO,176700,187300,736,188,17,102,4.25,6.75
2021-04,Mosrentgen,NAO,176500,190500,735,153,70,23,8.5,11.0
2021-05,Mosrentgen,NAO,184600,204900,769,175,40,83,8.5,11.0
2021-06,Mosrentgen,NAO,186100,201800,776,171,61,67,8.5,11.0
2021-07,Mosrentgen,NAO,186900,211400,779,45,53,109,8.5,11.0
2021-08,Mosrentgen,NAO,190900,219300,796,163,45,25,8.5,11.0
2021-09,Mosrentgen,NAO,189100,209800,788,98,23,63,8.5,11.0
2021-10,Mosrentgen,NAO,191900,206900,799,40,52,74,8.5,11.0
2021-11,Mosrentgen,NAO,193300,197200,805,93,63,46,8.5,11.0
2021-12,Mosrentgen,NAO,194500,209600,810,45,62,117,8.5,11.0
2022-01,Mosrentgen,NAO,215800,227700,899,87,67,38,20.0,22.5
2022-02,Mosrentgen,NAO,209700,237300,874,191,42,56,20.0,22.5
2022-03,Mosrentgen,NAO,190800,211900,795,68,74,17,20.0,22.5
2022-04,Mosrentgen,NAO,199900,211600,833,196,37,57,9.5,12.0
2022-05,Mosrentgen,NAO,199700,214400,832,96,68,54,9.5,12.0
2022-06,Mosrentgen,NAO,195300,216300,814,57,18,45,9.5,12.0
2022-07,Mosrentgen,NAO,199200,227400,830,61,39,114,9.5,12.0
2022-08,Mosrentgen,NAO,203500,227800,848,150,79,74,9.5,12.0
2022-09,Mosrentgen,NAO,206200,227400,859,121,12,77,9.5,12.0
2022-10,Mosrentgen,NAO,203200,222600,847,68,60,61,7.5,10.0
2022-11,Mosrentgen,NAO,210200,230600,876,199,70,48,7.5,10.0
2022-12,Mosrentgen,NAO,215000,235600,896,140,9,11,7.5,10.0
2023-01,Mosrentgen,NAO,209300,228400,872,188,39,101,7.5,10.0
2023-02,Mosrentgen,NAO,207600,218400,865,127,57,105,7.5,10.0
2023-03,Mosrentgen,NAO,212500,226600,885,119,16,69,7.5,10.0
2023-04,Mosrentgen,NAO,218400,256300,910,101,55,25,7.5,10.0
2023-05,Mosrentgen,NAO,207300,225300,864,128,72,44,7.5,10.0
2023-06,Mosrentgen,NAO,227900,244000,950,76,71,86,7.5,10.0
2023-07,Mosrentgen,NAO,226700,250600,945,105,59,27,13.0,15.5
2023-08,Mosrentgen,NAO,213000,232600,887,188,67,34,13.0,15.5
2023-09,Mosrentgen,NAO,212800,240500,887,94,37,111,13.0,15.5
2023-10,Mosrentgen,NAO,217900,253100,908,140,26,47,13.0,15.5
2023-11,Mosrentgen,NAO,224300,246000,935,100,75,104,13.0,15.5
2023-12,Mosrentgen,NAO,223600,244500,932,187,11,70,13.0,15.5
2024-01,Mosrentgen,NAO,225600,244500,940,70,60,112,16.0,18.5
2024-02,Mosrentgen,NAO,222900,246900,929,140,78,41,16.0,18.5
2024-03,Mosrentgen,NAO,231000,253600,963,149,73,103,16.0,18.5
2024-04,Mosrentgen,NAO,217200,232600,905,151,21,101,16.0,18.5
2024-05,Mosrentgen,NAO,242200,265500,1009,106,42,87,16.0,18.5
2024-06,Mosrentgen,NAO,231400,245400,964,34,7,10,16.0,18.5
2024-07,Mosrentgen,NAO,220300,246500,918,70,50,74,16.0,18.5
2024-08,Mosrentgen,NAO,226700,256400,944,100,47,98,16.0,18.5
2024-09,Mosrentgen,NAO,232700,261700,970,177,44,80,16.0,18.5
2024-10,Mosrentgen,NAO,229900,250300,958,128,52,84,21.0,23.5
2024-11,Mosrentgen,NAO,225700,241400,940,189,79,76,21.0,23.5
2024-12,Mosrentgen,NAO,214600,233800,894,157,54,78,21.0,23.5
2025-01,Mosrentgen,NAO,219400,243200,914,138,48,95,21.0,23.5
2025-02,Mosrentgen,NAO,226900,236000,945,119,43,93,21.0,23.5
2025-03,Mosrentgen,NAO,223900,248200,933,192,17,26,21.0,23.5
2025-04,Mosrentgen,NAO,210300,232200,876,114,59,16,21.0,23.5
2025-05,Mosrentgen,NAO,221400,245200,922,175,40,77,21.0,23.5
2025-06,Mosrentgen,NAO,225100,241700,938,198,69,71,21.0,23.5
2025-07,Mosrentgen,NAO,223200,239400,930,80,20,111,17.0,19.5
2025-08,Mosrentgen,NAO,225300,248100,939,97,12,86,17.0,19.5
2025-09,Mosrentgen,NAO,222600,245400,927,172,5,107,17.0,19.5
2025-10,Mosrentgen,NAO,220000,230500,917,93,65,17,17.0,19.5
2025-11,Mosrentgen,NAO,223800,246800,932,85,56,50,17.0,19.5
2025-12,Mosrentgen,NAO,227500,247200,948,189,65,64,17.0,19.5
2026-01,Mosrentgen,NAO,227800,247000,949,114,61,55,17.0,19.5
2026-02,Mosrentgen,NAO,228800,258400,953,160,22,16,17.0,19.5
2026-03,Mosrentgen,NAO,215400,230200,897,25,77,43,17.0,19.5
2026-04,Mosrentgen,NAO,234300,254700,976,89,24,75,17.0,19.5
2020-01,Ryazanovskoye,NAO,117100,127200,488,48,15,13,6.0,8.5
2020-02,Ryazanovskoye,NAO,115200,128500,480,28,53,61,6.0,8.5
2020-03,Ryazanovskoye,NAO,121700,134600,507,162,45,37,6.0,8.5
2020-04,Ryazanovskoye,NAO,122300,138700,509,164,27,46,4.25,6.75
2020-05,Ryazanovskoye,NAO,125100,130400,521,189,32,76,4.25,6.75
2020-06,Ryazanovskoye,NAO,126100,139000,525,164,49,43,4.25,6.75
2020-07,Ryazanovskoye,NAO,120600,133100,503,160,73,54,4.25,6.75
2020-08,Ryazanovskoye,NAO,127900,133700,533,58,42,49,4.25,6.75
2020-09,Ryazanovskoye,NAO,123900,142300,516,75,69,47,4.25,6.75
2020-10,Ryazanovskoye,NAO,135100,145500,563,68,55,55,4.25,6.75
2020-11,Ryazanovskoye,NAO,133900,149100,558,148,12,117,4.25,6.75
2020-12,Ryazanovskoye,NAO,127200,145400,530,83,32,20,4.25,6.75
2021-01,Ryazanovskoye,NAO,135600,150000,565,194,27,44,4.25,6.75
2021-02,Ryazanovskoye,NAO,140000,159100,583,95,62,81,4.25,6.75
2021-03,Ryazanovskoye,NAO,139100,154600,579,96,22,47,4.25,6.75
2021-04,Ryazanovskoye,NAO,144000,164700,600,147,9,85,8.5,11.0
2021-05,Ryazanovskoye,NAO,140200,156300,584,120,56,20,8.5,11.0
2021-06,Ryazanovskoye,NAO,150600,166900,627,32,48,71,8.5,11.0
2021-07,Ryazanovskoye,NAO,151400,163100,631,196,46,13,8.5,11.0
2021-08,Ryazanovskoye,NAO,146200,163200,609,118,70,93,8.5,11.0
2021-09,Ryazanovskoye,NAO,154600,166400,644,178,45,39,8.5,11.0
2021-10,Ryazanovskoye,NAO,145800,156500,607,190,43,45,8.5,11.0
2021-11,Ryazanovskoye,NAO,155400,171800,648,109,68,54,8.5,11.0
2021-12,Ryazanovskoye,NAO,158000,171400,658,51,38,89,8.5,11.0
2022-01,Ryazanovskoye,NAO,165600,182800,690,182,72,112,20.0,22.5
2022-02,Ryazanovskoye,NAO,160900,177400,670,61,71,85,20.0,22.5
2022-03,Ryazanovskoye,NAO,154800,173800,645,147,71,78,20.0,22.5
2022-04,Ryazanovskoye,NAO,148600,167300,619,163,6,80,9.5,12.0
2022-05,Ryazanovskoye,NAO,153600,164300,640,114,34,55,9.5,12.0
2022-06,Ryazanovskoye,NAO,152300,176900,634,173,20,32,9.5,12.0
2022-07,Ryazanovskoye,NAO,159400,173400,664,139,74,58,9.5,12.0
2022-08,Ryazanovskoye,NAO,156700,176600,653,28,32,41,9.5,12.0
2022-09,Ryazanovskoye,NAO,157200,171700,655,84,46,23,9.5,12.0
2022-10,Ryazanovskoye,NAO,160700,178500,669,157,51,31,7.5,10.0
2022-11,Ryazanovskoye,NAO,159600,177300,665,107,34,65,7.5,10.0
2022-12,Ryazanovskoye,NAO,161100,174300,671,173,63,46,7.5,10.0
2023-01,Ryazanovskoye,NAO,169100,186300,705,31,18,94,7.5,10.0
2023-02,Ryazanovskoye,NAO,164700,174800,686,191,12,27,7.5,10.0
2023-03,Ryazanovskoye,NAO,174000,189200,725,78,58,32,7.5,10.0
2023-04,Ryazanovskoye,NAO,175400,192500,731,90,38,67,7.5,10.0
2023-05,Ryazanovskoye,NAO,172000,180700,717,155,27,68,7.5,10.0
2023-06,Ryazanovskoye,NAO,172600,192300,719,145,38,54,7.5,10.0
2023-07,Ryazanovskoye,NAO,170900,191400,712,181,37,44,13.0,15.5
2023-08,Ryazanovskoye,NAO,182400,192400,760,91,57,48,13.0,15.5
2023-09,Ryazanovskoye,NAO,179200,196600,747,195,20,52,13.0,15.5
2023-10,Ryazanovskoye,NAO,170800,195100,712,112,47,25,13.0,15.5
2023-11,Ryazanovskoye,NAO,178900,199500,745,90,26,33,13.0,15.5
2023-12,Ryazanovskoye,NAO,175400,198100,731,196,55,101,13.0,15.5
2024-01,Ryazanovskoye,NAO,172200,191700,717,169,18,108,16.0,18.5
2024-02,Ryazanovskoye,NAO,178200,196000,743,141,63,51,16.0,18.5
2024-03,Ryazanovskoye,NAO,177000,186600,737,114,31,119,16.0,18.5
2024-04,Ryazanovskoye,NAO,183100,198800,763,26,79,54,16.0,18.5
2024-05,Ryazanovskoye,NAO,184700,206200,770,76,41,51,16.0,18.5
2024-06,Ryazanovskoye,NAO,179800,194900,749,108,11,70,16.0,18.5
2024-07,Ryazanovskoye,NAO,186600,201500,777,173,29,38,16.0,18.5
2024-08,Ryazanovskoye,NAO,177900,191200,741,28,8,65,16.0,18.5
2024-09,Ryazanovskoye,NAO,182600,199600,761,88,54,18,16.0,18.5
2024-10,Ryazanovskoye,NAO,180300,194000,751,141,8,61,21.0,23.5
2024-11,Ryazanovskoye,NAO,173300,198600,722,31,56,80,21.0,23.5
2024-12,Ryazanovskoye,NAO,174800,185400,728,72,14,42,21.0,23.5
2025-01,Ryazanovskoye,NAO,168600,183000,703,60,56,61,21.0,23.5
2025-02,Ryazanovskoye,NAO,167100,180100,696,30,8,42,21.0,23.5
2025-03,Ryazanovskoye,NAO,172000,188300,717,65,43,50,21.0,23.5
2025-04,Ryazanovskoye,NAO,179900,197600,749,70,31,56,21.0,23.5
2025-05,Ryazanovskoye,NAO,178500,198400,744,50,30,15,21.0,23.5
2025-06,Ryazanovskoye,NAO,182900,206700,762,115,34,85,21.0,23.5
2025-07,Ryazanovskoye,NAO,176000,201300,734,68,50,34,17.0,19.5
2025-08,Ryazanovskoye,NAO,173800,187000,724,60,51,69,17.0,19.5
2025-09,Ryazanovskoye,NAO,175300,186800,730,89,62,49,17.0,19.5
2025-10,Ryazanovskoye,NAO,176800,203100,737,175,25,104,17.0,19.5
2025-11,Ryazanovskoye,NAO,176400,201900,735,129,29,38,17.0,19.5
2025-12,Ryazanovskoye,NAO,173000,184200,721,163,9,46,17.0,19.5
2026-01,Ryazanovskoye,NAO,183300,190200,764,25,68,32,17.0,19.5
2026-02,Ryazanovskoye,NAO,182900,204100,762,159,45,35,17.0,19.5
2026-03,Ryazanovskoye,NAO,177900,193100,741,42,68,114,17.0,19.5
2026-04,Ryazanovskoye,NAO,179800,200300,749,47,73,64,17.0,19.5
2020-01,Sosenskoye,NAO,145100,156900,605,27,77,91,6.0,8.5
2020-02,Sosenskoye,NAO,151400,166600,631,164,76,20,6.0,8.5
2020-03,Sosenskoye,NAO,153900,170000,641,175,32,101,6.0,8.5
2020-04,Sosenskoye,NAO,155100,176700,646,63,39,66,4.25,6.75
2020-05,Sosenskoye,NAO,156600,174900,652,60,71,49,4.25,6.75
2020-06,Sosenskoye,NAO,159400,168900,664,146,58,91,4.25,6.75
2020-07,Sosenskoye,NAO,165600,177500,690,24,67,63,4.25,6.75
2020-08,Sosenskoye,NAO,160900,179300,670,180,21,58,4.25,6.75
2020-09,Sosenskoye,NAO,163800,173400,683,141,39,101,4.25,6.75
2020-10,Sosenskoye,NAO,163700,175100,682,56,29,95,4.25,6.75
2020-11,Sosenskoye,NAO,156800,168300,653,192,63,36,4.25,6.75
2020-12,Sosenskoye,NAO,177400,211900,739,77,70,35,4.25,6.75
2021-01,Sosenskoye,NAO,170800,186100,712,110,22,102,4.25,6.75
2021-02,Sosenskoye,NAO,175000,199000,729,78,10,34,4.25,6.75
2021-03,Sosenskoye,NAO,179300,200700,747,68,24,13,4.25,6.75
2021-04,Sosenskoye,NAO,175100,191200,730,100,66,62,8.5,11.0
2021-05,Sosenskoye,NAO,176300,195700,735,25,44,52,8.5,11.0
2021-06,Sosenskoye,NAO,186500,204600,777,34,24,79,8.5,11.0
2021-07,Sosenskoye,NAO,196100,218300,817,141,64,43,8.5,11.0
2021-08,Sosenskoye,NAO,193400,220300,806,113,38,117,8.5,11.0
2021-09,Sosenskoye,NAO,182800,199000,762,54,50,86,8.5,11.0
2021-10,Sosenskoye,NAO,196100,201300,817,73,72,70,8.5,11.0
2021-11,Sosenskoye,NAO,195700,211600,815,136,5,78,8.5,11.0
2021-12,Sosenskoye,NAO,200200,215000,834,180,52,78,8.5,11.0
2022-01,Sosenskoye,NAO,204500,223400,852,182,57,61,20.0,22.5
2022-02,Sosenskoye,NAO,205200,234400,855,148,13,47,20.0,22.5
2022-03,Sosenskoye,NAO,199000,224000,829,142,63,104,20.0,22.5
2022-04,Sosenskoye,NAO,191700,206200,799,176,51,12,9.5,12.0
2022-05,Sosenskoye,NAO,192400,216800,802,153,35,107,9.5,12.0
2022-06,Sosenskoye,NAO,202400,231800,843,70,78,92,9.5,12.0
2022-07,Sosenskoye,NAO,186900,201600,779,120,27,116,9.5,12.0
2022-08,Sosenskoye,NAO,199200,215500,830,73,79,118,9.5,12.0
2022-09,Sosenskoye,NAO,201800,221600,841,55,31,88,9.5,12.0
2022-10,Sosenskoye,NAO,217700,241700,907,157,31,38,7.5,10.0
2022-11,Sosenskoye,NAO,203500,218900,848,182,58,78,7.5,10.0
2022-12,Sosenskoye,NAO,217200,239300,905,23,52,104,7.5,10.0
2023-01,Sosenskoye,NAO,207500,215600,865,85,68,72,7.5,10.0
2023-02,Sosenskoye,NAO,216500,232400,902,162,35,72,7.5,10.0
2023-03,Sosenskoye,NAO,217300,249100,905,26,30,11,7.5,10.0
2023-04,Sosenskoye,NAO,214800,238500,895,181,32,106,7.5,10.0
2023-05,Sosenskoye,NAO,219800,247700,916,170,12,93,7.5,10.0
2023-06,Sosenskoye,NAO,216700,244200,903,90,66,77,7.5,10.0
2023-07,Sosenskoye,NAO,223500,236200,931,162,59,91,13.0,15.5
2023-08,Sosenskoye,NAO,227000,249600,946,117,25,86,13.0,15.5
2023-09,Sosenskoye,NAO,220200,245100,917,172,35,81,13.0,15.5
2023-10,Sosenskoye,NAO,218000,229000,908,45,21,64,13.0,15.5
2023-11,Sosenskoye,NAO,225600,259000,940,117,21,41,13.0,15.5
2023-12,Sosenskoye,NAO,227700,251100,949,102,38,77,13.0,15.5
2024-01,Sosenskoye,NAO,230000,266800,958,91,54,109,16.0,18.5
2024-02,Sosenskoye,NAO,224000,240300,933,162,62,73,16.0,18.5
2024-03,Sosenskoye,NAO,221100,241300,921,127,70,78,16.0,18.5
2024-04,Sosenskoye,NAO,231200,262900,963,77,51,90,16.0,18.5
2024-05,Sosenskoye,NAO,236200,255400,984,109,55,118,16.0,18.5
2024-06,Sosenskoye,NAO,222900,253100,929,161,11,44,16.0,18.5
2024-07,Sosenskoye,NAO,231800,260300,966,132,79,63,16.0,18.5
2024-08,Sosenskoye,NAO,233900,250300,975,57,22,66,16.0,18.5
2024-09,Sosenskoye,NAO,226500,255600,944,29,67,101,16.0,18.5
2024-10,Sosenskoye,NAO,230600,252600,961,61,77,117,21.0,23.5
2024-11,Sosenskoye,NAO,226900,254900,945,111,76,41,21.0,23.5
2024-12,Sosenskoye,NAO,214700,241600,895,118,37,100,21.0,23.5
2025-01,Sosenskoye,NAO,222900,237700,929,97,24,99,21.0,23.5
2025-02,Sosenskoye,NAO,223000,254500,929,157,53,57,21.0,23.5
2025-03,Sosenskoye,NAO,230100,253700,959,102,55,86,21.0,23.5
2025-04,Sosenskoye,NAO,217500,251000,906,99,7,107,21.0,23.5
2025-05,Sosenskoye,NAO,220300,248600,918,80,75,119,21.0,23.5
2025-06,Sosenskoye,NAO,226900,242600,945,183,29,95,21.0,23.5
2025-07,Sosenskoye,NAO,221600,242200,923,179,5,89,17.0,19.5
2025-08,Sosenskoye,NAO,221900,235500,925,166,73,96,17.0,19.5
2025-09,Sosenskoye,NAO,227700,250600,949,87,8,65,17.0,19.5
2025-10,Sosenskoye,NAO,221100,241100,921,85,65,26,17.0,19.5
2025-11,Sosenskoye,NAO,227300,259500,947,177,24,17,17.0,19.5
2025-12,Sosenskoye,NAO,224600,248000,936,115,56,86,17.0,19.5
2026-01,Sosenskoye,NAO,229200,257900,955,144,50,47,17.0,19.5
2026-02,Sosenskoye,NAO,231200,269600,963,79,34,93,17.0,19.5
2026-03,Sosenskoye,NAO,225700,246700,940,47,42,54,17.0,19.5
2026-04,Sosenskoye,NAO,229600,265500,957,185,25,80,17.0,19.5
2020-01,Filimonkovskoye,NAO,129900,140300,541,146,62,98,6.0,8.5
2020-02,Filimonkovskoye,NAO,125800,139500,524,59,31,56,6.0,8.5
2020-03,Filimonkovskoye,NAO,121100,134500,505,90,66,85,6.0,8.5
2020-04,Filimonkovskoye,NAO,121400,137200,506,197,18,34,4.25,6.75
2020-05,Filimonkovskoye,NAO,127700,143200,532,91,20,64,4.25,6.75
2020-06,Filimonkovskoye,NAO,128800,139600,537,175,54,37,4.25,6.75
2020-07,Filimonkovskoye,NAO,129600,146200,540,137,50,106,4.25,6.75
2020-08,Filimonkovskoye,NAO,136700,154200,570,70,60,95,4.25,6.75
2020-09,Filimonkovskoye,NAO,142300,150300,593,79,41,94,4.25,6.75
2020-10,Filimonkovskoye,NAO,139200,156700,580,142,37,14,4.25,6.75
2020-11,Filimonkovskoye,NAO,144300,159400,601,89,19,26,4.25,6.75
2020-12,Filimonkovskoye,NAO,137500,142700,573,192,74,107,4.25,6.75
2021-01,Filimonkovskoye,NAO,141200,155200,588,107,5,44,4.25,6.75
2021-02,Filimonkovskoye,NAO,140100,153500,584,40,52,29,4.25,6.75
2021-03,Filimonkovskoye,NAO,147400,162900,614,59,7,25,4.25,6.75
2021-04,Filimonkovskoye,NAO,150300,165800,626,123,73,100,8.5,11.0
2021-05,Filimonkovskoye,NAO,157700,175700,657,52,44,16,8.5,11.0
2021-06,Filimonkovskoye,NAO,150400,161400,626,38,32,61,8.5,11.0
2021-07,Filimonkovskoye,NAO,149500,163600,623,32,21,13,8.5,11.0
2021-08,Filimonkovskoye,NAO,161300,176000,672,77,59,58,8.5,11.0
2021-09,Filimonkovskoye,NAO,155500,169200,648,72,38,67,8.5,11.0
2021-10,Filimonkovskoye,NAO,167200,180200,697,58,77,11,8.5,11.0
2021-11,Filimonkovskoye,NAO,167900,197700,699,168,56,23,8.5,11.0
2021-12,Filimonkovskoye,NAO,164500,183000,686,119,12,103,8.5,11.0
2022-01,Filimonkovskoye,NAO,166300,175900,693,63,14,47,20.0,22.5
2022-02,Filimonkovskoye,NAO,164100,182600,684,140,24,63,20.0,22.5
2022-03,Filimonkovskoye,NAO,167400,175000,698,139,77,43,20.0,22.5
2022-04,Filimonkovskoye,NAO,148700,168600,619,61,76,113,9.5,12.0
2022-05,Filimonkovskoye,NAO,159300,180500,664,39,67,25,9.5,12.0
2022-06,Filimonkovskoye,NAO,158500,177700,660,87,46,45,9.5,12.0
2022-07,Filimonkovskoye,NAO,160600,177800,669,140,28,81,9.5,12.0
2022-08,Filimonkovskoye,NAO,169200,173300,705,175,62,60,9.5,12.0
2022-09,Filimonkovskoye,NAO,166400,177500,693,130,15,105,9.5,12.0
2022-10,Filimonkovskoye,NAO,170900,186400,712,132,59,104,7.5,10.0
2022-11,Filimonkovskoye,NAO,169100,184000,705,54,59,14,7.5,10.0
2022-12,Filimonkovskoye,NAO,168800,180200,703,39,62,44,7.5,10.0
2023-01,Filimonkovskoye,NAO,172700,191200,720,127,53,73,7.5,10.0
2023-02,Filimonkovskoye,NAO,181400,197700,756,162,13,91,7.5,10.0
2023-03,Filimonkovskoye,NAO,173900,181700,725,44,5,39,7.5,10.0
2023-04,Filimonkovskoye,NAO,175600,195900,732,85,73,54,7.5,10.0
2023-05,Filimonkovskoye,NAO,182500,201700,761,101,21,95,7.5,10.0
2023-06,Filimonkovskoye,NAO,176500,198500,736,160,10,41,7.5,10.0
2023-07,Filimonkovskoye,NAO,180000,201400,750,142,41,80,13.0,15.5
2023-08,Filimonkovskoye,NAO,182500,203000,760,118,66,79,13.0,15.5
2023-09,Filimonkovskoye,NAO,183600,193200,765,70,7,18,13.0,15.5
2023-10,Filimonkovskoye,NAO,182600,204800,761,20,72,113,13.0,15.5
2023-11,Filimonkovskoye,NAO,179100,196400,746,164,26,100,13.0,15.5
2023-12,Filimonkovskoye,NAO,177800,189300,741,182,62,106,13.0,15.5
2024-01,Filimonkovskoye,NAO,190700,208500,795,169,52,12,16.0,18.5
2024-02,Filimonkovskoye,NAO,183600,206300,765,83,28,41,16.0,18.5
2024-03,Filimonkovskoye,NAO,187400,207200,781,47,78,30,16.0,18.5
2024-04,Filimonkovskoye,NAO,194700,219600,811,42,70,116,16.0,18.5
2024-05,Filimonkovskoye,NAO,189300,207400,789,193,74,36,16.0,18.5
2024-06,Filimonkovskoye,NAO,189200,215400,788,40,40,36,16.0,18.5
2024-07,Filimonkovskoye,NAO,194900,220800,812,144,30,65,16.0,18.5
2024-08,Filimonkovskoye,NAO,197100,211100,821,154,5,61,16.0,18.5
2024-09,Filimonkovskoye,NAO,191100,212200,796,162,23,119,16.0,18.5
2024-10,Filimonkovskoye,NAO,184200,201600,767,186,29,107,21.0,23.5
2024-11,Filimonkovskoye,NAO,181500,204700,756,134,78,57,21.0,23.5
2024-12,Filimonkovskoye,NAO,186500,204100,777,161,22,64,21.0,23.5
2025-01,Filimonkovskoye,NAO,178400,195600,744,138,42,87,21.0,23.5
2025-02,Filimonkovskoye,NAO,181400,198700,756,117,16,43,21.0,23.5
2025-03,Filimonkovskoye,NAO,180600,208100,753,165,54,115,21.0,23.5
2025-04,Filimonkovskoye,NAO,185100,201500,771,50,72,50,21.0,23.5
2025-05,Filimonkovskoye,NAO,189700,206900,790,181,76,57,21.0,23.5
2025-06,Filimonkovskoye,NAO,178300,186000,743,82,25,26,21.0,23.5
2025-07,Filimonkovskoye,NAO,184000,200600,767,186,15,48,17.0,19.5
2025-08,Filimonkovskoye,NAO,192700,206500,803,94,15,98,17.0,19.5
2025-09,Filimonkovskoye,NAO,188700,208300,786,137,20,119,17.0,19.5
2025-10,Filimonkovskoye,NAO,180800,194600,753,102,15,112,17.0,19.5
2025-11,Filimonkovskoye,NAO,181400,200100,756,188,56,18,17.0,19.5
2025-12,Filimonkovskoye,NAO,184800,196700,770,132,52,32,17.0,19.5
2026-01,Filimonkovskoye,NAO,185800,203000,774,141,9,49,17.0,19.5
2026-02,Filimonkovskoye,NAO,185300,209500,772,111,29,114,17.0,19.5
2026-03,Filimonkovskoye,NAO,191300,216100,797,20,54,113,17.0,19.5
2026-04,Filimonkovskoye,NAO,182300,195000,760,132,34,40,17.0,19.5
2020-01,Shcherbinka,NAO,141700,149900,590,34,32,90,6.0,8.5
2020-02,Shcherbinka,NAO,138700,151000,578,184,68,84,6.0,8.5
2020-03,Shcherbinka,NAO,138800,151300,578,132,11,13,6.0,8.5
2020-04,Shcherbinka,NAO,142400,159400,593,88,54,68,4.25,6.75
2020-05,Shcherbinka,NAO,141800,156800,591,50,27,110,4.25,6.75
2020-06,Shcherbinka,NAO,143100,152900,596,95,73,40,4.25,6.75
2020-07,Shcherbinka,NAO,139000,156000,579,109,75,12,4.25,6.75
2020-08,Shcherbinka,NAO,149400,162700,623,111,29,110,4.25,6.75
2020-09,Shcherbinka,NAO,151200,160600,630,31,31,102,4.25,6.75
2020-10,Shcherbinka,NAO,153400,166000,639,42,14,79,4.25,6.75
2020-11,Shcherbinka,NAO,154900,175600,646,35,72,108,4.25,6.75
2020-12,Shcherbinka,NAO,158100,172900,659,168,24,80,4.25,6.75
2021-01,Shcherbinka,NAO,164500,187500,686,97,61,102,4.25,6.75
2021-02,Shcherbinka,NAO,158000,170200,658,93,56,102,4.25,6.75
2021-03,Shcherbinka,NAO,169000,192400,704,133,19,60,4.25,6.75
2021-04,Shcherbinka,NAO,171200,190000,713,167,57,51,8.5,11.0
2021-05,Shcherbinka,NAO,180200,192400,751,96,26,88,8.5,11.0
2021-06,Shcherbinka,NAO,173800,183200,724,45,21,14,8.5,11.0
2021-07,Shcherbinka,NAO,161400,179100,672,89,57,70,8.5,11.0
2021-08,Shcherbinka,NAO,182400,200600,760,147,77,97,8.5,11.0
2021-09,Shcherbinka,NAO,174000,196200,725,31,13,40,8.5,11.0
2021-10,Shcherbinka,NAO,177000,201300,738,171,63,10,8.5,11.0
2021-11,Shcherbinka,NAO,184900,204800,770,38,19,47,8.5,11.0
2021-12,Shcherbinka,NAO,181200,190600,755,185,54,64,8.5,11.0
2022-01,Shcherbinka,NAO,193800,213100,808,86,8,83,20.0,22.5
2022-02,Shcherbinka,NAO,194200,220000,809,169,25,71,20.0,22.5
2022-03,Shcherbinka,NAO,177000,200500,738,72,10,50,20.0,22.5
2022-04,Shcherbinka,NAO,180100,201700,750,100,58,89,9.5,12.0
2022-05,Shcherbinka,NAO,179000,189600,746,136,73,78,9.5,12.0
2022-06,Shcherbinka,NAO,177600,197200,740,137,16,49,9.5,12.0
2022-07,Shcherbinka,NAO,184700,206500,770,102,57,29,9.5,12.0
2022-08,Shcherbinka,NAO,192600,213800,803,118,50,67,9.5,12.0
2022-09,Shcherbinka,NAO,186200,211500,776,194,46,90,9.5,12.0
2022-10,Shcherbinka,NAO,185400,205200,773,82,43,23,7.5,10.0
2022-11,Shcherbinka,NAO,191500,219700,798,57,17,68,7.5,10.0
2022-12,Shcherbinka,NAO,193800,214100,808,164,6,119,7.5,10.0
2023-01,Shcherbinka,NAO,197100,225800,821,28,51,79,7.5,10.0
2023-02,Shcherbinka,NAO,199400,218900,831,68,49,47,7.5,10.0
2023-03,Shcherbinka,NAO,204000,232600,850,54,43,10,7.5,10.0
2023-04,Shcherbinka,NAO,203800,216100,849,35,50,15,7.5,10.0
2023-05,Shcherbinka,NAO,200000,216100,833,34,33,106,7.5,10.0
2023-06,Shcherbinka,NAO,205200,232700,855,104,20,20,7.5,10.0
2023-07,Shcherbinka,NAO,203500,216800,848,48,7,70,13.0,15.5
2023-08,Shcherbinka,NAO,197300,224400,822,193,66,107,13.0,15.5
2023-09,Shcherbinka,NAO,212700,232900,886,104,59,10,13.0,15.5
2023-10,Shcherbinka,NAO,210100,224700,876,28,69,60,13.0,15.5
2023-11,Shcherbinka,NAO,204800,214600,853,32,5,119,13.0,15.5
2023-12,Shcherbinka,NAO,209700,230400,874,22,19,118,13.0,15.5
2024-01,Shcherbinka,NAO,203100,214600,846,35,8,22,16.0,18.5
2024-02,Shcherbinka,NAO,210400,230700,877,60,43,65,16.0,18.5
2024-03,Shcherbinka,NAO,213700,238200,891,138,65,48,16.0,18.5
2024-04,Shcherbinka,NAO,222100,235200,926,172,30,109,16.0,18.5
2024-05,Shcherbinka,NAO,215400,242800,898,105,47,91,16.0,18.5
2024-06,Shcherbinka,NAO,212600,237700,886,146,47,48,16.0,18.5
2024-07,Shcherbinka,NAO,213100,233800,888,119,73,108,16.0,18.5
2024-08,Shcherbinka,NAO,212600,236100,886,118,49,16,16.0,18.5
2024-09,Shcherbinka,NAO,212800,233900,887,38,26,87,16.0,18.5
2024-10,Shcherbinka,NAO,210300,230200,876,93,69,41,21.0,23.5
2024-11,Shcherbinka,NAO,202700,215600,845,155,13,67,21.0,23.5
2024-12,Shcherbinka,NAO,206300,233900,860,70,73,99,21.0,23.5
2025-01,Shcherbinka,NAO,203000,221000,846,64,5,88,21.0,23.5
2025-02,Shcherbinka,NAO,204600,225800,853,89,41,103,21.0,23.5
2025-03,Shcherbinka,NAO,203700,228000,849,77,62,100,21.0,23.5
2025-04,Shcherbinka,NAO,208000,231400,867,130,54,31,21.0,23.5
2025-05,Shcherbinka,NAO,210300,233200,876,80,23,69,21.0,23.5
2025-06,Shcherbinka,NAO,202600,219300,844,112,45,56,21.0,23.5
2025-07,Shcherbinka,NAO,207500,233200,865,197,62,84,17.0,19.5
2025-08,Shcherbinka,NAO,205000,220500,854,58,48,32,17.0,19.5
2025-09,Shcherbinka,NAO,199700,226200,832,101,63,22,17.0,19.5
2025-10,Shcherbinka,NAO,204300,227900,851,123,70,66,17.0,19.5
2025-11,Shcherbinka,NAO,212100,234500,884,87,75,25,17.0,19.5
2025-12,Shcherbinka,NAO,214100,246800,892,34,18,15,17.0,19.5
2026-01,Shcherbinka,NAO,203600,236700,848,129,52,71,17.0,19.5
2026-02,Shcherbinka,NAO,211300,226900,881,187,28,84,17.0,19.5
2026-03,Shcherbinka,NAO,212700,234300,886,169,28,99,17.0,19.5
2026-04,Shcherbinka,NAO,204500,220000,852,175,39,61,17.0,19.5
2020-01,Krasnopakhorskoye,TAO,88700,97000,370,50,64,88,6.0,8.5
2020-02,Krasnopakhorskoye,TAO,84600,90300,352,199,7,12,6.0,8.5
2020-03,Krasnopakhorskoye,TAO,88300,97500,368,150,66,66,6.0,8.5
2020-04,Krasnopakhorskoye,TAO,86300,95700,360,179,22,70,4.25,6.75
2020-05,Krasnopakhorskoye,TAO,86700,93400,361,191,24,69,4.25,6.75
2020-06,Krasnopakhorskoye,TAO,91600,102500,382,64,40,72,4.25,6.75
2020-07,Krasnopakhorskoye,TAO,91400,102200,381,115,55,17,4.25,6.75
2020-08,Krasnopakhorskoye,TAO,95500,106700,398,117,71,106,4.25,6.75
2020-09,Krasnopakhorskoye,TAO,96900,107700,404,163,33,99,4.25,6.75
2020-10,Krasnopakhorskoye,TAO,94200,99800,393,60,10,21,4.25,6.75
2020-11,Krasnopakhorskoye,TAO,94000,101200,392,97,43,81,4.25,6.75
2020-12,Krasnopakhorskoye,TAO,97600,108000,407,111,61,18,4.25,6.75
2021-01,Krasnopakhorskoye,TAO,95700,109300,399,40,61,69,4.25,6.75
2021-02,Krasnopakhorskoye,TAO,97800,102300,408,198,78,29,4.25,6.75
2021-03,Krasnopakhorskoye,TAO,106000,121900,442,170,61,113,4.25,6.75
2021-04,Krasnopakhorskoye,TAO,106000,119500,442,21,20,23,8.5,11.0
2021-05,Krasnopakhorskoye,TAO,104700,109200,436,23,79,116,8.5,11.0
2021-06,Krasnopakhorskoye,TAO,106500,115400,444,103,48,50,8.5,11.0
2021-07,Krasnopakhorskoye,TAO,112800,121800,470,185,28,50,8.5,11.0
2021-08,Krasnopakhorskoye,TAO,112300,130000,468,170,9,52,8.5,11.0
2021-09,Krasnopakhorskoye,TAO,112100,126900,467,120,22,90,8.5,11.0
2021-10,Krasnopakhorskoye,TAO,113900,122500,475,175,35,77,8.5,11.0
2021-11,Krasnopakhorskoye,TAO,113900,125300,475,199,53,82,8.5,11.0
2021-12,Krasnopakhorskoye,TAO,122700,131600,511,189,23,116,8.5,11.0
2022-01,Krasnopakhorskoye,TAO,112400,126400,468,81,66,82,20.0,22.5
2022-02,Krasnopakhorskoye,TAO,115600,124500,482,96,75,52,20.0,22.5
2022-03,Krasnopakhorskoye,TAO,118300,129600,493,74,19,112,20.0,22.5
2022-04,Krasnopakhorskoye,TAO,112600,128600,469,163,41,43,9.5,12.0
2022-05,Krasnopakhorskoye,TAO,115100,128300,480,83,39,98,9.5,12.0
2022-06,Krasnopakhorskoye,TAO,112600,122000,469,103,16,25,9.5,12.0
2022-07,Krasnopakhorskoye,TAO,111300,120300,464,182,59,43,9.5,12.0
2022-08,Krasnopakhorskoye,TAO,111000,122700,462,182,46,49,9.5,12.0
2022-09,Krasnopakhorskoye,TAO,112100,122400,467,173,78,100,9.5,12.0
2022-10,Krasnopakhorskoye,TAO,116800,128100,487,65,50,34,7.5,10.0
2022-11,Krasnopakhorskoye,TAO,119500,133100,498,131,5,15,7.5,10.0
2022-12,Krasnopakhorskoye,TAO,118000,126000,492,85,7,27,7.5,10.0
2023-01,Krasnopakhorskoye,TAO,115900,125800,483,190,23,47,7.5,10.0
2023-02,Krasnopakhorskoye,TAO,118300,131200,493,75,31,90,7.5,10.0
2023-03,Krasnopakhorskoye,TAO,121800,130500,508,157,10,16,7.5,10.0
2023-04,Krasnopakhorskoye,TAO,122100,131600,509,33,40,77,7.5,10.0
2023-05,Krasnopakhorskoye,TAO,125000,141900,521,102,11,105,7.5,10.0
2023-06,Krasnopakhorskoye,TAO,123600,136500,515,140,49,10,7.5,10.0
2023-07,Krasnopakhorskoye,TAO,125400,138300,522,65,47,95,13.0,15.5
2023-08,Krasnopakhorskoye,TAO,123800,133500,516,135,43,87,13.0,15.5
2023-09,Krasnopakhorskoye,TAO,127000,135300,529,22,27,80,13.0,15.5
2023-10,Krasnopakhorskoye,TAO,122600,132600,511,67,61,100,13.0,15.5
2023-11,Krasnopakhorskoye,TAO,128100,143300,534,36,73,93,13.0,15.5
2023-12,Krasnopakhorskoye,TAO,127700,140200,532,47,15,80,13.0,15.5
2024-01,Krasnopakhorskoye,TAO,128300,141700,534,54,20,99,16.0,18.5
2024-02,Krasnopakhorskoye,TAO,130200,141400,543,45,44,86,16.0,18.5
2024-03,Krasnopakhorskoye,TAO,123800,130500,516,104,61,90,16.0,18.5
2024-04,Krasnopakhorskoye,TAO,133500,148100,556,108,31,45,16.0,18.5
2024-05,Krasnopakhorskoye,TAO,132100,149600,550,157,47,67,16.0,18.5
2024-06,Krasnopakhorskoye,TAO,132700,143000,553,109,59,50,16.0,18.5
2024-07,Krasnopakhorskoye,TAO,129500,144000,540,169,12,42,16.0,18.5
2024-08,Krasnopakhorskoye,TAO,130200,139600,542,69,79,46,16.0,18.5
2024-09,Krasnopakhorskoye,TAO,132800,146800,553,141,27,66,16.0,18.5
2024-10,Krasnopakhorskoye,TAO,134400,148500,560,100,76,17,21.0,23.5
2024-11,Krasnopakhorskoye,TAO,133900,148100,558,158,16,12,21.0,23.5
2024-12,Krasnopakhorskoye,TAO,123400,138500,514,137,23,68,21.0,23.5
2025-01,Krasnopakhorskoye,TAO,128200,138600,534,159,14,14,21.0,23.5
2025-02,Krasnopakhorskoye,TAO,129900,143400,541,20,24,30,21.0,23.5
2025-03,Krasnopakhorskoye,TAO,129900,136000,541,43,72,92,21.0,23.5
2025-04,Krasnopakhorskoye,TAO,127800,142300,533,53,68,14,21.0,23.5
2025-05,Krasnopakhorskoye,TAO,126300,134800,526,160,49,29,21.0,23.5
2025-06,Krasnopakhorskoye,TAO,130900,142900,545,100,6,23,21.0,23.5
2025-07,Krasnopakhorskoye,TAO,128100,140500,534,135,20,68,17.0,19.5
2025-08,Krasnopakhorskoye,TAO,130300,133300,543,144,36,20,17.0,19.5
2025-09,Krasnopakhorskoye,TAO,130600,139500,544,111,63,61,17.0,19.5
2025-10,Krasnopakhorskoye,TAO,123400,133900,514,150,74,65,17.0,19.5
2025-11,Krasnopakhorskoye,TAO,133000,143600,554,181,32,49,17.0,19.5
2025-12,Krasnopakhorskoye,TAO,126400,134200,526,85,77,103,17.0,19.5
2026-01,Krasnopakhorskoye,TAO,137500,148400,573,115,65,25,17.0,19.5
2026-02,Krasnopakhorskoye,TAO,123200,128800,513,33,59,38,17.0,19.5
2026-03,Krasnopakhorskoye,TAO,127700,143000,532,149,69,118,17.0,19.5
2026-04,Krasnopakhorskoye,TAO,133600,145300,557,116,55,39,17.0,19.5
2020-01,Mikhaylovo-Yartsevskoye,TAO,72800,83000,303,181,22,99,6.0,8.5
2020-02,Mikhaylovo-Yartsevskoye,TAO,82700,84800,345,24,7,37,6.0,8.5
2020-03,Mikhaylovo-Yartsevskoye,TAO,75000,85100,312,46,7,27,6.0,8.5
2020-04,Mikhaylovo-Yartsevskoye,TAO,76500,85500,319,161,48,88,4.25,6.75
2020-05,Mikhaylovo-Yartsevskoye,TAO,79000,83500,329,153,45,52,4.25,6.75
2020-06,Mikhaylovo-Yartsevskoye,TAO,84600,93400,352,118,24,43,4.25,6.75
2020-07,Mikhaylovo-Yartsevskoye,TAO,82500,89900,344,105,33,20,4.25,6.75
2020-08,Mikhaylovo-Yartsevskoye,TAO,82600,93300,344,48,43,86,4.25,6.75
2020-09,Mikhaylovo-Yartsevskoye,TAO,84500,92300,352,111,6,12,4.25,6.75
2020-10,Mikhaylovo-Yartsevskoye,TAO,84300,93500,351,137,68,117,4.25,6.75
2020-11,Mikhaylovo-Yartsevskoye,TAO,87500,94600,365,45,70,25,4.25,6.75
2020-12,Mikhaylovo-Yartsevskoye,TAO,84600,94000,353,175,15,35,4.25,6.75
2021-01,Mikhaylovo-Yartsevskoye,TAO,91400,94100,381,197,36,79,4.25,6.75
2021-02,Mikhaylovo-Yartsevskoye,TAO,89900,98100,375,91,71,60,4.25,6.75
2021-03,Mikhaylovo-Yartsevskoye,TAO,92500,102500,385,21,25,55,4.25,6.75
2021-04,Mikhaylovo-Yartsevskoye,TAO,91100,98800,380,164,27,94,8.5,11.0
2021-05,Mikhaylovo-Yartsevskoye,TAO,96400,105800,402,145,54,94,8.5,11.0
2021-06,Mikhaylovo-Yartsevskoye,TAO,95100,102400,396,74,29,116,8.5,11.0
2021-07,Mikhaylovo-Yartsevskoye,TAO,99600,105600,415,174,77,85,8.5,11.0
2021-08,Mikhaylovo-Yartsevskoye,TAO,100900,109400,421,58,53,34,8.5,11.0
2021-09,Mikhaylovo-Yartsevskoye,TAO,96800,106000,403,194,19,46,8.5,11.0
2021-10,Mikhaylovo-Yartsevskoye,TAO,101900,120500,425,104,30,13,8.5,11.0
2021-11,Mikhaylovo-Yartsevskoye,TAO,99600,109500,415,162,69,59,8.5,11.0
2021-12,Mikhaylovo-Yartsevskoye,TAO,100900,112200,420,108,74,81,8.5,11.0
2022-01,Mikhaylovo-Yartsevskoye,TAO,105500,119100,440,110,38,112,20.0,22.5
2022-02,Mikhaylovo-Yartsevskoye,TAO,105200,118400,438,111,69,31,20.0,22.5
2022-03,Mikhaylovo-Yartsevskoye,TAO,104000,110400,433,86,9,53,20.0,22.5
2022-04,Mikhaylovo-Yartsevskoye,TAO,96200,107300,401,134,5,19,9.5,12.0
2022-05,Mikhaylovo-Yartsevskoye,TAO,96300,103800,401,151,50,57,9.5,12.0
2022-06,Mikhaylovo-Yartsevskoye,TAO,99300,108700,414,34,78,65,9.5,12.0
2022-07,Mikhaylovo-Yartsevskoye,TAO,100100,108800,417,67,61,92,9.5,12.0
2022-08,Mikhaylovo-Yartsevskoye,TAO,101700,118300,424,177,72,78,9.5,12.0
2022-09,Mikhaylovo-Yartsevskoye,TAO,100900,107300,420,70,23,16,9.5,12.0
2022-10,Mikhaylovo-Yartsevskoye,TAO,104900,120200,437,91,26,25,7.5,10.0
2022-11,Mikhaylovo-Yartsevskoye,TAO,104900,118300,437,170,52,76,7.5,10.0
2022-12,Mikhaylovo-Yartsevskoye,TAO,104600,116200,436,197,77,74,7.5,10.0
2023-01,Mikhaylovo-Yartsevskoye,TAO,110300,124400,460,40,77,102,7.5,10.0
2023-02,Mikhaylovo-Yartsevskoye,TAO,112200,125600,468,170,74,115,7.5,10.0
2023-03,Mikhaylovo-Yartsevskoye,TAO,109900,127700,458,58,46,100,7.5,10.0
2023-04,Mikhaylovo-Yartsevskoye,TAO,113700,125900,474,187,15,93,7.5,10.0
2023-05,Mikhaylovo-Yartsevskoye,TAO,109700,122700,457,186,69,47,7.5,10.0
2023-06,Mikhaylovo-Yartsevskoye,TAO,116300,132400,485,118,44,16,7.5,10.0
2023-07,Mikhaylovo-Yartsevskoye,TAO,107300,115200,447,133,12,55,13.0,15.5
2023-08,Mikhaylovo-Yartsevskoye,TAO,111300,121300,464,162,17,107,13.0,15.5
2023-09,Mikhaylovo-Yartsevskoye,TAO,118900,130100,496,129,23,32,13.0,15.5
2023-10,Mikhaylovo-Yartsevskoye,TAO,116300,129500,485,68,35,61,13.0,15.5
2023-11,Mikhaylovo-Yartsevskoye,TAO,116000,121000,483,162,48,104,13.0,15.5
2023-12,Mikhaylovo-Yartsevskoye,TAO,115400,128500,481,81,8,87,13.0,15.5
2024-01,Mikhaylovo-Yartsevskoye,TAO,115000,133500,479,104,57,19,16.0,18.5
2024-02,Mikhaylovo-Yartsevskoye,TAO,115300,129400,481,110,51,37,16.0,18.5
2024-03,Mikhaylovo-Yartsevskoye,TAO,112700,130600,470,151,54,45,16.0,18.5
2024-04,Mikhaylovo-Yartsevskoye,TAO,121400,133600,506,116,60,26,16.0,18.5
2024-05,Mikhaylovo-Yartsevskoye,TAO,117900,124200,491,21,32,52,16.0,18.5
2024-06,Mikhaylovo-Yartsevskoye,TAO,121100,134200,505,90,66,117,16.0,18.5
2024-07,Mikhaylovo-Yartsevskoye,TAO,116500,120600,485,141,78,76,16.0,18.5
2024-08,Mikhaylovo-Yartsevskoye,TAO,122200,127700,509,172,7,45,16.0,18.5
2024-09,Mikhaylovo-Yartsevskoye,TAO,118800,137600,495,182,37,69,16.0,18.5
2024-10,Mikhaylovo-Yartsevskoye,TAO,115200,131700,480,190,37,49,21.0,23.5
2024-11,Mikhaylovo-Yartsevskoye,TAO,116400,128900,485,63,45,49,21.0,23.5
2024-12,Mikhaylovo-Yartsevskoye,TAO,107400,118800,448,152,63,38,21.0,23.5
2025-01,Mikhaylovo-Yartsevskoye,TAO,117500,133000,490,72,53,79,21.0,23.5
2025-02,Mikhaylovo-Yartsevskoye,TAO,111300,122500,464,134,7,71,21.0,23.5
2025-03,Mikhaylovo-Yartsevskoye,TAO,112100,119900,467,36,10,101,21.0,23.5
2025-04,Mikhaylovo-Yartsevskoye,TAO,115200,127300,480,138,12,91,21.0,23.5
2025-05,Mikhaylovo-Yartsevskoye,TAO,111800,124400,466,173,44,114,21.0,23.5
2025-06,Mikhaylovo-Yartsevskoye,TAO,116200,127200,484,147,59,52,21.0,23.5
2025-07,Mikhaylovo-Yartsevskoye,TAO,116300,128600,485,110,52,16,17.0,19.5
2025-08,Mikhaylovo-Yartsevskoye,TAO,116900,133400,487,57,12,61,17.0,19.5
2025-09,Mikhaylovo-Yartsevskoye,TAO,113200,125500,472,128,20,44,17.0,19.5
2025-10,Mikhaylovo-Yartsevskoye,TAO,119200,132300,497,181,53,99,17.0,19.5
2025-11,Mikhaylovo-Yartsevskoye,TAO,115500,139000,481,171,62,87,17.0,19.5
2025-12,Mikhaylovo-Yartsevskoye,TAO,120300,129400,501,73,75,38,17.0,19.5
2026-01,Mikhaylovo-Yartsevskoye,TAO,117100,131300,488,199,15,92,17.0,19.5
2026-02,Mikhaylovo-Yartsevskoye,TAO,120500,131000,502,144,7,63,17.0,19.5
2026-03,Mikhaylovo-Yartsevskoye,TAO,117800,127900,491,75,59,44,17.0,19.5
2026-04,Mikhaylovo-Yartsevskoye,TAO,120800,130000,503,55,34,100,17.0,19.5
2020-01,Novofyodorovskoye,TAO,72000,76700,300,175,78,50,6.0,8.5
2020-02,Novofyodorovskoye,TAO,74700,85200,311,173,18,21,6.0,8.5
2020-03,Novofyodorovskoye,TAO,75500,82400,315,31,68,82,6.0,8.5
2020-04,Novofyodorovskoye,TAO,72800,78500,303,99,56,10,4.25,6.75
2020-05,Novofyodorovskoye,TAO,79000,83400,329,109,69,108,4.25,6.75
2020-06,Novofyodorovskoye,TAO,76800,83100,320,183,61,108,4.25,6.75
2020-07,Novofyodorovskoye,TAO,74400,84400,310,181,73,30,4.25,6.75
2020-08,Novofyodorovskoye,TAO,79900,87100,333,139,66,49,4.25,6.75
2020-09,Novofyodorovskoye,TAO,83100,90300,346,62,36,25,4.25,6.75
2020-10,Novofyodorovskoye,TAO,84000,91800,350,100,50,57,4.25,6.75
2020-11,Novofyodorovskoye,TAO,82100,90700,342,101,39,57,4.25,6.75
2020-12,Novofyodorovskoye,TAO,86600,92400,361,43,11,111,4.25,6.75
2021-01,Novofyodorovskoye,TAO,86400,92800,360,139,60,98,4.25,6.75
2021-02,Novofyodorovskoye,TAO,88400,96100,368,84,47,57,4.25,6.75
2021-03,Novofyodorovskoye,TAO,85000,94700,354,179,36,108,4.25,6.75
2021-04,Novofyodorovskoye,TAO,90900,102400,379,176,7,38,8.5,11.0
2021-05,Novofyodorovskoye,TAO,88700,97800,370,106,71,119,8.5,11.0
2021-06,Novofyodorovskoye,TAO,92200,99500,384,143,46,19,8.5,11.0
2021-07,Novofyodorovskoye,TAO,96800,108500,403,135,30,38,8.5,11.0
2021-08,Novofyodorovskoye,TAO,91600,98300,382,91,33,51,8.5,11.0
2021-09,Novofyodorovskoye,TAO,88800,101900,370,46,51,53,8.5,11.0
2021-10,Novofyodorovskoye,TAO,92400,101200,385,152,55,69,8.5,11.0
2021-11,Novofyodorovskoye,TAO,97300,103800,406,106,9,84,8.5,11.0
2021-12,Novofyodorovskoye,TAO,99800,108600,416,172,71,78,8.5,11.0
2022-01,Novofyodorovskoye,TAO,98200,107000,409,45,79,24,20.0,22.5
2022-02,Novofyodorovskoye,TAO,99100,108500,413,28,73,98,20.0,22.5
2022-03,Novofyodorovskoye,TAO,95100,103200,396,94,17,99,20.0,22.5
2022-04,Novofyodorovskoye,TAO,94700,101700,394,174,19,33,9.5,12.0
2022-05,Novofyodorovskoye,TAO,96300,104800,401,76,54,75,9.5,12.0
2022-06,Novofyodorovskoye,TAO,94100,100600,392,147,49,94,9.5,12.0
2022-07,Novofyodorovskoye,TAO,91300,102300,380,80,61,32,9.5,12.0
2022-08,Novofyodorovskoye,TAO,103300,116400,430,26,65,119,9.5,12.0
2022-09,Novofyodorovskoye,TAO,95200,104200,397,173,66,118,9.5,12.0
2022-10,Novofyodorovskoye,TAO,98500,104800,411,97,65,112,7.5,10.0
2022-11,Novofyodorovskoye,TAO,102600,114200,428,52,16,107,7.5,10.0
2022-12,Novofyodorovskoye,TAO,98900,105500,412,35,71,106,7.5,10.0
2023-01,Novofyodorovskoye,TAO,101000,110700,421,45,77,49,7.5,10.0
2023-02,Novofyodorovskoye,TAO,103900,110200,433,96,46,75,7.5,10.0
2023-03,Novofyodorovskoye,TAO,100200,111900,417,127,23,101,7.5,10.0
2023-04,Novofyodorovskoye,TAO,106600,114500,444,176,16,68,7.5,10.0
2023-05,Novofyodorovskoye,TAO,104000,108800,433,173,16,75,7.5,10.0
2023-06,Novofyodorovskoye,TAO,107600,120000,448,73,16,16,7.5,10.0
2023-07,Novofyodorovskoye,TAO,109400,119900,456,194,53,52,13.0,15.5
2023-08,Novofyodorovskoye,TAO,110900,126400,462,151,69,10,13.0,15.5
2023-09,Novofyodorovskoye,TAO,107800,116600,449,76,24,109,13.0,15.5
2023-10,Novofyodorovskoye,TAO,108200,118200,451,69,55,70,13.0,15.5
2023-11,Novofyodorovskoye,TAO,109800,116500,458,178,24,108,13.0,15.5
2023-12,Novofyodorovskoye,TAO,111400,120300,464,74,43,51,13.0,15.5
2024-01,Novofyodorovskoye,TAO,109500,119000,456,98,5,110,16.0,18.5
2024-02,Novofyodorovskoye,TAO,109700,124700,457,20,46,67,16.0,18.5
2024-03,Novofyodorovskoye,TAO,106700,110600,445,179,6,79,16.0,18.5
2024-04,Novofyodorovskoye,TAO,114000,122900,475,30,14,33,16.0,18.5
2024-05,Novofyodorovskoye,TAO,112200,123400,467,113,27,43,16.0,18.5
2024-06,Novofyodorovskoye,TAO,113200,123800,472,68,52,57,16.0,18.5
2024-07,Novofyodorovskoye,TAO,108500,116400,452,88,67,30,16.0,18.5
2024-08,Novofyodorovskoye,TAO,116200,126800,484,42,20,113,16.0,18.5
2024-09,Novofyodorovskoye,TAO,110400,123900,460,163,56,117,16.0,18.5
2024-10,Novofyodorovskoye,TAO,111600,123000,465,101,58,29,21.0,23.5
2024-11,Novofyodorovskoye,TAO,110800,119000,462,105,5,119,21.0,23.5
2024-12,Novofyodorovskoye,TAO,107900,117900,449,105,61,83,21.0,23.5
2025-01,Novofyodorovskoye,TAO,108600,119700,453,129,68,16,21.0,23.5
2025-02,Novofyodorovskoye,TAO,107800,125200,449,183,21,52,21.0,23.5
2025-03,Novofyodorovskoye,TAO,106500,116400,444,45,20,114,21.0,23.5
2025-04,Novofyodorovskoye,TAO,110800,116200,462,181,10,56,21.0,23.5
2025-05,Novofyodorovskoye,TAO,109800,115800,458,164,57,58,21.0,23.5
2025-06,Novofyodorovskoye,TAO,109800,117700,458,99,75,113,21.0,23.5
2025-07,Novofyodorovskoye,TAO,105500,119300,439,147,48,63,17.0,19.5
2025-08,Novofyodorovskoye,TAO,112200,126300,467,192,64,87,17.0,19.5
2025-09,Novofyodorovskoye,TAO,107100,117800,446,96,67,83,17.0,19.5
2025-10,Novofyodorovskoye,TAO,110700,126400,461,170,50,75,17.0,19.5
2025-11,Novofyodorovskoye,TAO,111500,123100,465,196,65,59,17.0,19.5
2025-12,Novofyodorovskoye,TAO,110500,122200,460,106,79,78,17.0,19.5
2026-01,Novofyodorovskoye,TAO,109600,122500,457,51,54,11,17.0,19.5
2026-02,Novofyodorovskoye,TAO,115300,128900,481,96,14,101,17.0,19.5
2026-03,Novofyodorovskoye,TAO,115000,127400,479,155,18,19,17.0,19.5
2026-04,Novofyodorovskoye,TAO,106000,114000,441,136,70,110,17.0,19.5
2020-01,Pervomayskoye,TAO,80600,88200,336,183,20,94,6.0,8.5
2020-02,Pervomayskoye,TAO,80900,85700,337,106,41,80,6.0,8.5
2020-03,Pervomayskoye,TAO,81800,87300,341,129,66,115,6.0,8.5
2020-04,Pervomayskoye,TAO,81200,88900,338,63,70,55,4.25,6.75
2020-05,Pervomayskoye,TAO,88300,94800,368,116,23,60,4.25,6.75
2020-06,Pervomayskoye,TAO,82900,91600,345,131,58,63,4.25,6.75
2020-07,Pervomayskoye,TAO,84900,93400,354,55,54,30,4.25,6.75
2020-08,Pervomayskoye,TAO,84900,95500,354,125,63,92,4.25,6.75
2020-09,Pervomayskoye,TAO,88200,95600,367,169,78,58,4.25,6.75
2020-10,Pervomayskoye,TAO,86600,97700,361,60,9,11,4.25,6.75
2020-11,Pervomayskoye,TAO,88800,92100,370,31,35,22,4.25,6.75
2020-12,Pervomayskoye,TAO,95900,100700,400,162,18,48,4.25,6.75
2021-01,Pervomayskoye,TAO,93600,101900,390,197,42,107,4.25,6.75
2021-02,Pervomayskoye,TAO,97400,108400,406,95,55,70,4.25,6.75
2021-03,Pervomayskoye,TAO,92300,97900,385,31,23,10,4.25,6.75
2021-04,Pervomayskoye,TAO,95300,107800,397,121,25,54,8.5,11.0
2021-05,Pervomayskoye,TAO,102300,112000,426,192,79,21,8.5,11.0
2021-06,Pervomayskoye,TAO,98800,109300,412,195,6,93,8.5,11.0
2021-07,Pervomayskoye,TAO,103000,114300,429,120,51,47,8.5,11.0
2021-08,Pervomayskoye,TAO,104500,114000,435,164,34,83,8.5,11.0
2021-09,Pervomayskoye,TAO,104600,115500,436,52,64,61,8.5,11.0
2021-10,Pervomayskoye,TAO,99700,107200,415,109,60,34,8.5,11.0
2021-11,Pervomayskoye,TAO,113100,123100,471,45,28,88,8.5,11.0
2021-12,Pervomayskoye,TAO,109000,121500,454,99,58,69,8.5,11.0
2022-01,Pervomayskoye,TAO,107600,118800,448,65,31,112,20.0,22.5
2022-02,Pervomayskoye,TAO,107700,118500,449,148,64,27,20.0,22.5
2022-03,Pervomayskoye,TAO,106100,116000,442,103,25,65,20.0,22.5
2022-04,Pervomayskoye,TAO,99400,108300,414,196,53,18,9.5,12.0
2022-05,Pervomayskoye,TAO,108100,121500,451,109,77,102,9.5,12.0
2022-06,Pervomayskoye,TAO,106500,117200,444,95,50,110,9.5,12.0
2022-07,Pervomayskoye,TAO,111100,118400,463,112,22,109,9.5,12.0
2022-08,Pervomayskoye,TAO,106100,115100,442,156,41,113,9.5,12.0
2022-09,Pervomayskoye,TAO,113600,126300,473,33,37,37,9.5,12.0
2022-10,Pervomayskoye,TAO,110400,124200,460,192,15,39,7.5,10.0
2022-11,Pervomayskoye,TAO,113100,126300,471,46,23,14,7.5,10.0
2022-12,Pervomayskoye,TAO,114200,130100,476,164,50,74,7.5,10.0
2023-01,Pervomayskoye,TAO,113200,122400,472,109,28,12,7.5,10.0
2023-02,Pervomayskoye,TAO,111600,118400,465,155,68,50,7.5,10.0
2023-03,Pervomayskoye,TAO,113500,124200,473,54,28,104,7.5,10.0
2023-04,Pervomayskoye,TAO,117200,126800,488,157,62,86,7.5,10.0
2023-05,Pervomayskoye,TAO,119000,130200,496,152,31,115,7.5,10.0
2023-06,Pervomayskoye,TAO,118800,129600,495,170,79,30,7.5,10.0
2023-07,Pervomayskoye,TAO,113700,121900,474,127,21,34,13.0,15.5
2023-08,Pervomayskoye,TAO,124100,133700,517,194,14,57,13.0,15.5
2023-09,Pervomayskoye,TAO,116600,129100,486,56,20,66,13.0,15.5
2023-10,Pervomayskoye,TAO,122300,136300,509,140,25,55,13.0,15.5
2023-11,Pervomayskoye,TAO,121700,135800,507,151,77,111,13.0,15.5
2023-12,Pervomayskoye,TAO,118500,127600,494,126,79,110,13.0,15.5
2024-01,Pervomayskoye,TAO,126700,141100,528,177,49,93,16.0,18.5
2024-02,Pervomayskoye,TAO,117600,133000,490,154,55,29,16.0,18.5
2024-03,Pervomayskoye,TAO,124700,132200,520,177,16,48,16.0,18.5
2024-04,Pervomayskoye,TAO,122500,139000,510,65,9,101,16.0,18.5
2024-05,Pervomayskoye,TAO,126400,134800,527,76,8,96,16.0,18.5
2024-06,Pervomayskoye,TAO,129100,141900,538,32,49,104,16.0,18.5
2024-07,Pervomayskoye,TAO,123900,135700,516,82,24,82,16.0,18.5
2024-08,Pervomayskoye,TAO,128100,144600,534,92,35,106,16.0,18.5
2024-09,Pervomayskoye,TAO,122400,126200,510,86,38,102,16.0,18.5
2024-10,Pervomayskoye,TAO,126200,142300,526,144,76,37,21.0,23.5
2024-11,Pervomayskoye,TAO,121700,137600,507,43,26,54,21.0,23.5
2024-12,Pervomayskoye,TAO,128400,140700,535,38,49,113,21.0,23.5
2025-01,Pervomayskoye,TAO,120700,130900,503,172,41,67,21.0,23.5
2025-02,Pervomayskoye,TAO,119100,130300,496,112,8,80,21.0,23.5
2025-03,Pervomayskoye,TAO,120900,124100,504,135,40,116,21.0,23.5
2025-04,Pervomayskoye,TAO,119900,124300,499,157,7,103,21.0,23.5
2025-05,Pervomayskoye,TAO,123400,130300,514,85,27,35,21.0,23.5
2025-06,Pervomayskoye,TAO,122300,138900,510,26,8,64,21.0,23.5
2025-07,Pervomayskoye,TAO,124400,137500,518,126,62,58,17.0,19.5
2025-08,Pervomayskoye,TAO,122200,135200,509,180,22,109,17.0,19.5
2025-09,Pervomayskoye,TAO,125500,135300,523,108,26,58,17.0,19.5
2025-10,Pervomayskoye,TAO,116100,125200,484,114,46,21,17.0,19.5
2025-11,Pervomayskoye,TAO,124100,135700,517,65,58,95,17.0,19.5
2025-12,Pervomayskoye,TAO,126900,138600,529,102,73,93,17.0,19.5
2026-01,Pervomayskoye,TAO,126900,147700,529,154,58,61,17.0,19.5
2026-02,Pervomayskoye,TAO,121700,131600,507,146,5,102,17.0,19.5
2026-03,Pervomayskoye,TAO,120200,130200,501,60,7,72,17.0,19.5
2026-04,Pervomayskoye,TAO,122100,133800,509,114,42,21,17.0,19.5
2020-01,Rogovskoye,TAO,72900,76400,304,113,16,67,6.0,8.5
2020-02,Rogovskoye,TAO,71000,74700,296,27,25,118,6.0,8.5
2020-03,Rogovskoye,TAO,75800,83200,316,32,46,12,6.0,8.5
2020-04,Rogovskoye,TAO,72400,78300,302,117,15,100,4.25,6.75
2020-05,Rogovskoye,TAO,73400,77200,306,186,24,83,4.25,6.75
2020-06,Rogovskoye,TAO,74400,80400,310,115,50,66,4.25,6.75
2020-07,Rogovskoye,TAO,79800,85600,333,38,50,13,4.25,6.75
2020-08,Rogovskoye,TAO,79900,89100,333,167,76,35,4.25,6.75
2020-09,Rogovskoye,TAO,79200,90000,330,78,43,45,4.25,6.75
2020-10,Rogovskoye,TAO,81100,88100,338,46,65,107,4.25,6.75
2020-11,Rogovskoye,TAO,82400,92800,343,125,9,27,4.25,6.75
2020-12,Rogovskoye,TAO,80500,88400,336,103,47,31,4.25,6.75
2021-01,Rogovskoye,TAO,89100,93500,371,98,51,41,4.25,6.75
2021-02,Rogovskoye,TAO,82300,87400,343,29,65,13,4.25,6.75
2021-03,Rogovskoye,TAO,85800,94500,358,29,52,60,4.25,6.75
2021-04,Rogovskoye,TAO,91100,99000,379,57,65,47,8.5,11.0
2021-05,Rogovskoye,TAO,90900,101900,379,138,76,78,8.5,11.0
2021-06,Rogovskoye,TAO,91300,98900,381,193,44,86,8.5,11.0
2021-07,Rogovskoye,TAO,90200,95500,376,193,21,58,8.5,11.0
2021-08,Rogovskoye,TAO,88900,99700,370,44,24,75,8.5,11.0
2021-09,Rogovskoye,TAO,94400,100600,393,140,49,50,8.5,11.0
2021-10,Rogovskoye,TAO,97100,104800,405,161,69,18,8.5,11.0
2021-11,Rogovskoye,TAO,95000,101000,396,90,18,28,8.5,11.0
2021-12,Rogovskoye,TAO,98000,105100,408,99,77,23,8.5,11.0
2022-01,Rogovskoye,TAO,96900,105200,404,72,66,50,20.0,22.5
2022-02,Rogovskoye,TAO,100100,107500,417,71,20,109,20.0,22.5
2022-03,Rogovskoye,TAO,96600,106800,402,42,19,102,20.0,22.5
2022-04,Rogovskoye,TAO,98000,109000,409,197,29,84,9.5,12.0
2022-05,Rogovskoye,TAO,93900,103800,391,134,10,94,9.5,12.0
2022-06,Rogovskoye,TAO,92700,101700,386,75,21,80,9.5,12.0
2022-07,Rogovskoye,TAO,92100,107200,384,151,26,93,9.5,12.0
2022-08,Rogovskoye,TAO,100200,106000,418,93,38,103,9.5,12.0
2022-09,Rogovskoye,TAO,95100,107000,396,84,58,82,9.5,12.0
2022-10,Rogovskoye,TAO,101700,114500,424,189,54,91,7.5,10.0
2022-11,Rogovskoye,TAO,96200,108200,401,27,37,65,7.5,10.0
2022-12,Rogovskoye,TAO,97000,108600,404,23,16,87,7.5,10.0
2023-01,Rogovskoye,TAO,100400,110000,418,90,73,84,7.5,10.0
2023-02,Rogovskoye,TAO,106500,114600,444,106,54,117,7.5,10.0
2023-03,Rogovskoye,TAO,104500,117800,435,142,30,102,7.5,10.0
2023-04,Rogovskoye,TAO,112100,127000,467,192,14,75,7.5,10.0
2023-05,Rogovskoye,TAO,105800,116000,441,96,70,22,7.5,10.0
2023-06,Rogovskoye,TAO,101800,115300,424,73,76,17,7.5,10.0
2023-07,Rogovskoye,TAO,106200,117600,443,45,74,60,13.0,15.5
2023-08,Rogovskoye,TAO,113200,121100,472,131,8,11,13.0,15.5
2023-09,Rogovskoye,TAO,106200,116000,443,94,72,49,13.0,15.5
2023-10,Rogovskoye,TAO,107800,117700,449,135,63,31,13.0,15.5
2023-11,Rogovskoye,TAO,111800,126200,466,36,78,14,13.0,15.5
2023-12,Rogovskoye,TAO,112400,125300,468,29,65,10,13.0,15.5
2024-01,Rogovskoye,TAO,106800,117900,445,68,36,78,16.0,18.5
2024-02,Rogovskoye,TAO,114100,126200,475,132,75,106,16.0,18.5
2024-03,Rogovskoye,TAO,108900,120500,454,146,28,28,16.0,18.5
2024-04,Rogovskoye,TAO,113300,127900,472,139,12,86,16.0,18.5
2024-05,Rogovskoye,TAO,110400,119900,460,29,48,107,16.0,18.5
2024-06,Rogovskoye,TAO,109200,117400,455,22,52,47,16.0,18.5
2024-07,Rogovskoye,TAO,110700,123500,461,64,17,103,16.0,18.5
2024-08,Rogovskoye,TAO,109900,118000,458,196,14,73,16.0,18.5
2024-09,Rogovskoye,TAO,114100,128700,475,186,47,90,16.0,18.5
2024-10,Rogovskoye,TAO,115700,133800,482,115,48,113,21.0,23.5
2024-11,Rogovskoye,TAO,107300,117700,447,184,44,112,21.0,23.5
2024-12,Rogovskoye,TAO,107800,118400,449,123,74,57,21.0,23.5
2025-01,Rogovskoye,TAO,104200,117700,434,162,11,14,21.0,23.5
2025-02,Rogovskoye,TAO,106300,116000,443,100,39,119,21.0,23.5
2025-03,Rogovskoye,TAO,110400,126300,460,36,37,23,21.0,23.5
2025-04,Rogovskoye,TAO,104600,118600,436,181,23,80,21.0,23.5
2025-05,Rogovskoye,TAO,112200,124300,468,86,37,31,21.0,23.5
2025-06,Rogovskoye,TAO,109100,114900,455,35,67,22,21.0,23.5
2025-07,Rogovskoye,TAO,116200,130200,484,143,37,29,17.0,19.5
2025-08,Rogovskoye,TAO,108500,121600,452,66,16,89,17.0,19.5
2025-09,Rogovskoye,TAO,110900,123400,462,58,70,75,17.0,19.5
2025-10,Rogovskoye,TAO,107900,111900,450,106,50,79,17.0,19.5
2025-11,Rogovskoye,TAO,110200,121000,459,174,74,89,17.0,19.5
2025-12,Rogovskoye,TAO,107800,118500,449,63,12,80,17.0,19.5
2026-01,Rogovskoye,TAO,107500,112000,448,105,64,42,17.0,19.5
2026-02,Rogovskoye,TAO,113800,126900,474,25,60,52,17.0,19.5
2026-03,Rogovskoye,TAO,109900,120900,458,182,8,22,17.0,19.5
2026-04,Rogovskoye,TAO,108700,121400,453,142,77,46,17.0,19.5
2020-01,Troitsk,TAO,101800,114100,424,162,62,79,6.0,8.5
2020-02,Troitsk,TAO,104100,116300,434,172,53,99,6.0,8.5
2020-03,Troitsk,TAO,104500,118000,435,165,46,11,6.0,8.5
2020-04,Troitsk,TAO,104500,114700,435,135,51,45,4.25,6.75
2020-05,Troitsk,TAO,100300,107100,418,152,69,98,4.25,6.75
2020-06,Troitsk,TAO,109500,121700,456,158,69,56,4.25,6.75
2020-07,Troitsk,TAO,106900,121300,445,177,55,101,4.25,6.75
2020-08,Troitsk,TAO,114100,128300,475,156,13,91,4.25,6.75
2020-09,Troitsk,TAO,111800,120900,466,111,38,55,4.25,6.75
2020-10,Troitsk,TAO,110400,124300,460,190,49,50,4.25,6.75
2020-11,Troitsk,TAO,112700,126200,470,193,46,66,4.25,6.75
2020-12,Troitsk,TAO,120200,132400,501,65,61,47,4.25,6.75
2021-01,Troitsk,TAO,115200,127300,480,186,54,21,4.25,6.75
2021-02,Troitsk,TAO,115000,127200,479,85,57,74,4.25,6.75
2021-03,Troitsk,TAO,119300,127500,497,177,29,83,4.25,6.75
2021-04,Troitsk,TAO,120700,134500,503,114,13,14,8.5,11.0
2021-05,Troitsk,TAO,126300,133100,526,159,59,45,8.5,11.0
2021-06,Troitsk,TAO,125500,140100,523,67,17,21,8.5,11.0
2021-07,Troitsk,TAO,131600,148700,548,124,31,119,8.5,11.0
2021-08,Troitsk,TAO,128900,141700,537,194,25,13,8.5,11.0
2021-09,Troitsk,TAO,124300,133400,518,59,70,59,8.5,11.0
2021-10,Troitsk,TAO,137100,146700,571,145,69,76,8.5,11.0
2021-11,Troitsk,TAO,141400,156600,589,134,54,107,8.5,11.0
2021-12,Troitsk,TAO,137600,144600,573,188,40,101,8.5,11.0
2022-01,Troitsk,TAO,141600,153500,590,24,66,75,20.0,22.5
2022-02,Troitsk,TAO,140500,151700,585,22,8,53,20.0,22.5
2022-03,Troitsk,TAO,134700,144900,561,176,16,113,20.0,22.5
2022-04,Troitsk,TAO,131000,142800,546,60,15,58,9.5,12.0
2022-05,Troitsk,TAO,135200,147900,563,189,42,59,9.5,12.0
2022-06,Troitsk,TAO,134700,150900,561,139,32,39,9.5,12.0
2022-07,Troitsk,TAO,137000,152300,571,139,73,79,9.5,12.0
2022-08,Troitsk,TAO,131700,145000,549,63,73,45,9.5,12.0
2022-09,Troitsk,TAO,144100,155800,600,156,33,63,9.5,12.0
2022-10,Troitsk,TAO,143200,160700,597,137,10,77,7.5,10.0
2022-11,Troitsk,TAO,146400,159800,610,177,47,117,7.5,10.0
2022-12,Troitsk,TAO,144600,154300,603,159,38,119,7.5,10.0
2023-01,Troitsk,TAO,142900,157100,595,68,7,116,7.5,10.0
2023-02,Troitsk,TAO,145000,153000,604,58,58,89,7.5,10.0
2023-03,Troitsk,TAO,139300,149700,580,123,46,56,7.5,10.0
2023-04,Troitsk,TAO,141700,153900,591,176,18,113,7.5,10.0
2023-05,Troitsk,TAO,148400,162500,618,122,18,48,7.5,10.0
2023-06,Troitsk,TAO,150200,162300,626,45,18,70,7.5,10.0
2023-07,Troitsk,TAO,147900,159000,616,168,36,116,13.0,15.5
2023-08,Troitsk,TAO,153200,169500,638,103,43,42,13.0,15.5
2023-09,Troitsk,TAO,157500,169800,656,39,28,36,13.0,15.5
2023-10,Troitsk,TAO,162900,182000,679,196,26,75,13.0,15.5
2023-11,Troitsk,TAO,152800,163800,637,121,40,94,13.0,15.5
2023-12,Troitsk,TAO,153700,165500,641,80,62,49,13.0,15.5
2024-01,Troitsk,TAO,150600,171900,628,86,41,111,16.0,18.5
2024-02,Troitsk,TAO,150800,164700,628,86,56,49,16.0,18.5
2024-03,Troitsk,TAO,159600,177500,665,170,15,20,16.0,18.5
2024-04,Troitsk,TAO,156500,174700,652,25,46,101,16.0,18.5
2024-05,Troitsk,TAO,153900,170100,641,170,32,30,16.0,18.5
2024-06,Troitsk,TAO,164800,183300,687,128,56,13,16.0,18.5
2024-07,Troitsk,TAO,155000,170900,646,163,75,70,16.0,18.5
2024-08,Troitsk,TAO,167200,176900,697,145,57,39,16.0,18.5
2024-09,Troitsk,TAO,159900,175600,666,104,71,39,16.0,18.5
2024-10,Troitsk,TAO,164700,184600,686,198,46,73,21.0,23.5
2024-11,Troitsk,TAO,148600,171200,619,122,10,15,21.0,23.5
2024-12,Troitsk,TAO,149100,165200,621,31,13,68,21.0,23.5
2025-01,Troitsk,TAO,150500,160600,627,167,73,104,21.0,23.5
2025-02,Troitsk,TAO,159800,174000,666,23,22,33,21.0,23.5
2025-03,Troitsk,TAO,152900,168700,637,80,68,19,21.0,23.5
2025-04,Troitsk,TAO,154400,166400,643,104,17,78,21.0,23.5
2025-05,Troitsk,TAO,158000,172500,658,163,50,78,21.0,23.5
2025-06,Troitsk,TAO,152200,169500,634,121,56,94,21.0,23.5
2025-07,Troitsk,TAO,156600,172100,652,118,16,57,17.0,19.5
2025-08,Troitsk,TAO,155600,176300,648,174,6,56,17.0,19.5
2025-09,Troitsk,TAO,156600,169700,652,128,62,47,17.0,19.5
2025-10,Troitsk,TAO,159900,177300,666,162,15,67,17.0,19.5
2025-11,Troitsk,TAO,151900,167800,633,106,7,55,17.0,19.5
2025-12,Troitsk,TAO,153600,167800,640,101,18,56,17.0,19.5
2026-01,Troitsk,TAO,160200,173600,668,67,26,50,17.0,19.5
2026-02,Troitsk,TAO,154900,165000,645,198,77,26,17.0,19.5
2026-03,Troitsk,TAO,159400,177700,664,62,49,84,17.0,19.5
2026-04,Troitsk,TAO,157600,176800,657,169,47,19,17.0,19.5
2020-01,Voronovskoye,TAO,76200,85100,318,70,40,88,6.0,8.5
2020-02,Voronovskoye,TAO,74600,80500,311,151,44,92,6.0,8.5
2020-03,Voronovskoye,TAO,77900,85600,324,146,15,32,6.0,8.5
2020-04,Voronovskoye,TAO,79900,88300,333,57,69,29,4.25,6.75
2020-05,Voronovskoye,TAO,84400,92400,352,111,47,43,4.25,6.75
2020-06,Voronovskoye,TAO,83700,93200,349,69,43,30,4.25,6.75
2020-07,Voronovskoye,TAO,83200,94200,347,79,68,104,4.25,6.75
2020-08,Voronovskoye,TAO,78900,84300,329,99,63,18,4.25,6.75
2020-09,Voronovskoye,TAO,83300,92000,347,198,46,32,4.25,6.75
2020-10,Voronovskoye,TAO,84900,93100,354,127,40,95,4.25,6.75
2020-11,Voronovskoye,TAO,87200,92100,363,23,68,35,4.25,6.75
2020-12,Voronovskoye,TAO,86400,96100,360,74,11,67,4.25,6.75
2021-01,Voronovskoye,TAO,89000,100000,371,91,51,24,4.25,6.75
2021-02,Voronovskoye,TAO,85200,94300,355,192,62,43,4.25,6.75
2021-03,Voronovskoye,TAO,91400,99900,381,31,29,21,4.25,6.75
2021-04,Voronovskoye,TAO,90800,101100,378,72,71,14,8.5,11.0
2021-05,Voronovskoye,TAO,94200,103000,392,171,61,29,8.5,11.0
2021-06,Voronovskoye,TAO,98600,112500,411,44,62,43,8.5,11.0
2021-07,Voronovskoye,TAO,96400,105500,402,73,23,60,8.5,11.0
2021-08,Voronovskoye,TAO,96500,108600,402,43,14,30,8.5,11.0
2021-09,Voronovskoye,TAO,99000,105300,413,47,18,111,8.5,11.0
2021-10,Voronovskoye,TAO,97400,107000,406,193,57,33,8.5,11.0
2021-11,Voronovskoye,TAO,101400,112200,423,52,71,102,8.5,11.0
2021-12,Voronovskoye,TAO,101700,110400,424,137,79,18,8.5,11.0
2022-01,Voronovskoye,TAO,104600,110900,436,118,14,94,20.0,22.5
2022-02,Voronovskoye,TAO,106500,119800,444,150,51,118,20.0,22.5
2022-03,Voronovskoye,TAO,105100,110600,438,55,11,19,20.0,22.5
2022-04,Voronovskoye,TAO,101700,114600,424,83,16,82,9.5,12.0
2022-05,Voronovskoye,TAO,99900,109100,416,160,40,101,9.5,12.0
2022-06,Voronovskoye,TAO,101800,117100,424,180,75,114,9.5,12.0
2022-07,Voronovskoye,TAO,103100,111100,430,124,21,65,9.5,12.0
2022-08,Voronovskoye,TAO,107700,120800,449,74,70,24,9.5,12.0
2022-09,Voronovskoye,TAO,100400,113600,418,36,58,43,9.5,12.0
2022-10,Voronovskoye,TAO,104800,115400,437,63,75,86,7.5,10.0
2022-11,Voronovskoye,TAO,108100,118100,451,143,16,22,7.5,10.0
2022-12,Voronovskoye,TAO,110900,121200,462,20,15,15,7.5,10.0
2023-01,Voronovskoye,TAO,106600,120800,444,68,39,44,7.5,10.0
2023-02,Voronovskoye,TAO,106400,121500,443,158,57,15,7.5,10.0
2023-03,Voronovskoye,TAO,107600,120000,448,62,13,37,7.5,10.0
2023-04,Voronovskoye,TAO,112000,127100,467,58,62,55,7.5,10.0
2023-05,Voronovskoye,TAO,116300,128700,485,119,65,52,7.5,10.0
2023-06,Voronovskoye,TAO,115000,127100,479,95,33,16,7.5,10.0
2023-07,Voronovskoye,TAO,111100,124200,463,168,58,34,13.0,15.5
2023-08,Voronovskoye,TAO,111200,123600,463,86,31,22,13.0,15.5
2023-09,Voronovskoye,TAO,110400,120400,460,90,72,106,13.0,15.5
2023-10,Voronovskoye,TAO,108700,123900,453,173,43,50,13.0,15.5
2023-11,Voronovskoye,TAO,114000,129000,475,48,76,62,13.0,15.5
2023-12,Voronovskoye,TAO,111600,126300,465,72,56,47,13.0,15.5
2024-01,Voronovskoye,TAO,118200,129900,493,138,7,40,16.0,18.5
2024-02,Voronovskoye,TAO,117800,130000,491,171,63,74,16.0,18.5
2024-03,Voronovskoye,TAO,116000,129300,483,91,29,12,16.0,18.5
2024-04,Voronovskoye,TAO,120700,133300,503,107,67,42,16.0,18.5
2024-05,Voronovskoye,TAO,120800,128800,503,75,31,107,16.0,18.5
2024-06,Voronovskoye,TAO,119400,128100,497,179,76,102,16.0,18.5
2024-07,Voronovskoye,TAO,117700,128800,490,60,47,66,16.0,18.5
2024-08,Voronovskoye,TAO,120500,134000,502,197,76,44,16.0,18.5
2024-09,Voronovskoye,TAO,116100,124400,484,118,52,69,16.0,18.5
2024-10,Voronovskoye,TAO,116700,129900,486,47,34,32,21.0,23.5
2024-11,Voronovskoye,TAO,115700,126300,482,79,55,113,21.0,23.5
2024-12,Voronovskoye,TAO,113900,126300,474,168,58,25,21.0,23.5
2025-01,Voronovskoye,TAO,114600,128600,478,171,38,102,21.0,23.5
2025-02,Voronovskoye,TAO,116900,123000,487,127,22,42,21.0,23.5
2025-03,Voronovskoye,TAO,116700,127200,486,97,37,78,21.0,23.5
2025-04,Voronovskoye,TAO,112400,118900,468,137,35,81,21.0,23.5
2025-05,Voronovskoye,TAO,113100,129200,471,88,62,31,21.0,23.5
2025-06,Voronovskoye,TAO,115700,127500,482,92,23,20,21.0,23.5
2025-07,Voronovskoye,TAO,115100,126800,480,111,66,41,17.0,19.5
2025-08,Voronovskoye,TAO,113500,127500,473,50,13,17,17.0,19.5
2025-09,Voronovskoye,TAO,113700,115400,474,36,13,63,17.0,19.5
2025-10,Voronovskoye,TAO,120000,134800,500,155,13,64,17.0,19.5
2025-11,Voronovskoye,TAO,117200,130400,488,181,60,76,17.0,19.5
2025-12,Voronovskoye,TAO,115900,123100,483,158,55,53,17.0,19.5
2026-01,Voronovskoye,TAO,116100,131200,484,25,30,63,17.0,19.5
2026-02,Voronovskoye,TAO,121800,130900,507,188,16,68,17.0,19.5
2026-03,Voronovskoye,TAO,116900,126400,487,34,15,71,17.0,19.5
2026-04,Voronovskoye,TAO,117000,121100,488,92,53,42,17.0,19.5
2020-01,Kievsky,TAO,72600,79900,302,157,74,63,6.0,8.5
2020-02,Kievsky,TAO,73600,77600,307,41,56,97,6.0,8.5
2020-03,Kievsky,TAO,72700,78800,303,63,56,41,6.0,8.5
2020-04,Kievsky,TAO,74000,82000,308,188,17,83,4.25,6.75
2020-05,Kievsky,TAO,74100,82700,309,52,24,92,4.25,6.75
2020-06,Kievsky,TAO,76900,85200,320,84,19,71,4.25,6.75
2020-07,Kievsky,TAO,78300,84900,326,70,26,76,4.25,6.75
2020-08,Kievsky,TAO,78000,81000,325,42,75,101,4.25,6.75
2020-09,Kievsky,TAO,73200,80800,305,66,47,16,4.25,6.75
2020-10,Kievsky,TAO,80100,88400,334,140,54,111,4.25,6.75
2020-11,Kievsky,TAO,77700,89200,324,199,63,84,4.25,6.75
2020-12,Kievsky,TAO,86000,96200,358,157,39,76,4.25,6.75
2021-01,Kievsky,TAO,84700,94200,353,41,45,67,4.25,6.75
2021-02,Kievsky,TAO,86600,99800,361,170,71,78,4.25,6.75
2021-03,Kievsky,TAO,84200,95500,351,61,55,106,4.25,6.75
2021-04,Kievsky,TAO,86900,97800,362,95,7,39,8.5,11.0
2021-05,Kievsky,TAO,90400,95900,377,82,52,81,8.5,11.0
2021-06,Kievsky,TAO,89000,101900,371,180,14,93,8.5,11.0
2021-07,Kievsky,TAO,92900,101000,387,22,75,115,8.5,11.0
2021-08,Kievsky,TAO,96500,104500,402,21,49,109,8.5,11.0
2021-09,Kievsky,TAO,98900,110500,412,168,33,104,8.5,11.0
2021-10,Kievsky,TAO,93800,105800,391,54,9,101,8.5,11.0
2021-11,Kievsky,TAO,97900,107800,408,107,60,117,8.5,11.0
2021-12,Kievsky,TAO,98400,110500,410,141,34,34,8.5,11.0
2022-01,Kievsky,TAO,96700,103300,403,84,48,41,20.0,22.5
2022-02,Kievsky,TAO,99500,113600,415,100,53,96,20.0,22.5
2022-03,Kievsky,TAO,95000,102100,396,66,62,89,20.0,22.5
2022-04,Kievsky,TAO,94700,102400,395,99,63,35,9.5,12.0
2022-05,Kievsky,TAO,96000,104900,400,95,10,103,9.5,12.0
2022-06,Kievsky,TAO,93700,99500,390,26,14,91,9.5,12.0
2022-07,Kievsky,TAO,97300,107900,405,149,70,58,9.5,12.0
2022-08,Kievsky,TAO,96300,113800,401,40,59,42,9.5,12.0
2022-09,Kievsky,TAO,97100,106900,405,186,5,64,9.5,12.0
2022-10,Kievsky,TAO,97400,102300,406,171,31,102,7.5,10.0
2022-11,Kievsky,TAO,98300,107100,410,29,31,22,7.5,10.0
2022-12,Kievsky,TAO,106500,117500,444,194,17,54,7.5,10.0
2023-01,Kievsky,TAO,107400,123500,448,133,67,105,7.5,10.0
2023-02,Kievsky,TAO,103400,118700,431,45,8,108,7.5,10.0
2023-03,Kievsky,TAO,102400,113500,427,166,62,95,7.5,10.0
2023-04,Kievsky,TAO,101100,112400,421,23,41,50,7.5,10.0
2023-05,Kievsky,TAO,110200,119400,459,83,30,22,7.5,10.0
2023-06,Kievsky,TAO,101700,110900,424,142,33,53,7.5,10.0
2023-07,Kievsky,TAO,102300,113100,426,105,17,114,13.0,15.5
2023-08,Kievsky,TAO,108400,117400,452,123,23,17,13.0,15.5
2023-09,Kievsky,TAO,103200,111600,430,105,10,94,13.0,15.5
2023-10,Kievsky,TAO,111400,125000,464,113,7,88,13.0,15.5
2023-11,Kievsky,TAO,116600,128800,486,176,42,81,13.0,15.5
2023-12,Kievsky,TAO,111300,124800,464,116,30,52,13.0,15.5
2024-01,Kievsky,TAO,111800,123700,466,196,37,99,16.0,18.5
2024-02,Kievsky,TAO,114900,128200,479,166,11,105,16.0,18.5
2024-03,Kievsky,TAO,107500,116100,448,87,64,77,16.0,18.5
2024-04,Kievsky,TAO,111200,124700,463,198,43,23,16.0,18.5
2024-05,Kievsky,TAO,118800,129100,495,167,53,18,16.0,18.5
2024-06,Kievsky,TAO,111800,129700,466,147,31,56,16.0,18.5
2024-07,Kievsky,TAO,114700,129600,478,67,44,42,16.0,18.5
2024-08,Kievsky,TAO,109700,118900,457,61,12,110,16.0,18.5
2024-09,Kievsky,TAO,106200,121900,442,95,26,81,16.0,18.5
2024-10,Kievsky,TAO,107700,119400,449,83,57,74,21.0,23.5
2024-11,Kievsky,TAO,108100,126500,450,59,74,94,21.0,23.5
2024-12,Kievsky,TAO,110700,121500,461,89,54,52,21.0,23.5
2025-01,Kievsky,TAO,106700,115400,444,159,36,25,21.0,23.5
2025-02,Kievsky,TAO,107700,119100,449,90,78,60,21.0,23.5
2025-03,Kievsky,TAO,109500,121000,456,137,18,24,21.0,23.5
2025-04,Kievsky,TAO,110900,119000,462,141,61,72,21.0,23.5
2025-05,Kievsky,TAO,108900,116900,454,80,41,19,21.0,23.5
2025-06,Kievsky,TAO,110200,115800,459,94,20,108,21.0,23.5
2025-07,Kievsky,TAO,106300,117500,443,83,60,70,17.0,19.5
2025-08,Kievsky,TAO,108900,119400,454,62,67,104,17.0,19.5
2025-09,Kievsky,TAO,106400,120100,443,181,79,23,17.0,19.5
2025-10,Kievsky,TAO,111400,117500,464,33,77,113,17.0,19.5
2025-11,Kievsky,TAO,113300,121700,472,53,36,104,17.0,19.5
2025-12,Kievsky,TAO,107900,118500,450,183,56,79,17.0,19.5
2026-01,Kievsky,TAO,108000,116900,450,113,45,111,17.0,19.5
2026-02,Kievsky,TAO,113700,123000,474,104,24,96,17.0,19.5
2026-03,Kievsky,TAO,110100,120000,459,39,20,87,17.0,19.5
2026-04,Kievsky,TAO,107400,118100,447,196,43,89,17.0,19.5
2020-01,Klyonovskoye,TAO,70600,77200,294,24,29,15,6.0,8.5
2020-02,Klyonovskoye,TAO,73200,81800,305,192,53,75,6.0,8.5
2020-03,Klyonovskoye,TAO,74200,81200,309,162,79,20,6.0,8.5
2020-04,Klyonovskoye,TAO,76600,86400,319,28,45,93,4.25,6.75
2020-05,Klyonovskoye,TAO,73900,80400,308,80,51,107,4.25,6.75
2020-06,Klyonovskoye,TAO,74700,84300,311,68,18,15,4.25,6.75
2020-07,Klyonovskoye,TAO,77200,85200,322,188,43,115,4.25,6.75
2020-08,Klyonovskoye,TAO,77300,86800,322,198,66,88,4.25,6.75
2020-09,Klyonovskoye,TAO,78900,88400,329,196,61,69,4.25,6.75
2020-10,Klyonovskoye,TAO,79600,91800,332,93,12,104,4.25,6.75
2020-11,Klyonovskoye,TAO,83900,93700,349,194,9,107,4.25,6.75
2020-12,Klyonovskoye,TAO,84900,94400,354,178,54,109,4.25,6.75
2021-01,Klyonovskoye,TAO,80800,91300,337,69,60,42,4.25,6.75
2021-02,Klyonovskoye,TAO,88300,100200,368,151,34,36,4.25,6.75
2021-03,Klyonovskoye,TAO,87100,93500,363,21,45,98,4.25,6.75
2021-04,Klyonovskoye,TAO,86800,96500,362,109,10,10,8.5,11.0
2021-05,Klyonovskoye,TAO,89900,93800,375,193,39,19,8.5,11.0
2021-06,Klyonovskoye,TAO,88500,99100,369,100,12,35,8.5,11.0
2021-07,Klyonovskoye,TAO,90200,98800,376,60,23,116,8.5,11.0
2021-08,Klyonovskoye,TAO,95600,102700,398,83,38,106,8.5,11.0
2021-09,Klyonovskoye,TAO,94400,104200,393,194,63,104,8.5,11.0
2021-10,Klyonovskoye,TAO,92100,103700,384,120,32,72,8.5,11.0
2021-11,Klyonovskoye,TAO,99800,109300,416,157,29,47,8.5,11.0
2021-12,Klyonovskoye,TAO,96600,109300,402,25,57,71,8.5,11.0
2022-01,Klyonovskoye,TAO,96900,104900,404,159,57,45,20.0,22.5
2022-02,Klyonovskoye,TAO,97100,112600,404,22,65,49,20.0,22.5
2022-03,Klyonovskoye,TAO,97800,107000,408,131,45,79,20.0,22.5
2022-04,Klyonovskoye,TAO,90900,104100,379,160,45,27,9.5,12.0
2022-05,Klyonovskoye,TAO,95300,100500,397,129,40,92,9.5,12.0
2022-06,Klyonovskoye,TAO,95500,105700,398,196,69,45,9.5,12.0
2022-07,Klyonovskoye,TAO,94300,108200,393,34,30,81,9.5,12.0
2022-08,Klyonovskoye,TAO,94700,108500,395,142,48,15,9.5,12.0
2022-09,Klyonovskoye,TAO,96700,106900,403,126,14,72,9.5,12.0
2022-10,Klyonovskoye,TAO,98800,104800,412,105,67,92,7.5,10.0
2022-11,Klyonovskoye,TAO,102900,116200,429,86,61,118,7.5,10.0
2022-12,Klyonovskoye,TAO,101600,109700,423,142,67,29,7.5,10.0
2023-01,Klyonovskoye,TAO,100500,112300,419,24,25,24,7.5,10.0
2023-02,Klyonovskoye,TAO,102200,109100,426,80,33,23,7.5,10.0
2023-03,Klyonovskoye,TAO,103800,117300,433,101,18,57,7.5,10.0
2023-04,Klyonovskoye,TAO,101600,109000,423,115,30,84,7.5,10.0
2023-05,Klyonovskoye,TAO,109700,117100,457,22,36,91,7.5,10.0
2023-06,Klyonovskoye,TAO,105600,121300,440,30,46,99,7.5,10.0
2023-07,Klyonovskoye,TAO,111100,126000,463,157,29,34,13.0,15.5
2023-08,Klyonovskoye,TAO,109000,116600,454,195,26,47,13.0,15.5
2023-09,Klyonovskoye,TAO,105200,116700,438,79,29,88,13.0,15.5
2023-10,Klyonovskoye,TAO,104400,109600,435,44,48,34,13.0,15.5
2023-11,Klyonovskoye,TAO,113200,125700,471,81,18,33,13.0,15.5
2023-12,Klyonovskoye,TAO,113000,121900,471,121,39,60,13.0,15.5
2024-01,Klyonovskoye,TAO,111400,122600,464,68,16,37,16.0,18.5
2024-02,Klyonovskoye,TAO,111100,124000,463,131,74,58,16.0,18.5
2024-03,Klyonovskoye,TAO,111400,122100,464,127,7,62,16.0,18.5
2024-04,Klyonovskoye,TAO,109600,122300,457,91,27,65,16.0,18.5
2024-05,Klyonovskoye,TAO,108900,117700,454,174,22,70,16.0,18.5
2024-06,Klyonovskoye,TAO,103800,116000,432,161,76,77,16.0,18.5
2024-07,Klyonovskoye,TAO,116100,128200,484,85,76,116,16.0,18.5
2024-08,Klyonovskoye,TAO,115100,125700,480,159,71,18,16.0,18.5
2024-09,Klyonovskoye,TAO,112200,126100,468,52,19,28,16.0,18.5
2024-10,Klyonovskoye,TAO,108300,120900,451,92,46,49,21.0,23.5
2024-11,Klyonovskoye,TAO,115100,131400,480,132,51,12,21.0,23.5
2024-12,Klyonovskoye,TAO,107700,120400,449,55,65,24,21.0,23.5
2025-01,Klyonovskoye,TAO,106400,119600,443,152,63,29,21.0,23.5
2025-02,Klyonovskoye,TAO,113400,124000,472,179,10,53,21.0,23.5
2025-03,Klyonovskoye,TAO,109200,121500,455,50,7,64,21.0,23.5
2025-04,Klyonovskoye,TAO,112300,121000,468,144,59,34,21.0,23.5
2025-05,Klyonovskoye,TAO,106400,119200,444,64,19,112,21.0,23.5
2025-06,Klyonovskoye,TAO,109300,120900,455,121,5,114,21.0,23.5
2025-07,Klyonovskoye,TAO,108400,121800,452,112,72,100,17.0,19.5
2025-08,Klyonovskoye,TAO,108300,119300,451,95,37,80,17.0,19.5
2025-09,Klyonovskoye,TAO,112500,117800,469,100,15,41,17.0,19.5
2025-10,Klyonovskoye,TAO,114800,120700,478,33,66,102,17.0,19.5
2025-11,Klyonovskoye,TAO,110400,115500,460,114,43,102,17.0,19.5
2025-12,Klyonovskoye,TAO,107800,116500,449,39,30,32,17.0,19.5
2026-01,Klyonovskoye,TAO,114000,124300,475,69,39,23,17.0,19.5
2026-02,Klyonovskoye,TAO,109200,121300,455,80,67,92,17.0,19.5
2026-03,Klyonovskoye,TAO,111200,117500,463,180,72,14,17.0,19.5
2026-04,Klyonovskoye,TAO,114100,126700,476,182,71,14,17.0,19.5
2020-01,Shchapovskoye,TAO,75500,84700,315,22,61,68,6.0,8.5
2020-02,Shchapovskoye,TAO,77300,87100,322,51,42,42,6.0,8.5
2020-03,Shchapovskoye,TAO,74700,82000,311,168,13,21,6.0,8.5
2020-04,Shchapovskoye,TAO,82000,89900,342,139,63,113,4.25,6.75
2020-05,Shchapovskoye,TAO,77800,85000,324,109,76,54,4.25,6.75
2020-06,Shchapovskoye,TAO,78900,88700,329,178,43,75,4.25,6.75
2020-07,Shchapovskoye,TAO,84500,93000,352,127,7,117,4.25,6.75
2020-08,Shchapovskoye,TAO,82000,93700,342,187,29,78,4.25,6.75
2020-09,Shchapovskoye,TAO,81700,91200,341,32,58,62,4.25,6.75
2020-10,Shchapovskoye,TAO,86200,95400,359,57,39,62,4.25,6.75
2020-11,Shchapovskoye,TAO,85000,95000,354,163,24,12,4.25,6.75
2020-12,Shchapovskoye,TAO,88200,95500,367,89,77,65,4.25,6.75
2021-01,Shchapovskoye,TAO,89000,99000,371,61,71,46,4.25,6.75
2021-02,Shchapovskoye,TAO,88500,100400,369,156,56,89,4.25,6.75
2021-03,Shchapovskoye,TAO,90300,97100,376,41,35,57,4.25,6.75
2021-04,Shchapovskoye,TAO,92400,103000,385,145,40,108,8.5,11.0
2021-05,Shchapovskoye,TAO,95600,107000,398,91,68,108,8.5,11.0
2021-06,Shchapovskoye,TAO,94400,102700,393,190,44,61,8.5,11.0
2021-07,Shchapovskoye,TAO,98500,109700,410,113,35,23,8.5,11.0
2021-08,Shchapovskoye,TAO,99300,110200,414,99,24,56,8.5,11.0
2021-09,Shchapovskoye,TAO,98900,108700,412,195,37,90,8.5,11.0
2021-10,Shchapovskoye,TAO,98900,110400,412,140,19,87,8.5,11.0
2021-11,Shchapovskoye,TAO,103300,114900,430,143,54,107,8.5,11.0
2021-12,Shchapovskoye,TAO,102800,110100,428,25,71,48,8.5,11.0
2022-01,Shchapovskoye,TAO,106700,119200,445,115,79,88,20.0,22.5
2022-02,Shchapovskoye,TAO,106600,112200,444,178,55,117,20.0,22.5
2022-03,Shchapovskoye,TAO,100100,112500,417,33,15,68,20.0,22.5
2022-04,Shchapovskoye,TAO,104700,112600,436,54,77,27,9.5,12.0
2022-05,Shchapovskoye,TAO,103300,112900,430,102,77,109,9.5,12.0
2022-06,Shchapovskoye,TAO,103300,112300,430,75,70,13,9.5,12.0
2022-07,Shchapovskoye,TAO,103800,112400,433,44,36,65,9.5,12.0
2022-08,Shchapovskoye,TAO,106400,115200,444,28,18,14,9.5,12.0
2022-09,Shchapovskoye,TAO,108500,120000,452,89,79,108,9.5,12.0
2022-10,Shchapovskoye,TAO,99700,105800,415,170,66,59,7.5,10.0
2022-11,Shchapovskoye,TAO,109500,118500,456,182,70,96,7.5,10.0
2022-12,Shchapovskoye,TAO,110000,121900,458,34,16,71,7.5,10.0
2023-01,Shchapovskoye,TAO,113600,124700,473,192,33,64,7.5,10.0
2023-02,Shchapovskoye,TAO,109300,124800,456,54,26,83,7.5,10.0
2023-03,Shchapovskoye,TAO,104000,116300,433,182,54,62,7.5,10.0
2023-04,Shchapovskoye,TAO,113100,126700,471,37,71,27,7.5,10.0
2023-05,Shchapovskoye,TAO,111400,117200,464,78,43,69,7.5,10.0
2023-06,Shchapovskoye,TAO,116800,127800,487,147,70,119,7.5,10.0
2023-07,Shchapovskoye,TAO,118100,122100,492,151,30,84,13.0,15.5
2023-08,Shchapovskoye,TAO,115000,131500,479,23,28,51,13.0,15.5
2023-09,Shchapovskoye,TAO,111000,126900,462,159,24,47,13.0,15.5
2023-10,Shchapovskoye,TAO,108100,118900,451,142,45,102,13.0,15.5
2023-11,Shchapovskoye,TAO,118500,132400,494,190,14,77,13.0,15.5
2023-12,Shchapovskoye,TAO,112500,123100,469,107,36,92,13.0,15.5
2024-01,Shchapovskoye,TAO,115900,125000,483,186,42,81,16.0,18.5
2024-02,Shchapovskoye,TAO,114300,126300,476,77,67,21,16.0,18.5
2024-03,Shchapovskoye,TAO,114500,122600,477,142,56,84,16.0,18.5
2024-04,Shchapovskoye,TAO,118300,132400,493,108,28,95,16.0,18.5
2024-05,Shchapovskoye,TAO,117400,132400,489,193,71,62,16.0,18.5
2024-06,Shchapovskoye,TAO,121700,132000,507,124,55,111,16.0,18.5
2024-07,Shchapovskoye,TAO,118400,133000,493,167,69,56,16.0,18.5
2024-08,Shchapovskoye,TAO,117400,128800,489,100,63,35,16.0,18.5
2024-09,Shchapovskoye,TAO,126900,139700,529,108,10,19,16.0,18.5
2024-10,Shchapovskoye,TAO,113600,122200,473,189,7,78,21.0,23.5
2024-11,Shchapovskoye,TAO,120400,137700,502,124,71,42,21.0,23.5
2024-12,Shchapovskoye,TAO,117200,129300,488,130,47,34,21.0,23.5
2025-01,Shchapovskoye,TAO,110300,123800,459,126,21,55,21.0,23.5
2025-02,Shchapovskoye,TAO,113500,126700,473,72,68,52,21.0,23.5
2025-03,Shchapovskoye,TAO,118600,128700,494,71,27,67,21.0,23.5
2025-04,Shchapovskoye,TAO,113400,125800,472,100,65,101,21.0,23.5
2025-05,Shchapovskoye,TAO,113700,123900,474,29,10,99,21.0,23.5
2025-06,Shchapovskoye,TAO,115800,126400,482,51,9,19,21.0,23.5
2025-07,Shchapovskoye,TAO,115300,124100,480,21,77,43,17.0,19.5
2025-08,Shchapovskoye,TAO,114700,123600,478,29,79,64,17.0,19.5
2025-09,Shchapovskoye,TAO,112300,122500,468,165,37,49,17.0,19.5
2025-10,Shchapovskoye,TAO,119000,129200,496,91,26,79,17.0,19.5
2025-11,Shchapovskoye,TAO,118500,132700,494,115,62,16,17.0,19.5
2025-12,Shchapovskoye,TAO,112500,129800,469,52,51,29,17.0,19.5
2026-01,Shchapovskoye,TAO,116000,125200,483,37,39,37,17.0,19.5
2026-02,Shchapovskoye,TAO,117900,135800,491,40,26,40,17.0,19.5
2026-03,Shchapovskoye,TAO,119800,128500,499,35,59,55,17.0,19.5
2026-04,Shchapovskoye,TAO,121600,130900,507,165,25,117,17.0,19.5
