YEAR_MONTH,DISTRICT,OKRUG,N_LISTINGS_SECONDARY,N_LISTINGS_RENTAL
2020-01,Klyonovskoye,TAO,24,15
2020-01,Vostochnoye Izmaylovo,VAO,151,33
2020-01,Savyolovsky,SAO,169,39
2020-01,Butyrsky,SVAO,48,86
2020-01,Zyuzino,YuZAO,164,26
2020-01,Severnoye Izmaylovo,VAO,186,106
2020-01,Pokrovskoye-Streshnevo,SZAO,164,97
2020-01,Dorogomilovo,ZAO,79,11
2020-01,Zyablikovo,YuAO,71,104
2020-01,Orekhovo-Borisovo Severnoye,YuAO,119,61
2020-01,Voskresenskoye,NAO,195,36
2020-01,Veshnyaki,VAO,87,58
2020-01,Aeroport,SAO,150,81
2020-01,Yakimanka,CAO,183,118
2020-01,Kuntsevo,ZAO,166,94
2020-01,Sokol,SAO,123,84
2020-01,Gagarinsky,YuZAO,88,57
2020-01,Sokolinaya Gora,VAO,36,32
2020-01,Troparyovo-Nikulino,ZAO,81,42
2020-01,Otradnoye,SVAO,118,111
2020-01,Novofyodorovskoye,TAO,175,50
2020-01,Bogorodskoye,VAO,159,111
2020-01,Bibirevo,SVAO,121,48
2020-01,Vnukovskoye,NAO,180,62
2020-01,Kokoshkino,NAO,187,89
2020-01,Kotlovka,YuZAO,80,49
2020-01,Shcherbinka,NAO,34,90
2020-01,Mitino,SZAO,192,115
2020-01,Golyanovo,VAO,68,77
2020-01,Perovo,VAO,55,10
2020-01,Moskvorechye-Saburovo,YuAO,194,17
2020-01,Nagorny,YuAO,51,111
2020-01,Levoberezhny,SAO,176,23
2020-01,Shchapovskoye,TAO,22,68
2020-01,Yasenevo,YuZAO,180,82
2020-01,Begovoy,SAO,133,48
2020-01,Mozhaysky,ZAO,199,25
2020-01,Konkovo,YuZAO,175,72
2020-01,Vostochny,VAO,104,107
2020-01,Preobrazhenskoye,VAO,170,80
2020-01,Filyovsky Park,ZAO,84,65
2020-01,Ostankinsky,SVAO,181,62
2020-01,Krasnopakhorskoye,TAO,50,88
2020-01,Molzhaninovsky,SAO,184,107
2020-01,Vnukovo,ZAO,174,15
2020-01,Desyonovskoye,NAO,92,14
2020-01,Zamoskvorechye,CAO,134,66
2020-01,Chertanovo Severnoye,YuAO,188,115
2020-01,Babushkinsky,SVAO,137,14
2020-01,Chertanovo Tsentralnoye,YuAO,180,87
2020-01,Biryulyovo Zapadnoye,YuAO,68,85
2020-01,Strogino,SZAO,122,60
2020-01,Tagansky,CAO,184,50
2020-01,Severny,SVAO,147,99
2020-01,Ochakovo-Matveyevskoye,ZAO,195,76
2020-01,Meshchansky,CAO,93,85
2020-01,Shchukino,SZAO,118,29
2020-01,Alekseevsky,SVAO,27,103
2020-01,Troitsk,TAO,162,79
2020-01,Khoroshyovsky,SAO,55,76
2020-01,Brateyevo,YuAO,125,33
2020-01,Ramenki,ZAO,153,56
2020-01,Severnoye Medvedkovo,SVAO,61,62
2020-01,Prospekt Vernadskogo,ZAO,139,16
2020-01,Danilovsky,YuAO,39,53
2020-01,Tsaritsyno,YuAO,27,12
2020-01,Presnensky,CAO,155,39
2020-01,Sviblovo,SVAO,126,98
2020-01,Khoroshyovo-Mnyovniki,SZAO,39,61
2020-01,Altufyevsky,SVAO,116,30
2020-01,Voronovskoye,TAO,70,88
2020-01,Donskoy,YuAO,135,88
2020-01,Timiryazevsky,SAO,58,66
2020-01,Khamovniki,CAO,140,72
2020-01,Krasnoselsky,CAO,115,66
2020-01,Akademichesky,YuZAO,126,117
2020-01,Sokolniki,VAO,197,57
2020-01,Severnoye Tushino,SZAO,93,17
2020-01,Yaroslavsky,SVAO,110,38
2020-01,Pervomayskoye,TAO,183,94
2020-01,Zelenograd,ZelAO,31,54
2020-01,Novo-Peredelkino,ZAO,138,49
2020-01,Khovrino,SAO,70,80
2020-01,Mikhaylovo-Yartsevskoye,TAO,181,99
2020-01,Orekhovo-Borisovo Yuzhnoye,YuAO,186,113
2020-01,Tverskoy,CAO,149,71
2020-01,Yuzhnoye Medvedkovo,SVAO,160,116
2020-01,Chertanovo Yuzhnoye,YuAO,81,106
2020-01,Biryulyovo Vostochnoye,YuAO,193,104
2020-01,Kievsky,TAO,157,63
2020-01,Solntsevo,ZAO,165,49
2020-01,Rostokino,SVAO,168,81
2020-01,Rogovskoye,TAO,113,67
2020-01,Yuzhnoye Tushino,SZAO,20,36
2020-01,Ivanovskoye,VAO,49,110
2020-01,Kurkino,SZAO,169,12
2020-01,Golovinsky,SAO,171,21
2020-01,Lomonosovsky,YuZAO,123,74
2020-01,Dmitrovsky,SAO,133,38
2020-01,Filimonkovskoye,NAO,146,98
2020-01,Novogireyevo,VAO,92,79
2020-01,Kosino-Ukhtomsky,VAO,146,87
2020-01,Mosrentgen,NAO,45,15
2020-01,Koptevo,SAO,115,23
2020-01,Losinoostrovsky,SVAO,87,78
2020-01,Yuzhnoye Butovo,YuZAO,111,89
2020-01,Tyoply Stan,YuZAO,166,101
2020-01,Basmanny,CAO,23,43
2020-01,Krylatskoye,SZAO,46,28
2020-01,Nagatinsky Zaton,YuAO,125,77
2020-01,Nagatino-Sadovniki,YuAO,77,80
2020-01,Marfino,SVAO,97,101
2020-01,Obruchevsky,YuZAO,60,95
2020-01,Sosenskoye,NAO,27,91
2020-01,Moskovsky,NAO,67,100
2020-01,Novokosino,VAO,126,64
2020-01,Arbat,CAO,104,41
2020-01,Cheryomushki,YuZAO,96,33
2020-01,Metrogorodok,VAO,64,29
2020-01,Lianozovo,SVAO,132,93
2020-01,Zapadnoye Degunino,SAO,192,61
2020-01,Fili-Davydkovo,ZAO,141,46
2020-01,Marushkinskoye,NAO,33,82
2020-01,Severnoye Butovo,YuZAO,76,85
2020-01,Beskudnikovsky,SAO,27,87
2020-01,Izmaylovo,VAO,25,112
2020-01,Ryazanovskoye,NAO,48,13
2020-01,Voykovsky,SAO,132,102
2020-01,Maryina Roshcha,SVAO,114,21
2020-02,Donskoy,YuAO,71,62
2020-02,Chertanovo Yuzhnoye,YuAO,166,93
2020-02,Zapadnoye Degunino,SAO,126,90
2020-02,Otradnoye,SVAO,89,77
2020-02,Nagatinsky Zaton,YuAO,186,104
2020-02,Khovrino,SAO,130,79
2020-02,Izmaylovo,VAO,139,110
2020-02,Nagatino-Sadovniki,YuAO,73,79
2020-02,Orekhovo-Borisovo Yuzhnoye,YuAO,194,92
2020-02,Tverskoy,CAO,144,74
2020-02,Troparyovo-Nikulino,ZAO,106,56
2020-02,Yuzhnoye Medvedkovo,SVAO,194,74
2020-02,Kurkino,SZAO,73,60
2020-02,Bibirevo,SVAO,37,81
2020-02,Mozhaysky,ZAO,138,41
2020-02,Timiryazevsky,SAO,70,96
2020-02,Vnukovskoye,NAO,41,96
2020-02,Khamovniki,CAO,44,76
2020-02,Krasnoselsky,CAO,160,51
2020-02,Sokolinaya Gora,VAO,139,20
2020-02,Akademichesky,YuZAO,89,39
2020-02,Novogireyevo,VAO,91,49
2020-02,Zelenograd,ZelAO,132,49
2020-02,Sokolniki,VAO,190,55
2020-02,Severnoye Tushino,SZAO,40,28
2020-02,Yaroslavsky,SVAO,155,101
2020-02,Bogorodskoye,VAO,24,56
2020-02,Novofyodorovskoye,TAO,173,21
2020-02,Mosrentgen,NAO,87,25
2020-02,Pervomayskoye,TAO,106,80
2020-02,Prospekt Vernadskogo,ZAO,170,59
2020-02,Shchukino,SZAO,25,83
2020-02,Dmitrovsky,SAO,65,67
2020-02,Alekseevsky,SVAO,23,118
2020-02,Troitsk,TAO,172,99
2020-02,Chertanovo Severnoye,YuAO,54,90
2020-02,Golovinsky,SAO,38,112
2020-02,Brateyevo,YuAO,125,32
2020-02,Ramenki,ZAO,72,117
2020-02,Severnoye Medvedkovo,SVAO,37,92
2020-02,Metrogorodok,VAO,140,56
2020-02,Meshchansky,CAO,183,41
2020-02,Danilovsky,YuAO,165,34
2020-02,Ryazanovskoye,NAO,28,61
2020-02,Tsaritsyno,YuAO,100,70
2020-02,Presnensky,CAO,182,52
2020-02,Khoroshyovo-Mnyovniki,SZAO,140,30
2020-02,Sviblovo,SVAO,38,107
2020-02,Severnoye Butovo,YuZAO,74,117
2020-02,Altufyevsky,SVAO,161,76
2020-02,Voronovskoye,TAO,151,92
2020-02,Arbat,CAO,22,50
2020-02,Khoroshyovsky,SAO,39,58
2020-02,Novo-Peredelkino,ZAO,54,107
2020-02,Obruchevsky,YuZAO,114,113
2020-02,Kievsky,TAO,41,97
2020-02,Biryulyovo Vostochnoye,YuAO,107,19
2020-02,Solntsevo,ZAO,115,61
2020-02,Marfino,SVAO,159,71
2020-02,Rostokino,SVAO,129,87
2020-02,Rogovskoye,TAO,27,118
2020-02,Yuzhnoye Tushino,SZAO,35,28
2020-02,Krylatskoye,SZAO,77,16
2020-02,Sosenskoye,NAO,164,20
2020-02,Babushkinsky,SVAO,167,33
2020-02,Tyoply Stan,YuZAO,181,106
2020-02,Chertanovo Tsentralnoye,YuAO,193,111
2020-02,Biryulyovo Zapadnoye,YuAO,110,86
2020-02,Losinoostrovsky,SVAO,89,101
2020-02,Strogino,SZAO,96,83
2020-02,Tagansky,CAO,87,19
2020-02,Severny,SVAO,134,14
2020-02,Kosino-Ukhtomsky,VAO,117,72
2020-02,Ochakovo-Matveyevskoye,ZAO,27,38
2020-02,Novokosino,VAO,66,114
2020-02,Filyovsky Park,ZAO,27,19
2020-02,Basmanny,CAO,103,98
2020-02,Krasnopakhorskoye,TAO,199,12
2020-02,Shchapovskoye,TAO,51,42
2020-02,Molzhaninovsky,SAO,133,72
2020-02,Ivanovskoye,VAO,163,102
2020-02,Vnukovo,ZAO,116,39
2020-02,Desyonovskoye,NAO,21,116
2020-02,Zamoskvorechye,CAO,196,12
2020-02,Aeroport,SAO,129,44
2020-02,Preobrazhenskoye,VAO,153,54
2020-02,Vostochnoye Izmaylovo,VAO,98,97
2020-02,Butyrsky,SVAO,71,64
2020-02,Fili-Davydkovo,ZAO,65,24
2020-02,Ostankinsky,SVAO,149,76
2020-02,Savyolovsky,SAO,152,53
2020-02,Zyuzino,YuZAO,113,66
2020-02,Moskovsky,NAO,138,84
2020-02,Severnoye Izmaylovo,VAO,176,31
2020-02,Pokrovskoye-Streshnevo,SZAO,52,73
2020-02,Beskudnikovsky,SAO,103,48
2020-02,Maryina Roshcha,SVAO,21,43
2020-02,Kotlovka,YuZAO,127,27
2020-02,Shcherbinka,NAO,184,84
2020-02,Lianozovo,SVAO,121,54
2020-02,Golyanovo,VAO,29,69
2020-02,Marushkinskoye,NAO,65,74
2020-02,Perovo,VAO,176,42
2020-02,Moskvorechye-Saburovo,YuAO,153,80
2020-02,Nagorny,YuAO,61,76
2020-02,Gagarinsky,YuZAO,141,111
2020-02,Levoberezhny,SAO,92,99
2020-02,Yasenevo,YuZAO,183,82
2020-02,Mitino,SZAO,185,96
2020-02,Begovoy,SAO,71,33
2020-02,Yuzhnoye Butovo,YuZAO,180,77
2020-02,Kokoshkino,NAO,109,37
2020-02,Vostochny,VAO,80,16
2020-02,Konkovo,YuZAO,181,93
2020-02,Koptevo,SAO,171,48
2020-02,Filimonkovskoye,NAO,59,56
2020-02,Kuntsevo,ZAO,75,106
2020-02,Cheryomushki,YuZAO,182,55
2020-02,Veshnyaki,VAO,113,45
2020-02,Yakimanka,CAO,77,69
2020-02,Sokol,SAO,82,75
2020-02,Dorogomilovo,ZAO,145,16
2020-02,Zyablikovo,YuAO,73,101
2020-02,Mikhaylovo-Yartsevskoye,TAO,24,37
2020-02,Orekhovo-Borisovo Severnoye,YuAO,120,86
2020-02,Voskresenskoye,NAO,101,51
2020-02,Voykovsky,SAO,119,104
2020-02,Lomonosovsky,YuZAO,40,69
2020-02,Klyonovskoye,TAO,192,75
2020-03,Ochakovo-Matveyevskoye,ZAO,187,119
2020-03,Golovinsky,SAO,144,94
2020-03,Yuzhnoye Butovo,YuZAO,109,23
2020-03,Tagansky,CAO,191,80
2020-03,Chertanovo Severnoye,YuAO,178,21
2020-03,Troitsk,TAO,165,11
2020-03,Yasenevo,YuZAO,164,48
2020-03,Vostochny,VAO,132,59
2020-03,Shchukino,SZAO,188,76
2020-03,Biryulyovo Zapadnoye,YuAO,162,90
2020-03,Alekseevsky,SVAO,125,45
2020-03,Dmitrovsky,SAO,127,29
2020-03,Begovoy,SAO,23,40
2020-03,Cheryomushki,YuZAO,33,34
2020-03,Vnukovskoye,NAO,84,107
2020-03,Kosino-Ukhtomsky,VAO,161,101
2020-03,Kokoshkino,NAO,50,67
2020-03,Presnensky,CAO,70,39
2020-03,Kotlovka,YuZAO,44,43
2020-03,Altufyevsky,SVAO,191,101
2020-03,Voykovsky,SAO,87,100
2020-03,Severnoye Butovo,YuZAO,72,23
2020-03,Zapadnoye Degunino,SAO,46,38
2020-03,Shcherbinka,NAO,132,13
2020-03,Gagarinsky,YuZAO,89,43
2020-03,Golyanovo,VAO,152,91
2020-03,Khoroshyovo-Mnyovniki,SZAO,96,18
2020-03,Ryazanovskoye,NAO,162,37
2020-03,Sokolinaya Gora,VAO,26,63
2020-03,Levoberezhny,SAO,96,18
2020-03,Prospekt Vernadskogo,ZAO,149,54
2020-03,Kuntsevo,ZAO,72,33
2020-03,Sokol,SAO,131,77
2020-03,Perovo,VAO,197,26
2020-03,Marushkinskoye,NAO,37,30
2020-03,Novofyodorovskoye,TAO,31,82
2020-03,Metrogorodok,VAO,173,80
2020-03,Bogorodskoye,VAO,196,32
2020-03,Severnoye Medvedkovo,SVAO,102,31
2020-03,Brateyevo,YuAO,128,104
2020-03,Beskudnikovsky,SAO,46,82
2020-03,Yaroslavsky,SVAO,47,79
2020-03,Novo-Peredelkino,ZAO,33,56
2020-03,Biryulyovo Vostochnoye,YuAO,126,20
2020-03,Novokosino,VAO,139,63
2020-03,Obruchevsky,YuZAO,152,29
2020-03,Veshnyaki,VAO,129,50
2020-03,Dorogomilovo,ZAO,119,93
2020-03,Vostochnoye Izmaylovo,VAO,172,92
2020-03,Sokolniki,VAO,91,52
2020-03,Yuzhnoye Medvedkovo,SVAO,96,22
2020-03,Sosenskoye,NAO,175,101
2020-03,Mikhaylovo-Yartsevskoye,TAO,46,27
2020-03,Aeroport,SAO,49,114
2020-03,Zyuzino,YuZAO,119,39
2020-03,Tverskoy,CAO,129,104
2020-03,Khovrino,SAO,82,36
2020-03,Chertanovo Yuzhnoye,YuAO,192,22
2020-03,Savyolovsky,SAO,163,115
2020-03,Moskovsky,NAO,101,60
2020-03,Mozhaysky,ZAO,185,50
2020-03,Filimonkovskoye,NAO,90,85
2020-03,Mosrentgen,NAO,199,108
2020-03,Zelenograd,ZelAO,98,54
2020-03,Pervomayskoye,TAO,129,115
2020-03,Novogireyevo,VAO,140,44
2020-03,Konkovo,YuZAO,192,99
2020-03,Lomonosovsky,YuZAO,140,82
2020-03,Koptevo,SAO,163,90
2020-03,Severnoye Izmaylovo,VAO,170,106
2020-03,Severny,SVAO,122,42
2020-03,Preobrazhenskoye,VAO,69,36
2020-03,Khamovniki,CAO,150,74
2020-03,Krasnopakhorskoye,TAO,150,66
2020-03,Izmaylovo,VAO,182,31
2020-03,Chertanovo Tsentralnoye,YuAO,120,49
2020-03,Khoroshyovsky,SAO,30,64
2020-03,Yakimanka,CAO,146,38
2020-03,Molzhaninovsky,SAO,112,118
2020-03,Voskresenskoye,NAO,187,117
2020-03,Timiryazevsky,SAO,25,110
2020-03,Yuzhnoye Tushino,SZAO,179,102
2020-03,Rogovskoye,TAO,32,12
2020-03,Vnukovo,ZAO,132,93
2020-03,Desyonovskoye,NAO,138,80
2020-03,Akademichesky,YuZAO,172,36
2020-03,Ivanovskoye,VAO,44,39
2020-03,Tyoply Stan,YuZAO,104,25
2020-03,Krylatskoye,SZAO,42,57
2020-03,Ostankinsky,SVAO,28,29
2020-03,Solntsevo,ZAO,45,50
2020-03,Lianozovo,SVAO,189,15
2020-03,Babushkinsky,SVAO,128,73
2020-03,Ramenki,ZAO,86,87
2020-03,Marfino,SVAO,187,74
2020-03,Nagatino-Sadovniki,YuAO,138,59
2020-03,Pokrovskoye-Streshnevo,SZAO,133,102
2020-03,Donskoy,YuAO,56,98
2020-03,Orekhovo-Borisovo Yuzhnoye,YuAO,102,96
2020-03,Fili-Davydkovo,ZAO,130,116
2020-03,Severnoye Tushino,SZAO,96,32
2020-03,Meshchansky,CAO,130,79
2020-03,Troparyovo-Nikulino,ZAO,81,85
2020-03,Otradnoye,SVAO,98,53
2020-03,Filyovsky Park,ZAO,58,58
2020-03,Nagatinsky Zaton,YuAO,186,53
2020-03,Mitino,SZAO,43,90
2020-03,Tsaritsyno,YuAO,26,16
2020-03,Danilovsky,YuAO,72,14
2020-03,Kievsky,TAO,63,41
2020-03,Losinoostrovsky,SVAO,64,70
2020-03,Strogino,SZAO,33,101
2020-03,Rostokino,SVAO,150,59
2020-03,Moskvorechye-Saburovo,YuAO,112,97
2020-03,Arbat,CAO,104,28
2020-03,Butyrsky,SVAO,68,14
2020-03,Nagorny,YuAO,101,66
2020-03,Bibirevo,SVAO,89,70
2020-03,Voronovskoye,TAO,146,32
2020-03,Shchapovskoye,TAO,168,21
2020-03,Orekhovo-Borisovo Severnoye,YuAO,82,119
2020-03,Kurkino,SZAO,165,93
2020-03,Sviblovo,SVAO,137,113
2020-03,Basmanny,CAO,65,67
2020-03,Zamoskvorechye,CAO,101,107
2020-03,Maryina Roshcha,SVAO,70,117
2020-03,Klyonovskoye,TAO,162,20
2020-03,Krasnoselsky,CAO,151,107
2020-03,Zyablikovo,YuAO,74,43
2020-04,Novokosino,VAO,77,98
2020-04,Vostochny,VAO,53,41
2020-04,Rogovskoye,TAO,117,100
2020-04,Rostokino,SVAO,128,99
2020-04,Yuzhnoye Tushino,SZAO,151,76
2020-04,Konkovo,YuZAO,140,59
2020-04,Fili-Davydkovo,ZAO,29,92
2020-04,Vnukovskoye,NAO,45,91
2020-04,Bibirevo,SVAO,124,31
2020-04,Strogino,SZAO,197,61
2020-04,Tagansky,CAO,71,26
2020-04,Kuntsevo,ZAO,189,83
2020-04,Cheryomushki,YuZAO,126,56
2020-04,Severny,SVAO,183,26
2020-04,Molzhaninovsky,SAO,94,54
2020-04,Butyrsky,SVAO,89,86
2020-04,Lomonosovsky,YuZAO,134,69
2020-04,Filyovsky Park,ZAO,56,58
2020-04,Otradnoye,SVAO,116,63
2020-04,Filimonkovskoye,NAO,197,34
2020-04,Chertanovo Tsentralnoye,YuAO,36,40
2020-04,Krasnopakhorskoye,TAO,179,70
2020-04,Moskovsky,NAO,54,63
2020-04,Bogorodskoye,VAO,92,80
2020-04,Preobrazhenskoye,VAO,137,84
2020-04,Khoroshyovsky,SAO,59,113
2020-04,Babushkinsky,SVAO,47,13
2020-04,Chertanovo Yuzhnoye,YuAO,74,63
2020-04,Marushkinskoye,NAO,121,22
2020-04,Yasenevo,YuZAO,44,80
2020-04,Lianozovo,SVAO,118,20
2020-04,Yaroslavsky,SVAO,98,115
2020-04,Khovrino,SAO,146,103
2020-04,Donskoy,YuAO,158,89
2020-04,Severnoye Tushino,SZAO,111,44
2020-04,Kotlovka,YuZAO,82,102
2020-04,Maryina Roshcha,SVAO,176,52
2020-04,Tverskoy,CAO,54,65
2020-04,Mozhaysky,ZAO,145,103
2020-04,Golyanovo,VAO,40,62
2020-04,Levoberezhny,SAO,157,16
2020-04,Shcherbinka,NAO,88,68
2020-04,Zelenograd,ZelAO,167,29
2020-04,Pervomayskoye,TAO,63,55
2020-04,Nagorny,YuAO,38,26
2020-04,Moskvorechye-Saburovo,YuAO,22,20
2020-04,Perovo,VAO,36,114
2020-04,Solntsevo,ZAO,170,93
2020-04,Ivanovskoye,VAO,94,110
2020-04,Shchapovskoye,TAO,139,113
2020-04,Basmanny,CAO,22,68
2020-04,Kievsky,TAO,188,83
2020-04,Novo-Peredelkino,ZAO,150,19
2020-04,Timiryazevsky,SAO,21,61
2020-04,Koptevo,SAO,176,119
2020-04,Kokoshkino,NAO,52,68
2020-04,Biryulyovo Vostochnoye,YuAO,167,10
2020-04,Khamovniki,CAO,104,37
2020-04,Mitino,SZAO,128,80
2020-04,Begovoy,SAO,161,114
2020-04,Beskudnikovsky,SAO,67,100
2020-04,Akademichesky,YuZAO,116,25
2020-04,Yuzhnoye Medvedkovo,SVAO,129,49
2020-04,Krasnoselsky,CAO,178,40
2020-04,Yuzhnoye Butovo,YuZAO,71,64
2020-04,Sokolniki,VAO,73,48
2020-04,Orekhovo-Borisovo Yuzhnoye,YuAO,129,36
2020-04,Voykovsky,SAO,22,117
2020-04,Savyolovsky,SAO,43,62
2020-04,Kosino-Ukhtomsky,VAO,41,48
2020-04,Losinoostrovsky,SVAO,186,23
2020-04,Prospekt Vernadskogo,ZAO,137,69
2020-04,Danilovsky,YuAO,22,49
2020-04,Ostankinsky,SVAO,55,37
2020-04,Krylatskoye,SZAO,73,83
2020-04,Severnoye Medvedkovo,SVAO,190,110
2020-04,Zyuzino,YuZAO,103,43
2020-04,Brateyevo,YuAO,26,96
2020-04,Presnensky,CAO,172,83
2020-04,Tyoply Stan,YuZAO,183,87
2020-04,Sokol,SAO,80,114
2020-04,Chertanovo Severnoye,YuAO,181,60
2020-04,Obruchevsky,YuZAO,184,34
2020-04,Gagarinsky,YuZAO,195,21
2020-04,Nagatino-Sadovniki,YuAO,50,101
2020-04,Sosenskoye,NAO,63,66
2020-04,Vostochnoye Izmaylovo,VAO,123,34
2020-04,Zamoskvorechye,CAO,196,22
2020-04,Khoroshyovo-Mnyovniki,SZAO,143,97
2020-04,Dorogomilovo,ZAO,170,52
2020-04,Severnoye Butovo,YuZAO,159,23
2020-04,Arbat,CAO,168,107
2020-04,Veshnyaki,VAO,97,41
2020-04,Altufyevsky,SVAO,151,21
2020-04,Voronovskoye,TAO,57,29
2020-04,Sviblovo,SVAO,140,10
2020-04,Zyablikovo,YuAO,135,53
2020-04,Ryazanovskoye,NAO,164,46
2020-04,Metrogorodok,VAO,180,54
2020-04,Ramenki,ZAO,42,102
2020-04,Mikhaylovo-Yartsevskoye,TAO,161,88
2020-04,Voskresenskoye,NAO,111,75
2020-04,Orekhovo-Borisovo Severnoye,YuAO,191,61
2020-04,Golovinsky,SAO,59,100
2020-04,Pokrovskoye-Streshnevo,SZAO,95,101
2020-04,Severnoye Izmaylovo,VAO,20,71
2020-04,Dmitrovsky,SAO,63,89
2020-04,Yakimanka,CAO,24,116
2020-04,Tsaritsyno,YuAO,54,89
2020-04,Sokolinaya Gora,VAO,25,107
2020-04,Kurkino,SZAO,101,104
2020-04,Desyonovskoye,NAO,103,29
2020-04,Klyonovskoye,TAO,28,93
2020-04,Marfino,SVAO,118,117
2020-04,Novogireyevo,VAO,97,118
2020-04,Novofyodorovskoye,TAO,99,10
2020-04,Aeroport,SAO,168,113
2020-04,Ochakovo-Matveyevskoye,ZAO,58,77
2020-04,Biryulyovo Zapadnoye,YuAO,148,41
2020-04,Shchukino,SZAO,21,48
2020-04,Meshchansky,CAO,193,92
2020-04,Nagatinsky Zaton,YuAO,48,59
2020-04,Mosrentgen,NAO,43,31
2020-04,Vnukovo,ZAO,45,113
2020-04,Izmaylovo,VAO,109,10
2020-04,Zapadnoye Degunino,SAO,89,49
2020-04,Alekseevsky,SVAO,116,37
2020-04,Troparyovo-Nikulino,ZAO,180,17
2020-04,Troitsk,TAO,135,45
2020-05,Kuntsevo,ZAO,105,50
2020-05,Dorogomilovo,ZAO,166,64
2020-05,Orekhovo-Borisovo Severnoye,YuAO,187,98
2020-05,Yaroslavsky,SVAO,86,36
2020-05,Voskresenskoye,NAO,87,16
2020-05,Preobrazhenskoye,VAO,144,60
2020-05,Molzhaninovsky,SAO,50,78
2020-05,Pokrovskoye-Streshnevo,SZAO,129,11
2020-05,Vnukovskoye,NAO,183,83
2020-05,Severnoye Tushino,SZAO,60,33
2020-05,Mikhaylovo-Yartsevskoye,TAO,153,52
2020-05,Novofyodorovskoye,TAO,109,108
2020-05,Mozhaysky,ZAO,186,20
2020-05,Levoberezhny,SAO,38,88
2020-05,Butyrsky,SVAO,136,64
2020-05,Vnukovo,ZAO,56,29
2020-05,Nagorny,YuAO,98,110
2020-05,Zyablikovo,YuAO,38,15
2020-05,Pervomayskoye,TAO,116,60
2020-05,Veshnyaki,VAO,157,91
2020-05,Yuzhnoye Butovo,YuZAO,139,104
2020-05,Bibirevo,SVAO,30,82
2020-05,Bogorodskoye,VAO,183,81
2020-05,Vostochnoye Izmaylovo,VAO,92,55
2020-05,Khamovniki,CAO,142,65
2020-05,Konkovo,YuZAO,52,43
2020-05,Vostochny,VAO,101,90
2020-05,Kievsky,TAO,52,92
2020-05,Gagarinsky,YuZAO,86,97
2020-05,Filyovsky Park,ZAO,165,104
2020-05,Zamoskvorechye,CAO,46,96
2020-05,Sokol,SAO,22,83
2020-05,Zyuzino,YuZAO,146,28
2020-05,Timiryazevsky,SAO,147,67
2020-05,Sokolinaya Gora,VAO,82,67
2020-05,Aeroport,SAO,100,68
2020-05,Mitino,SZAO,121,58
2020-05,Krasnopakhorskoye,TAO,191,69
2020-05,Severnoye Izmaylovo,VAO,154,44
2020-05,Ostankinsky,SVAO,185,10
2020-05,Otradnoye,SVAO,25,106
2020-05,Klyonovskoye,TAO,80,107
2020-05,Krasnoselsky,CAO,104,24
2020-05,Akademichesky,YuZAO,47,50
2020-05,Begovoy,SAO,27,27
2020-05,Kokoshkino,NAO,94,12
2020-05,Savyolovsky,SAO,92,37
2020-05,Troparyovo-Nikulino,ZAO,142,76
2020-05,Yakimanka,CAO,38,107
2020-05,Desyonovskoye,NAO,45,89
2020-05,Sokolniki,VAO,153,110
2020-05,Yasenevo,YuZAO,49,61
2020-05,Marfino,SVAO,67,18
2020-05,Mosrentgen,NAO,170,33
2020-05,Alekseevsky,SVAO,88,119
2020-05,Meshchansky,CAO,98,84
2020-05,Shchukino,SZAO,145,87
2020-05,Nagatinsky Zaton,YuAO,96,61
2020-05,Novogireyevo,VAO,155,40
2020-05,Izmaylovo,VAO,185,77
2020-05,Biryulyovo Zapadnoye,YuAO,134,95
2020-05,Voronovskoye,TAO,111,43
2020-05,Ochakovo-Matveyevskoye,ZAO,45,93
2020-05,Kurkino,SZAO,155,64
2020-05,Voykovsky,SAO,187,64
2020-05,Troitsk,TAO,152,98
2020-05,Zapadnoye Degunino,SAO,126,44
2020-05,Perovo,VAO,125,70
2020-05,Tagansky,CAO,53,67
2020-05,Severny,SVAO,43,25
2020-05,Cheryomushki,YuZAO,165,38
2020-05,Lomonosovsky,YuZAO,181,55
2020-05,Moskovsky,NAO,119,13
2020-05,Fili-Davydkovo,ZAO,78,14
2020-05,Filimonkovskoye,NAO,91,64
2020-05,Chertanovo Tsentralnoye,YuAO,140,107
2020-05,Khoroshyovsky,SAO,48,36
2020-05,Babushkinsky,SVAO,42,65
2020-05,Tsaritsyno,YuAO,149,10
2020-05,Sviblovo,SVAO,195,105
2020-05,Arbat,CAO,66,57
2020-05,Altufyevsky,SVAO,98,82
2020-05,Ryazanovskoye,NAO,189,76
2020-05,Metrogorodok,VAO,167,44
2020-05,Severnoye Butovo,YuZAO,126,106
2020-05,Khoroshyovo-Mnyovniki,SZAO,189,73
2020-05,Golovinsky,SAO,49,41
2020-05,Krylatskoye,SZAO,48,87
2020-05,Kosino-Ukhtomsky,VAO,121,104
2020-05,Prospekt Vernadskogo,ZAO,23,10
2020-05,Dmitrovsky,SAO,36,11
2020-05,Strogino,SZAO,161,72
2020-05,Presnensky,CAO,139,10
2020-05,Losinoostrovsky,SVAO,63,113
2020-05,Danilovsky,YuAO,193,37
2020-05,Severnoye Medvedkovo,SVAO,127,24
2020-05,Brateyevo,YuAO,185,53
2020-05,Ramenki,ZAO,56,106
2020-05,Chertanovo Severnoye,YuAO,106,38
2020-05,Obruchevsky,YuZAO,89,38
2020-05,Nagatino-Sadovniki,YuAO,79,99
2020-05,Sosenskoye,NAO,60,49
2020-05,Tyoply Stan,YuZAO,22,24
2020-05,Kotlovka,YuZAO,117,92
2020-05,Maryina Roshcha,SVAO,86,48
2020-05,Solntsevo,ZAO,156,53
2020-05,Chertanovo Yuzhnoye,YuAO,164,61
2020-05,Biryulyovo Vostochnoye,YuAO,171,101
2020-05,Donskoy,YuAO,89,65
2020-05,Khovrino,SAO,183,10
2020-05,Golyanovo,VAO,37,99
2020-05,Beskudnikovsky,SAO,188,104
2020-05,Koptevo,SAO,160,13
2020-05,Orekhovo-Borisovo Yuzhnoye,YuAO,125,90
2020-05,Novo-Peredelkino,ZAO,199,69
2020-05,Basmanny,CAO,95,41
2020-05,Ivanovskoye,VAO,182,118
2020-05,Yuzhnoye Medvedkovo,SVAO,190,40
2020-05,Shcherbinka,NAO,50,110
2020-05,Yuzhnoye Tushino,SZAO,76,11
2020-05,Zelenograd,ZelAO,67,27
2020-05,Moskvorechye-Saburovo,YuAO,57,35
2020-05,Rostokino,SVAO,59,87
2020-05,Lianozovo,SVAO,92,50
2020-05,Rogovskoye,TAO,186,83
2020-05,Shchapovskoye,TAO,109,54
2020-05,Marushkinskoye,NAO,160,21
2020-05,Novokosino,VAO,68,54
2020-05,Tverskoy,CAO,157,102
2020-06,Begovoy,SAO,32,118
2020-06,Vnukovo,ZAO,108,50
2020-06,Dmitrovsky,SAO,126,42
2020-06,Obruchevsky,YuZAO,73,26
2020-06,Ostankinsky,SVAO,168,33
2020-06,Zyuzino,YuZAO,97,44
2020-06,Nagorny,YuAO,121,102
2020-06,Kotlovka,YuZAO,126,88
2020-06,Zamoskvorechye,CAO,101,106
2020-06,Metrogorodok,VAO,131,118
2020-06,Perovo,VAO,76,119
2020-06,Zyablikovo,YuAO,123,100
2020-06,Ryazanovskoye,NAO,164,43
2020-06,Moskvorechye-Saburovo,YuAO,196,48
2020-06,Shcherbinka,NAO,95,40
2020-06,Savyolovsky,SAO,140,119
2020-06,Mikhaylovo-Yartsevskoye,TAO,118,43
2020-06,Arbat,CAO,182,81
2020-06,Pokrovskoye-Streshnevo,SZAO,188,89
2020-06,Losinoostrovsky,SVAO,110,45
2020-06,Maryina Roshcha,SVAO,21,40
2020-06,Severnoye Butovo,YuZAO,136,32
2020-06,Kosino-Ukhtomsky,VAO,52,33
2020-06,Golovinsky,SAO,176,100
2020-06,Krylatskoye,SZAO,20,119
2020-06,Golyanovo,VAO,130,38
2020-06,Severnoye Izmaylovo,VAO,78,32
2020-06,Levoberezhny,SAO,151,46
2020-06,Preobrazhenskoye,VAO,118,89
2020-06,Vostochny,VAO,167,16
2020-06,Kurkino,SZAO,69,33
2020-06,Voykovsky,SAO,176,108
2020-06,Molzhaninovsky,SAO,197,99
2020-06,Basmanny,CAO,52,32
2020-06,Zapadnoye Degunino,SAO,47,48
2020-06,Marfino,SVAO,73,92
2020-06,Novokosino,VAO,85,111
2020-06,Cheryomushki,YuZAO,193,71
2020-06,Vostochnoye Izmaylovo,VAO,109,40
2020-06,Lomonosovsky,YuZAO,159,72
2020-06,Moskovsky,NAO,127,94
2020-06,Butyrsky,SVAO,163,18
2020-06,Krasnopakhorskoye,TAO,64,72
2020-06,Fili-Davydkovo,ZAO,25,111
2020-06,Konkovo,YuZAO,182,13
2020-06,Filimonkovskoye,NAO,175,37
2020-06,Filyovsky Park,ZAO,177,119
2020-06,Shchapovskoye,TAO,178,75
2020-06,Lianozovo,SVAO,61,87
2020-06,Nagatino-Sadovniki,YuAO,188,51
2020-06,Yasenevo,YuZAO,186,41
2020-06,Kokoshkino,NAO,146,74
2020-06,Sosenskoye,NAO,146,91
2020-06,Yuzhnoye Butovo,YuZAO,179,99
2020-06,Tyoply Stan,YuZAO,79,31
2020-06,Ivanovskoye,VAO,29,52
2020-06,Mosrentgen,NAO,115,116
2020-06,Sviblovo,SVAO,132,92
2020-06,Marushkinskoye,NAO,126,10
2020-06,Nagatinsky Zaton,YuAO,48,63
2020-06,Aeroport,SAO,103,42
2020-06,Beskudnikovsky,SAO,87,70
2020-06,Novogireyevo,VAO,75,75
2020-06,Izmaylovo,VAO,199,58
2020-06,Klyonovskoye,TAO,68,15
2020-06,Koptevo,SAO,165,80
2020-06,Desyonovskoye,NAO,121,70
2020-06,Mitino,SZAO,119,89
2020-06,Novofyodorovskoye,TAO,183,108
2020-06,Biryulyovo Vostochnoye,YuAO,81,67
2020-06,Vnukovskoye,NAO,78,95
2020-06,Novo-Peredelkino,ZAO,107,115
2020-06,Prospekt Vernadskogo,ZAO,114,78
2020-06,Kuntsevo,ZAO,59,78
2020-06,Bogorodskoye,VAO,180,101
2020-06,Yuzhnoye Tushino,SZAO,145,77
2020-06,Rogovskoye,TAO,115,66
2020-06,Babushkinsky,SVAO,179,86
2020-06,Khoroshyovsky,SAO,128,101
2020-06,Solntsevo,ZAO,144,13
2020-06,Chertanovo Tsentralnoye,YuAO,71,20
2020-06,Rostokino,SVAO,22,82
2020-06,Bibirevo,SVAO,170,100
2020-06,Troitsk,TAO,158,56
2020-06,Tsaritsyno,YuAO,152,20
2020-06,Presnensky,CAO,70,62
2020-06,Sokolinaya Gora,VAO,51,62
2020-06,Severny,SVAO,152,60
2020-06,Troparyovo-Nikulino,ZAO,121,75
2020-06,Gagarinsky,YuZAO,175,67
2020-06,Kievsky,TAO,84,71
2020-06,Sokolniki,VAO,194,67
2020-06,Severnoye Tushino,SZAO,169,83
2020-06,Pervomayskoye,TAO,131,63
2020-06,Yaroslavsky,SVAO,196,83
2020-06,Krasnoselsky,CAO,103,56
2020-06,Khoroshyovo-Mnyovniki,SZAO,72,110
2020-06,Mozhaysky,ZAO,148,20
2020-06,Brateyevo,YuAO,25,53
2020-06,Zelenograd,ZelAO,124,108
2020-06,Timiryazevsky,SAO,141,40
2020-06,Chertanovo Severnoye,YuAO,153,88
2020-06,Khamovniki,CAO,113,103
2020-06,Chertanovo Yuzhnoye,YuAO,95,111
2020-06,Donskoy,YuAO,104,94
2020-06,Khovrino,SAO,123,12
2020-06,Tverskoy,CAO,94,15
2020-06,Yuzhnoye Medvedkovo,SVAO,132,104
2020-06,Orekhovo-Borisovo Yuzhnoye,YuAO,192,104
2020-06,Otradnoye,SVAO,84,117
2020-06,Akademichesky,YuZAO,83,114
2020-06,Severnoye Medvedkovo,SVAO,185,15
2020-06,Biryulyovo Zapadnoye,YuAO,158,102
2020-06,Alekseevsky,SVAO,40,16
2020-06,Orekhovo-Borisovo Severnoye,YuAO,67,62
2020-06,Ochakovo-Matveyevskoye,ZAO,41,74
2020-06,Ramenki,ZAO,82,23
2020-06,Voronovskoye,TAO,69,30
2020-06,Danilovsky,YuAO,122,100
2020-06,Voskresenskoye,NAO,159,91
2020-06,Yakimanka,CAO,31,55
2020-06,Veshnyaki,VAO,30,77
2020-06,Altufyevsky,SVAO,154,43
2020-06,Meshchansky,CAO,97,105
2020-06,Sokol,SAO,20,114
2020-06,Shchukino,SZAO,44,22
2020-06,Tagansky,CAO,125,105
2020-06,Dorogomilovo,ZAO,83,29
2020-06,Strogino,SZAO,23,119
2020-07,Marushkinskoye,NAO,123,65
2020-07,Donskoy,YuAO,24,101
2020-07,Golyanovo,VAO,123,34
2020-07,Meshchansky,CAO,117,86
2020-07,Yuzhnoye Butovo,YuZAO,145,71
2020-07,Alekseevsky,SVAO,72,68
2020-07,Yuzhnoye Medvedkovo,SVAO,112,28
2020-07,Khovrino,SAO,81,23
2020-07,Chertanovo Yuzhnoye,YuAO,115,119
2020-07,Kotlovka,YuZAO,137,104
2020-07,Solntsevo,ZAO,143,97
2020-07,Maryina Roshcha,SVAO,52,75
2020-07,Tverskoy,CAO,153,14
2020-07,Perovo,VAO,138,56
2020-07,Shcherbinka,NAO,109,12
2020-07,Sokolniki,VAO,194,62
2020-07,Nagorny,YuAO,166,109
2020-07,Levoberezhny,SAO,188,67
2020-07,Chertanovo Severnoye,YuAO,174,22
2020-07,Severnoye Tushino,SZAO,159,37
2020-07,Nagatino-Sadovniki,YuAO,175,105
2020-07,Severnoye Medvedkovo,SVAO,145,105
2020-07,Pervomayskoye,TAO,55,30
2020-07,Kosino-Ukhtomsky,VAO,81,95
2020-07,Golovinsky,SAO,144,95
2020-07,Ramenki,ZAO,26,21
2020-07,Obruchevsky,YuZAO,74,77
2020-07,Mozhaysky,ZAO,92,34
2020-07,Khoroshyovo-Mnyovniki,SZAO,77,96
2020-07,Zelenograd,ZelAO,142,49
2020-07,Sosenskoye,NAO,24,63
2020-07,Moskvorechye-Saburovo,YuAO,193,39
2020-07,Nagatinsky Zaton,YuAO,90,112
2020-07,Tyoply Stan,YuZAO,103,56
2020-07,Mosrentgen,NAO,56,44
2020-07,Khoroshyovsky,SAO,151,98
2020-07,Troitsk,TAO,177,101
2020-07,Chertanovo Tsentralnoye,YuAO,158,57
2020-07,Filimonkovskoye,NAO,137,106
2020-07,Voronovskoye,TAO,79,104
2020-07,Kurkino,SZAO,125,66
2020-07,Voykovsky,SAO,113,102
2020-07,Rostokino,SVAO,68,75
2020-07,Strogino,SZAO,162,74
2020-07,Fili-Davydkovo,ZAO,112,28
2020-07,Ivanovskoye,VAO,60,73
2020-07,Rogovskoye,TAO,38,13
2020-07,Dmitrovsky,SAO,146,89
2020-07,Lomonosovsky,YuZAO,179,43
2020-07,Moskovsky,NAO,139,112
2020-07,Cheryomushki,YuZAO,69,94
2020-07,Severny,SVAO,164,64
2020-07,Zapadnoye Degunino,SAO,108,45
2020-07,Marfino,SVAO,24,117
2020-07,Tagansky,CAO,63,87
2020-07,Novogireyevo,VAO,137,19
2020-07,Orekhovo-Borisovo Yuzhnoye,YuAO,70,54
2020-07,Beskudnikovsky,SAO,44,102
2020-07,Prospekt Vernadskogo,ZAO,67,28
2020-07,Shchukino,SZAO,195,18
2020-07,Presnensky,CAO,121,71
2020-07,Basmanny,CAO,90,96
2020-07,Koptevo,SAO,125,85
2020-07,Danilovsky,YuAO,25,46
2020-07,Biryulyovo Vostochnoye,YuAO,116,20
2020-07,Lianozovo,SVAO,146,67
2020-07,Novo-Peredelkino,ZAO,158,23
2020-07,Losinoostrovsky,SVAO,156,11
2020-07,Izmaylovo,VAO,125,106
2020-07,Yuzhnoye Tushino,SZAO,38,118
2020-07,Novokosino,VAO,167,102
2020-07,Biryulyovo Zapadnoye,YuAO,85,86
2020-07,Babushkinsky,SVAO,124,101
2020-07,Shchapovskoye,TAO,127,117
2020-07,Ochakovo-Matveyevskoye,ZAO,64,36
2020-07,Troparyovo-Nikulino,ZAO,39,43
2020-07,Dorogomilovo,ZAO,21,67
2020-07,Severnoye Izmaylovo,VAO,157,23
2020-07,Bogorodskoye,VAO,76,98
2020-07,Khamovniki,CAO,70,61
2020-07,Sokolinaya Gora,VAO,156,87
2020-07,Yakimanka,CAO,179,41
2020-07,Altufyevsky,SVAO,87,96
2020-07,Kievsky,TAO,70,76
2020-07,Metrogorodok,VAO,101,76
2020-07,Filyovsky Park,ZAO,51,64
2020-07,Molzhaninovsky,SAO,181,105
2020-07,Sokol,SAO,167,65
2020-07,Orekhovo-Borisovo Severnoye,YuAO,38,29
2020-07,Ostankinsky,SVAO,103,61
2020-07,Yasenevo,YuZAO,50,51
2020-07,Konkovo,YuZAO,141,97
2020-07,Gagarinsky,YuZAO,196,10
2020-07,Brateyevo,YuAO,34,30
2020-07,Pokrovskoye-Streshnevo,SZAO,67,67
2020-07,Zamoskvorechye,CAO,34,24
2020-07,Preobrazhenskoye,VAO,88,62
2020-07,Ryazanovskoye,NAO,160,54
2020-07,Otradnoye,SVAO,159,37
2020-07,Vnukovskoye,NAO,145,10
2020-07,Zyuzino,YuZAO,129,34
2020-07,Vnukovo,ZAO,195,19
2020-07,Tsaritsyno,YuAO,177,78
2020-07,Akademichesky,YuZAO,85,40
2020-07,Butyrsky,SVAO,142,99
2020-07,Kuntsevo,ZAO,22,45
2020-07,Krasnopakhorskoye,TAO,115,17
2020-07,Mitino,SZAO,45,68
2020-07,Arbat,CAO,63,115
2020-07,Savyolovsky,SAO,20,116
2020-07,Begovoy,SAO,156,68
2020-07,Yaroslavsky,SVAO,103,54
2020-07,Vostochnoye Izmaylovo,VAO,97,10
2020-07,Krasnoselsky,CAO,54,39
2020-07,Krylatskoye,SZAO,187,79
2020-07,Severnoye Butovo,YuZAO,90,65
2020-07,Mikhaylovo-Yartsevskoye,TAO,105,20
2020-07,Desyonovskoye,NAO,49,54
2020-07,Timiryazevsky,SAO,81,26
2020-07,Bibirevo,SVAO,192,110
2020-07,Zyablikovo,YuAO,75,12
2020-07,Kokoshkino,NAO,99,12
2020-07,Novofyodorovskoye,TAO,181,30
2020-07,Voskresenskoye,NAO,145,72
2020-07,Klyonovskoye,TAO,188,115
2020-07,Veshnyaki,VAO,75,117
2020-07,Aeroport,SAO,20,71
2020-07,Vostochny,VAO,98,37
2020-07,Sviblovo,SVAO,75,75
2020-08,Sviblovo,SVAO,115,74
2020-08,Vnukovo,ZAO,111,21
2020-08,Tsaritsyno,YuAO,23,41
2020-08,Novofyodorovskoye,TAO,139,49
2020-08,Zamoskvorechye,CAO,169,91
2020-08,Troparyovo-Nikulino,ZAO,34,38
2020-08,Zapadnoye Degunino,SAO,198,94
2020-08,Khoroshyovsky,SAO,134,87
2020-08,Fili-Davydkovo,ZAO,31,47
2020-08,Marfino,SVAO,32,74
2020-08,Tagansky,CAO,188,63
2020-08,Dmitrovsky,SAO,121,39
2020-08,Sokol,SAO,135,50
2020-08,Severny,SVAO,179,111
2020-08,Aeroport,SAO,61,79
2020-08,Lomonosovsky,YuZAO,122,116
2020-08,Cheryomushki,YuZAO,131,30
2020-08,Bogorodskoye,VAO,20,43
2020-08,Sokolinaya Gora,VAO,112,92
2020-08,Moskovsky,NAO,23,38
2020-08,Mikhaylovo-Yartsevskoye,TAO,48,86
2020-08,Dorogomilovo,ZAO,79,19
2020-08,Severnoye Izmaylovo,VAO,33,57
2020-08,Gagarinsky,YuZAO,197,112
2020-08,Meshchansky,CAO,114,52
2020-08,Danilovsky,YuAO,20,67
2020-08,Voskresenskoye,NAO,140,31
2020-08,Ramenki,ZAO,74,115
2020-08,Mosrentgen,NAO,143,20
2020-08,Obruchevsky,YuZAO,101,66
2020-08,Nagatinsky Zaton,YuAO,193,14
2020-08,Altufyevsky,SVAO,137,12
2020-08,Sosenskoye,NAO,180,58
2020-08,Alekseevsky,SVAO,150,38
2020-08,Savyolovsky,SAO,96,110
2020-08,Severnoye Medvedkovo,SVAO,156,99
2020-08,Zyablikovo,YuAO,85,33
2020-08,Chertanovo Severnoye,YuAO,30,97
2020-08,Nagatino-Sadovniki,YuAO,99,96
2020-08,Ochakovo-Matveyevskoye,ZAO,57,44
2020-08,Kurkino,SZAO,72,34
2020-08,Rogovskoye,TAO,167,35
2020-08,Zyuzino,YuZAO,81,11
2020-08,Strogino,SZAO,71,114
2020-08,Voykovsky,SAO,146,39
2020-08,Voronovskoye,TAO,99,18
2020-08,Ryazanovskoye,NAO,58,49
2020-08,Pokrovskoye-Streshnevo,SZAO,130,60
2020-08,Presnensky,CAO,97,33
2020-08,Orekhovo-Borisovo Severnoye,YuAO,76,19
2020-08,Biryulyovo Zapadnoye,YuAO,135,64
2020-08,Izmaylovo,VAO,87,40
2020-08,Ostankinsky,SVAO,139,26
2020-08,Tyoply Stan,YuZAO,130,43
2020-08,Novogireyevo,VAO,166,15
2020-08,Yakimanka,CAO,37,17
2020-08,Shchukino,SZAO,49,51
2020-08,Donskoy,YuAO,141,116
2020-08,Shcherbinka,NAO,111,110
2020-08,Solntsevo,ZAO,114,20
2020-08,Maryina Roshcha,SVAO,23,59
2020-08,Metrogorodok,VAO,29,29
2020-08,Konkovo,YuZAO,151,106
2020-08,Chertanovo Yuzhnoye,YuAO,30,17
2020-08,Khamovniki,CAO,169,116
2020-08,Golyanovo,VAO,131,65
2020-08,Khoroshyovo-Mnyovniki,SZAO,163,89
2020-08,Moskvorechye-Saburovo,YuAO,57,113
2020-08,Filyovsky Park,ZAO,89,71
2020-08,Kievsky,TAO,42,101
2020-08,Kotlovka,YuZAO,96,106
2020-08,Khovrino,SAO,177,41
2020-08,Tverskoy,CAO,185,105
2020-08,Yasenevo,YuZAO,56,71
2020-08,Pervomayskoye,TAO,125,92
2020-08,Marushkinskoye,NAO,186,76
2020-08,Veshnyaki,VAO,157,39
2020-08,Yaroslavsky,SVAO,121,16
2020-08,Severnoye Butovo,YuZAO,59,99
2020-08,Kokoshkino,NAO,47,82
2020-08,Nagorny,YuAO,143,105
2020-08,Sokolniki,VAO,188,114
2020-08,Levoberezhny,SAO,121,49
2020-08,Krasnoselsky,CAO,40,38
2020-08,Begovoy,SAO,39,19
2020-08,Severnoye Tushino,SZAO,89,85
2020-08,Kosino-Ukhtomsky,VAO,155,18
2020-08,Rostokino,SVAO,77,43
2020-08,Yuzhnoye Butovo,YuZAO,92,87
2020-08,Perovo,VAO,156,72
2020-08,Timiryazevsky,SAO,43,89
2020-08,Mozhaysky,ZAO,34,47
2020-08,Golovinsky,SAO,119,24
2020-08,Zelenograd,ZelAO,26,67
2020-08,Mitino,SZAO,30,42
2020-08,Vostochny,VAO,50,37
2020-08,Klyonovskoye,TAO,198,88
2020-08,Vnukovskoye,NAO,195,91
2020-08,Novo-Peredelkino,ZAO,73,82
2020-08,Otradnoye,SVAO,25,88
2020-08,Krylatskoye,SZAO,71,80
2020-08,Yuzhnoye Tushino,SZAO,114,69
2020-08,Novokosino,VAO,103,69
2020-08,Molzhaninovsky,SAO,178,60
2020-08,Troitsk,TAO,156,91
2020-08,Babushkinsky,SVAO,162,24
2020-08,Losinoostrovsky,SVAO,64,90
2020-08,Ivanovskoye,VAO,169,89
2020-08,Arbat,CAO,73,114
2020-08,Shchapovskoye,TAO,187,78
2020-08,Vostochnoye Izmaylovo,VAO,128,22
2020-08,Chertanovo Tsentralnoye,YuAO,52,81
2020-08,Filimonkovskoye,NAO,70,95
2020-08,Desyonovskoye,NAO,197,60
2020-08,Bibirevo,SVAO,179,93
2020-08,Biryulyovo Vostochnoye,YuAO,139,94
2020-08,Prospekt Vernadskogo,ZAO,157,76
2020-08,Yuzhnoye Medvedkovo,SVAO,109,55
2020-08,Brateyevo,YuAO,99,117
2020-08,Kuntsevo,ZAO,104,93
2020-08,Lianozovo,SVAO,129,15
2020-08,Butyrsky,SVAO,176,106
2020-08,Orekhovo-Borisovo Yuzhnoye,YuAO,152,47
2020-08,Beskudnikovsky,SAO,105,36
2020-08,Basmanny,CAO,93,51
2020-08,Koptevo,SAO,165,40
2020-08,Krasnopakhorskoye,TAO,117,106
2020-08,Akademichesky,YuZAO,187,51
2020-08,Preobrazhenskoye,VAO,191,69
2020-09,Krylatskoye,SZAO,62,27
2020-09,Losinoostrovsky,SVAO,94,42
2020-09,Severnoye Butovo,YuZAO,33,30
2020-09,Khoroshyovo-Mnyovniki,SZAO,167,72
2020-09,Dmitrovsky,SAO,108,41
2020-09,Prospekt Vernadskogo,ZAO,128,56
2020-09,Altufyevsky,SVAO,71,95
2020-09,Sviblovo,SVAO,89,57
2020-09,Kosino-Ukhtomsky,VAO,110,95
2020-09,Marushkinskoye,NAO,107,49
2020-09,Ryazanovskoye,NAO,75,47
2020-09,Vnukovskoye,NAO,130,109
2020-09,Yuzhnoye Butovo,YuZAO,88,113
2020-09,Severnoye Tushino,SZAO,97,25
2020-09,Levoberezhny,SAO,25,94
2020-09,Otradnoye,SVAO,187,39
2020-09,Kokoshkino,NAO,94,115
2020-09,Yaroslavsky,SVAO,38,16
2020-09,Timiryazevsky,SAO,123,20
2020-09,Vostochny,VAO,194,98
2020-09,Mitino,SZAO,43,118
2020-09,Maryina Roshcha,SVAO,195,52
2020-09,Filyovsky Park,ZAO,142,86
2020-09,Yasenevo,YuZAO,31,28
2020-09,Kuntsevo,ZAO,137,39
2020-09,Butyrsky,SVAO,72,66
2020-09,Mozhaysky,ZAO,133,110
2020-09,Molzhaninovsky,SAO,41,25
2020-09,Vostochnoye Izmaylovo,VAO,187,65
2020-09,Desyonovskoye,NAO,164,91
2020-09,Bogorodskoye,VAO,194,113
2020-09,Bibirevo,SVAO,121,11
2020-09,Sokol,SAO,116,53
2020-09,Vnukovo,ZAO,165,12
2020-09,Troparyovo-Nikulino,ZAO,45,81
2020-09,Pokrovskoye-Streshnevo,SZAO,44,82
2020-09,Dorogomilovo,ZAO,125,37
2020-09,Ostankinsky,SVAO,46,41
2020-09,Voskresenskoye,NAO,197,17
2020-09,Savyolovsky,SAO,60,40
2020-09,Veshnyaki,VAO,82,48
2020-09,Rostokino,SVAO,126,113
2020-09,Alekseevsky,SVAO,132,31
2020-09,Mosrentgen,NAO,147,56
2020-09,Ramenki,ZAO,59,96
2020-09,Strogino,SZAO,118,79
2020-09,Shchukino,SZAO,79,110
2020-09,Ochakovo-Matveyevskoye,ZAO,180,83
2020-09,Izmaylovo,VAO,171,18
2020-09,Kurkino,SZAO,92,62
2020-09,Zapadnoye Degunino,SAO,26,90
2020-09,Moskovsky,NAO,88,35
2020-09,Severny,SVAO,157,15
2020-09,Khoroshyovsky,SAO,175,39
2020-09,Marfino,SVAO,27,102
2020-09,Fili-Davydkovo,ZAO,118,29
2020-09,Severnoye Medvedkovo,SVAO,83,103
2020-09,Ivanovskoye,VAO,198,34
2020-09,Babushkinsky,SVAO,113,16
2020-09,Yuzhnoye Tushino,SZAO,38,97
2020-09,Novo-Peredelkino,ZAO,149,106
2020-09,Cheryomushki,YuZAO,152,49
2020-09,Koptevo,SAO,65,103
2020-09,Lianozovo,SVAO,125,55
2020-09,Yuzhnoye Medvedkovo,SVAO,27,98
2020-09,Khovrino,SAO,28,105
2020-09,Golyanovo,VAO,172,43
2020-09,Tyoply Stan,YuZAO,47,112
2020-09,Solntsevo,ZAO,149,59
2020-09,Zelenograd,ZelAO,56,50
2020-09,Novokosino,VAO,169,84
2020-09,Filimonkovskoye,NAO,79,94
2020-09,Basmanny,CAO,47,47
2020-09,Konkovo,YuZAO,158,105
2020-09,Zyuzino,YuZAO,72,24
2020-09,Sosenskoye,NAO,141,101
2020-09,Obruchevsky,YuZAO,198,42
2020-09,Voronovskoye,TAO,198,32
2020-09,Tverskoy,CAO,176,10
2020-09,Mikhaylovo-Yartsevskoye,TAO,111,12
2020-09,Severnoye Izmaylovo,VAO,175,30
2020-09,Lomonosovsky,YuZAO,112,19
2020-09,Begovoy,SAO,135,45
2020-09,Meshchansky,CAO,153,43
2020-09,Rogovskoye,TAO,78,45
2020-09,Tagansky,CAO,135,58
2020-09,Kievsky,TAO,66,16
2020-09,Krasnoselsky,CAO,34,32
2020-09,Shchapovskoye,TAO,32,62
2020-09,Chertanovo Severnoye,YuAO,198,117
2020-09,Metrogorodok,VAO,152,98
2020-09,Brateyevo,YuAO,161,99
2020-09,Danilovsky,YuAO,118,45
2020-09,Nagatino-Sadovniki,YuAO,95,119
2020-09,Biryulyovo Vostochnoye,YuAO,92,110
2020-09,Voykovsky,SAO,152,51
2020-09,Nagatinsky Zaton,YuAO,56,60
2020-09,Akademichesky,YuZAO,147,116
2020-09,Pervomayskoye,TAO,169,58
2020-09,Biryulyovo Zapadnoye,YuAO,130,99
2020-09,Moskvorechye-Saburovo,YuAO,144,97
2020-09,Presnensky,CAO,198,71
2020-09,Khamovniki,CAO,72,50
2020-09,Preobrazhenskoye,VAO,196,113
2020-09,Aeroport,SAO,199,63
2020-09,Zyablikovo,YuAO,154,88
2020-09,Krasnopakhorskoye,TAO,163,99
2020-09,Novofyodorovskoye,TAO,62,25
2020-09,Novogireyevo,VAO,24,77
2020-09,Orekhovo-Borisovo Severnoye,YuAO,55,99
2020-09,Nagorny,YuAO,73,30
2020-09,Arbat,CAO,148,42
2020-09,Chertanovo Tsentralnoye,YuAO,140,13
2020-09,Yakimanka,CAO,110,100
2020-09,Beskudnikovsky,SAO,112,76
2020-09,Perovo,VAO,105,28
2020-09,Shcherbinka,NAO,31,102
2020-09,Sokolniki,VAO,99,39
2020-09,Golovinsky,SAO,188,90
2020-09,Donskoy,YuAO,131,29
2020-09,Klyonovskoye,TAO,196,69
2020-09,Sokolinaya Gora,VAO,116,46
2020-09,Orekhovo-Borisovo Yuzhnoye,YuAO,145,109
2020-09,Tsaritsyno,YuAO,196,98
2020-09,Gagarinsky,YuZAO,171,43
2020-09,Chertanovo Yuzhnoye,YuAO,26,56
2020-09,Zamoskvorechye,CAO,37,27
2020-09,Troitsk,TAO,111,55
2020-09,Kotlovka,YuZAO,85,46
2020-10,Novofyodorovskoye,TAO,100,57
2020-10,Marushkinskoye,NAO,58,77
2020-10,Meshchansky,CAO,187,31
2020-10,Kotlovka,YuZAO,71,46
2020-10,Yuzhnoye Butovo,YuZAO,126,68
2020-10,Perovo,VAO,129,114
2020-10,Moskovsky,NAO,47,63
2020-10,Krasnopakhorskoye,TAO,60,21
2020-10,Otradnoye,SVAO,197,98
2020-10,Lomonosovsky,YuZAO,70,52
2020-10,Ramenki,ZAO,87,117
2020-10,Preobrazhenskoye,VAO,129,93
2020-10,Klyonovskoye,TAO,93,104
2020-10,Khamovniki,CAO,195,54
2020-10,Yuzhnoye Medvedkovo,SVAO,67,40
2020-10,Shcherbinka,NAO,42,79
2020-10,Basmanny,CAO,43,12
2020-10,Pervomayskoye,TAO,60,11
2020-10,Molzhaninovsky,SAO,80,102
2020-10,Nagatinsky Zaton,YuAO,104,32
2020-10,Sviblovo,SVAO,197,103
2020-10,Kuntsevo,ZAO,185,19
2020-10,Akademichesky,YuZAO,150,19
2020-10,Tyoply Stan,YuZAO,54,24
2020-10,Golyanovo,VAO,80,56
2020-10,Zamoskvorechye,CAO,184,73
2020-10,Rostokino,SVAO,151,78
2020-10,Ochakovo-Matveyevskoye,ZAO,79,59
2020-10,Zyablikovo,YuAO,142,40
2020-10,Vostochny,VAO,167,51
2020-10,Timiryazevsky,SAO,96,19
2020-10,Tverskoy,CAO,36,77
2020-10,Cheryomushki,YuZAO,23,69
2020-10,Begovoy,SAO,63,88
2020-10,Strogino,SZAO,164,68
2020-10,Kokoshkino,NAO,198,81
2020-10,Altufyevsky,SVAO,94,96
2020-10,Ostankinsky,SVAO,131,105
2020-10,Kievsky,TAO,140,111
2020-10,Koptevo,SAO,115,22
2020-10,Troparyovo-Nikulino,ZAO,177,111
2020-10,Butyrsky,SVAO,71,52
2020-10,Marfino,SVAO,31,91
2020-10,Krasnoselsky,CAO,101,99
2020-10,Yaroslavsky,SVAO,34,84
2020-10,Shchapovskoye,TAO,57,62
2020-10,Mozhaysky,ZAO,113,119
2020-10,Zelenograd,ZelAO,29,45
2020-10,Yasenevo,YuZAO,109,66
2020-10,Filimonkovskoye,NAO,142,14
2020-10,Fili-Davydkovo,ZAO,36,55
2020-10,Tsaritsyno,YuAO,92,88
2020-10,Konkovo,YuZAO,173,49
2020-10,Lianozovo,SVAO,62,113
2020-10,Ivanovskoye,VAO,155,51
2020-10,Khovrino,SAO,21,29
2020-10,Kurkino,SZAO,186,59
2020-10,Voronovskoye,TAO,127,95
2020-10,Biryulyovo Zapadnoye,YuAO,72,78
2020-10,Shchukino,SZAO,127,65
2020-10,Levoberezhny,SAO,22,113
2020-10,Sokolniki,VAO,31,49
2020-10,Chertanovo Yuzhnoye,YuAO,184,46
2020-10,Beskudnikovsky,SAO,89,26
2020-10,Novokosino,VAO,169,75
2020-10,Orekhovo-Borisovo Severnoye,YuAO,112,107
2020-10,Savyolovsky,SAO,108,119
2020-10,Severnoye Izmaylovo,VAO,83,27
2020-10,Obruchevsky,YuZAO,120,52
2020-10,Sosenskoye,NAO,56,95
2020-10,Pokrovskoye-Streshnevo,SZAO,140,74
2020-10,Zyuzino,YuZAO,166,97
2020-10,Donskoy,YuAO,194,46
2020-10,Gagarinsky,YuZAO,83,101
2020-10,Voskresenskoye,NAO,181,65
2020-10,Krylatskoye,SZAO,59,90
2020-10,Khoroshyovo-Mnyovniki,SZAO,110,56
2020-10,Mosrentgen,NAO,70,45
2020-10,Filyovsky Park,ZAO,130,23
2020-10,Losinoostrovsky,SVAO,61,86
2020-10,Yuzhnoye Tushino,SZAO,158,103
2020-10,Vnukovo,ZAO,137,89
2020-10,Nagorny,YuAO,48,57
2020-10,Chertanovo Severnoye,YuAO,134,118
2020-10,Sokol,SAO,41,57
2020-10,Veshnyaki,VAO,76,46
2020-10,Metrogorodok,VAO,62,55
2020-10,Dmitrovsky,SAO,152,78
2020-10,Orekhovo-Borisovo Yuzhnoye,YuAO,122,100
2020-10,Sokolinaya Gora,VAO,125,50
2020-10,Arbat,CAO,166,100
2020-10,Bibirevo,SVAO,175,44
2020-10,Severnoye Butovo,YuZAO,156,67
2020-10,Golovinsky,SAO,195,101
2020-10,Maryina Roshcha,SVAO,186,55
2020-10,Prospekt Vernadskogo,ZAO,55,86
2020-10,Tagansky,CAO,107,45
2020-10,Rogovskoye,TAO,46,107
2020-10,Kosino-Ukhtomsky,VAO,122,88
2020-10,Mitino,SZAO,131,28
2020-10,Bogorodskoye,VAO,25,61
2020-10,Novogireyevo,VAO,122,106
2020-10,Biryulyovo Vostochnoye,YuAO,37,115
2020-10,Vnukovskoye,NAO,31,59
2020-10,Dorogomilovo,ZAO,148,22
2020-10,Brateyevo,YuAO,162,104
2020-10,Severny,SVAO,147,61
2020-10,Mikhaylovo-Yartsevskoye,TAO,137,117
2020-10,Khoroshyovsky,SAO,131,59
2020-10,Chertanovo Tsentralnoye,YuAO,122,108
2020-10,Voykovsky,SAO,28,25
2020-10,Desyonovskoye,NAO,51,22
2020-10,Danilovsky,YuAO,83,25
2020-10,Moskvorechye-Saburovo,YuAO,153,88
2020-10,Yakimanka,CAO,181,71
2020-10,Izmaylovo,VAO,94,13
2020-10,Ryazanovskoye,NAO,68,55
2020-10,Vostochnoye Izmaylovo,VAO,178,99
2020-10,Alekseevsky,SVAO,162,66
2020-10,Presnensky,CAO,196,106
2020-10,Babushkinsky,SVAO,182,77
2020-10,Zapadnoye Degunino,SAO,115,117
2020-10,Troitsk,TAO,190,50
2020-10,Solntsevo,ZAO,199,66
2020-10,Severnoye Tushino,SZAO,124,79
2020-10,Aeroport,SAO,153,69
2020-10,Nagatino-Sadovniki,YuAO,51,70
2020-10,Novo-Peredelkino,ZAO,181,56
2020-10,Severnoye Medvedkovo,SVAO,139,66
2020-11,Fili-Davydkovo,ZAO,124,77
2020-11,Shchapovskoye,TAO,163,12
2020-11,Klyonovskoye,TAO,194,107
2020-11,Prospekt Vernadskogo,ZAO,46,56
2020-11,Voskresenskoye,NAO,61,109
2020-11,Mikhaylovo-Yartsevskoye,TAO,45,25
2020-11,Dorogomilovo,ZAO,47,82
2020-11,Presnensky,CAO,104,115
2020-11,Sokolniki,VAO,69,112
2020-11,Levoberezhny,SAO,110,29
2020-11,Shcherbinka,NAO,35,108
2020-11,Perovo,VAO,170,69
2020-11,Gagarinsky,YuZAO,99,50
2020-11,Tsaritsyno,YuAO,86,11
2020-11,Yuzhnoye Butovo,YuZAO,53,44
2020-11,Yakimanka,CAO,27,99
2020-11,Maryina Roshcha,SVAO,140,10
2020-11,Zamoskvorechye,CAO,135,49
2020-11,Troitsk,TAO,193,66
2020-11,Otradnoye,SVAO,147,79
2020-11,Molzhaninovsky,SAO,147,15
2020-11,Basmanny,CAO,138,20
2020-11,Vnukovo,ZAO,183,44
2020-11,Alekseevsky,SVAO,63,89
2020-11,Yasenevo,YuZAO,93,107
2020-11,Novofyodorovskoye,TAO,101,57
2020-11,Krasnopakhorskoye,TAO,97,81
2020-11,Aeroport,SAO,24,15
2020-11,Preobrazhenskoye,VAO,73,98
2020-11,Butyrsky,SVAO,131,110
2020-11,Desyonovskoye,NAO,144,119
2020-11,Nagorny,YuAO,46,14
2020-11,Khamovniki,CAO,116,94
2020-11,Kuntsevo,ZAO,105,119
2020-11,Vnukovskoye,NAO,62,72
2020-11,Sviblovo,SVAO,141,110
2020-11,Severnoye Medvedkovo,SVAO,146,115
2020-11,Brateyevo,YuAO,132,10
2020-11,Moskvorechye-Saburovo,YuAO,184,61
2020-11,Zyuzino,YuZAO,175,91
2020-11,Akademichesky,YuZAO,168,28
2020-11,Vostochnoye Izmaylovo,VAO,71,108
2020-11,Timiryazevsky,SAO,96,51
2020-11,Yaroslavsky,SVAO,48,51
2020-11,Veshnyaki,VAO,72,115
2020-11,Troparyovo-Nikulino,ZAO,133,99
2020-11,Bibirevo,SVAO,72,119
2020-11,Vostochny,VAO,79,57
2020-11,Filyovsky Park,ZAO,89,66
2020-11,Altufyevsky,SVAO,142,96
2020-11,Chertanovo Severnoye,YuAO,87,47
2020-11,Kokoshkino,NAO,109,112
2020-11,Mitino,SZAO,188,41
2020-11,Sokol,SAO,43,60
2020-11,Begovoy,SAO,97,29
2020-11,Bogorodskoye,VAO,130,86
2020-11,Sokolinaya Gora,VAO,38,63
2020-11,Savyolovsky,SAO,162,83
2020-11,Severnoye Izmaylovo,VAO,115,24
2020-11,Khoroshyovo-Mnyovniki,SZAO,124,81
2020-11,Kievsky,TAO,199,84
2020-11,Lianozovo,SVAO,61,17
2020-11,Konkovo,YuZAO,193,65
2020-11,Yuzhnoye Medvedkovo,SVAO,46,86
2020-11,Izmaylovo,VAO,26,37
2020-11,Novogireyevo,VAO,29,62
2020-11,Danilovsky,YuAO,76,113
2020-11,Biryulyovo Vostochnoye,YuAO,136,65
2020-11,Voykovsky,SAO,72,21
2020-11,Nagatino-Sadovniki,YuAO,194,48
2020-11,Zapadnoye Degunino,SAO,190,34
2020-11,Zyablikovo,YuAO,69,59
2020-11,Tyoply Stan,YuZAO,113,91
2020-11,Ochakovo-Matveyevskoye,ZAO,102,28
2020-11,Rostokino,SVAO,35,48
2020-11,Nagatinsky Zaton,YuAO,184,96
2020-11,Pervomayskoye,TAO,31,22
2020-11,Novo-Peredelkino,ZAO,118,42
2020-11,Moskovsky,NAO,69,15
2020-11,Lomonosovsky,YuZAO,20,39
2020-11,Kurkino,SZAO,88,20
2020-11,Filimonkovskoye,NAO,89,26
2020-11,Voronovskoye,TAO,23,35
2020-11,Khovrino,SAO,151,68
2020-11,Ivanovskoye,VAO,149,14
2020-11,Novokosino,VAO,190,97
2020-11,Tverskoy,CAO,89,35
2020-11,Cheryomushki,YuZAO,51,92
2020-11,Strogino,SZAO,141,17
2020-11,Ostankinsky,SVAO,67,82
2020-11,Orekhovo-Borisovo Yuzhnoye,YuAO,92,64
2020-11,Severny,SVAO,33,13
2020-11,Ryazanovskoye,NAO,148,117
2020-11,Khoroshyovsky,SAO,173,73
2020-11,Chertanovo Tsentralnoye,YuAO,181,27
2020-11,Solntsevo,ZAO,118,23
2020-11,Krylatskoye,SZAO,129,84
2020-11,Donskoy,YuAO,171,84
2020-11,Kosino-Ukhtomsky,VAO,38,83
2020-11,Golovinsky,SAO,127,72
2020-11,Arbat,CAO,159,98
2020-11,Metrogorodok,VAO,138,63
2020-11,Dmitrovsky,SAO,141,69
2020-11,Golyanovo,VAO,195,52
2020-11,Tagansky,CAO,169,24
2020-11,Severnoye Butovo,YuZAO,129,12
2020-11,Rogovskoye,TAO,125,27
2020-11,Pokrovskoye-Streshnevo,SZAO,73,11
2020-11,Losinoostrovsky,SVAO,122,42
2020-11,Obruchevsky,YuZAO,106,95
2020-11,Sosenskoye,NAO,192,36
2020-11,Orekhovo-Borisovo Severnoye,YuAO,56,27
2020-11,Mosrentgen,NAO,140,47
2020-11,Yuzhnoye Tushino,SZAO,65,41
2020-11,Babushkinsky,SVAO,171,119
2020-11,Severnoye Tushino,SZAO,43,61
2020-11,Koptevo,SAO,123,87
2020-11,Meshchansky,CAO,47,57
2020-11,Zelenograd,ZelAO,104,93
2020-11,Biryulyovo Zapadnoye,YuAO,46,53
2020-11,Mozhaysky,ZAO,189,75
2020-11,Krasnoselsky,CAO,180,34
2020-11,Ramenki,ZAO,151,103
2020-11,Marfino,SVAO,68,62
2020-11,Shchukino,SZAO,128,76
2020-11,Marushkinskoye,NAO,63,103
2020-11,Kotlovka,YuZAO,185,12
2020-11,Beskudnikovsky,SAO,60,22
2020-11,Chertanovo Yuzhnoye,YuAO,104,19
2020-12,Severnoye Tushino,SZAO,127,113
2020-12,Severnoye Butovo,YuZAO,128,33
2020-12,Perovo,VAO,46,98
2020-12,Nagorny,YuAO,48,106
2020-12,Ramenki,ZAO,192,11
2020-12,Rogovskoye,TAO,103,31
2020-12,Savyolovsky,SAO,168,49
2020-12,Losinoostrovsky,SVAO,71,97
2020-12,Sokolinaya Gora,VAO,102,80
2020-12,Zelenograd,ZelAO,171,49
2020-12,Pokrovskoye-Streshnevo,SZAO,166,14
2020-12,Khoroshyovo-Mnyovniki,SZAO,110,16
2020-12,Alekseevsky,SVAO,135,113
2020-12,Sokolniki,VAO,126,96
2020-12,Novo-Peredelkino,ZAO,159,20
2020-12,Tsaritsyno,YuAO,179,118
2020-12,Danilovsky,YuAO,127,19
2020-12,Novogireyevo,VAO,148,27
2020-12,Vnukovskoye,NAO,58,13
2020-12,Chertanovo Yuzhnoye,YuAO,93,12
2020-12,Aeroport,SAO,156,78
2020-12,Orekhovo-Borisovo Severnoye,YuAO,68,81
2020-12,Levoberezhny,SAO,169,76
2020-12,Mosrentgen,NAO,119,39
2020-12,Otradnoye,SVAO,179,48
2020-12,Krasnopakhorskoye,TAO,111,18
2020-12,Chertanovo Severnoye,YuAO,77,112
2020-12,Babushkinsky,SVAO,65,86
2020-12,Yuzhnoye Tushino,SZAO,149,79
2020-12,Vnukovo,ZAO,139,104
2020-12,Orekhovo-Borisovo Yuzhnoye,YuAO,199,72
2020-12,Sosenskoye,NAO,77,35
2020-12,Yakimanka,CAO,171,60
2020-12,Kosino-Ukhtomsky,VAO,65,40
2020-12,Gagarinsky,YuZAO,106,108
2020-12,Severny,SVAO,41,81
2020-12,Biryulyovo Zapadnoye,YuAO,56,52
2020-12,Zamoskvorechye,CAO,148,94
2020-12,Krylatskoye,SZAO,150,26
2020-12,Maryina Roshcha,SVAO,109,52
2020-12,Troitsk,TAO,65,47
2020-12,Chertanovo Tsentralnoye,YuAO,65,86
2020-12,Voskresenskoye,NAO,186,39
2020-12,Kotlovka,YuZAO,130,42
2020-12,Obruchevsky,YuZAO,31,23
2020-12,Solntsevo,ZAO,104,57
2020-12,Khoroshyovsky,SAO,26,94
2020-12,Dorogomilovo,ZAO,90,89
2020-12,Mikhaylovo-Yartsevskoye,TAO,175,35
2020-12,Golyanovo,VAO,158,70
2020-12,Ryazanovskoye,NAO,83,20
2020-12,Fili-Davydkovo,ZAO,32,18
2020-12,Bibirevo,SVAO,77,50
2020-12,Severnoye Izmaylovo,VAO,40,54
2020-12,Marushkinskoye,NAO,127,52
2020-12,Izmaylovo,VAO,28,105
2020-12,Mitino,SZAO,25,59
2020-12,Filyovsky Park,ZAO,92,103
2020-12,Ostankinsky,SVAO,36,22
2020-12,Dmitrovsky,SAO,177,36
2020-12,Veshnyaki,VAO,102,43
2020-12,Tagansky,CAO,183,106
2020-12,Bogorodskoye,VAO,176,83
2020-12,Sokol,SAO,44,54
2020-12,Metrogorodok,VAO,166,101
2020-12,Prospekt Vernadskogo,ZAO,116,104
2020-12,Yuzhnoye Butovo,YuZAO,27,67
2020-12,Arbat,CAO,55,89
2020-12,Meshchansky,CAO,149,18
2020-12,Golovinsky,SAO,150,58
2020-12,Presnensky,CAO,43,70
2020-12,Zyablikovo,YuAO,148,33
2020-12,Kurkino,SZAO,181,18
2020-12,Filimonkovskoye,NAO,192,107
2020-12,Kievsky,TAO,157,76
2020-12,Yaroslavsky,SVAO,37,42
2020-12,Yasenevo,YuZAO,64,81
2020-12,Novofyodorovskoye,TAO,43,111
2020-12,Moskovsky,NAO,67,22
2020-12,Basmanny,CAO,95,48
2020-12,Ochakovo-Matveyevskoye,ZAO,34,53
2020-12,Voronovskoye,TAO,74,67
2020-12,Preobrazhenskoye,VAO,131,117
2020-12,Lomonosovsky,YuZAO,81,115
2020-12,Yuzhnoye Medvedkovo,SVAO,175,41
2020-12,Mozhaysky,ZAO,59,68
2020-12,Pervomayskoye,TAO,162,48
2020-12,Molzhaninovsky,SAO,62,31
2020-12,Butyrsky,SVAO,50,94
2020-12,Nagatinsky Zaton,YuAO,160,67
2020-12,Shcherbinka,NAO,168,80
2020-12,Lianozovo,SVAO,185,108
2020-12,Timiryazevsky,SAO,81,102
2020-12,Kokoshkino,NAO,147,113
2020-12,Strogino,SZAO,197,76
2020-12,Beskudnikovsky,SAO,33,81
2020-12,Tverskoy,CAO,152,36
2020-12,Begovoy,SAO,111,34
2020-12,Cheryomushki,YuZAO,74,47
2020-12,Vostochny,VAO,69,81
2020-12,Biryulyovo Vostochnoye,YuAO,113,114
2020-12,Novokosino,VAO,74,117
2020-12,Koptevo,SAO,54,106
2020-12,Altufyevsky,SVAO,75,19
2020-12,Ivanovskoye,VAO,53,51
2020-12,Shchukino,SZAO,103,74
2020-12,Konkovo,YuZAO,149,85
2020-12,Khovrino,SAO,181,61
2020-12,Troparyovo-Nikulino,ZAO,152,95
2020-12,Khamovniki,CAO,138,90
2020-12,Desyonovskoye,NAO,60,95
2020-12,Nagatino-Sadovniki,YuAO,151,29
2020-12,Voykovsky,SAO,64,69
2020-12,Marfino,SVAO,61,16
2020-12,Moskvorechye-Saburovo,YuAO,86,105
2020-12,Klyonovskoye,TAO,178,109
2020-12,Zyuzino,YuZAO,136,99
2020-12,Akademichesky,YuZAO,93,75
2020-12,Zapadnoye Degunino,SAO,119,12
2020-12,Vostochnoye Izmaylovo,VAO,80,58
2020-12,Shchapovskoye,TAO,89,65
2020-12,Brateyevo,YuAO,54,71
2020-12,Tyoply Stan,YuZAO,62,38
2020-12,Severnoye Medvedkovo,SVAO,38,65
2020-12,Donskoy,YuAO,187,86
2020-12,Kuntsevo,ZAO,161,36
2020-12,Rostokino,SVAO,22,47
2020-12,Sviblovo,SVAO,158,104
2020-12,Krasnoselsky,CAO,94,87
2021-01,Mikhaylovo-Yartsevskoye,TAO,197,79
2021-01,Sokolniki,VAO,26,115
2021-01,Chertanovo Severnoye,YuAO,147,68
2021-01,Novo-Peredelkino,ZAO,34,103
2021-01,Klyonovskoye,TAO,69,42
2021-01,Orekhovo-Borisovo Severnoye,YuAO,131,52
2021-01,Zelenograd,ZelAO,43,63
2021-01,Shchukino,SZAO,60,15
2021-01,Akademichesky,YuZAO,70,52
2021-01,Chertanovo Tsentralnoye,YuAO,63,19
2021-01,Tverskoy,CAO,24,96
2021-01,Khoroshyovsky,SAO,48,29
2021-01,Mozhaysky,ZAO,153,67
2021-01,Severny,SVAO,63,31
2021-01,Vnukovskoye,NAO,89,58
2021-01,Kuntsevo,ZAO,87,96
2021-01,Butyrsky,SVAO,168,118
2021-01,Moskvorechye-Saburovo,YuAO,198,31
2021-01,Pokrovskoye-Streshnevo,SZAO,169,40
2021-01,Biryulyovo Vostochnoye,YuAO,76,19
2021-01,Timiryazevsky,SAO,48,117
2021-01,Sokolinaya Gora,VAO,182,30
2021-01,Pervomayskoye,TAO,197,107
2021-01,Ostankinsky,SVAO,150,83
2021-01,Filyovsky Park,ZAO,122,94
2021-01,Ochakovo-Matveyevskoye,ZAO,169,31
2021-01,Khamovniki,CAO,22,70
2021-01,Khovrino,SAO,48,105
2021-01,Severnoye Medvedkovo,SVAO,136,48
2021-01,Biryulyovo Zapadnoye,YuAO,47,113
2021-01,Tagansky,CAO,140,25
2021-01,Sokol,SAO,68,114
2021-01,Alekseevsky,SVAO,57,56
2021-01,Zyablikovo,YuAO,152,25
2021-01,Yaroslavsky,SVAO,120,59
2021-01,Yuzhnoye Medvedkovo,SVAO,180,51
2021-01,Troparyovo-Nikulino,ZAO,122,15
2021-01,Rogovskoye,TAO,98,41
2021-01,Zamoskvorechye,CAO,140,116
2021-01,Presnensky,CAO,108,24
2021-01,Bogorodskoye,VAO,143,79
2021-01,Yuzhnoye Tushino,SZAO,109,35
2021-01,Chertanovo Yuzhnoye,YuAO,199,23
2021-01,Novofyodorovskoye,TAO,139,98
2021-01,Ramenki,ZAO,149,103
2021-01,Levoberezhny,SAO,118,90
2021-01,Perovo,VAO,34,74
2021-01,Yuzhnoye Butovo,YuZAO,151,66
2021-01,Fili-Davydkovo,ZAO,34,26
2021-01,Golyanovo,VAO,98,44
2021-01,Kotlovka,YuZAO,137,94
2021-01,Meshchansky,CAO,50,96
2021-01,Marushkinskoye,NAO,104,94
2021-01,Tsaritsyno,YuAO,104,100
2021-01,Marfino,SVAO,24,116
2021-01,Otradnoye,SVAO,120,29
2021-01,Filimonkovskoye,NAO,107,44
2021-01,Cheryomushki,YuZAO,190,50
2021-01,Krasnoselsky,CAO,140,53
2021-01,Koptevo,SAO,169,26
2021-01,Beskudnikovsky,SAO,33,105
2021-01,Strogino,SZAO,57,73
2021-01,Shchapovskoye,TAO,61,46
2021-01,Altufyevsky,SVAO,112,104
2021-01,Vostochny,VAO,131,52
2021-01,Lianozovo,SVAO,78,42
2021-01,Kokoshkino,NAO,42,93
2021-01,Begovoy,SAO,136,10
2021-01,Shcherbinka,NAO,97,102
2021-01,Konkovo,YuZAO,51,87
2021-01,Yasenevo,YuZAO,89,55
2021-01,Kievsky,TAO,41,67
2021-01,Preobrazhenskoye,VAO,140,103
2021-01,Molzhaninovsky,SAO,195,12
2021-01,Basmanny,CAO,105,46
2021-01,Brateyevo,YuAO,20,34
2021-01,Sviblovo,SVAO,116,82
2021-01,Babushkinsky,SVAO,24,116
2021-01,Ryazanovskoye,NAO,194,44
2021-01,Solntsevo,ZAO,22,88
2021-01,Obruchevsky,YuZAO,46,38
2021-01,Krylatskoye,SZAO,32,103
2021-01,Golovinsky,SAO,84,44
2021-01,Kosino-Ukhtomsky,VAO,67,40
2021-01,Metrogorodok,VAO,199,52
2021-01,Dmitrovsky,SAO,183,16
2021-01,Arbat,CAO,118,28
2021-01,Orekhovo-Borisovo Yuzhnoye,YuAO,124,100
2021-01,Severnoye Butovo,YuZAO,64,54
2021-01,Severnoye Tushino,SZAO,21,83
2021-01,Losinoostrovsky,SVAO,70,16
2021-01,Mosrentgen,NAO,173,85
2021-01,Sosenskoye,NAO,110,102
2021-01,Maryina Roshcha,SVAO,41,54
2021-01,Lomonosovsky,YuZAO,72,39
2021-01,Izmaylovo,VAO,132,92
2021-01,Danilovsky,YuAO,68,83
2021-01,Voykovsky,SAO,42,88
2021-01,Nagatino-Sadovniki,YuAO,83,58
2021-01,Zapadnoye Degunino,SAO,94,80
2021-01,Tyoply Stan,YuZAO,120,87
2021-01,Novogireyevo,VAO,54,111
2021-01,Rostokino,SVAO,167,60
2021-01,Nagatinsky Zaton,YuAO,51,13
2021-01,Voronovskoye,TAO,91,24
2021-01,Moskovsky,NAO,150,78
2021-01,Ivanovskoye,VAO,195,12
2021-01,Kurkino,SZAO,41,39
2021-01,Novokosino,VAO,143,45
2021-01,Krasnopakhorskoye,TAO,40,69
2021-01,Vostochnoye Izmaylovo,VAO,183,82
2021-01,Troitsk,TAO,186,21
2021-01,Prospekt Vernadskogo,ZAO,103,109
2021-01,Donskoy,YuAO,149,46
2021-01,Voskresenskoye,NAO,43,63
2021-01,Severnoye Izmaylovo,VAO,195,77
2021-01,Zyuzino,YuZAO,107,94
2021-01,Vnukovo,ZAO,69,119
2021-01,Nagorny,YuAO,111,89
2021-01,Khoroshyovo-Mnyovniki,SZAO,155,99
2021-01,Yakimanka,CAO,151,100
2021-01,Mitino,SZAO,20,90
2021-01,Dorogomilovo,ZAO,155,95
2021-01,Veshnyaki,VAO,169,12
2021-01,Savyolovsky,SAO,176,78
2021-01,Gagarinsky,YuZAO,125,61
2021-01,Aeroport,SAO,144,89
2021-01,Bibirevo,SVAO,184,112
2021-01,Desyonovskoye,NAO,173,18
2021-02,Pervomayskoye,TAO,95,70
2021-02,Rostokino,SVAO,22,79
2021-02,Novogireyevo,VAO,198,41
2021-02,Mitino,SZAO,148,24
2021-02,Tyoply Stan,YuZAO,166,77
2021-02,Voykovsky,SAO,54,110
2021-02,Veshnyaki,VAO,115,54
2021-02,Zapadnoye Degunino,SAO,138,89
2021-02,Sosenskoye,NAO,78,34
2021-02,Filyovsky Park,ZAO,80,76
2021-02,Danilovsky,YuAO,110,109
2021-02,Khoroshyovo-Mnyovniki,SZAO,131,41
2021-02,Ryazanovskoye,NAO,95,81
2021-02,Troparyovo-Nikulino,ZAO,23,68
2021-02,Sviblovo,SVAO,99,107
2021-02,Ochakovo-Matveyevskoye,ZAO,24,56
2021-02,Tverskoy,CAO,43,14
2021-02,Savyolovsky,SAO,138,64
2021-02,Kurkino,SZAO,73,102
2021-02,Novokosino,VAO,129,70
2021-02,Kotlovka,YuZAO,169,21
2021-02,Nagatinsky Zaton,YuAO,23,60
2021-02,Ivanovskoye,VAO,181,28
2021-02,Bogorodskoye,VAO,49,107
2021-02,Khovrino,SAO,153,66
2021-02,Moskovsky,NAO,46,76
2021-02,Severnoye Izmaylovo,VAO,146,108
2021-02,Voronovskoye,TAO,192,43
2021-02,Yuzhnoye Medvedkovo,SVAO,164,24
2021-02,Krasnoselsky,CAO,183,95
2021-02,Golovinsky,SAO,187,48
2021-02,Presnensky,CAO,192,42
2021-02,Dmitrovsky,SAO,83,61
2021-02,Voskresenskoye,NAO,120,82
2021-02,Metrogorodok,VAO,167,89
2021-02,Severny,SVAO,96,65
2021-02,Yakimanka,CAO,98,94
2021-02,Kosino-Ukhtomsky,VAO,75,117
2021-02,Chertanovo Tsentralnoye,YuAO,61,105
2021-02,Mikhaylovo-Yartsevskoye,TAO,91,60
2021-02,Orekhovo-Borisovo Yuzhnoye,YuAO,112,106
2021-02,Krylatskoye,SZAO,156,109
2021-02,Ostankinsky,SVAO,21,97
2021-02,Tagansky,CAO,172,110
2021-02,Obruchevsky,YuZAO,90,106
2021-02,Dorogomilovo,ZAO,101,46
2021-02,Solntsevo,ZAO,24,87
2021-02,Khoroshyovsky,SAO,104,13
2021-02,Maryina Roshcha,SVAO,61,50
2021-02,Arbat,CAO,112,51
2021-02,Biryulyovo Vostochnoye,YuAO,44,22
2021-02,Bibirevo,SVAO,89,87
2021-02,Izmaylovo,VAO,190,115
2021-02,Zyablikovo,YuAO,40,119
2021-02,Sokol,SAO,119,111
2021-02,Rogovskoye,TAO,29,13
2021-02,Yuzhnoye Tushino,SZAO,79,91
2021-02,Lomonosovsky,YuZAO,199,27
2021-02,Babushkinsky,SVAO,117,46
2021-02,Nagatino-Sadovniki,YuAO,180,63
2021-02,Prospekt Vernadskogo,ZAO,95,57
2021-02,Mosrentgen,NAO,93,32
2021-02,Gagarinsky,YuZAO,169,70
2021-02,Losinoostrovsky,SVAO,171,35
2021-02,Severnoye Butovo,YuZAO,91,80
2021-02,Severnoye Tushino,SZAO,100,119
2021-02,Novo-Peredelkino,ZAO,42,22
2021-02,Pokrovskoye-Streshnevo,SZAO,133,77
2021-02,Konkovo,YuZAO,167,31
2021-02,Timiryazevsky,SAO,144,36
2021-02,Desyonovskoye,NAO,156,96
2021-02,Vostochny,VAO,101,85
2021-02,Donskoy,YuAO,128,17
2021-02,Klyonovskoye,TAO,151,36
2021-02,Lianozovo,SVAO,45,68
2021-02,Altufyevsky,SVAO,48,35
2021-02,Yaroslavsky,SVAO,166,81
2021-02,Begovoy,SAO,85,63
2021-02,Kokoshkino,NAO,158,31
2021-02,Tsaritsyno,YuAO,41,33
2021-02,Strogino,SZAO,92,49
2021-02,Shchapovskoye,TAO,156,89
2021-02,Vnukovskoye,NAO,32,13
2021-02,Levoberezhny,SAO,29,10
2021-02,Perovo,VAO,112,68
2021-02,Sokolniki,VAO,47,29
2021-02,Biryulyovo Zapadnoye,YuAO,185,13
2021-02,Moskvorechye-Saburovo,YuAO,92,62
2021-02,Khamovniki,CAO,66,34
2021-02,Severnoye Medvedkovo,SVAO,38,113
2021-02,Basmanny,CAO,32,85
2021-02,Kuntsevo,ZAO,98,38
2021-02,Orekhovo-Borisovo Severnoye,YuAO,90,91
2021-02,Butyrsky,SVAO,100,112
2021-02,Brateyevo,YuAO,157,46
2021-02,Molzhaninovsky,SAO,127,37
2021-02,Aeroport,SAO,186,71
2021-02,Preobrazhenskoye,VAO,178,118
2021-02,Kievsky,TAO,170,78
2021-02,Yasenevo,YuZAO,27,108
2021-02,Vostochnoye Izmaylovo,VAO,131,116
2021-02,Novofyodorovskoye,TAO,84,57
2021-02,Shcherbinka,NAO,93,102
2021-02,Zyuzino,YuZAO,133,100
2021-02,Akademichesky,YuZAO,195,32
2021-02,Otradnoye,SVAO,174,22
2021-02,Golyanovo,VAO,152,76
2021-02,Vnukovo,ZAO,145,26
2021-02,Ramenki,ZAO,46,101
2021-02,Marfino,SVAO,117,54
2021-02,Chertanovo Yuzhnoye,YuAO,41,29
2021-02,Troitsk,TAO,85,74
2021-02,Alekseevsky,SVAO,28,61
2021-02,Filimonkovskoye,NAO,40,29
2021-02,Chertanovo Severnoye,YuAO,168,54
2021-02,Cheryomushki,YuZAO,125,54
2021-02,Sokolinaya Gora,VAO,122,104
2021-02,Mozhaysky,ZAO,125,84
2021-02,Koptevo,SAO,32,105
2021-02,Nagorny,YuAO,33,77
2021-02,Zamoskvorechye,CAO,103,35
2021-02,Shchukino,SZAO,186,119
2021-02,Beskudnikovsky,SAO,30,35
2021-02,Krasnopakhorskoye,TAO,198,29
2021-02,Yuzhnoye Butovo,YuZAO,70,68
2021-02,Meshchansky,CAO,138,73
2021-02,Fili-Davydkovo,ZAO,86,116
2021-02,Zelenograd,ZelAO,176,28
2021-02,Marushkinskoye,NAO,171,11
2021-03,Kievsky,TAO,61,106
2021-03,Strogino,SZAO,79,48
2021-03,Krasnoselsky,CAO,57,118
2021-03,Bibirevo,SVAO,169,63
2021-03,Brateyevo,YuAO,106,76
2021-03,Khoroshyovo-Mnyovniki,SZAO,171,45
2021-03,Chertanovo Severnoye,YuAO,98,85
2021-03,Meshchansky,CAO,183,14
2021-03,Orekhovo-Borisovo Severnoye,YuAO,74,56
2021-03,Severnoye Medvedkovo,SVAO,74,99
2021-03,Tagansky,CAO,87,61
2021-03,Ochakovo-Matveyevskoye,ZAO,124,27
2021-03,Sviblovo,SVAO,56,87
2021-03,Shchukino,SZAO,135,29
2021-03,Solntsevo,ZAO,144,71
2021-03,Troparyovo-Nikulino,ZAO,171,90
2021-03,Otradnoye,SVAO,82,87
2021-03,Troitsk,TAO,177,83
2021-03,Prospekt Vernadskogo,ZAO,91,62
2021-03,Ramenki,ZAO,77,100
2021-03,Presnensky,CAO,133,91
2021-03,Voronovskoye,TAO,31,21
2021-03,Tsaritsyno,YuAO,35,110
2021-03,Severnoye Tushino,SZAO,35,21
2021-03,Orekhovo-Borisovo Yuzhnoye,YuAO,123,23
2021-03,Biryulyovo Zapadnoye,YuAO,180,74
2021-03,Rostokino,SVAO,100,103
2021-03,Rogovskoye,TAO,29,60
2021-03,Babushkinsky,SVAO,32,59
2021-03,Alekseevsky,SVAO,108,32
2021-03,Danilovsky,YuAO,43,107
2021-03,Donskoy,YuAO,44,114
2021-03,Altufyevsky,SVAO,132,51
2021-03,Mikhaylovo-Yartsevskoye,TAO,21,55
2021-03,Filyovsky Park,ZAO,121,93
2021-03,Metrogorodok,VAO,144,76
2021-03,Gagarinsky,YuZAO,156,13
2021-03,Ryazanovskoye,NAO,96,47
2021-03,Marushkinskoye,NAO,133,86
2021-03,Voskresenskoye,NAO,194,81
2021-03,Yakimanka,CAO,133,96
2021-03,Dorogomilovo,ZAO,54,72
2021-03,Maryina Roshcha,SVAO,177,81
2021-03,Kosino-Ukhtomsky,VAO,198,71
2021-03,Golyanovo,VAO,179,104
2021-03,Marfino,SVAO,59,109
2021-03,Golovinsky,SAO,67,30
2021-03,Sokol,SAO,178,87
2021-03,Filimonkovskoye,NAO,59,25
2021-03,Fili-Davydkovo,ZAO,199,49
2021-03,Bogorodskoye,VAO,66,63
2021-03,Cheryomushki,YuZAO,119,28
2021-03,Sokolinaya Gora,VAO,86,87
2021-03,Obruchevsky,YuZAO,190,119
2021-03,Zyablikovo,YuAO,160,19
2021-03,Koptevo,SAO,166,36
2021-03,Akademichesky,YuZAO,21,56
2021-03,Beskudnikovsky,SAO,138,11
2021-03,Kurkino,SZAO,78,54
2021-03,Krylatskoye,SZAO,57,79
2021-03,Novokosino,VAO,135,49
2021-03,Kotlovka,YuZAO,72,31
2021-03,Vnukovskoye,NAO,127,113
2021-03,Desyonovskoye,NAO,140,48
2021-03,Shcherbinka,NAO,133,60
2021-03,Yasenevo,YuZAO,119,49
2021-03,Preobrazhenskoye,VAO,135,51
2021-03,Kokoshkino,NAO,34,97
2021-03,Molzhaninovsky,SAO,162,42
2021-03,Basmanny,CAO,34,95
2021-03,Vostochny,VAO,62,27
2021-03,Lianozovo,SVAO,127,91
2021-03,Dmitrovsky,SAO,46,22
2021-03,Zyuzino,YuZAO,39,104
2021-03,Begovoy,SAO,62,81
2021-03,Moskvorechye-Saburovo,YuAO,63,111
2021-03,Vostochnoye Izmaylovo,VAO,146,86
2021-03,Mosrentgen,NAO,188,102
2021-03,Levoberezhny,SAO,110,118
2021-03,Aeroport,SAO,159,73
2021-03,Krasnopakhorskoye,TAO,170,113
2021-03,Shchapovskoye,TAO,41,57
2021-03,Vnukovo,ZAO,50,119
2021-03,Nagorny,YuAO,184,81
2021-03,Perovo,VAO,68,46
2021-03,Savyolovsky,SAO,94,68
2021-03,Yuzhnoye Butovo,YuZAO,142,55
2021-03,Severnoye Izmaylovo,VAO,143,100
2021-03,Konkovo,YuZAO,115,51
2021-03,Veshnyaki,VAO,88,36
2021-03,Mitino,SZAO,72,114
2021-03,Zapadnoye Degunino,SAO,176,96
2021-03,Nagatinsky Zaton,YuAO,37,38
2021-03,Sokolniki,VAO,189,18
2021-03,Severnoye Butovo,YuZAO,193,12
2021-03,Novogireyevo,VAO,68,60
2021-03,Zelenograd,ZelAO,73,28
2021-03,Chertanovo Tsentralnoye,YuAO,67,106
2021-03,Chertanovo Yuzhnoye,YuAO,55,33
2021-03,Mozhaysky,ZAO,75,21
2021-03,Tyoply Stan,YuZAO,168,11
2021-03,Zamoskvorechye,CAO,122,44
2021-03,Losinoostrovsky,SVAO,38,70
2021-03,Novo-Peredelkino,ZAO,52,111
2021-03,Yuzhnoye Tushino,SZAO,86,14
2021-03,Ivanovskoye,VAO,33,31
2021-03,Yuzhnoye Medvedkovo,SVAO,113,18
2021-03,Sosenskoye,NAO,68,13
2021-03,Tverskoy,CAO,55,39
2021-03,Khovrino,SAO,21,35
2021-03,Izmaylovo,VAO,35,77
2021-03,Voykovsky,SAO,124,42
2021-03,Pervomayskoye,TAO,31,10
2021-03,Biryulyovo Vostochnoye,YuAO,118,115
2021-03,Nagatino-Sadovniki,YuAO,57,72
2021-03,Pokrovskoye-Streshnevo,SZAO,183,13
2021-03,Arbat,CAO,172,19
2021-03,Khamovniki,CAO,177,115
2021-03,Kuntsevo,ZAO,146,76
2021-03,Moskovsky,NAO,187,47
2021-03,Khoroshyovsky,SAO,22,62
2021-03,Ostankinsky,SVAO,69,53
2021-03,Butyrsky,SVAO,171,36
2021-03,Novofyodorovskoye,TAO,179,108
2021-03,Timiryazevsky,SAO,78,40
2021-03,Severny,SVAO,84,117
2021-03,Klyonovskoye,TAO,21,98
2021-03,Yaroslavsky,SVAO,46,115
2021-03,Lomonosovsky,YuZAO,35,35
2021-04,Lomonosovsky,YuZAO,86,95
2021-04,Babushkinsky,SVAO,141,53
2021-04,Altufyevsky,SVAO,124,20
2021-04,Perovo,VAO,170,113
2021-04,Begovoy,SAO,185,54
2021-04,Metrogorodok,VAO,180,44
2021-04,Tsaritsyno,YuAO,74,91
2021-04,Lianozovo,SVAO,159,92
2021-04,Shchapovskoye,TAO,145,108
2021-04,Yuzhnoye Butovo,YuZAO,35,49
2021-04,Izmaylovo,VAO,111,46
2021-04,Danilovsky,YuAO,176,31
2021-04,Severnoye Butovo,YuZAO,75,59
2021-04,Arbat,CAO,144,118
2021-04,Vostochny,VAO,133,109
2021-04,Kokoshkino,NAO,58,57
2021-04,Levoberezhny,SAO,36,110
2021-04,Nagatino-Sadovniki,YuAO,74,46
2021-04,Rostokino,SVAO,166,56
2021-04,Kotlovka,YuZAO,105,55
2021-04,Ivanovskoye,VAO,20,85
2021-04,Novokosino,VAO,165,22
2021-04,Moskovsky,NAO,55,12
2021-04,Kurkino,SZAO,34,45
2021-04,Beskudnikovsky,SAO,57,30
2021-04,Losinoostrovsky,SVAO,121,88
2021-04,Strogino,SZAO,85,58
2021-04,Koptevo,SAO,178,41
2021-04,Voronovskoye,TAO,72,14
2021-04,Severnoye Tushino,SZAO,197,28
2021-04,Orekhovo-Borisovo Yuzhnoye,YuAO,72,23
2021-04,Nagatinsky Zaton,YuAO,48,42
2021-04,Cheryomushki,YuZAO,112,106
2021-04,Voykovsky,SAO,80,79
2021-04,Filimonkovskoye,NAO,123,100
2021-04,Ramenki,ZAO,72,86
2021-04,Novogireyevo,VAO,146,18
2021-04,Golyanovo,VAO,194,43
2021-04,Tyoply Stan,YuZAO,197,39
2021-04,Marfino,SVAO,182,36
2021-04,Marushkinskoye,NAO,136,59
2021-04,Zapadnoye Degunino,SAO,169,84
2021-04,Krasnoselsky,CAO,81,33
2021-04,Sosenskoye,NAO,100,62
2021-04,Fili-Davydkovo,ZAO,198,75
2021-04,Konkovo,YuZAO,59,67
2021-04,Meshchansky,CAO,142,110
2021-04,Solntsevo,ZAO,167,72
2021-04,Sokolniki,VAO,195,81
2021-04,Novofyodorovskoye,TAO,176,38
2021-04,Biryulyovo Zapadnoye,YuAO,70,91
2021-04,Yaroslavsky,SVAO,118,46
2021-04,Ochakovo-Matveyevskoye,ZAO,117,62
2021-04,Timiryazevsky,SAO,100,49
2021-04,Kuntsevo,ZAO,61,102
2021-04,Severnoye Medvedkovo,SVAO,184,103
2021-04,Khamovniki,CAO,42,80
2021-04,Butyrsky,SVAO,107,100
2021-04,Zelenograd,ZelAO,194,52
2021-04,Orekhovo-Borisovo Severnoye,YuAO,176,90
2021-04,Krylatskoye,SZAO,34,18
2021-04,Donskoy,YuAO,88,84
2021-04,Chertanovo Severnoye,YuAO,76,95
2021-04,Vnukovskoye,NAO,160,115
2021-04,Klyonovskoye,TAO,109,10
2021-04,Obruchevsky,YuZAO,47,21
2021-04,Akademichesky,YuZAO,189,24
2021-04,Zyablikovo,YuAO,92,45
2021-04,Rogovskoye,TAO,57,47
2021-04,Ostankinsky,SVAO,135,78
2021-04,Khoroshyovsky,SAO,92,103
2021-04,Tagansky,CAO,178,23
2021-04,Severny,SVAO,53,75
2021-04,Otradnoye,SVAO,54,33
2021-04,Pokrovskoye-Streshnevo,SZAO,167,79
2021-04,Novo-Peredelkino,ZAO,126,62
2021-04,Chertanovo Tsentralnoye,YuAO,72,14
2021-04,Biryulyovo Vostochnoye,YuAO,89,115
2021-04,Yuzhnoye Tushino,SZAO,98,16
2021-04,Zyuzino,YuZAO,127,64
2021-04,Troparyovo-Nikulino,ZAO,198,117
2021-04,Pervomayskoye,TAO,121,54
2021-04,Khovrino,SAO,157,40
2021-04,Tverskoy,CAO,75,93
2021-04,Yuzhnoye Medvedkovo,SVAO,104,54
2021-04,Shchukino,SZAO,113,83
2021-04,Zamoskvorechye,CAO,164,90
2021-04,Mozhaysky,ZAO,125,91
2021-04,Chertanovo Yuzhnoye,YuAO,181,83
2021-04,Kievsky,TAO,95,39
2021-04,Savyolovsky,SAO,140,40
2021-04,Nagorny,YuAO,105,65
2021-04,Vnukovo,ZAO,168,60
2021-04,Krasnopakhorskoye,TAO,21,23
2021-04,Troitsk,TAO,114,14
2021-04,Aeroport,SAO,132,96
2021-04,Desyonovskoye,NAO,185,39
2021-04,Vostochnoye Izmaylovo,VAO,154,109
2021-04,Ryazanovskoye,NAO,147,85
2021-04,Alekseevsky,SVAO,126,67
2021-04,Sviblovo,SVAO,126,83
2021-04,Moskvorechye-Saburovo,YuAO,159,11
2021-04,Dmitrovsky,SAO,36,31
2021-04,Preobrazhenskoye,VAO,116,71
2021-04,Basmanny,CAO,185,118
2021-04,Molzhaninovsky,SAO,186,73
2021-04,Brateyevo,YuAO,187,77
2021-04,Yasenevo,YuZAO,116,79
2021-04,Shcherbinka,NAO,167,51
2021-04,Veshnyaki,VAO,199,58
2021-04,Sokolinaya Gora,VAO,84,114
2021-04,Golovinsky,SAO,28,112
2021-04,Bibirevo,SVAO,130,94
2021-04,Bogorodskoye,VAO,182,81
2021-04,Sokol,SAO,86,84
2021-04,Presnensky,CAO,75,69
2021-04,Filyovsky Park,ZAO,70,73
2021-04,Kosino-Ukhtomsky,VAO,143,14
2021-04,Maryina Roshcha,SVAO,143,40
2021-04,Mikhaylovo-Yartsevskoye,TAO,164,94
2021-04,Dorogomilovo,ZAO,38,19
2021-04,Yakimanka,CAO,69,88
2021-04,Voskresenskoye,NAO,117,41
2021-04,Gagarinsky,YuZAO,59,119
2021-04,Mosrentgen,NAO,153,23
2021-04,Mitino,SZAO,143,82
2021-04,Prospekt Vernadskogo,ZAO,30,92
2021-04,Severnoye Izmaylovo,VAO,161,74
2021-04,Khoroshyovo-Mnyovniki,SZAO,158,111
2021-05,Krylatskoye,SZAO,81,62
2021-05,Losinoostrovsky,SVAO,154,90
2021-05,Severnoye Tushino,SZAO,52,57
2021-05,Otradnoye,SVAO,58,20
2021-05,Nagorny,YuAO,185,57
2021-05,Ostankinsky,SVAO,25,17
2021-05,Pokrovskoye-Streshnevo,SZAO,106,88
2021-05,Troparyovo-Nikulino,ZAO,163,62
2021-05,Zamoskvorechye,CAO,100,64
2021-05,Butyrsky,SVAO,21,21
2021-05,Orekhovo-Borisovo Severnoye,YuAO,135,113
2021-05,Donskoy,YuAO,25,62
2021-05,Klyonovskoye,TAO,193,19
2021-05,Zyablikovo,YuAO,98,15
2021-05,Bibirevo,SVAO,104,96
2021-05,Filyovsky Park,ZAO,24,96
2021-05,Maryina Roshcha,SVAO,174,96
2021-05,Yuzhnoye Medvedkovo,SVAO,188,65
2021-05,Arbat,CAO,66,79
2021-05,Mitino,SZAO,154,65
2021-05,Kievsky,TAO,82,81
2021-05,Moskvorechye-Saburovo,YuAO,88,33
2021-05,Basmanny,CAO,144,13
2021-05,Lianozovo,SVAO,42,92
2021-05,Fili-Davydkovo,ZAO,65,33
2021-05,Marfino,SVAO,185,16
2021-05,Shchapovskoye,TAO,91,108
2021-05,Kurkino,SZAO,139,81
2021-05,Nagatinsky Zaton,YuAO,73,114
2021-05,Krasnoselsky,CAO,37,49
2021-05,Nagatino-Sadovniki,YuAO,65,87
2021-05,Zapadnoye Degunino,SAO,152,103
2021-05,Vnukovo,ZAO,77,45
2021-05,Tverskoy,CAO,176,44
2021-05,Khovrino,SAO,57,45
2021-05,Pervomayskoye,TAO,192,21
2021-05,Krasnopakhorskoye,TAO,23,116
2021-05,Aeroport,SAO,134,46
2021-05,Yuzhnoye Tushino,SZAO,194,88
2021-05,Biryulyovo Vostochnoye,YuAO,87,71
2021-05,Beskudnikovsky,SAO,159,15
2021-05,Desyonovskoye,NAO,170,109
2021-05,Chertanovo Tsentralnoye,YuAO,121,13
2021-05,Novo-Peredelkino,ZAO,71,17
2021-05,Vostochnoye Izmaylovo,VAO,33,12
2021-05,Severnoye Butovo,YuZAO,183,103
2021-05,Koptevo,SAO,109,86
2021-05,Severny,SVAO,123,38
2021-05,Tagansky,CAO,73,104
2021-05,Khoroshyovsky,SAO,153,84
2021-05,Preobrazhenskoye,VAO,179,76
2021-05,Metrogorodok,VAO,150,58
2021-05,Rogovskoye,TAO,138,78
2021-05,Molzhaninovsky,SAO,130,116
2021-05,Shchukino,SZAO,138,46
2021-05,Biryulyovo Zapadnoye,YuAO,134,85
2021-05,Yasenevo,YuZAO,72,66
2021-05,Ochakovo-Matveyevskoye,ZAO,146,64
2021-05,Zyuzino,YuZAO,53,110
2021-05,Dmitrovsky,SAO,111,76
2021-05,Severnoye Medvedkovo,SVAO,39,80
2021-05,Severnoye Izmaylovo,VAO,64,40
2021-05,Izmaylovo,VAO,152,42
2021-05,Sokol,SAO,45,27
2021-05,Bogorodskoye,VAO,138,49
2021-05,Sokolinaya Gora,VAO,65,91
2021-05,Mikhaylovo-Yartsevskoye,TAO,145,94
2021-05,Voykovsky,SAO,115,114
2021-05,Dorogomilovo,ZAO,177,112
2021-05,Yakimanka,CAO,72,43
2021-05,Akademichesky,YuZAO,89,114
2021-05,Voskresenskoye,NAO,148,47
2021-05,Vnukovskoye,NAO,78,65
2021-05,Khamovniki,CAO,24,13
2021-05,Kuntsevo,ZAO,159,111
2021-05,Ivanovskoye,VAO,139,54
2021-05,Tyoply Stan,YuZAO,84,108
2021-05,Timiryazevsky,SAO,160,40
2021-05,Veshnyaki,VAO,42,110
2021-05,Yaroslavsky,SVAO,186,26
2021-05,Novofyodorovskoye,TAO,106,119
2021-05,Lomonosovsky,YuZAO,100,118
2021-05,Sokolniki,VAO,194,23
2021-05,Moskovsky,NAO,50,32
2021-05,Savyolovsky,SAO,178,66
2021-05,Gagarinsky,YuZAO,109,91
2021-05,Zelenograd,ZelAO,77,108
2021-05,Chertanovo Yuzhnoye,YuAO,194,107
2021-05,Mozhaysky,ZAO,184,37
2021-05,Sosenskoye,NAO,25,52
2021-05,Altufyevsky,SVAO,28,28
2021-05,Khoroshyovo-Mnyovniki,SZAO,22,83
2021-05,Troitsk,TAO,159,45
2021-05,Novogireyevo,VAO,69,114
2021-05,Kosino-Ukhtomsky,VAO,78,26
2021-05,Babushkinsky,SVAO,27,73
2021-05,Yuzhnoye Butovo,YuZAO,170,39
2021-05,Sviblovo,SVAO,69,79
2021-05,Brateyevo,YuAO,76,31
2021-05,Levoberezhny,SAO,88,111
2021-05,Golovinsky,SAO,98,98
2021-05,Tsaritsyno,YuAO,174,52
2021-05,Kotlovka,YuZAO,64,48
2021-05,Perovo,VAO,25,61
2021-05,Konkovo,YuZAO,104,85
2021-05,Meshchansky,CAO,145,70
2021-05,Ramenki,ZAO,127,35
2021-05,Danilovsky,YuAO,100,83
2021-05,Novokosino,VAO,35,39
2021-05,Voronovskoye,TAO,171,29
2021-05,Obruchevsky,YuZAO,93,116
2021-05,Cheryomushki,YuZAO,175,83
2021-05,Rostokino,SVAO,193,74
2021-05,Strogino,SZAO,159,46
2021-05,Marushkinskoye,NAO,56,14
2021-05,Chertanovo Severnoye,YuAO,77,100
2021-05,Vostochny,VAO,172,16
2021-05,Alekseevsky,SVAO,121,40
2021-05,Kokoshkino,NAO,172,12
2021-05,Golyanovo,VAO,127,46
2021-05,Mosrentgen,NAO,175,83
2021-05,Begovoy,SAO,99,33
2021-05,Shcherbinka,NAO,96,88
2021-05,Presnensky,CAO,98,65
2021-05,Solntsevo,ZAO,89,33
2021-05,Prospekt Vernadskogo,ZAO,37,73
2021-05,Ryazanovskoye,NAO,120,20
2021-05,Orekhovo-Borisovo Yuzhnoye,YuAO,56,12
2021-05,Filimonkovskoye,NAO,52,16
2021-06,Filyovsky Park,ZAO,169,62
2021-06,Nagatinsky Zaton,YuAO,96,84
2021-06,Sosenskoye,NAO,34,79
2021-06,Voykovsky,SAO,65,93
2021-06,Otradnoye,SVAO,66,51
2021-06,Severnoye Izmaylovo,VAO,89,117
2021-06,Maryina Roshcha,SVAO,177,90
2021-06,Moskovsky,NAO,51,24
2021-06,Filimonkovskoye,NAO,38,61
2021-06,Golyanovo,VAO,94,90
2021-06,Fili-Davydkovo,ZAO,147,82
2021-06,Mitino,SZAO,35,108
2021-06,Voskresenskoye,NAO,130,64
2021-06,Mikhaylovo-Yartsevskoye,TAO,74,116
2021-06,Ivanovskoye,VAO,129,51
2021-06,Yakimanka,CAO,199,65
2021-06,Marfino,SVAO,78,56
2021-06,Dorogomilovo,ZAO,111,89
2021-06,Desyonovskoye,NAO,44,107
2021-06,Tyoply Stan,YuZAO,179,10
2021-06,Zyuzino,YuZAO,138,44
2021-06,Kokoshkino,NAO,44,59
2021-06,Molzhaninovsky,SAO,119,13
2021-06,Vostochny,VAO,168,108
2021-06,Yasenevo,YuZAO,129,89
2021-06,Cheryomushki,YuZAO,57,84
2021-06,Shchapovskoye,TAO,190,61
2021-06,Basmanny,CAO,187,37
2021-06,Preobrazhenskoye,VAO,168,74
2021-06,Zapadnoye Degunino,SAO,23,37
2021-06,Lianozovo,SVAO,134,99
2021-06,Vostochnoye Izmaylovo,VAO,164,10
2021-06,Begovoy,SAO,27,63
2021-06,Novokosino,VAO,106,105
2021-06,Yuzhnoye Butovo,YuZAO,44,79
2021-06,Aeroport,SAO,161,22
2021-06,Levoberezhny,SAO,28,95
2021-06,Krasnopakhorskoye,TAO,103,50
2021-06,Novogireyevo,VAO,40,47
2021-06,Perovo,VAO,35,31
2021-06,Vnukovo,ZAO,101,99
2021-06,Shcherbinka,NAO,45,14
2021-06,Gagarinsky,YuZAO,167,74
2021-06,Konkovo,YuZAO,29,40
2021-06,Savyolovsky,SAO,88,89
2021-06,Koptevo,SAO,49,20
2021-06,Veshnyaki,VAO,197,45
2021-06,Mosrentgen,NAO,171,67
2021-06,Kievsky,TAO,180,93
2021-06,Kosino-Ukhtomsky,VAO,87,118
2021-06,Troitsk,TAO,67,21
2021-06,Khoroshyovo-Mnyovniki,SZAO,80,40
2021-06,Prospekt Vernadskogo,ZAO,134,21
2021-06,Presnensky,CAO,188,41
2021-06,Alekseevsky,SVAO,179,34
2021-06,Bibirevo,SVAO,103,11
2021-06,Chertanovo Severnoye,YuAO,112,110
2021-06,Donskoy,YuAO,135,58
2021-06,Sviblovo,SVAO,162,23
2021-06,Orekhovo-Borisovo Severnoye,YuAO,51,100
2021-06,Ryazanovskoye,NAO,32,71
2021-06,Severnoye Medvedkovo,SVAO,113,82
2021-06,Losinoostrovsky,SVAO,141,75
2021-06,Ochakovo-Matveyevskoye,ZAO,37,39
2021-06,Biryulyovo Zapadnoye,YuAO,113,86
2021-06,Shchukino,SZAO,58,85
2021-06,Rogovskoye,TAO,193,86
2021-06,Troparyovo-Nikulino,ZAO,67,51
2021-06,Voronovskoye,TAO,44,43
2021-06,Krylatskoye,SZAO,63,78
2021-06,Solntsevo,ZAO,51,28
2021-06,Severnoye Tushino,SZAO,183,114
2021-06,Orekhovo-Borisovo Yuzhnoye,YuAO,157,56
2021-06,Marushkinskoye,NAO,185,56
2021-06,Babushkinsky,SVAO,38,65
2021-06,Obruchevsky,YuZAO,29,33
2021-06,Danilovsky,YuAO,154,71
2021-06,Krasnoselsky,CAO,60,19
2021-06,Sokol,SAO,139,72
2021-06,Strogino,SZAO,71,70
2021-06,Rostokino,SVAO,20,13
2021-06,Golovinsky,SAO,83,103
2021-06,Ramenki,ZAO,177,98
2021-06,Meshchansky,CAO,84,115
2021-06,Altufyevsky,SVAO,135,113
2021-06,Tsaritsyno,YuAO,180,81
2021-06,Beskudnikovsky,SAO,185,38
2021-06,Brateyevo,YuAO,47,73
2021-06,Klyonovskoye,TAO,100,35
2021-06,Lomonosovsky,YuZAO,140,78
2021-06,Sokolniki,VAO,152,94
2021-06,Novofyodorovskoye,TAO,143,19
2021-06,Timiryazevsky,SAO,76,79
2021-06,Yaroslavsky,SVAO,148,57
2021-06,Kotlovka,YuZAO,142,53
2021-06,Kuntsevo,ZAO,123,10
2021-06,Khamovniki,CAO,181,63
2021-06,Butyrsky,SVAO,198,41
2021-06,Vnukovskoye,NAO,162,65
2021-06,Ostankinsky,SVAO,102,56
2021-06,Arbat,CAO,135,59
2021-06,Sokolinaya Gora,VAO,181,90
2021-06,Zyablikovo,YuAO,174,87
2021-06,Moskvorechye-Saburovo,YuAO,197,36
2021-06,Nagatino-Sadovniki,YuAO,74,102
2021-06,Nagorny,YuAO,189,112
2021-06,Bogorodskoye,VAO,147,79
2021-06,Izmaylovo,VAO,51,61
2021-06,Akademichesky,YuZAO,21,53
2021-06,Zelenograd,ZelAO,195,113
2021-06,Dmitrovsky,SAO,141,43
2021-06,Khoroshyovsky,SAO,49,108
2021-06,Tagansky,CAO,26,51
2021-06,Severny,SVAO,195,19
2021-06,Pokrovskoye-Streshnevo,SZAO,142,102
2021-06,Metrogorodok,VAO,88,41
2021-06,Novo-Peredelkino,ZAO,96,92
2021-06,Chertanovo Tsentralnoye,YuAO,175,113
2021-06,Severnoye Butovo,YuZAO,187,40
2021-06,Biryulyovo Vostochnoye,YuAO,105,14
2021-06,Yuzhnoye Tushino,SZAO,119,14
2021-06,Pervomayskoye,TAO,195,93
2021-06,Khovrino,SAO,80,109
2021-06,Yuzhnoye Medvedkovo,SVAO,195,53
2021-06,Zamoskvorechye,CAO,141,81
2021-06,Tverskoy,CAO,74,29
2021-06,Kurkino,SZAO,136,93
2021-06,Mozhaysky,ZAO,98,107
2021-06,Chertanovo Yuzhnoye,YuAO,151,109
2021-07,Fili-Davydkovo,ZAO,114,69
2021-07,Kotlovka,YuZAO,54,29
2021-07,Ivanovskoye,VAO,25,89
2021-07,Novogireyevo,VAO,46,80
2021-07,Tyoply Stan,YuZAO,69,37
2021-07,Nagatino-Sadovniki,YuAO,76,15
2021-07,Izmaylovo,VAO,38,118
2021-07,Maryina Roshcha,SVAO,169,72
2021-07,Lomonosovsky,YuZAO,145,82
2021-07,Metrogorodok,VAO,25,107
2021-07,Severnoye Butovo,YuZAO,185,57
2021-07,Kosino-Ukhtomsky,VAO,143,61
2021-07,Obruchevsky,YuZAO,69,108
2021-07,Krylatskoye,SZAO,150,15
2021-07,Chertanovo Severnoye,YuAO,135,100
2021-07,Chertanovo Yuzhnoye,YuAO,142,30
2021-07,Sokolniki,VAO,33,46
2021-07,Mozhaysky,ZAO,37,89
2021-07,Yuzhnoye Medvedkovo,SVAO,183,13
2021-07,Biryulyovo Vostochnoye,YuAO,57,99
2021-07,Chertanovo Tsentralnoye,YuAO,75,78
2021-07,Novo-Peredelkino,ZAO,112,115
2021-07,Severny,SVAO,59,42
2021-07,Ostankinsky,SVAO,70,48
2021-07,Troparyovo-Nikulino,ZAO,51,66
2021-07,Ochakovo-Matveyevskoye,ZAO,111,56
2021-07,Severnoye Medvedkovo,SVAO,34,18
2021-07,Biryulyovo Zapadnoye,YuAO,87,52
2021-07,Yaroslavsky,SVAO,37,30
2021-07,Orekhovo-Borisovo Severnoye,YuAO,30,75
2021-07,Donskoy,YuAO,141,17
2021-07,Prospekt Vernadskogo,ZAO,24,57
2021-07,Sviblovo,SVAO,197,19
2021-07,Brateyevo,YuAO,177,44
2021-07,Tsaritsyno,YuAO,88,16
2021-07,Ramenki,ZAO,159,33
2021-07,Rostokino,SVAO,136,14
2021-07,Danilovsky,YuAO,144,95
2021-07,Orekhovo-Borisovo Yuzhnoye,YuAO,139,65
2021-07,Solntsevo,ZAO,95,20
2021-07,Otradnoye,SVAO,20,49
2021-07,Vostochnoye Izmaylovo,VAO,114,31
2021-07,Moskvorechye-Saburovo,YuAO,192,70
2021-07,Cheryomushki,YuZAO,129,41
2021-07,Golyanovo,VAO,86,41
2021-07,Marfino,SVAO,27,116
2021-07,Novokosino,VAO,183,46
2021-07,Konkovo,YuZAO,84,97
2021-07,Perovo,VAO,199,16
2021-07,Yuzhnoye Butovo,YuZAO,158,36
2021-07,Vostochny,VAO,98,40
2021-07,Zyuzino,YuZAO,74,46
2021-07,Yasenevo,YuZAO,43,54
2021-07,Preobrazhenskoye,VAO,53,68
2021-07,Nagatinsky Zaton,YuAO,65,119
2021-07,Vnukovo,ZAO,197,53
2021-07,Gagarinsky,YuZAO,163,56
2021-07,Veshnyaki,VAO,147,32
2021-07,Severnoye Izmaylovo,VAO,72,77
2021-07,Dorogomilovo,ZAO,100,87
2021-07,Filyovsky Park,ZAO,138,20
2021-07,Akademichesky,YuZAO,33,45
2021-07,Bogorodskoye,VAO,89,45
2021-07,Nagorny,YuAO,59,91
2021-07,Zyablikovo,YuAO,97,82
2021-07,Sokolinaya Gora,VAO,148,34
2021-07,Kuntsevo,ZAO,188,24
2021-07,Mosrentgen,NAO,45,109
2021-07,Dmitrovsky,SAO,88,108
2021-07,Filimonkovskoye,NAO,32,13
2021-07,Butyrsky,SVAO,40,117
2021-07,Levoberezhny,SAO,120,100
2021-07,Kurkino,SZAO,128,25
2021-07,Moskovsky,NAO,86,47
2021-07,Golovinsky,SAO,130,86
2021-07,Ryazanovskoye,NAO,196,13
2021-07,Kokoshkino,NAO,161,72
2021-07,Yuzhnoye Tushino,SZAO,128,99
2021-07,Savyolovsky,SAO,71,52
2021-07,Krasnopakhorskoye,TAO,185,50
2021-07,Alekseevsky,SVAO,153,18
2021-07,Zamoskvorechye,CAO,119,78
2021-07,Rogovskoye,TAO,193,58
2021-07,Shchapovskoye,TAO,113,23
2021-07,Tagansky,CAO,27,18
2021-07,Beskudnikovsky,SAO,86,94
2021-07,Pokrovskoye-Streshnevo,SZAO,177,76
2021-07,Lianozovo,SVAO,117,23
2021-07,Khoroshyovsky,SAO,93,24
2021-07,Shchukino,SZAO,186,63
2021-07,Mikhaylovo-Yartsevskoye,TAO,174,85
2021-07,Yakimanka,CAO,130,42
2021-07,Khovrino,SAO,186,22
2021-07,Severnoye Tushino,SZAO,91,12
2021-07,Zapadnoye Degunino,SAO,173,106
2021-07,Molzhaninovsky,SAO,178,83
2021-07,Koptevo,SAO,161,73
2021-07,Voskresenskoye,NAO,179,11
2021-07,Marushkinskoye,NAO,62,97
2021-07,Bibirevo,SVAO,136,87
2021-07,Novofyodorovskoye,TAO,135,38
2021-07,Shcherbinka,NAO,89,70
2021-07,Begovoy,SAO,124,90
2021-07,Sokol,SAO,138,49
2021-07,Timiryazevsky,SAO,167,60
2021-07,Presnensky,CAO,96,51
2021-07,Altufyevsky,SVAO,42,16
2021-07,Sosenskoye,NAO,141,43
2021-07,Troitsk,TAO,124,119
2021-07,Aeroport,SAO,133,40
2021-07,Pervomayskoye,TAO,120,47
2021-07,Khamovniki,CAO,81,36
2021-07,Tverskoy,CAO,110,37
2021-07,Strogino,SZAO,191,19
2021-07,Khoroshyovo-Mnyovniki,SZAO,124,23
2021-07,Voykovsky,SAO,108,46
2021-07,Babushkinsky,SVAO,32,35
2021-07,Arbat,CAO,136,115
2021-07,Losinoostrovsky,SVAO,26,104
2021-07,Meshchansky,CAO,103,107
2021-07,Basmanny,CAO,156,68
2021-07,Mitino,SZAO,106,111
2021-07,Klyonovskoye,TAO,60,116
2021-07,Krasnoselsky,CAO,73,109
2021-07,Desyonovskoye,NAO,113,92
2021-07,Voronovskoye,TAO,73,60
2021-07,Vnukovskoye,NAO,84,48
2021-07,Zelenograd,ZelAO,176,107
2021-07,Kievsky,TAO,22,115
2021-08,Zyablikovo,YuAO,128,53
2021-08,Chertanovo Severnoye,YuAO,53,18
2021-08,Yuzhnoye Tushino,SZAO,133,37
2021-08,Novo-Peredelkino,ZAO,160,97
2021-08,Lomonosovsky,YuZAO,127,104
2021-08,Zapadnoye Degunino,SAO,102,51
2021-08,Yuzhnoye Butovo,YuZAO,104,87
2021-08,Basmanny,CAO,119,98
2021-08,Rogovskoye,TAO,44,75
2021-08,Nagorny,YuAO,130,44
2021-08,Yaroslavsky,SVAO,71,36
2021-08,Timiryazevsky,SAO,196,82
2021-08,Sosenskoye,NAO,113,117
2021-08,Perovo,VAO,164,30
2021-08,Begovoy,SAO,24,49
2021-08,Zelenograd,ZelAO,105,102
2021-08,Filyovsky Park,ZAO,88,99
2021-08,Voykovsky,SAO,163,78
2021-08,Tagansky,CAO,186,27
2021-08,Ivanovskoye,VAO,89,89
2021-08,Yakimanka,CAO,87,79
2021-08,Mozhaysky,ZAO,181,18
2021-08,Butyrsky,SVAO,100,55
2021-08,Krasnopakhorskoye,TAO,170,52
2021-08,Biryulyovo Zapadnoye,YuAO,112,61
2021-08,Konkovo,YuZAO,119,88
2021-08,Mikhaylovo-Yartsevskoye,TAO,58,34
2021-08,Pokrovskoye-Streshnevo,SZAO,72,58
2021-08,Yuzhnoye Medvedkovo,SVAO,131,11
2021-08,Khovrino,SAO,80,117
2021-08,Ostankinsky,SVAO,63,67
2021-08,Kievsky,TAO,21,109
2021-08,Izmaylovo,VAO,146,28
2021-08,Solntsevo,ZAO,115,51
2021-08,Severnoye Medvedkovo,SVAO,110,91
2021-08,Alekseevsky,SVAO,24,37
2021-08,Meshchansky,CAO,156,118
2021-08,Moskovsky,NAO,153,79
2021-08,Khoroshyovo-Mnyovniki,SZAO,167,77
2021-08,Donskoy,YuAO,158,11
2021-08,Prospekt Vernadskogo,ZAO,101,26
2021-08,Babushkinsky,SVAO,88,95
2021-08,Golyanovo,VAO,185,63
2021-08,Voronovskoye,TAO,43,30
2021-08,Ryazanovskoye,NAO,118,93
2021-08,Krasnoselsky,CAO,114,23
2021-08,Strogino,SZAO,143,76
2021-08,Rostokino,SVAO,39,31
2021-08,Danilovsky,YuAO,86,107
2021-08,Metrogorodok,VAO,117,98
2021-08,Sviblovo,SVAO,24,18
2021-08,Severnoye Izmaylovo,VAO,49,62
2021-08,Altufyevsky,SVAO,182,40
2021-08,Zyuzino,YuZAO,42,64
2021-08,Orekhovo-Borisovo Yuzhnoye,YuAO,69,17
2021-08,Gagarinsky,YuZAO,181,52
2021-08,Ramenki,ZAO,192,26
2021-08,Severnoye Tushino,SZAO,154,64
2021-08,Troparyovo-Nikulino,ZAO,116,23
2021-08,Troitsk,TAO,194,13
2021-08,Klyonovskoye,TAO,83,106
2021-08,Zamoskvorechye,CAO,88,79
2021-08,Levoberezhny,SAO,119,70
2021-08,Severny,SVAO,42,118
2021-08,Khoroshyovsky,SAO,190,92
2021-08,Marushkinskoye,NAO,60,83
2021-08,Bibirevo,SVAO,179,102
2021-08,Kokoshkino,NAO,154,102
2021-08,Obruchevsky,YuZAO,131,52
2021-08,Koptevo,SAO,102,53
2021-08,Presnensky,CAO,152,102
2021-08,Brateyevo,YuAO,52,87
2021-08,Otradnoye,SVAO,184,99
2021-08,Shchukino,SZAO,86,51
2021-08,Ochakovo-Matveyevskoye,ZAO,132,78
2021-08,Tsaritsyno,YuAO,152,113
2021-08,Beskudnikovsky,SAO,102,28
2021-08,Cheryomushki,YuZAO,70,33
2021-08,Orekhovo-Borisovo Severnoye,YuAO,168,100
2021-08,Filimonkovskoye,NAO,77,58
2021-08,Novokosino,VAO,119,43
2021-08,Golovinsky,SAO,81,37
2021-08,Fili-Davydkovo,ZAO,54,45
2021-08,Molzhaninovsky,SAO,102,34
2021-08,Nagatino-Sadovniki,YuAO,185,80
2021-08,Novofyodorovskoye,TAO,91,51
2021-08,Biryulyovo Vostochnoye,YuAO,81,73
2021-08,Severnoye Butovo,YuZAO,160,91
2021-08,Lianozovo,SVAO,192,70
2021-08,Marfino,SVAO,37,42
2021-08,Tyoply Stan,YuZAO,154,119
2021-08,Aeroport,SAO,32,62
2021-08,Mitino,SZAO,187,76
2021-08,Shchapovskoye,TAO,99,56
2021-08,Moskvorechye-Saburovo,YuAO,20,93
2021-08,Kuntsevo,ZAO,101,89
2021-08,Vnukovskoye,NAO,167,66
2021-08,Savyolovsky,SAO,125,87
2021-08,Yasenevo,YuZAO,28,66
2021-08,Veshnyaki,VAO,23,70
2021-08,Sokolniki,VAO,147,101
2021-08,Chertanovo Yuzhnoye,YuAO,54,40
2021-08,Vnukovo,ZAO,141,85
2021-08,Sokolinaya Gora,VAO,100,94
2021-08,Novogireyevo,VAO,177,35
2021-08,Losinoostrovsky,SVAO,125,106
2021-08,Arbat,CAO,130,84
2021-08,Krylatskoye,SZAO,172,106
2021-08,Shcherbinka,NAO,147,97
2021-08,Kurkino,SZAO,154,68
2021-08,Dorogomilovo,ZAO,176,85
2021-08,Dmitrovsky,SAO,100,53
2021-08,Bogorodskoye,VAO,126,31
2021-08,Sokol,SAO,106,80
2021-08,Vostochnoye Izmaylovo,VAO,97,101
2021-08,Vostochny,VAO,164,47
2021-08,Mosrentgen,NAO,163,25
2021-08,Kosino-Ukhtomsky,VAO,122,15
2021-08,Nagatinsky Zaton,YuAO,110,14
2021-08,Kotlovka,YuZAO,89,103
2021-08,Tverskoy,CAO,108,45
2021-08,Voskresenskoye,NAO,87,67
2021-08,Pervomayskoye,TAO,164,83
2021-08,Maryina Roshcha,SVAO,179,56
2021-08,Chertanovo Tsentralnoye,YuAO,134,31
2021-08,Akademichesky,YuZAO,192,91
2021-08,Desyonovskoye,NAO,69,59
2021-08,Khamovniki,CAO,182,92
2021-08,Preobrazhenskoye,VAO,60,91
2021-09,Beskudnikovsky,SAO,183,19
2021-09,Severnoye Butovo,YuZAO,47,46
2021-09,Sokolniki,VAO,162,14
2021-09,Cheryomushki,YuZAO,25,48
2021-09,Orekhovo-Borisovo Severnoye,YuAO,158,48
2021-09,Golovinsky,SAO,69,64
2021-09,Ryazanovskoye,NAO,178,39
2021-09,Koptevo,SAO,40,107
2021-09,Severny,SVAO,129,89
2021-09,Dorogomilovo,ZAO,79,26
2021-09,Dmitrovsky,SAO,44,84
2021-09,Bibirevo,SVAO,90,41
2021-09,Khoroshyovsky,SAO,189,93
2021-09,Desyonovskoye,NAO,186,43
2021-09,Kokoshkino,NAO,111,94
2021-09,Obruchevsky,YuZAO,167,81
2021-09,Marfino,SVAO,136,13
2021-09,Tsaritsyno,YuAO,104,61
2021-09,Kotlovka,YuZAO,128,11
2021-09,Severnoye Tushino,SZAO,132,39
2021-09,Otradnoye,SVAO,112,111
2021-09,Shchukino,SZAO,42,118
2021-09,Veshnyaki,VAO,165,76
2021-09,Brateyevo,YuAO,181,40
2021-09,Yasenevo,YuZAO,161,96
2021-09,Ochakovo-Matveyevskoye,ZAO,108,16
2021-09,Krasnoselsky,CAO,159,99
2021-09,Novofyodorovskoye,TAO,46,53
2021-09,Voronovskoye,TAO,47,111
2021-09,Kievsky,TAO,168,104
2021-09,Tyoply Stan,YuZAO,186,65
2021-09,Nagatino-Sadovniki,YuAO,39,70
2021-09,Krylatskoye,SZAO,76,41
2021-09,Rostokino,SVAO,28,75
2021-09,Khamovniki,CAO,68,92
2021-09,Danilovsky,YuAO,192,90
2021-09,Sviblovo,SVAO,190,115
2021-09,Golyanovo,VAO,146,68
2021-09,Metrogorodok,VAO,174,54
2021-09,Shcherbinka,NAO,31,40
2021-09,Zyuzino,YuZAO,71,85
2021-09,Molzhaninovsky,SAO,161,53
2021-09,Altufyevsky,SVAO,133,50
2021-09,Orekhovo-Borisovo Yuzhnoye,YuAO,99,38
2021-09,Vostochnoye Izmaylovo,VAO,47,10
2021-09,Gagarinsky,YuZAO,73,40
2021-09,Strogino,SZAO,188,110
2021-09,Ramenki,ZAO,54,47
2021-09,Meshchansky,CAO,136,54
2021-09,Filimonkovskoye,NAO,72,67
2021-09,Izmaylovo,VAO,158,52
2021-09,Preobrazhenskoye,VAO,184,77
2021-09,Savyolovsky,SAO,78,112
2021-09,Solntsevo,ZAO,83,70
2021-09,Severnoye Medvedkovo,SVAO,66,21
2021-09,Zapadnoye Degunino,SAO,72,110
2021-09,Novokosino,VAO,128,40
2021-09,Chertanovo Yuzhnoye,YuAO,68,33
2021-09,Alekseevsky,SVAO,165,86
2021-09,Kurkino,SZAO,58,104
2021-09,Khoroshyovo-Mnyovniki,SZAO,147,21
2021-09,Vnukovo,ZAO,155,68
2021-09,Arbat,CAO,131,54
2021-09,Donskoy,YuAO,32,59
2021-09,Losinoostrovsky,SVAO,53,59
2021-09,Prospekt Vernadskogo,ZAO,54,58
2021-09,Babushkinsky,SVAO,171,29
2021-09,Voskresenskoye,NAO,198,27
2021-09,Moskovsky,NAO,142,81
2021-09,Severnoye Izmaylovo,VAO,129,106
2021-09,Biryulyovo Vostochnoye,YuAO,170,94
2021-09,Moskvorechye-Saburovo,YuAO,66,96
2021-09,Novo-Peredelkino,ZAO,147,20
2021-09,Sosenskoye,NAO,54,86
2021-09,Chertanovo Tsentralnoye,YuAO,195,48
2021-09,Yuzhnoye Tushino,SZAO,166,104
2021-09,Chertanovo Severnoye,YuAO,79,117
2021-09,Maryina Roshcha,SVAO,163,71
2021-09,Voykovsky,SAO,197,73
2021-09,Mitino,SZAO,84,58
2021-09,Shchapovskoye,TAO,195,90
2021-09,Ivanovskoye,VAO,180,89
2021-09,Sokolinaya Gora,VAO,141,23
2021-09,Perovo,VAO,41,44
2021-09,Nagorny,YuAO,87,23
2021-09,Konkovo,YuZAO,40,109
2021-09,Zyablikovo,YuAO,163,77
2021-09,Yakimanka,CAO,64,108
2021-09,Bogorodskoye,VAO,102,100
2021-09,Kuntsevo,ZAO,144,13
2021-09,Khovrino,SAO,160,114
2021-09,Ostankinsky,SVAO,193,119
2021-09,Sokol,SAO,89,85
2021-09,Begovoy,SAO,34,10
2021-09,Mikhaylovo-Yartsevskoye,TAO,194,46
2021-09,Lianozovo,SVAO,170,33
2021-09,Zelenograd,ZelAO,125,107
2021-09,Pokrovskoye-Streshnevo,SZAO,122,45
2021-09,Filyovsky Park,ZAO,118,38
2021-09,Pervomayskoye,TAO,52,61
2021-09,Yuzhnoye Medvedkovo,SVAO,190,90
2021-09,Novogireyevo,VAO,178,52
2021-09,Basmanny,CAO,75,90
2021-09,Marushkinskoye,NAO,77,112
2021-09,Levoberezhny,SAO,155,113
2021-09,Butyrsky,SVAO,51,59
2021-09,Lomonosovsky,YuZAO,30,93
2021-09,Akademichesky,YuZAO,102,101
2021-09,Mozhaysky,ZAO,61,99
2021-09,Troitsk,TAO,59,59
2021-09,Tagansky,CAO,137,58
2021-09,Zamoskvorechye,CAO,62,49
2021-09,Tverskoy,CAO,155,16
2021-09,Klyonovskoye,TAO,194,104
2021-09,Mosrentgen,NAO,98,63
2021-09,Krasnopakhorskoye,TAO,120,90
2021-09,Vostochny,VAO,112,108
2021-09,Troparyovo-Nikulino,ZAO,80,110
2021-09,Vnukovskoye,NAO,158,110
2021-09,Rogovskoye,TAO,140,50
2021-09,Fili-Davydkovo,ZAO,126,75
2021-09,Presnensky,CAO,36,18
2021-09,Aeroport,SAO,134,90
2021-09,Biryulyovo Zapadnoye,YuAO,139,119
2021-09,Yaroslavsky,SVAO,177,11
2021-09,Kosino-Ukhtomsky,VAO,41,81
2021-09,Nagatinsky Zaton,YuAO,73,116
2021-09,Yuzhnoye Butovo,YuZAO,20,23
2021-09,Timiryazevsky,SAO,26,31
2021-10,Novofyodorovskoye,TAO,152,69
2021-10,Ramenki,ZAO,126,99
2021-10,Rogovskoye,TAO,161,18
2021-10,Voskresenskoye,NAO,183,34
2021-10,Chertanovo Severnoye,YuAO,148,46
2021-10,Begovoy,SAO,129,106
2021-10,Metrogorodok,VAO,191,90
2021-10,Kosino-Ukhtomsky,VAO,136,73
2021-10,Vostochny,VAO,188,55
2021-10,Tagansky,CAO,71,105
2021-10,Strogino,SZAO,81,41
2021-10,Molzhaninovsky,SAO,183,116
2021-10,Vostochnoye Izmaylovo,VAO,174,44
2021-10,Orekhovo-Borisovo Yuzhnoye,YuAO,64,76
2021-10,Altufyevsky,SVAO,170,30
2021-10,Yaroslavsky,SVAO,110,113
2021-10,Timiryazevsky,SAO,196,60
2021-10,Biryulyovo Vostochnoye,YuAO,47,61
2021-10,Perovo,VAO,35,54
2021-10,Zyuzino,YuZAO,95,110
2021-10,Shcherbinka,NAO,171,10
2021-10,Sviblovo,SVAO,129,21
2021-10,Khamovniki,CAO,48,16
2021-10,Danilovsky,YuAO,33,28
2021-10,Kuntsevo,ZAO,33,105
2021-10,Golyanovo,VAO,122,119
2021-10,Voronovskoye,TAO,193,33
2021-10,Zelenograd,ZelAO,48,38
2021-10,Presnensky,CAO,24,20
2021-10,Yuzhnoye Tushino,SZAO,136,72
2021-10,Izmaylovo,VAO,83,13
2021-10,Ochakovo-Matveyevskoye,ZAO,52,117
2021-10,Brateyevo,YuAO,47,50
2021-10,Veshnyaki,VAO,105,24
2021-10,Chertanovo Tsentralnoye,YuAO,172,80
2021-10,Novo-Peredelkino,ZAO,84,69
2021-10,Yuzhnoye Butovo,YuZAO,110,67
2021-10,Shchukino,SZAO,57,83
2021-10,Levoberezhny,SAO,37,115
2021-10,Tsaritsyno,YuAO,155,105
2021-10,Kokoshkino,NAO,58,26
2021-10,Yasenevo,YuZAO,138,22
2021-10,Vnukovskoye,NAO,174,103
2021-10,Sokolinaya Gora,VAO,39,84
2021-10,Mosrentgen,NAO,40,74
2021-10,Desyonovskoye,NAO,135,43
2021-10,Khoroshyovsky,SAO,158,33
2021-10,Dmitrovsky,SAO,52,74
2021-10,Tverskoy,CAO,38,19
2021-10,Troitsk,TAO,145,76
2021-10,Obruchevsky,YuZAO,38,42
2021-10,Dorogomilovo,ZAO,146,30
2021-10,Severny,SVAO,180,76
2021-10,Ryazanovskoye,NAO,190,45
2021-10,Akademichesky,YuZAO,50,71
2021-10,Pervomayskoye,TAO,109,34
2021-10,Mozhaysky,ZAO,108,77
2021-10,Khoroshyovo-Mnyovniki,SZAO,125,57
2021-10,Vnukovo,ZAO,45,96
2021-10,Biryulyovo Zapadnoye,YuAO,107,30
2021-10,Meshchansky,CAO,119,118
2021-10,Severnoye Izmaylovo,VAO,73,55
2021-10,Alekseevsky,SVAO,197,21
2021-10,Mikhaylovo-Yartsevskoye,TAO,104,13
2021-10,Chertanovo Yuzhnoye,YuAO,146,15
2021-10,Tyoply Stan,YuZAO,45,109
2021-10,Prospekt Vernadskogo,ZAO,117,58
2021-10,Yuzhnoye Medvedkovo,SVAO,176,112
2021-10,Severnoye Medvedkovo,SVAO,113,17
2021-10,Savyolovsky,SAO,43,97
2021-10,Sokol,SAO,150,60
2021-10,Severnoye Butovo,YuZAO,147,62
2021-10,Khovrino,SAO,26,37
2021-10,Golovinsky,SAO,180,38
2021-10,Konkovo,YuZAO,82,97
2021-10,Yakimanka,CAO,117,93
2021-10,Bogorodskoye,VAO,111,94
2021-10,Sokolniki,VAO,89,79
2021-10,Aeroport,SAO,77,96
2021-10,Donskoy,YuAO,66,40
2021-10,Novokosino,VAO,95,109
2021-10,Zyablikovo,YuAO,120,26
2021-10,Severnoye Tushino,SZAO,30,87
2021-10,Krasnopakhorskoye,TAO,175,77
2021-10,Sosenskoye,NAO,73,70
2021-10,Zapadnoye Degunino,SAO,98,12
2021-10,Otradnoye,SVAO,153,58
2021-10,Nagorny,YuAO,197,104
2021-10,Kurkino,SZAO,39,74
2021-10,Butyrsky,SVAO,199,86
2021-10,Krasnoselsky,CAO,94,69
2021-10,Solntsevo,ZAO,156,75
2021-10,Preobrazhenskoye,VAO,121,81
2021-10,Zamoskvorechye,CAO,150,86
2021-10,Lomonosovsky,YuZAO,172,53
2021-10,Novogireyevo,VAO,56,13
2021-10,Lianozovo,SVAO,120,28
2021-10,Voykovsky,SAO,147,12
2021-10,Ivanovskoye,VAO,174,41
2021-10,Marushkinskoye,NAO,103,23
2021-10,Babushkinsky,SVAO,143,69
2021-10,Cheryomushki,YuZAO,51,32
2021-10,Filyovsky Park,ZAO,192,96
2021-10,Moskovsky,NAO,80,91
2021-10,Pokrovskoye-Streshnevo,SZAO,37,107
2021-10,Bibirevo,SVAO,91,38
2021-10,Marfino,SVAO,116,59
2021-10,Moskvorechye-Saburovo,YuAO,60,34
2021-10,Orekhovo-Borisovo Severnoye,YuAO,164,31
2021-10,Beskudnikovsky,SAO,167,52
2021-10,Shchapovskoye,TAO,140,87
2021-10,Arbat,CAO,131,24
2021-10,Nagatino-Sadovniki,YuAO,123,17
2021-10,Kievsky,TAO,54,101
2021-10,Rostokino,SVAO,148,51
2021-10,Ostankinsky,SVAO,81,38
2021-10,Nagatinsky Zaton,YuAO,145,95
2021-10,Filimonkovskoye,NAO,58,11
2021-10,Losinoostrovsky,SVAO,132,17
2021-10,Gagarinsky,YuZAO,118,23
2021-10,Troparyovo-Nikulino,ZAO,83,111
2021-10,Kotlovka,YuZAO,144,105
2021-10,Krylatskoye,SZAO,146,25
2021-10,Maryina Roshcha,SVAO,117,19
2021-10,Basmanny,CAO,50,68
2021-10,Fili-Davydkovo,ZAO,114,13
2021-10,Koptevo,SAO,29,53
2021-10,Klyonovskoye,TAO,120,72
2021-10,Mitino,SZAO,57,26
2021-11,Chertanovo Yuzhnoye,YuAO,38,56
2021-11,Orekhovo-Borisovo Severnoye,YuAO,159,87
2021-11,Marushkinskoye,NAO,92,67
2021-11,Basmanny,CAO,105,101
2021-11,Presnensky,CAO,22,26
2021-11,Yuzhnoye Medvedkovo,SVAO,33,47
2021-11,Tagansky,CAO,151,108
2021-11,Ryazanovskoye,NAO,109,54
2021-11,Sosenskoye,NAO,136,78
2021-11,Troparyovo-Nikulino,ZAO,122,40
2021-11,Savyolovsky,SAO,106,91
2021-11,Yaroslavsky,SVAO,68,94
2021-11,Cheryomushki,YuZAO,90,35
2021-11,Severnoye Medvedkovo,SVAO,160,71
2021-11,Filyovsky Park,ZAO,74,97
2021-11,Zelenograd,ZelAO,144,42
2021-11,Kotlovka,YuZAO,74,100
2021-11,Solntsevo,ZAO,167,85
2021-11,Timiryazevsky,SAO,172,81
2021-11,Zamoskvorechye,CAO,136,36
2021-11,Veshnyaki,VAO,155,101
2021-11,Khoroshyovsky,SAO,23,74
2021-11,Sokolniki,VAO,43,103
2021-11,Kokoshkino,NAO,111,104
2021-11,Voskresenskoye,NAO,164,51
2021-11,Vnukovo,ZAO,174,40
2021-11,Mikhaylovo-Yartsevskoye,TAO,162,59
2021-11,Begovoy,SAO,36,88
2021-11,Losinoostrovsky,SVAO,150,114
2021-11,Rogovskoye,TAO,90,28
2021-11,Biryulyovo Zapadnoye,YuAO,167,17
2021-11,Severny,SVAO,178,43
2021-11,Ramenki,ZAO,108,57
2021-11,Lomonosovsky,YuZAO,183,115
2021-11,Troitsk,TAO,134,107
2021-11,Krasnopakhorskoye,TAO,199,82
2021-11,Arbat,CAO,45,58
2021-11,Kurkino,SZAO,52,59
2021-11,Bibirevo,SVAO,60,51
2021-11,Obruchevsky,YuZAO,108,72
2021-11,Voykovsky,SAO,115,103
2021-11,Beskudnikovsky,SAO,105,52
2021-11,Nagorny,YuAO,92,107
2021-11,Ivanovskoye,VAO,80,62
2021-11,Maryina Roshcha,SVAO,174,51
2021-11,Izmaylovo,VAO,157,50
2021-11,Yasenevo,YuZAO,55,20
2021-11,Chertanovo Severnoye,YuAO,148,105
2021-11,Ochakovo-Matveyevskoye,ZAO,38,82
2021-11,Golovinsky,SAO,76,28
2021-11,Koptevo,SAO,27,44
2021-11,Levoberezhny,SAO,121,15
2021-11,Brateyevo,YuAO,125,118
2021-11,Butyrsky,SVAO,69,57
2021-11,Otradnoye,SVAO,162,12
2021-11,Severnoye Tushino,SZAO,191,71
2021-11,Shchukino,SZAO,128,38
2021-11,Mozhaysky,ZAO,30,12
2021-11,Zyuzino,YuZAO,21,105
2021-11,Nagatinsky Zaton,YuAO,46,15
2021-11,Zyablikovo,YuAO,126,15
2021-11,Klyonovskoye,TAO,157,47
2021-11,Novogireyevo,VAO,61,20
2021-11,Novo-Peredelkino,ZAO,36,97
2021-11,Bogorodskoye,VAO,46,66
2021-11,Metrogorodok,VAO,21,13
2021-11,Aeroport,SAO,88,71
2021-11,Krasnoselsky,CAO,42,33
2021-11,Altufyevsky,SVAO,73,11
2021-11,Desyonovskoye,NAO,114,61
2021-11,Vostochnoye Izmaylovo,VAO,161,76
2021-11,Nagatino-Sadovniki,YuAO,183,17
2021-11,Moskovsky,NAO,34,111
2021-11,Sviblovo,SVAO,127,88
2021-11,Lianozovo,SVAO,44,20
2021-11,Vostochny,VAO,181,95
2021-11,Tyoply Stan,YuZAO,47,93
2021-11,Severnoye Butovo,YuZAO,141,33
2021-11,Mosrentgen,NAO,93,46
2021-11,Novofyodorovskoye,TAO,106,84
2021-11,Dorogomilovo,ZAO,48,67
2021-11,Yuzhnoye Tushino,SZAO,117,23
2021-11,Tverskoy,CAO,64,58
2021-11,Strogino,SZAO,71,61
2021-11,Shchapovskoye,TAO,143,107
2021-11,Yakimanka,CAO,162,25
2021-11,Filimonkovskoye,NAO,168,23
2021-11,Zapadnoye Degunino,SAO,175,61
2021-11,Sokol,SAO,83,60
2021-11,Sokolinaya Gora,VAO,103,117
2021-11,Konkovo,YuZAO,21,118
2021-11,Khamovniki,CAO,95,18
2021-11,Vnukovskoye,NAO,164,108
2021-11,Fili-Davydkovo,ZAO,43,106
2021-11,Gagarinsky,YuZAO,180,11
2021-11,Molzhaninovsky,SAO,124,96
2021-11,Chertanovo Tsentralnoye,YuAO,157,22
2021-11,Donskoy,YuAO,105,64
2021-11,Prospekt Vernadskogo,ZAO,53,76
2021-11,Babushkinsky,SVAO,132,71
2021-11,Biryulyovo Vostochnoye,YuAO,197,21
2021-11,Perovo,VAO,44,81
2021-11,Krylatskoye,SZAO,86,100
2021-11,Novokosino,VAO,157,65
2021-11,Khoroshyovo-Mnyovniki,SZAO,30,71
2021-11,Kuntsevo,ZAO,182,50
2021-11,Preobrazhenskoye,VAO,52,53
2021-11,Meshchansky,CAO,33,39
2021-11,Pokrovskoye-Streshnevo,SZAO,106,11
2021-11,Orekhovo-Borisovo Yuzhnoye,YuAO,188,94
2021-11,Tsaritsyno,YuAO,173,27
2021-11,Kosino-Ukhtomsky,VAO,43,29
2021-11,Severnoye Izmaylovo,VAO,194,41
2021-11,Marfino,SVAO,164,34
2021-11,Alekseevsky,SVAO,101,70
2021-11,Khovrino,SAO,88,91
2021-11,Rostokino,SVAO,59,61
2021-11,Yuzhnoye Butovo,YuZAO,169,23
2021-11,Golyanovo,VAO,40,51
2021-11,Pervomayskoye,TAO,45,88
2021-11,Dmitrovsky,SAO,155,27
2021-11,Ostankinsky,SVAO,106,118
2021-11,Voronovskoye,TAO,52,102
2021-11,Kievsky,TAO,107,117
2021-11,Moskvorechye-Saburovo,YuAO,106,112
2021-11,Akademichesky,YuZAO,42,44
2021-11,Danilovsky,YuAO,81,55
2021-11,Shcherbinka,NAO,38,47
2021-11,Mitino,SZAO,34,58
2021-12,Yuzhnoye Medvedkovo,SVAO,185,36
2021-12,Krasnopakhorskoye,TAO,189,116
2021-12,Novofyodorovskoye,TAO,172,78
2021-12,Nagorny,YuAO,56,93
2021-12,Basmanny,CAO,123,56
2021-12,Konkovo,YuZAO,124,100
2021-12,Klyonovskoye,TAO,25,71
2021-12,Aeroport,SAO,186,99
2021-12,Biryulyovo Zapadnoye,YuAO,173,11
2021-12,Khovrino,SAO,90,111
2021-12,Yasenevo,YuZAO,101,118
2021-12,Pokrovskoye-Streshnevo,SZAO,153,60
2021-12,Yuzhnoye Tushino,SZAO,33,10
2021-12,Ostankinsky,SVAO,165,109
2021-12,Bogorodskoye,VAO,51,91
2021-12,Kuntsevo,ZAO,87,80
2021-12,Perovo,VAO,117,71
2021-12,Biryulyovo Vostochnoye,YuAO,23,73
2021-12,Mitino,SZAO,173,75
2021-12,Akademichesky,YuZAO,56,109
2021-12,Moskvorechye-Saburovo,YuAO,131,118
2021-12,Dmitrovsky,SAO,130,57
2021-12,Pervomayskoye,TAO,99,69
2021-12,Preobrazhenskoye,VAO,114,95
2021-12,Sokol,SAO,104,23
2021-12,Lianozovo,SVAO,42,23
2021-12,Maryina Roshcha,SVAO,72,16
2021-12,Desyonovskoye,NAO,99,97
2021-12,Novogireyevo,VAO,120,94
2021-12,Mosrentgen,NAO,45,117
2021-12,Nagatinsky Zaton,YuAO,144,15
2021-12,Chertanovo Tsentralnoye,YuAO,33,108
2021-12,Fili-Davydkovo,ZAO,126,40
2021-12,Zapadnoye Degunino,SAO,72,65
2021-12,Tverskoy,CAO,48,42
2021-12,Dorogomilovo,ZAO,64,109
2021-12,Shchapovskoye,TAO,25,48
2021-12,Vnukovskoye,NAO,111,103
2021-12,Veshnyaki,VAO,137,57
2021-12,Kurkino,SZAO,141,43
2021-12,Rogovskoye,TAO,99,23
2021-12,Begovoy,SAO,89,116
2021-12,Mikhaylovo-Yartsevskoye,TAO,108,81
2021-12,Mozhaysky,ZAO,109,70
2021-12,Sokolniki,VAO,157,99
2021-12,Butyrsky,SVAO,51,36
2021-12,Voykovsky,SAO,180,94
2021-12,Filyovsky Park,ZAO,179,97
2021-12,Chertanovo Severnoye,YuAO,142,28
2021-12,Ivanovskoye,VAO,28,15
2021-12,Levoberezhny,SAO,67,61
2021-12,Timiryazevsky,SAO,164,56
2021-12,Kotlovka,YuZAO,95,73
2021-12,Zelenograd,ZelAO,96,20
2021-12,Ramenki,ZAO,183,38
2021-12,Yaroslavsky,SVAO,111,42
2021-12,Savyolovsky,SAO,149,42
2021-12,Sosenskoye,NAO,180,78
2021-12,Tagansky,CAO,53,32
2021-12,Vostochny,VAO,135,118
2021-12,Kosino-Ukhtomsky,VAO,166,88
2021-12,Marfino,SVAO,160,28
2021-12,Tyoply Stan,YuZAO,43,114
2021-12,Beskudnikovsky,SAO,184,112
2021-12,Voronovskoye,TAO,137,18
2021-12,Ochakovo-Matveyevskoye,ZAO,168,89
2021-12,Koptevo,SAO,106,16
2021-12,Golyanovo,VAO,136,67
2021-12,Rostokino,SVAO,162,47
2021-12,Brateyevo,YuAO,24,59
2021-12,Otradnoye,SVAO,79,56
2021-12,Shchukino,SZAO,132,68
2021-12,Voskresenskoye,NAO,169,110
2021-12,Kokoshkino,NAO,66,11
2021-12,Yakimanka,CAO,22,39
2021-12,Losinoostrovsky,SVAO,162,65
2021-12,Sviblovo,SVAO,169,36
2021-12,Danilovsky,YuAO,119,83
2021-12,Khoroshyovsky,SAO,178,17
2021-12,Lomonosovsky,YuZAO,54,63
2021-12,Vostochnoye Izmaylovo,VAO,138,56
2021-12,Krasnoselsky,CAO,61,39
2021-12,Metrogorodok,VAO,172,78
2021-12,Zamoskvorechye,CAO,151,103
2021-12,Troitsk,TAO,188,101
2021-12,Severnoye Medvedkovo,SVAO,131,99
2021-12,Alekseevsky,SVAO,190,46
2021-12,Shcherbinka,NAO,185,64
2021-12,Severnoye Izmaylovo,VAO,63,16
2021-12,Orekhovo-Borisovo Yuzhnoye,YuAO,145,104
2021-12,Cheryomushki,YuZAO,191,46
2021-12,Donskoy,YuAO,125,66
2021-12,Ryazanovskoye,NAO,51,89
2021-12,Sokolinaya Gora,VAO,47,92
2021-12,Meshchansky,CAO,76,91
2021-12,Severnoye Tushino,SZAO,189,106
2021-12,Zyablikovo,YuAO,44,59
2021-12,Khoroshyovo-Mnyovniki,SZAO,69,51
2021-12,Zyuzino,YuZAO,32,38
2021-12,Solntsevo,ZAO,44,81
2021-12,Krylatskoye,SZAO,149,18
2021-12,Chertanovo Yuzhnoye,YuAO,50,27
2021-12,Golovinsky,SAO,92,19
2021-12,Babushkinsky,SVAO,106,35
2021-12,Prospekt Vernadskogo,ZAO,118,85
2021-12,Novokosino,VAO,177,30
2021-12,Kievsky,TAO,141,34
2021-12,Orekhovo-Borisovo Severnoye,YuAO,26,38
2021-12,Arbat,CAO,75,48
2021-12,Presnensky,CAO,31,25
2021-12,Molzhaninovsky,SAO,183,91
2021-12,Nagatino-Sadovniki,YuAO,192,84
2021-12,Khamovniki,CAO,163,68
2021-12,Tsaritsyno,YuAO,43,30
2021-12,Strogino,SZAO,36,100
2021-12,Severnoye Butovo,YuZAO,174,115
2021-12,Moskovsky,NAO,193,97
2021-12,Altufyevsky,SVAO,188,53
2021-12,Troparyovo-Nikulino,ZAO,109,17
2021-12,Gagarinsky,YuZAO,189,11
2021-12,Bibirevo,SVAO,155,24
2021-12,Marushkinskoye,NAO,43,117
2021-12,Filimonkovskoye,NAO,119,103
2021-12,Yuzhnoye Butovo,YuZAO,37,110
2021-12,Obruchevsky,YuZAO,124,78
2021-12,Novo-Peredelkino,ZAO,144,59
2021-12,Vnukovo,ZAO,157,54
2021-12,Izmaylovo,VAO,38,90
2021-12,Severny,SVAO,183,66
2022-01,Biryulyovo Vostochnoye,YuAO,108,33
2022-01,Babushkinsky,SVAO,41,94
2022-01,Khoroshyovo-Mnyovniki,SZAO,145,103
2022-01,Sosenskoye,NAO,182,61
2022-01,Molzhaninovsky,SAO,122,49
2022-01,Novogireyevo,VAO,132,13
2022-01,Dmitrovsky,SAO,157,65
2022-01,Akademichesky,YuZAO,154,27
2022-01,Marfino,SVAO,179,96
2022-01,Strogino,SZAO,99,96
2022-01,Zapadnoye Degunino,SAO,145,25
2022-01,Kuntsevo,ZAO,150,40
2022-01,Dorogomilovo,ZAO,114,23
2022-01,Novokosino,VAO,70,22
2022-01,Meshchansky,CAO,52,57
2022-01,Ryazanovskoye,NAO,182,112
2022-01,Sokolniki,VAO,56,107
2022-01,Maryina Roshcha,SVAO,45,23
2022-01,Ramenki,ZAO,42,53
2022-01,Shchapovskoye,TAO,115,88
2022-01,Desyonovskoye,NAO,108,56
2022-01,Vnukovskoye,NAO,89,81
2022-01,Alekseevsky,SVAO,173,87
2022-01,Kosino-Ukhtomsky,VAO,86,62
2022-01,Zyablikovo,YuAO,194,15
2022-01,Donskoy,YuAO,145,12
2022-01,Tyoply Stan,YuZAO,134,114
2022-01,Krasnoselsky,CAO,51,87
2022-01,Vostochnoye Izmaylovo,VAO,67,10
2022-01,Mosrentgen,NAO,87,38
2022-01,Bogorodskoye,VAO,194,88
2022-01,Metrogorodok,VAO,37,113
2022-01,Gagarinsky,YuZAO,166,107
2022-01,Danilovsky,YuAO,159,86
2022-01,Lianozovo,SVAO,148,38
2022-01,Nagatinsky Zaton,YuAO,146,82
2022-01,Sviblovo,SVAO,164,43
2022-01,Sokol,SAO,180,93
2022-01,Preobrazhenskoye,VAO,92,81
2022-01,Altufyevsky,SVAO,196,11
2022-01,Orekhovo-Borisovo Severnoye,YuAO,124,111
2022-01,Golyanovo,VAO,153,21
2022-01,Filimonkovskoye,NAO,63,47
2022-01,Chertanovo Tsentralnoye,YuAO,48,118
2022-01,Rostokino,SVAO,72,12
2022-01,Nagatino-Sadovniki,YuAO,180,116
2022-01,Pervomayskoye,TAO,65,112
2022-01,Voronovskoye,TAO,118,94
2022-01,Moskvorechye-Saburovo,YuAO,190,89
2022-01,Moskovsky,NAO,35,78
2022-01,Khamovniki,CAO,60,42
2022-01,Fili-Davydkovo,ZAO,21,27
2022-01,Kievsky,TAO,84,41
2022-01,Perovo,VAO,131,62
2022-01,Prospekt Vernadskogo,ZAO,50,109
2022-01,Tverskoy,CAO,125,61
2022-01,Mitino,SZAO,22,106
2022-01,Krylatskoye,SZAO,110,61
2022-01,Kokoshkino,NAO,68,102
2022-01,Begovoy,SAO,66,109
2022-01,Kurkino,SZAO,30,60
2022-01,Aeroport,SAO,176,86
2022-01,Rogovskoye,TAO,72,50
2022-01,Khoroshyovsky,SAO,137,69
2022-01,Lomonosovsky,YuZAO,64,47
2022-01,Nagorny,YuAO,37,23
2022-01,Troitsk,TAO,24,75
2022-01,Mozhaysky,ZAO,116,12
2022-01,Zamoskvorechye,CAO,126,44
2022-01,Ostankinsky,SVAO,192,103
2022-01,Otradnoye,SVAO,26,119
2022-01,Voskresenskoye,NAO,57,72
2022-01,Butyrsky,SVAO,61,71
2022-01,Voykovsky,SAO,113,72
2022-01,Yuzhnoye Butovo,YuZAO,100,63
2022-01,Koptevo,SAO,165,96
2022-01,Yasenevo,YuZAO,185,112
2022-01,Novo-Peredelkino,ZAO,28,83
2022-01,Marushkinskoye,NAO,197,56
2022-01,Yuzhnoye Tushino,SZAO,80,108
2022-01,Pokrovskoye-Streshnevo,SZAO,173,66
2022-01,Beskudnikovsky,SAO,81,103
2022-01,Tsaritsyno,YuAO,134,89
2022-01,Krasnopakhorskoye,TAO,81,82
2022-01,Vnukovo,ZAO,141,49
2022-01,Troparyovo-Nikulino,ZAO,54,98
2022-01,Yuzhnoye Medvedkovo,SVAO,32,77
2022-01,Ochakovo-Matveyevskoye,ZAO,111,41
2022-01,Obruchevsky,YuZAO,57,61
2022-01,Severny,SVAO,187,108
2022-01,Biryulyovo Zapadnoye,YuAO,116,102
2022-01,Khovrino,SAO,77,59
2022-01,Bibirevo,SVAO,71,44
2022-01,Klyonovskoye,TAO,159,45
2022-01,Shchukino,SZAO,168,118
2022-01,Levoberezhny,SAO,102,32
2022-01,Zyuzino,YuZAO,91,74
2022-01,Ivanovskoye,VAO,65,113
2022-01,Basmanny,CAO,71,74
2022-01,Severnoye Medvedkovo,SVAO,47,93
2022-01,Severnoye Tushino,SZAO,113,119
2022-01,Presnensky,CAO,62,112
2022-01,Izmaylovo,VAO,139,106
2022-01,Sokolinaya Gora,VAO,65,48
2022-01,Arbat,CAO,66,81
2022-01,Yaroslavsky,SVAO,76,116
2022-01,Chertanovo Yuzhnoye,YuAO,63,103
2022-01,Orekhovo-Borisovo Yuzhnoye,YuAO,90,28
2022-01,Savyolovsky,SAO,172,26
2022-01,Vostochny,VAO,127,76
2022-01,Severnoye Izmaylovo,VAO,63,70
2022-01,Tagansky,CAO,130,95
2022-01,Cheryomushki,YuZAO,67,27
2022-01,Losinoostrovsky,SVAO,60,20
2022-01,Zelenograd,ZelAO,92,19
2022-01,Filyovsky Park,ZAO,109,45
2022-01,Konkovo,YuZAO,195,74
2022-01,Chertanovo Severnoye,YuAO,151,71
2022-01,Yakimanka,CAO,86,105
2022-01,Mikhaylovo-Yartsevskoye,TAO,110,112
2022-01,Solntsevo,ZAO,167,75
2022-01,Shcherbinka,NAO,86,83
2022-01,Veshnyaki,VAO,120,76
2022-01,Severnoye Butovo,YuZAO,39,107
2022-01,Novofyodorovskoye,TAO,45,24
2022-01,Golovinsky,SAO,95,56
2022-01,Kotlovka,YuZAO,184,40
2022-01,Timiryazevsky,SAO,174,80
2022-01,Brateyevo,YuAO,99,10
2022-02,Rogovskoye,TAO,71,109
2022-02,Yasenevo,YuZAO,44,116
2022-02,Arbat,CAO,62,47
2022-02,Desyonovskoye,NAO,47,59
2022-02,Aeroport,SAO,103,50
2022-02,Khamovniki,CAO,167,48
2022-02,Novofyodorovskoye,TAO,28,98
2022-02,Preobrazhenskoye,VAO,77,10
2022-02,Nagatino-Sadovniki,YuAO,152,31
2022-02,Shcherbinka,NAO,169,71
2022-02,Losinoostrovsky,SVAO,110,102
2022-02,Savyolovsky,SAO,185,39
2022-02,Sokolinaya Gora,VAO,40,98
2022-02,Sokolniki,VAO,190,52
2022-02,Marfino,SVAO,57,38
2022-02,Chertanovo Yuzhnoye,YuAO,175,72
2022-02,Dmitrovsky,SAO,40,15
2022-02,Severnoye Butovo,YuZAO,52,41
2022-02,Veshnyaki,VAO,108,60
2022-02,Krylatskoye,SZAO,195,15
2022-02,Sosenskoye,NAO,148,47
2022-02,Voskresenskoye,NAO,55,28
2022-02,Tyoply Stan,YuZAO,152,97
2022-02,Perovo,VAO,49,92
2022-02,Zapadnoye Degunino,SAO,151,62
2022-02,Molzhaninovsky,SAO,97,18
2022-02,Kurkino,SZAO,43,31
2022-02,Vostochnoye Izmaylovo,VAO,190,110
2022-02,Kotlovka,YuZAO,195,88
2022-02,Tverskoy,CAO,146,20
2022-02,Vnukovo,ZAO,115,40
2022-02,Zamoskvorechye,CAO,137,34
2022-02,Severnoye Tushino,SZAO,133,95
2022-02,Severnoye Medvedkovo,SVAO,112,88
2022-02,Solntsevo,ZAO,82,97
2022-02,Golovinsky,SAO,87,118
2022-02,Yakimanka,CAO,158,42
2022-02,Brateyevo,YuAO,138,14
2022-02,Ochakovo-Matveyevskoye,ZAO,179,18
2022-02,Otradnoye,SVAO,75,117
2022-02,Kokoshkino,NAO,155,47
2022-02,Troitsk,TAO,22,53
2022-02,Nagorny,YuAO,99,25
2022-02,Lomonosovsky,YuZAO,155,30
2022-02,Khoroshyovsky,SAO,168,65
2022-02,Severnoye Izmaylovo,VAO,47,115
2022-02,Shchukino,SZAO,122,22
2022-02,Bibirevo,SVAO,163,109
2022-02,Severny,SVAO,140,45
2022-02,Troparyovo-Nikulino,ZAO,50,19
2022-02,Tsaritsyno,YuAO,131,102
2022-02,Marushkinskoye,NAO,74,39
2022-02,Obruchevsky,YuZAO,144,80
2022-02,Novo-Peredelkino,ZAO,46,96
2022-02,Yuzhnoye Butovo,YuZAO,196,11
2022-02,Presnensky,CAO,133,110
2022-02,Zyablikovo,YuAO,88,42
2022-02,Konkovo,YuZAO,44,10
2022-02,Beskudnikovsky,SAO,85,41
2022-02,Golyanovo,VAO,109,96
2022-02,Ramenki,ZAO,153,47
2022-02,Strogino,SZAO,55,73
2022-02,Filimonkovskoye,NAO,140,63
2022-02,Koptevo,SAO,136,76
2022-02,Moskovsky,NAO,45,44
2022-02,Metrogorodok,VAO,151,68
2022-02,Altufyevsky,SVAO,56,100
2022-02,Orekhovo-Borisovo Severnoye,YuAO,60,77
2022-02,Gagarinsky,YuZAO,103,69
2022-02,Krasnoselsky,CAO,157,119
2022-02,Danilovsky,YuAO,137,96
2022-02,Novokosino,VAO,88,66
2022-02,Sviblovo,SVAO,152,85
2022-02,Shchapovskoye,TAO,178,117
2022-02,Rostokino,SVAO,58,111
2022-02,Voronovskoye,TAO,150,118
2022-02,Ryazanovskoye,NAO,61,85
2022-02,Prospekt Vernadskogo,ZAO,175,52
2022-02,Kievsky,TAO,100,96
2022-02,Babushkinsky,SVAO,166,53
2022-02,Meshchansky,CAO,69,98
2022-02,Alekseevsky,SVAO,85,117
2022-02,Donskoy,YuAO,137,16
2022-02,Cheryomushki,YuZAO,76,91
2022-02,Khoroshyovo-Mnyovniki,SZAO,41,117
2022-02,Orekhovo-Borisovo Yuzhnoye,YuAO,34,81
2022-02,Akademichesky,YuZAO,132,47
2022-02,Ivanovskoye,VAO,182,88
2022-02,Basmanny,CAO,166,20
2022-02,Yaroslavsky,SVAO,86,117
2022-02,Vostochny,VAO,51,117
2022-02,Tagansky,CAO,22,14
2022-02,Zelenograd,ZelAO,29,34
2022-02,Kosino-Ukhtomsky,VAO,70,69
2022-02,Maryina Roshcha,SVAO,24,109
2022-02,Biryulyovo Vostochnoye,YuAO,156,30
2022-02,Zyuzino,YuZAO,186,90
2022-02,Kuntsevo,ZAO,76,68
2022-02,Mitino,SZAO,100,38
2022-02,Krasnopakhorskoye,TAO,96,52
2022-02,Pervomayskoye,TAO,148,27
2022-02,Moskvorechye-Saburovo,YuAO,40,119
2022-02,Mosrentgen,NAO,191,56
2022-02,Mikhaylovo-Yartsevskoye,TAO,111,31
2022-02,Sokol,SAO,116,21
2022-02,Lianozovo,SVAO,188,53
2022-02,Bogorodskoye,VAO,79,113
2022-02,Chertanovo Tsentralnoye,YuAO,85,24
2022-02,Fili-Davydkovo,ZAO,94,33
2022-02,Novogireyevo,VAO,156,38
2022-02,Dorogomilovo,ZAO,143,80
2022-02,Vnukovskoye,NAO,103,75
2022-02,Khovrino,SAO,184,35
2022-02,Biryulyovo Zapadnoye,YuAO,49,24
2022-02,Klyonovskoye,TAO,22,49
2022-02,Begovoy,SAO,115,60
2022-02,Levoberezhny,SAO,87,57
2022-02,Yuzhnoye Medvedkovo,SVAO,153,24
2022-02,Mozhaysky,ZAO,185,119
2022-02,Yuzhnoye Tushino,SZAO,199,48
2022-02,Pokrovskoye-Streshnevo,SZAO,22,91
2022-02,Voykovsky,SAO,106,100
2022-02,Butyrsky,SVAO,35,28
2022-02,Nagatinsky Zaton,YuAO,163,21
2022-02,Chertanovo Severnoye,YuAO,191,83
2022-02,Izmaylovo,VAO,113,38
2022-02,Filyovsky Park,ZAO,76,42
2022-02,Ostankinsky,SVAO,51,89
2022-02,Timiryazevsky,SAO,167,93
2022-03,Moskovsky,NAO,170,95
2022-03,Nagatino-Sadovniki,YuAO,167,58
2022-03,Yuzhnoye Butovo,YuZAO,87,67
2022-03,Marushkinskoye,NAO,59,35
2022-03,Shcherbinka,NAO,72,50
2022-03,Desyonovskoye,NAO,199,69
2022-03,Preobrazhenskoye,VAO,76,119
2022-03,Koptevo,SAO,69,11
2022-03,Gagarinsky,YuZAO,138,88
2022-03,Krasnopakhorskoye,TAO,74,112
2022-03,Mikhaylovo-Yartsevskoye,TAO,86,53
2022-03,Golyanovo,VAO,197,116
2022-03,Yasenevo,YuZAO,44,36
2022-03,Levoberezhny,SAO,61,10
2022-03,Zyuzino,YuZAO,87,24
2022-03,Cheryomushki,YuZAO,198,17
2022-03,Tyoply Stan,YuZAO,114,100
2022-03,Aeroport,SAO,76,39
2022-03,Ivanovskoye,VAO,58,53
2022-03,Sokolinaya Gora,VAO,106,27
2022-03,Zapadnoye Degunino,SAO,34,114
2022-03,Severnoye Izmaylovo,VAO,22,67
2022-03,Vostochny,VAO,74,10
2022-03,Izmaylovo,VAO,90,29
2022-03,Yakimanka,CAO,106,19
2022-03,Akademichesky,YuZAO,198,114
2022-03,Kokoshkino,NAO,58,35
2022-03,Yuzhnoye Medvedkovo,SVAO,155,115
2022-03,Nagorny,YuAO,58,112
2022-03,Severny,SVAO,148,16
2022-03,Lomonosovsky,YuZAO,149,86
2022-03,Tsaritsyno,YuAO,64,90
2022-03,Obruchevsky,YuZAO,22,54
2022-03,Zamoskvorechye,CAO,97,15
2022-03,Bibirevo,SVAO,143,54
2022-03,Novo-Peredelkino,ZAO,144,41
2022-03,Presnensky,CAO,74,102
2022-03,Pokrovskoye-Streshnevo,SZAO,53,99
2022-03,Troparyovo-Nikulino,ZAO,20,86
2022-03,Konkovo,YuZAO,175,54
2022-03,Zyablikovo,YuAO,50,85
2022-03,Khovrino,SAO,48,20
2022-03,Yuzhnoye Tushino,SZAO,53,63
2022-03,Shchukino,SZAO,74,36
2022-03,Beskudnikovsky,SAO,155,69
2022-03,Biryulyovo Zapadnoye,YuAO,97,35
2022-03,Begovoy,SAO,53,56
2022-03,Rogovskoye,TAO,42,102
2022-03,Mozhaysky,ZAO,32,77
2022-03,Chertanovo Severnoye,YuAO,172,117
2022-03,Klyonovskoye,TAO,131,79
2022-03,Voykovsky,SAO,196,67
2022-03,Butyrsky,SVAO,76,119
2022-03,Timiryazevsky,SAO,145,37
2022-03,Yaroslavsky,SVAO,60,55
2022-03,Nagatinsky Zaton,YuAO,30,106
2022-03,Filyovsky Park,ZAO,180,30
2022-03,Tagansky,CAO,126,18
2022-03,Khoroshyovo-Mnyovniki,SZAO,58,80
2022-03,Filimonkovskoye,NAO,139,43
2022-03,Metrogorodok,VAO,112,88
2022-03,Ramenki,ZAO,164,119
2022-03,Altufyevsky,SVAO,98,10
2022-03,Strogino,SZAO,84,108
2022-03,Orekhovo-Borisovo Severnoye,YuAO,182,33
2022-03,Danilovsky,YuAO,53,66
2022-03,Sviblovo,SVAO,192,39
2022-03,Krasnoselsky,CAO,169,86
2022-03,Novokosino,VAO,88,102
2022-03,Voronovskoye,TAO,55,19
2022-03,Ryazanovskoye,NAO,147,78
2022-03,Rostokino,SVAO,60,41
2022-03,Prospekt Vernadskogo,ZAO,140,19
2022-03,Alekseevsky,SVAO,104,22
2022-03,Ostankinsky,SVAO,66,76
2022-03,Babushkinsky,SVAO,86,100
2022-03,Orekhovo-Borisovo Yuzhnoye,YuAO,149,113
2022-03,Severnoye Medvedkovo,SVAO,52,61
2022-03,Donskoy,YuAO,83,98
2022-03,Meshchansky,CAO,42,101
2022-03,Severnoye Tushino,SZAO,184,21
2022-03,Brateyevo,YuAO,184,33
2022-03,Golovinsky,SAO,49,118
2022-03,Solntsevo,ZAO,54,14
2022-03,Kievsky,TAO,66,89
2022-03,Ochakovo-Matveyevskoye,ZAO,45,101
2022-03,Otradnoye,SVAO,140,60
2022-03,Troitsk,TAO,176,113
2022-03,Khoroshyovsky,SAO,79,109
2022-03,Kotlovka,YuZAO,117,100
2022-03,Fili-Davydkovo,ZAO,154,56
2022-03,Bogorodskoye,VAO,157,14
2022-03,Chertanovo Tsentralnoye,YuAO,105,14
2022-03,Shchapovskoye,TAO,33,68
2022-03,Novogireyevo,VAO,29,111
2022-03,Dorogomilovo,ZAO,62,70
2022-03,Vnukovskoye,NAO,179,54
2022-03,Tverskoy,CAO,91,46
2022-03,Sokolniki,VAO,115,37
2022-03,Dmitrovsky,SAO,183,16
2022-03,Kurkino,SZAO,74,53
2022-03,Savyolovsky,SAO,23,51
2022-03,Veshnyaki,VAO,157,18
2022-03,Marfino,SVAO,137,22
2022-03,Sosenskoye,NAO,142,104
2022-03,Novofyodorovskoye,TAO,94,99
2022-03,Vnukovo,ZAO,180,89
2022-03,Arbat,CAO,192,110
2022-03,Voskresenskoye,NAO,196,25
2022-03,Losinoostrovsky,SVAO,130,119
2022-03,Chertanovo Yuzhnoye,YuAO,85,53
2022-03,Severnoye Butovo,YuZAO,166,44
2022-03,Perovo,VAO,37,45
2022-03,Krylatskoye,SZAO,195,110
2022-03,Molzhaninovsky,SAO,115,105
2022-03,Vostochnoye Izmaylovo,VAO,197,19
2022-03,Khamovniki,CAO,93,68
2022-03,Sokol,SAO,125,98
2022-03,Pervomayskoye,TAO,103,65
2022-03,Biryulyovo Vostochnoye,YuAO,176,94
2022-03,Mosrentgen,NAO,68,17
2022-03,Moskvorechye-Saburovo,YuAO,60,83
2022-03,Mitino,SZAO,52,49
2022-03,Kuntsevo,ZAO,88,106
2022-03,Zelenograd,ZelAO,66,115
2022-03,Basmanny,CAO,96,113
2022-03,Kosino-Ukhtomsky,VAO,93,108
2022-03,Lianozovo,SVAO,130,24
2022-03,Maryina Roshcha,SVAO,90,65
2022-04,Klyonovskoye,TAO,160,27
2022-04,Sosenskoye,NAO,176,12
2022-04,Ivanovskoye,VAO,110,82
2022-04,Cheryomushki,YuZAO,63,102
2022-04,Severnoye Tushino,SZAO,22,10
2022-04,Maryina Roshcha,SVAO,156,49
2022-04,Aeroport,SAO,75,108
2022-04,Butyrsky,SVAO,150,93
2022-04,Zapadnoye Degunino,SAO,111,46
2022-04,Babushkinsky,SVAO,113,52
2022-04,Rostokino,SVAO,71,107
2022-04,Gagarinsky,YuZAO,138,116
2022-04,Losinoostrovsky,SVAO,198,12
2022-04,Donskoy,YuAO,93,118
2022-04,Krasnoselsky,CAO,173,65
2022-04,Tyoply Stan,YuZAO,35,43
2022-04,Novokosino,VAO,140,18
2022-04,Nagatinsky Zaton,YuAO,138,18
2022-04,Orekhovo-Borisovo Severnoye,YuAO,173,52
2022-04,Ramenki,ZAO,80,18
2022-04,Koptevo,SAO,194,115
2022-04,Krylatskoye,SZAO,75,22
2022-04,Kotlovka,YuZAO,120,72
2022-04,Filyovsky Park,ZAO,127,51
2022-04,Basmanny,CAO,64,62
2022-04,Marushkinskoye,NAO,92,55
2022-04,Troparyovo-Nikulino,ZAO,75,99
2022-04,Fili-Davydkovo,ZAO,32,108
2022-04,Moskvorechye-Saburovo,YuAO,65,112
2022-04,Pokrovskoye-Streshnevo,SZAO,20,85
2022-04,Bibirevo,SVAO,136,65
2022-04,Zyablikovo,YuAO,83,86
2022-04,Preobrazhenskoye,VAO,75,87
2022-04,Shchapovskoye,TAO,54,27
2022-04,Zamoskvorechye,CAO,135,109
2022-04,Beskudnikovsky,SAO,94,27
2022-04,Novogireyevo,VAO,63,41
2022-04,Marfino,SVAO,111,100
2022-04,Arbat,CAO,171,49
2022-04,Nagorny,YuAO,87,80
2022-04,Krasnopakhorskoye,TAO,163,43
2022-04,Lomonosovsky,YuZAO,56,15
2022-04,Otradnoye,SVAO,78,46
2022-04,Kievsky,TAO,99,35
2022-04,Kurkino,SZAO,160,62
2022-04,Ostankinsky,SVAO,24,85
2022-04,Solntsevo,ZAO,184,12
2022-04,Orekhovo-Borisovo Yuzhnoye,YuAO,118,27
2022-04,Nagatino-Sadovniki,YuAO,194,82
2022-04,Voykovsky,SAO,67,95
2022-04,Lianozovo,SVAO,174,119
2022-04,Mitino,SZAO,100,24
2022-04,Chertanovo Severnoye,YuAO,26,83
2022-04,Biryulyovo Vostochnoye,YuAO,191,46
2022-04,Tagansky,CAO,198,88
2022-04,Kosino-Ukhtomsky,VAO,126,21
2022-04,Yasenevo,YuZAO,116,14
2022-04,Yaroslavsky,SVAO,170,43
2022-04,Vostochny,VAO,47,119
2022-04,Voskresenskoye,NAO,42,57
2022-04,Akademichesky,YuZAO,125,74
2022-04,Izmaylovo,VAO,97,37
2022-04,Timiryazevsky,SAO,94,79
2022-04,Kuntsevo,ZAO,194,44
2022-04,Mozhaysky,ZAO,24,81
2022-04,Chertanovo Yuzhnoye,YuAO,159,71
2022-04,Severnoye Butovo,YuZAO,60,74
2022-04,Levoberezhny,SAO,153,17
2022-04,Rogovskoye,TAO,197,84
2022-04,Begovoy,SAO,109,95
2022-04,Sokolinaya Gora,VAO,144,67
2022-04,Yuzhnoye Medvedkovo,SVAO,30,27
2022-04,Yuzhnoye Tushino,SZAO,111,24
2022-04,Chertanovo Tsentralnoye,YuAO,178,106
2022-04,Savyolovsky,SAO,55,79
2022-04,Dmitrovsky,SAO,136,58
2022-04,Sokolniki,VAO,112,82
2022-04,Tverskoy,CAO,106,49
2022-04,Veshnyaki,VAO,28,119
2022-04,Vnukovskoye,NAO,136,45
2022-04,Desyonovskoye,NAO,125,39
2022-04,Dorogomilovo,ZAO,175,91
2022-04,Shcherbinka,NAO,100,89
2022-04,Khovrino,SAO,64,44
2022-04,Bogorodskoye,VAO,26,108
2022-04,Novofyodorovskoye,TAO,174,33
2022-04,Zyuzino,YuZAO,176,20
2022-04,Mikhaylovo-Yartsevskoye,TAO,134,19
2022-04,Sokol,SAO,53,25
2022-04,Pervomayskoye,TAO,196,18
2022-04,Mosrentgen,NAO,196,57
2022-04,Vnukovo,ZAO,56,48
2022-04,Zelenograd,ZelAO,197,24
2022-04,Voronovskoye,TAO,83,82
2022-04,Golovinsky,SAO,79,44
2022-04,Biryulyovo Zapadnoye,YuAO,165,16
2022-04,Meshchansky,CAO,84,112
2022-04,Severnoye Medvedkovo,SVAO,43,25
2022-04,Severnoye Izmaylovo,VAO,50,55
2022-04,Khamovniki,CAO,111,117
2022-04,Khoroshyovo-Mnyovniki,SZAO,125,79
2022-04,Alekseevsky,SVAO,106,54
2022-04,Prospekt Vernadskogo,ZAO,170,101
2022-04,Brateyevo,YuAO,61,80
2022-04,Ryazanovskoye,NAO,163,80
2022-04,Sviblovo,SVAO,75,65
2022-04,Golyanovo,VAO,121,39
2022-04,Danilovsky,YuAO,46,12
2022-04,Strogino,SZAO,88,114
2022-04,Yakimanka,CAO,97,98
2022-04,Moskovsky,NAO,143,74
2022-04,Altufyevsky,SVAO,189,13
2022-04,Metrogorodok,VAO,63,92
2022-04,Severny,SVAO,157,36
2022-04,Yuzhnoye Butovo,YuZAO,162,101
2022-04,Perovo,VAO,70,89
2022-04,Novo-Peredelkino,ZAO,162,73
2022-04,Obruchevsky,YuZAO,90,40
2022-04,Presnensky,CAO,198,82
2022-04,Konkovo,YuZAO,159,78
2022-04,Tsaritsyno,YuAO,141,66
2022-04,Shchukino,SZAO,34,86
2022-04,Khoroshyovsky,SAO,59,15
2022-04,Troitsk,TAO,60,58
2022-04,Ochakovo-Matveyevskoye,ZAO,93,45
2022-04,Filimonkovskoye,NAO,61,113
2022-04,Molzhaninovsky,SAO,84,47
2022-04,Vostochnoye Izmaylovo,VAO,53,26
2022-04,Kokoshkino,NAO,64,119
2022-05,Tagansky,CAO,93,67
2022-05,Metrogorodok,VAO,87,50
2022-05,Kotlovka,YuZAO,73,67
2022-05,Severnoye Butovo,YuZAO,60,59
2022-05,Perovo,VAO,176,76
2022-05,Dmitrovsky,SAO,152,55
2022-05,Sosenskoye,NAO,153,107
2022-05,Begovoy,SAO,37,55
2022-05,Moskovsky,NAO,172,28
2022-05,Novokosino,VAO,188,108
2022-05,Ryazanovskoye,NAO,114,55
2022-05,Golovinsky,SAO,167,52
2022-05,Lomonosovsky,YuZAO,191,28
2022-05,Filimonkovskoye,NAO,39,25
2022-05,Obruchevsky,YuZAO,68,105
2022-05,Konkovo,YuZAO,77,45
2022-05,Novogireyevo,VAO,112,50
2022-05,Beskudnikovsky,SAO,158,103
2022-05,Voykovsky,SAO,58,42
2022-05,Izmaylovo,VAO,38,80
2022-05,Kosino-Ukhtomsky,VAO,147,105
2022-05,Mosrentgen,NAO,96,54
2022-05,Zyuzino,YuZAO,136,71
2022-05,Shcherbinka,NAO,136,78
2022-05,Tverskoy,CAO,96,56
2022-05,Biryulyovo Vostochnoye,YuAO,151,117
2022-05,Rostokino,SVAO,92,21
2022-05,Kuntsevo,ZAO,91,81
2022-05,Zelenograd,ZelAO,120,55
2022-05,Severnoye Tushino,SZAO,117,34
2022-05,Babushkinsky,SVAO,64,115
2022-05,Pervomayskoye,TAO,109,102
2022-05,Donskoy,YuAO,100,79
2022-05,Sokol,SAO,180,19
2022-05,Bogorodskoye,VAO,125,35
2022-05,Solntsevo,ZAO,42,51
2022-05,Chertanovo Tsentralnoye,YuAO,131,91
2022-05,Kievsky,TAO,95,103
2022-05,Dorogomilovo,ZAO,107,28
2022-05,Vnukovskoye,NAO,67,28
2022-05,Krasnoselsky,CAO,199,21
2022-05,Otradnoye,SVAO,177,85
2022-05,Sokolniki,VAO,153,58
2022-05,Nagorny,YuAO,187,45
2022-05,Savyolovsky,SAO,35,26
2022-05,Zamoskvorechye,CAO,71,40
2022-05,Pokrovskoye-Streshnevo,SZAO,55,100
2022-05,Novofyodorovskoye,TAO,76,75
2022-05,Bibirevo,SVAO,175,13
2022-05,Vnukovo,ZAO,82,41
2022-05,Voskresenskoye,NAO,40,52
2022-05,Chertanovo Yuzhnoye,YuAO,180,16
2022-05,Troparyovo-Nikulino,ZAO,99,80
2022-05,Zyablikovo,YuAO,52,17
2022-05,Molzhaninovsky,SAO,65,66
2022-05,Vostochnoye Izmaylovo,VAO,197,90
2022-05,Voronovskoye,TAO,160,101
2022-05,Ochakovo-Matveyevskoye,ZAO,174,25
2022-05,Brateyevo,YuAO,117,27
2022-05,Troitsk,TAO,189,59
2022-05,Meshchansky,CAO,32,110
2022-05,Khoroshyovsky,SAO,198,65
2022-05,Shchukino,SZAO,68,49
2022-05,Severny,SVAO,21,112
2022-05,Tsaritsyno,YuAO,80,111
2022-05,Severnoye Medvedkovo,SVAO,102,110
2022-05,Novo-Peredelkino,ZAO,51,91
2022-05,Orekhovo-Borisovo Yuzhnoye,YuAO,102,86
2022-05,Khoroshyovo-Mnyovniki,SZAO,94,105
2022-05,Alekseevsky,SVAO,163,53
2022-05,Presnensky,CAO,135,89
2022-05,Prospekt Vernadskogo,ZAO,106,37
2022-05,Veshnyaki,VAO,86,87
2022-05,Biryulyovo Zapadnoye,YuAO,42,60
2022-05,Sviblovo,SVAO,179,98
2022-05,Khovrino,SAO,155,44
2022-05,Yuzhnoye Medvedkovo,SVAO,182,36
2022-05,Danilovsky,YuAO,193,115
2022-05,Yuzhnoye Tushino,SZAO,126,66
2022-05,Strogino,SZAO,114,97
2022-05,Altufyevsky,SVAO,96,11
2022-05,Rogovskoye,TAO,134,94
2022-05,Mozhaysky,ZAO,129,40
2022-05,Chertanovo Severnoye,YuAO,178,28
2022-05,Timiryazevsky,SAO,106,67
2022-05,Orekhovo-Borisovo Severnoye,YuAO,178,36
2022-05,Yaroslavsky,SVAO,56,54
2022-05,Ramenki,ZAO,82,111
2022-05,Yuzhnoye Butovo,YuZAO,76,79
2022-05,Cheryomushki,YuZAO,26,44
2022-05,Basmanny,CAO,26,117
2022-05,Mikhaylovo-Yartsevskoye,TAO,151,57
2022-05,Arbat,CAO,116,89
2022-05,Levoberezhny,SAO,141,58
2022-05,Vostochny,VAO,167,90
2022-05,Maryina Roshcha,SVAO,177,85
2022-05,Mitino,SZAO,96,44
2022-05,Akademichesky,YuZAO,152,89
2022-05,Moskvorechye-Saburovo,YuAO,68,44
2022-05,Gagarinsky,YuZAO,134,26
2022-05,Lianozovo,SVAO,189,51
2022-05,Tyoply Stan,YuZAO,187,31
2022-05,Kokoshkino,NAO,162,16
2022-05,Koptevo,SAO,187,104
2022-05,Nagatino-Sadovniki,YuAO,188,85
2022-05,Fili-Davydkovo,ZAO,198,92
2022-05,Krasnopakhorskoye,TAO,83,98
2022-05,Ostankinsky,SVAO,165,47
2022-05,Kurkino,SZAO,67,21
2022-05,Severnoye Izmaylovo,VAO,49,34
2022-05,Golyanovo,VAO,83,112
2022-05,Shchapovskoye,TAO,102,109
2022-05,Yakimanka,CAO,53,101
2022-05,Marfino,SVAO,192,43
2022-05,Preobrazhenskoye,VAO,186,50
2022-05,Yasenevo,YuZAO,134,58
2022-05,Zapadnoye Degunino,SAO,59,104
2022-05,Khamovniki,CAO,168,72
2022-05,Desyonovskoye,NAO,108,50
2022-05,Aeroport,SAO,26,101
2022-05,Butyrsky,SVAO,174,101
2022-05,Krylatskoye,SZAO,143,58
2022-05,Sokolinaya Gora,VAO,26,14
2022-05,Nagatinsky Zaton,YuAO,175,18
2022-05,Filyovsky Park,ZAO,37,27
2022-05,Klyonovskoye,TAO,129,92
2022-05,Ivanovskoye,VAO,176,56
2022-05,Losinoostrovsky,SVAO,173,68
2022-05,Marushkinskoye,NAO,38,32
2022-06,Brateyevo,YuAO,78,94
2022-06,Kurkino,SZAO,106,70
2022-06,Marfino,SVAO,164,115
2022-06,Danilovsky,YuAO,142,72
2022-06,Strogino,SZAO,57,107
2022-06,Nagatino-Sadovniki,YuAO,133,32
2022-06,Ochakovo-Matveyevskoye,ZAO,149,79
2022-06,Ryazanovskoye,NAO,173,32
2022-06,Novogireyevo,VAO,80,71
2022-06,Meshchansky,CAO,57,36
2022-06,Kotlovka,YuZAO,137,110
2022-06,Krylatskoye,SZAO,179,118
2022-06,Sviblovo,SVAO,56,71
2022-06,Orekhovo-Borisovo Yuzhnoye,YuAO,119,24
2022-06,Prospekt Vernadskogo,ZAO,133,115
2022-06,Severnoye Medvedkovo,SVAO,144,34
2022-06,Sosenskoye,NAO,70,92
2022-06,Arbat,CAO,34,50
2022-06,Alekseevsky,SVAO,32,62
2022-06,Losinoostrovsky,SVAO,120,112
2022-06,Khoroshyovo-Mnyovniki,SZAO,140,87
2022-06,Pokrovskoye-Streshnevo,SZAO,78,18
2022-06,Filyovsky Park,ZAO,162,46
2022-06,Nagorny,YuAO,66,79
2022-06,Otradnoye,SVAO,25,27
2022-06,Lomonosovsky,YuZAO,148,93
2022-06,Nagatinsky Zaton,YuAO,66,90
2022-06,Butyrsky,SVAO,187,11
2022-06,Tyoply Stan,YuZAO,107,37
2022-06,Zamoskvorechye,CAO,130,114
2022-06,Kievsky,TAO,26,91
2022-06,Klyonovskoye,TAO,196,45
2022-06,Bibirevo,SVAO,137,104
2022-06,Mitino,SZAO,79,104
2022-06,Voykovsky,SAO,97,117
2022-06,Troparyovo-Nikulino,ZAO,48,112
2022-06,Ostankinsky,SVAO,165,16
2022-06,Beskudnikovsky,SAO,91,34
2022-06,Zyablikovo,YuAO,26,48
2022-06,Rostokino,SVAO,170,91
2022-06,Shchapovskoye,TAO,75,13
2022-06,Voronovskoye,TAO,180,114
2022-06,Metrogorodok,VAO,170,70
2022-06,Krasnoselsky,CAO,193,115
2022-06,Orekhovo-Borisovo Severnoye,YuAO,109,96
2022-06,Fili-Davydkovo,ZAO,49,109
2022-06,Novokosino,VAO,34,41
2022-06,Ramenki,ZAO,45,104
2022-06,Altufyevsky,SVAO,44,56
2022-06,Lianozovo,SVAO,160,67
2022-06,Severnoye Tushino,SZAO,169,97
2022-06,Moskvorechye-Saburovo,YuAO,48,68
2022-06,Babushkinsky,SVAO,92,64
2022-06,Maryina Roshcha,SVAO,170,117
2022-06,Solntsevo,ZAO,132,23
2022-06,Donskoy,YuAO,185,112
2022-06,Basmanny,CAO,175,83
2022-06,Veshnyaki,VAO,66,105
2022-06,Yasenevo,YuZAO,83,101
2022-06,Sokolinaya Gora,VAO,38,47
2022-06,Khamovniki,CAO,36,37
2022-06,Vostochnoye Izmaylovo,VAO,129,49
2022-06,Perovo,VAO,107,65
2022-06,Molzhaninovsky,SAO,39,45
2022-06,Severnoye Butovo,YuZAO,148,103
2022-06,Chertanovo Yuzhnoye,YuAO,171,29
2022-06,Voskresenskoye,NAO,101,10
2022-06,Vnukovo,ZAO,95,39
2022-06,Novofyodorovskoye,TAO,147,94
2022-06,Desyonovskoye,NAO,164,116
2022-06,Dmitrovsky,SAO,181,85
2022-06,Savyolovsky,SAO,70,113
2022-06,Sokolniki,VAO,29,13
2022-06,Tverskoy,CAO,167,72
2022-06,Vnukovskoye,NAO,103,51
2022-06,Dorogomilovo,ZAO,124,117
2022-06,Chertanovo Tsentralnoye,YuAO,41,74
2022-06,Bogorodskoye,VAO,171,20
2022-06,Sokol,SAO,56,20
2022-06,Pervomayskoye,TAO,95,110
2022-06,Mosrentgen,NAO,57,45
2022-06,Golyanovo,VAO,76,89
2022-06,Zapadnoye Degunino,SAO,120,101
2022-06,Preobrazhenskoye,VAO,106,116
2022-06,Ivanovskoye,VAO,188,75
2022-06,Marushkinskoye,NAO,182,67
2022-06,Cheryomushki,YuZAO,131,80
2022-06,Gagarinsky,YuZAO,184,65
2022-06,Koptevo,SAO,193,100
2022-06,Krasnopakhorskoye,TAO,103,25
2022-06,Moskovsky,NAO,21,34
2022-06,Aeroport,SAO,191,103
2022-06,Yakimanka,CAO,153,88
2022-06,Golovinsky,SAO,107,84
2022-06,Severnoye Izmaylovo,VAO,70,21
2022-06,Kokoshkino,NAO,106,22
2022-06,Yuzhnoye Butovo,YuZAO,140,34
2022-06,Akademichesky,YuZAO,49,11
2022-06,Vostochny,VAO,141,66
2022-06,Izmaylovo,VAO,71,38
2022-06,Levoberezhny,SAO,95,50
2022-06,Mikhaylovo-Yartsevskoye,TAO,34,65
2022-06,Zyuzino,YuZAO,45,113
2022-06,Shcherbinka,NAO,137,49
2022-06,Tsaritsyno,YuAO,68,16
2022-06,Kosino-Ukhtomsky,VAO,50,26
2022-06,Timiryazevsky,SAO,107,80
2022-06,Shchukino,SZAO,164,27
2022-06,Yuzhnoye Tushino,SZAO,29,68
2022-06,Mozhaysky,ZAO,174,96
2022-06,Severny,SVAO,23,22
2022-06,Rogovskoye,TAO,75,80
2022-06,Novo-Peredelkino,ZAO,161,56
2022-06,Chertanovo Severnoye,YuAO,100,48
2022-06,Obruchevsky,YuZAO,138,42
2022-06,Yuzhnoye Medvedkovo,SVAO,89,18
2022-06,Begovoy,SAO,113,33
2022-06,Konkovo,YuZAO,78,31
2022-06,Presnensky,CAO,50,27
2022-06,Khovrino,SAO,25,11
2022-06,Biryulyovo Zapadnoye,YuAO,165,63
2022-06,Tagansky,CAO,77,34
2022-06,Zelenograd,ZelAO,60,108
2022-06,Kuntsevo,ZAO,120,53
2022-06,Biryulyovo Vostochnoye,YuAO,125,114
2022-06,Troitsk,TAO,139,39
2022-06,Khoroshyovsky,SAO,121,95
2022-06,Filimonkovskoye,NAO,87,45
2022-06,Yaroslavsky,SVAO,130,112
2022-07,Yakimanka,CAO,88,71
2022-07,Orekhovo-Borisovo Yuzhnoye,YuAO,122,48
2022-07,Biryulyovo Zapadnoye,YuAO,38,56
2022-07,Presnensky,CAO,83,38
2022-07,Krasnopakhorskoye,TAO,182,43
2022-07,Tsaritsyno,YuAO,117,106
2022-07,Akademichesky,YuZAO,193,33
2022-07,Moskvorechye-Saburovo,YuAO,82,111
2022-07,Pervomayskoye,TAO,112,109
2022-07,Troitsk,TAO,139,79
2022-07,Konkovo,YuZAO,51,115
2022-07,Shchapovskoye,TAO,44,65
2022-07,Severnoye Izmaylovo,VAO,43,77
2022-07,Preobrazhenskoye,VAO,189,16
2022-07,Nagatino-Sadovniki,YuAO,145,41
2022-07,Kotlovka,YuZAO,163,84
2022-07,Aeroport,SAO,74,27
2022-07,Gagarinsky,YuZAO,42,82
2022-07,Brateyevo,YuAO,138,43
2022-07,Meshchansky,CAO,53,71
2022-07,Filimonkovskoye,NAO,140,81
2022-07,Arbat,CAO,21,71
2022-07,Chertanovo Yuzhnoye,YuAO,174,25
2022-07,Biryulyovo Vostochnoye,YuAO,134,60
2022-07,Chertanovo Tsentralnoye,YuAO,49,56
2022-07,Donskoy,YuAO,28,36
2022-07,Tagansky,CAO,122,38
2022-07,Kievsky,TAO,149,58
2022-07,Nagorny,YuAO,87,22
2022-07,Izmaylovo,VAO,120,72
2022-07,Tverskoy,CAO,64,31
2022-07,Sokolniki,VAO,152,102
2022-07,Novokosino,VAO,111,76
2022-07,Zamoskvorechye,CAO,70,62
2022-07,Novofyodorovskoye,TAO,80,32
2022-07,Orekhovo-Borisovo Severnoye,YuAO,33,91
2022-07,Chertanovo Severnoye,YuAO,64,49
2022-07,Krasnoselsky,CAO,148,22
2022-07,Zyuzino,YuZAO,149,87
2022-07,Voronovskoye,TAO,124,65
2022-07,Perovo,VAO,45,66
2022-07,Beskudnikovsky,SAO,106,58
2022-07,Rogovskoye,TAO,151,93
2022-07,Zyablikovo,YuAO,139,47
2022-07,Khamovniki,CAO,100,101
2022-07,Sokolinaya Gora,VAO,21,80
2022-07,Danilovsky,YuAO,110,49
2022-07,Klyonovskoye,TAO,34,81
2022-07,Nagatinsky Zaton,YuAO,120,50
2022-07,Mikhaylovo-Yartsevskoye,TAO,67,92
2022-07,Begovoy,SAO,83,67
2022-07,Basmanny,CAO,26,99
2022-07,Shcherbinka,NAO,102,29
2022-07,Voskresenskoye,NAO,142,53
2022-07,Fili-Davydkovo,ZAO,64,30
2022-07,Ostankinsky,SVAO,155,39
2022-07,Ochakovo-Matveyevskoye,ZAO,67,64
2022-07,Yuzhnoye Tushino,SZAO,122,63
2022-07,Marushkinskoye,NAO,84,70
2022-07,Cheryomushki,YuZAO,181,118
2022-07,Obruchevsky,YuZAO,40,57
2022-07,Altufyevsky,SVAO,122,14
2022-07,Koptevo,SAO,84,30
2022-07,Marfino,SVAO,82,65
2022-07,Troparyovo-Nikulino,ZAO,116,88
2022-07,Vnukovo,ZAO,85,67
2022-07,Mozhaysky,ZAO,174,13
2022-07,Golovinsky,SAO,110,78
2022-07,Metrogorodok,VAO,88,50
2022-07,Bibirevo,SVAO,166,63
2022-07,Prospekt Vernadskogo,ZAO,39,95
2022-07,Golyanovo,VAO,55,37
2022-07,Pokrovskoye-Streshnevo,SZAO,43,51
2022-07,Otradnoye,SVAO,159,105
2022-07,Strogino,SZAO,80,119
2022-07,Ryazanovskoye,NAO,139,58
2022-07,Kokoshkino,NAO,27,118
2022-07,Yuzhnoye Butovo,YuZAO,198,72
2022-07,Kosino-Ukhtomsky,VAO,102,32
2022-07,Filyovsky Park,ZAO,184,81
2022-07,Kuntsevo,ZAO,64,101
2022-07,Zelenograd,ZelAO,121,53
2022-07,Maryina Roshcha,SVAO,161,88
2022-07,Savyolovsky,SAO,150,45
2022-07,Khovrino,SAO,148,61
2022-07,Veshnyaki,VAO,178,71
2022-07,Yuzhnoye Medvedkovo,SVAO,75,88
2022-07,Severnoye Butovo,YuZAO,67,35
2022-07,Dmitrovsky,SAO,183,51
2022-07,Mosrentgen,NAO,61,114
2022-07,Sviblovo,SVAO,65,97
2022-07,Moskovsky,NAO,90,10
2022-07,Tyoply Stan,YuZAO,187,33
2022-07,Zapadnoye Degunino,SAO,143,104
2022-07,Butyrsky,SVAO,190,31
2022-07,Mitino,SZAO,98,25
2022-07,Kurkino,SZAO,51,19
2022-07,Vnukovskoye,NAO,97,99
2022-07,Dorogomilovo,ZAO,78,30
2022-07,Ivanovskoye,VAO,151,110
2022-07,Lianozovo,SVAO,153,84
2022-07,Ramenki,ZAO,95,71
2022-07,Shchukino,SZAO,98,63
2022-07,Desyonovskoye,NAO,92,84
2022-07,Yasenevo,YuZAO,139,46
2022-07,Levoberezhny,SAO,57,86
2022-07,Vostochny,VAO,52,29
2022-07,Losinoostrovsky,SVAO,147,40
2022-07,Sokol,SAO,159,97
2022-07,Bogorodskoye,VAO,158,50
2022-07,Lomonosovsky,YuZAO,32,20
2022-07,Molzhaninovsky,SAO,49,19
2022-07,Alekseevsky,SVAO,153,52
2022-07,Vostochnoye Izmaylovo,VAO,161,22
2022-07,Severny,SVAO,161,87
2022-07,Khoroshyovsky,SAO,31,22
2022-07,Novo-Peredelkino,ZAO,141,19
2022-07,Solntsevo,ZAO,188,81
2022-07,Rostokino,SVAO,176,80
2022-07,Khoroshyovo-Mnyovniki,SZAO,51,92
2022-07,Krylatskoye,SZAO,171,87
2022-07,Severnoye Medvedkovo,SVAO,54,119
2022-07,Yaroslavsky,SVAO,84,45
2022-07,Novogireyevo,VAO,161,78
2022-07,Severnoye Tushino,SZAO,95,47
2022-07,Voykovsky,SAO,54,36
2022-07,Babushkinsky,SVAO,136,80
2022-07,Sosenskoye,NAO,120,116
2022-07,Timiryazevsky,SAO,193,44
2022-08,Rogovskoye,TAO,93,103
2022-08,Klyonovskoye,TAO,142,15
2022-08,Tyoply Stan,YuZAO,142,45
2022-08,Khamovniki,CAO,20,118
2022-08,Zapadnoye Degunino,SAO,122,71
2022-08,Babushkinsky,SVAO,190,85
2022-08,Meshchansky,CAO,108,85
2022-08,Donskoy,YuAO,185,78
2022-08,Preobrazhenskoye,VAO,45,27
2022-08,Mitino,SZAO,157,44
2022-08,Novofyodorovskoye,TAO,26,119
2022-08,Ramenki,ZAO,55,38
2022-08,Butyrsky,SVAO,168,17
2022-08,Filyovsky Park,ZAO,130,101
2022-08,Tagansky,CAO,44,12
2022-08,Basmanny,CAO,126,20
2022-08,Biryulyovo Zapadnoye,YuAO,188,30
2022-08,Sokolinaya Gora,VAO,89,52
2022-08,Alekseevsky,SVAO,138,118
2022-08,Zyuzino,YuZAO,190,98
2022-08,Khovrino,SAO,52,23
2022-08,Savyolovsky,SAO,124,85
2022-08,Izmaylovo,VAO,171,51
2022-08,Moskovsky,NAO,123,90
2022-08,Solntsevo,ZAO,79,43
2022-08,Shcherbinka,NAO,118,67
2022-08,Veshnyaki,VAO,135,65
2022-08,Nagatinsky Zaton,YuAO,23,34
2022-08,Yuzhnoye Medvedkovo,SVAO,188,96
2022-08,Yasenevo,YuZAO,117,95
2022-08,Kuntsevo,ZAO,154,60
2022-08,Krasnoselsky,CAO,27,23
2022-08,Desyonovskoye,NAO,32,77
2022-08,Aeroport,SAO,168,17
2022-08,Severnoye Izmaylovo,VAO,188,111
2022-08,Bibirevo,SVAO,40,98
2022-08,Vostochny,VAO,72,13
2022-08,Yakimanka,CAO,198,64
2022-08,Prospekt Vernadskogo,ZAO,90,71
2022-08,Molzhaninovsky,SAO,131,34
2022-08,Golyanovo,VAO,149,67
2022-08,Akademichesky,YuZAO,176,55
2022-08,Pokrovskoye-Streshnevo,SZAO,20,71
2022-08,Chertanovo Yuzhnoye,YuAO,61,91
2022-08,Zamoskvorechye,CAO,42,74
2022-08,Voskresenskoye,NAO,107,84
2022-08,Timiryazevsky,SAO,100,41
2022-08,Severnoye Medvedkovo,SVAO,58,55
2022-08,Orekhovo-Borisovo Yuzhnoye,YuAO,34,87
2022-08,Otradnoye,SVAO,83,32
2022-08,Nagorny,YuAO,148,82
2022-08,Rostokino,SVAO,111,97
2022-08,Kokoshkino,NAO,70,103
2022-08,Chertanovo Severnoye,YuAO,67,67
2022-08,Yuzhnoye Butovo,YuZAO,138,20
2022-08,Yaroslavsky,SVAO,193,30
2022-08,Ivanovskoye,VAO,110,42
2022-08,Khoroshyovo-Mnyovniki,SZAO,157,95
2022-08,Biryulyovo Vostochnoye,YuAO,127,82
2022-08,Severnoye Tushino,SZAO,147,27
2022-08,Mozhaysky,ZAO,154,82
2022-08,Marushkinskoye,NAO,22,88
2022-08,Zyablikovo,YuAO,71,12
2022-08,Mikhaylovo-Yartsevskoye,TAO,177,78
2022-08,Ostankinsky,SVAO,160,98
2022-08,Gagarinsky,YuZAO,90,118
2022-08,Orekhovo-Borisovo Severnoye,YuAO,195,91
2022-08,Vostochnoye Izmaylovo,VAO,178,63
2022-08,Kievsky,TAO,40,42
2022-08,Cheryomushki,YuZAO,162,102
2022-08,Yuzhnoye Tushino,SZAO,23,91
2022-08,Koptevo,SAO,172,106
2022-08,Troparyovo-Nikulino,ZAO,49,113
2022-08,Levoberezhny,SAO,146,42
2022-08,Krasnopakhorskoye,TAO,182,49
2022-08,Vnukovo,ZAO,111,114
2022-08,Arbat,CAO,69,23
2022-08,Tsaritsyno,YuAO,52,119
2022-08,Presnensky,CAO,114,105
2022-08,Dorogomilovo,ZAO,84,44
2022-08,Lianozovo,SVAO,20,101
2022-08,Vnukovskoye,NAO,38,69
2022-08,Nagatino-Sadovniki,YuAO,21,71
2022-08,Begovoy,SAO,101,73
2022-08,Moskvorechye-Saburovo,YuAO,163,16
2022-08,Strogino,SZAO,28,71
2022-08,Lomonosovsky,YuZAO,77,55
2022-08,Novo-Peredelkino,ZAO,184,86
2022-08,Voronovskoye,TAO,74,24
2022-08,Kurkino,SZAO,78,78
2022-08,Voykovsky,SAO,46,45
2022-08,Beskudnikovsky,SAO,120,56
2022-08,Kosino-Ukhtomsky,VAO,69,100
2022-08,Bogorodskoye,VAO,195,66
2022-08,Konkovo,YuZAO,141,15
2022-08,Metrogorodok,VAO,195,60
2022-08,Golovinsky,SAO,196,78
2022-08,Filimonkovskoye,NAO,175,60
2022-08,Chertanovo Tsentralnoye,YuAO,87,28
2022-08,Pervomayskoye,TAO,156,113
2022-08,Shchapovskoye,TAO,28,14
2022-08,Marfino,SVAO,196,38
2022-08,Khoroshyovsky,SAO,129,119
2022-08,Brateyevo,YuAO,159,56
2022-08,Obruchevsky,YuZAO,64,67
2022-08,Altufyevsky,SVAO,106,106
2022-08,Novokosino,VAO,127,119
2022-08,Troitsk,TAO,63,45
2022-08,Danilovsky,YuAO,76,99
2022-08,Ryazanovskoye,NAO,28,41
2022-08,Ochakovo-Matveyevskoye,ZAO,125,95
2022-08,Fili-Davydkovo,ZAO,133,19
2022-08,Krylatskoye,SZAO,54,11
2022-08,Tverskoy,CAO,195,30
2022-08,Shchukino,SZAO,118,41
2022-08,Losinoostrovsky,SVAO,99,44
2022-08,Novogireyevo,VAO,138,66
2022-08,Kotlovka,YuZAO,30,88
2022-08,Sviblovo,SVAO,70,118
2022-08,Severny,SVAO,180,62
2022-08,Perovo,VAO,47,31
2022-08,Maryina Roshcha,SVAO,56,57
2022-08,Severnoye Butovo,YuZAO,122,28
2022-08,Zelenograd,ZelAO,48,24
2022-08,Sosenskoye,NAO,73,118
2022-08,Dmitrovsky,SAO,64,32
2022-08,Sokolniki,VAO,76,75
2022-08,Sokol,SAO,41,118
2022-08,Mosrentgen,NAO,150,74
2022-09,Severnoye Izmaylovo,VAO,156,80
2022-09,Sviblovo,SVAO,173,50
2022-09,Yasenevo,YuZAO,175,42
2022-09,Novokosino,VAO,41,13
2022-09,Kotlovka,YuZAO,157,106
2022-09,Rostokino,SVAO,83,27
2022-09,Pokrovskoye-Streshnevo,SZAO,32,87
2022-09,Sosenskoye,NAO,55,88
2022-09,Desyonovskoye,NAO,89,37
2022-09,Ryazanovskoye,NAO,84,23
2022-09,Losinoostrovsky,SVAO,147,95
2022-09,Vostochnoye Izmaylovo,VAO,88,117
2022-09,Severnoye Medvedkovo,SVAO,184,44
2022-09,Prospekt Vernadskogo,ZAO,51,102
2022-09,Yakimanka,CAO,74,59
2022-09,Metrogorodok,VAO,133,63
2022-09,Sokolinaya Gora,VAO,49,68
2022-09,Severny,SVAO,150,73
2022-09,Golyanovo,VAO,153,55
2022-09,Timiryazevsky,SAO,73,64
2022-09,Shchapovskoye,TAO,89,108
2022-09,Koptevo,SAO,123,62
2022-09,Orekhovo-Borisovo Yuzhnoye,YuAO,113,104
2022-09,Khoroshyovsky,SAO,190,67
2022-09,Tagansky,CAO,90,87
2022-09,Danilovsky,YuAO,53,69
2022-09,Chertanovo Yuzhnoye,YuAO,28,101
2022-09,Novo-Peredelkino,ZAO,162,117
2022-09,Molzhaninovsky,SAO,54,18
2022-09,Filyovsky Park,ZAO,151,100
2022-09,Akademichesky,YuZAO,69,113
2022-09,Lomonosovsky,YuZAO,96,36
2022-09,Vostochny,VAO,182,77
2022-09,Solntsevo,ZAO,186,84
2022-09,Sokol,SAO,126,49
2022-09,Fili-Davydkovo,ZAO,162,88
2022-09,Khoroshyovo-Mnyovniki,SZAO,93,83
2022-09,Bogorodskoye,VAO,147,103
2022-09,Levoberezhny,SAO,186,117
2022-09,Voykovsky,SAO,120,16
2022-09,Kievsky,TAO,186,64
2022-09,Mikhaylovo-Yartsevskoye,TAO,70,16
2022-09,Otradnoye,SVAO,116,36
2022-09,Beskudnikovsky,SAO,121,91
2022-09,Yaroslavsky,SVAO,53,36
2022-09,Nagorny,YuAO,162,111
2022-09,Kokoshkino,NAO,99,70
2022-09,Tsaritsyno,YuAO,135,93
2022-09,Khamovniki,CAO,116,11
2022-09,Strogino,SZAO,163,33
2022-09,Nagatino-Sadovniki,YuAO,30,27
2022-09,Krylatskoye,SZAO,76,10
2022-09,Yuzhnoye Butovo,YuZAO,67,80
2022-09,Donskoy,YuAO,96,14
2022-09,Babushkinsky,SVAO,165,31
2022-09,Shchukino,SZAO,155,99
2022-09,Chertanovo Severnoye,YuAO,89,114
2022-09,Zamoskvorechye,CAO,104,71
2022-09,Alekseevsky,SVAO,35,98
2022-09,Severnoye Tushino,SZAO,132,107
2022-09,Arbat,CAO,148,90
2022-09,Novogireyevo,VAO,96,71
2022-09,Savyolovsky,SAO,76,89
2022-09,Zapadnoye Degunino,SAO,85,17
2022-09,Rogovskoye,TAO,84,82
2022-09,Butyrsky,SVAO,62,20
2022-09,Brateyevo,YuAO,119,80
2022-09,Zelenograd,ZelAO,74,35
2022-09,Troitsk,TAO,156,63
2022-09,Izmaylovo,VAO,197,93
2022-09,Preobrazhenskoye,VAO,63,18
2022-09,Altufyevsky,SVAO,196,118
2022-09,Novofyodorovskoye,TAO,173,118
2022-09,Khovrino,SAO,170,28
2022-09,Meshchansky,CAO,78,87
2022-09,Moskvorechye-Saburovo,YuAO,159,107
2022-09,Mitino,SZAO,130,16
2022-09,Begovoy,SAO,118,55
2022-09,Maryina Roshcha,SVAO,22,70
2022-09,Zyuzino,YuZAO,108,90
2022-09,Kosino-Ukhtomsky,VAO,158,97
2022-09,Nagatinsky Zaton,YuAO,180,17
2022-09,Veshnyaki,VAO,193,106
2022-09,Severnoye Butovo,YuZAO,164,25
2022-09,Yuzhnoye Medvedkovo,SVAO,96,101
2022-09,Tverskoy,CAO,33,115
2022-09,Shcherbinka,NAO,194,90
2022-09,Mosrentgen,NAO,121,77
2022-09,Aeroport,SAO,64,78
2022-09,Vnukovskoye,NAO,119,71
2022-09,Moskovsky,NAO,81,44
2022-09,Voronovskoye,TAO,36,43
2022-09,Kurkino,SZAO,23,58
2022-09,Tyoply Stan,YuZAO,87,67
2022-09,Kuntsevo,ZAO,139,56
2022-09,Perovo,VAO,141,59
2022-09,Orekhovo-Borisovo Severnoye,YuAO,104,111
2022-09,Klyonovskoye,TAO,126,72
2022-09,Marfino,SVAO,177,50
2022-09,Dmitrovsky,SAO,89,46
2022-09,Ivanovskoye,VAO,56,92
2022-09,Biryulyovo Zapadnoye,YuAO,52,96
2022-09,Yuzhnoye Tushino,SZAO,146,35
2022-09,Krasnoselsky,CAO,170,113
2022-09,Vnukovo,ZAO,104,21
2022-09,Basmanny,CAO,85,112
2022-09,Sokolniki,VAO,91,119
2022-09,Konkovo,YuZAO,123,42
2022-09,Troparyovo-Nikulino,ZAO,182,89
2022-09,Pervomayskoye,TAO,33,37
2022-09,Krasnopakhorskoye,TAO,173,100
2022-09,Filimonkovskoye,NAO,130,105
2022-09,Chertanovo Tsentralnoye,YuAO,34,73
2022-09,Golovinsky,SAO,177,87
2022-09,Voskresenskoye,NAO,34,42
2022-09,Bibirevo,SVAO,104,46
2022-09,Biryulyovo Vostochnoye,YuAO,165,22
2022-09,Presnensky,CAO,153,18
2022-09,Lianozovo,SVAO,115,85
2022-09,Mozhaysky,ZAO,95,73
2022-09,Zyablikovo,YuAO,197,119
2022-09,Dorogomilovo,ZAO,174,72
2022-09,Ramenki,ZAO,116,44
2022-09,Marushkinskoye,NAO,153,38
2022-09,Ochakovo-Matveyevskoye,ZAO,104,35
2022-09,Ostankinsky,SVAO,65,77
2022-09,Gagarinsky,YuZAO,142,17
2022-09,Obruchevsky,YuZAO,192,112
2022-09,Cheryomushki,YuZAO,60,115
2022-10,Savyolovsky,SAO,102,77
2022-10,Sokolniki,VAO,52,28
2022-10,Babushkinsky,SVAO,71,19
2022-10,Sokol,SAO,136,21
2022-10,Krasnoselsky,CAO,101,90
2022-10,Tverskoy,CAO,110,112
2022-10,Zelenograd,ZelAO,169,18
2022-10,Cheryomushki,YuZAO,46,87
2022-10,Severnoye Tushino,SZAO,129,35
2022-10,Voskresenskoye,NAO,56,98
2022-10,Chertanovo Tsentralnoye,YuAO,135,72
2022-10,Rostokino,SVAO,127,73
2022-10,Pervomayskoye,TAO,192,39
2022-10,Danilovsky,YuAO,125,36
2022-10,Vnukovo,ZAO,72,77
2022-10,Biryulyovo Vostochnoye,YuAO,24,13
2022-10,Chertanovo Yuzhnoye,YuAO,132,16
2022-10,Ramenki,ZAO,175,23
2022-10,Dorogomilovo,ZAO,94,13
2022-10,Strogino,SZAO,156,21
2022-10,Alekseevsky,SVAO,20,80
2022-10,Tagansky,CAO,116,68
2022-10,Sviblovo,SVAO,186,16
2022-10,Molzhaninovsky,SAO,93,19
2022-10,Vnukovskoye,NAO,165,53
2022-10,Novofyodorovskoye,TAO,97,112
2022-10,Bogorodskoye,VAO,127,85
2022-10,Prospekt Vernadskogo,ZAO,108,11
2022-10,Orekhovo-Borisovo Severnoye,YuAO,41,32
2022-10,Kuntsevo,ZAO,176,98
2022-10,Voronovskoye,TAO,63,86
2022-10,Altufyevsky,SVAO,199,87
2022-10,Vostochnoye Izmaylovo,VAO,122,25
2022-10,Veshnyaki,VAO,44,75
2022-10,Basmanny,CAO,35,91
2022-10,Moskvorechye-Saburovo,YuAO,159,14
2022-10,Begovoy,SAO,59,118
2022-10,Mosrentgen,NAO,68,61
2022-10,Filyovsky Park,ZAO,192,35
2022-10,Brateyevo,YuAO,117,104
2022-10,Kosino-Ukhtomsky,VAO,122,92
2022-10,Severnoye Butovo,YuZAO,34,67
2022-10,Perovo,VAO,37,58
2022-10,Kurkino,SZAO,180,61
2022-10,Troitsk,TAO,137,77
2022-10,Maryina Roshcha,SVAO,79,83
2022-10,Dmitrovsky,SAO,102,25
2022-10,Biryulyovo Zapadnoye,YuAO,25,37
2022-10,Presnensky,CAO,95,54
2022-10,Khovrino,SAO,28,115
2022-10,Zyuzino,YuZAO,49,25
2022-10,Butyrsky,SVAO,165,99
2022-10,Izmaylovo,VAO,177,102
2022-10,Losinoostrovsky,SVAO,167,44
2022-10,Moskovsky,NAO,34,106
2022-10,Shcherbinka,NAO,82,23
2022-10,Sokolinaya Gora,VAO,57,17
2022-10,Yuzhnoye Medvedkovo,SVAO,170,35
2022-10,Aeroport,SAO,60,11
2022-10,Tyoply Stan,YuZAO,153,11
2022-10,Rogovskoye,TAO,189,91
2022-10,Ryazanovskoye,NAO,157,31
2022-10,Severny,SVAO,26,75
2022-10,Kotlovka,YuZAO,154,27
2022-10,Sosenskoye,NAO,157,38
2022-10,Novogireyevo,VAO,184,97
2022-10,Krylatskoye,SZAO,159,16
2022-10,Fili-Davydkovo,ZAO,89,73
2022-10,Novo-Peredelkino,ZAO,106,115
2022-10,Beskudnikovsky,SAO,26,118
2022-10,Voykovsky,SAO,76,83
2022-10,Lomonosovsky,YuZAO,150,23
2022-10,Arbat,CAO,92,36
2022-10,Shchukino,SZAO,159,119
2022-10,Nagatino-Sadovniki,YuAO,170,83
2022-10,Nagatinsky Zaton,YuAO,86,49
2022-10,Tsaritsyno,YuAO,172,112
2022-10,Novokosino,VAO,137,78
2022-10,Shchapovskoye,TAO,170,59
2022-10,Khoroshyovsky,SAO,67,87
2022-10,Metrogorodok,VAO,23,72
2022-10,Golovinsky,SAO,26,116
2022-10,Filimonkovskoye,NAO,132,104
2022-10,Konkovo,YuZAO,174,20
2022-10,Obruchevsky,YuZAO,42,104
2022-10,Marfino,SVAO,63,30
2022-10,Ochakovo-Matveyevskoye,ZAO,55,95
2022-10,Lianozovo,SVAO,97,32
2022-10,Golyanovo,VAO,166,65
2022-10,Yaroslavsky,SVAO,65,60
2022-10,Levoberezhny,SAO,71,43
2022-10,Severnoye Medvedkovo,SVAO,140,18
2022-10,Vostochny,VAO,160,81
2022-10,Bibirevo,SVAO,91,41
2022-10,Akademichesky,YuZAO,96,87
2022-10,Kievsky,TAO,171,102
2022-10,Yakimanka,CAO,130,31
2022-10,Orekhovo-Borisovo Yuzhnoye,YuAO,162,100
2022-10,Klyonovskoye,TAO,105,92
2022-10,Otradnoye,SVAO,44,92
2022-10,Koptevo,SAO,145,93
2022-10,Pokrovskoye-Streshnevo,SZAO,185,38
2022-10,Timiryazevsky,SAO,152,54
2022-10,Chertanovo Severnoye,YuAO,73,33
2022-10,Severnoye Izmaylovo,VAO,39,91
2022-10,Kokoshkino,NAO,154,116
2022-10,Zamoskvorechye,CAO,127,100
2022-10,Nagorny,YuAO,91,63
2022-10,Yuzhnoye Butovo,YuZAO,196,49
2022-10,Gagarinsky,YuZAO,135,32
2022-10,Preobrazhenskoye,VAO,189,110
2022-10,Donskoy,YuAO,120,112
2022-10,Mitino,SZAO,41,60
2022-10,Ivanovskoye,VAO,109,76
2022-10,Khamovniki,CAO,167,85
2022-10,Solntsevo,ZAO,165,23
2022-10,Mozhaysky,ZAO,157,77
2022-10,Krasnopakhorskoye,TAO,65,34
2022-10,Zyablikovo,YuAO,176,53
2022-10,Marushkinskoye,NAO,25,113
2022-10,Meshchansky,CAO,86,109
2022-10,Zapadnoye Degunino,SAO,24,77
2022-10,Ostankinsky,SVAO,167,49
2022-10,Yuzhnoye Tushino,SZAO,49,11
2022-10,Khoroshyovo-Mnyovniki,SZAO,191,80
2022-10,Mikhaylovo-Yartsevskoye,TAO,91,25
2022-10,Desyonovskoye,NAO,41,20
2022-10,Troparyovo-Nikulino,ZAO,127,30
2022-10,Yasenevo,YuZAO,53,56
2022-11,Tsaritsyno,YuAO,192,88
2022-11,Chertanovo Severnoye,YuAO,172,46
2022-11,Tagansky,CAO,45,39
2022-11,Novo-Peredelkino,ZAO,71,93
2022-11,Khoroshyovo-Mnyovniki,SZAO,182,48
2022-11,Ochakovo-Matveyevskoye,ZAO,95,60
2022-11,Yaroslavsky,SVAO,42,32
2022-11,Zelenograd,ZelAO,159,15
2022-11,Kuntsevo,ZAO,141,65
2022-11,Rogovskoye,TAO,27,65
2022-11,Meshchansky,CAO,99,37
2022-11,Yuzhnoye Medvedkovo,SVAO,77,63
2022-11,Mozhaysky,ZAO,57,83
2022-11,Severny,SVAO,167,85
2022-11,Biryulyovo Zapadnoye,YuAO,176,36
2022-11,Troitsk,TAO,177,117
2022-11,Yuzhnoye Tushino,SZAO,146,62
2022-11,Severnoye Medvedkovo,SVAO,103,46
2022-11,Khovrino,SAO,148,78
2022-11,Khoroshyovsky,SAO,121,11
2022-11,Brateyevo,YuAO,58,111
2022-11,Prospekt Vernadskogo,ZAO,108,64
2022-11,Orekhovo-Borisovo Yuzhnoye,YuAO,155,24
2022-11,Biryulyovo Vostochnoye,YuAO,48,93
2022-11,Sviblovo,SVAO,63,79
2022-11,Presnensky,CAO,30,19
2022-11,Timiryazevsky,SAO,63,106
2022-11,Alekseevsky,SVAO,177,64
2022-11,Pervomayskoye,TAO,46,14
2022-11,Shchukino,SZAO,96,37
2022-11,Preobrazhenskoye,VAO,133,67
2022-11,Dmitrovsky,SAO,21,53
2022-11,Maryina Roshcha,SVAO,89,80
2022-11,Basmanny,CAO,165,114
2022-11,Zyuzino,YuZAO,35,25
2022-11,Butyrsky,SVAO,197,52
2022-11,Izmaylovo,VAO,188,74
2022-11,Moskovsky,NAO,181,118
2022-11,Shcherbinka,NAO,57,68
2022-11,Nagatinsky Zaton,YuAO,196,100
2022-11,Aeroport,SAO,35,13
2022-11,Tyoply Stan,YuZAO,144,42
2022-11,Klyonovskoye,TAO,86,118
2022-11,Zapadnoye Degunino,SAO,41,80
2022-11,Troparyovo-Nikulino,ZAO,155,55
2022-11,Kurkino,SZAO,72,58
2022-11,Ivanovskoye,VAO,21,78
2022-11,Mitino,SZAO,55,16
2022-11,Zyablikovo,YuAO,162,53
2022-11,Marushkinskoye,NAO,117,104
2022-11,Gagarinsky,YuZAO,140,49
2022-11,Cheryomushki,YuZAO,34,58
2022-11,Ostankinsky,SVAO,43,66
2022-11,Krasnopakhorskoye,TAO,131,15
2022-11,Bibirevo,SVAO,54,25
2022-11,Yakimanka,CAO,47,66
2022-11,Golyanovo,VAO,21,84
2022-11,Koptevo,SAO,136,40
2022-11,Pokrovskoye-Streshnevo,SZAO,57,83
2022-11,Kokoshkino,NAO,161,23
2022-11,Metrogorodok,VAO,123,29
2022-11,Sosenskoye,NAO,182,78
2022-11,Losinoostrovsky,SVAO,42,99
2022-11,Kotlovka,YuZAO,69,119
2022-11,Novogireyevo,VAO,189,93
2022-11,Krylatskoye,SZAO,76,32
2022-11,Fili-Davydkovo,ZAO,139,51
2022-11,Beskudnikovsky,SAO,29,55
2022-11,Voykovsky,SAO,30,93
2022-11,Lomonosovsky,YuZAO,81,57
2022-11,Arbat,CAO,91,48
2022-11,Nagatino-Sadovniki,YuAO,90,19
2022-11,Ryazanovskoye,NAO,107,65
2022-11,Novokosino,VAO,28,83
2022-11,Shchapovskoye,TAO,182,96
2022-11,Strogino,SZAO,49,77
2022-11,Konkovo,YuZAO,123,14
2022-11,Obruchevsky,YuZAO,138,102
2022-11,Marfino,SVAO,62,30
2022-11,Golovinsky,SAO,64,40
2022-11,Lianozovo,SVAO,77,79
2022-11,Filimonkovskoye,NAO,54,14
2022-11,Moskvorechye-Saburovo,YuAO,106,80
2022-11,Begovoy,SAO,168,56
2022-11,Filyovsky Park,ZAO,175,66
2022-11,Mosrentgen,NAO,199,48
2022-11,Kosino-Ukhtomsky,VAO,156,55
2022-11,Severnoye Butovo,YuZAO,127,74
2022-11,Perovo,VAO,159,16
2022-11,Sokolinaya Gora,VAO,39,82
2022-11,Mikhaylovo-Yartsevskoye,TAO,170,76
2022-11,Ramenki,ZAO,119,97
2022-11,Vnukovo,ZAO,151,48
2022-11,Donskoy,YuAO,20,81
2022-11,Khamovniki,CAO,122,108
2022-11,Yasenevo,YuZAO,36,100
2022-11,Voskresenskoye,NAO,44,50
2022-11,Voronovskoye,TAO,143,22
2022-11,Tverskoy,CAO,32,114
2022-11,Savyolovsky,SAO,39,51
2022-11,Desyonovskoye,NAO,175,48
2022-11,Babushkinsky,SVAO,193,114
2022-11,Vostochnoye Izmaylovo,VAO,70,48
2022-11,Molzhaninovsky,SAO,117,14
2022-11,Severnoye Tushino,SZAO,173,34
2022-11,Rostokino,SVAO,85,106
2022-11,Krasnoselsky,CAO,107,33
2022-11,Severnoye Izmaylovo,VAO,161,75
2022-11,Chertanovo Yuzhnoye,YuAO,140,64
2022-11,Sokolniki,VAO,195,119
2022-11,Altufyevsky,SVAO,40,71
2022-11,Orekhovo-Borisovo Severnoye,YuAO,116,38
2022-11,Yuzhnoye Butovo,YuZAO,76,117
2022-11,Nagorny,YuAO,161,64
2022-11,Zamoskvorechye,CAO,154,15
2022-11,Sokol,SAO,73,117
2022-11,Novofyodorovskoye,TAO,52,107
2022-11,Bogorodskoye,VAO,59,104
2022-11,Dorogomilovo,ZAO,197,94
2022-11,Chertanovo Tsentralnoye,YuAO,37,25
2022-11,Solntsevo,ZAO,25,58
2022-11,Kievsky,TAO,29,22
2022-11,Akademichesky,YuZAO,199,81
2022-11,Vostochny,VAO,110,11
2022-11,Levoberezhny,SAO,173,34
2022-11,Otradnoye,SVAO,138,97
2022-11,Danilovsky,YuAO,162,99
2022-11,Vnukovskoye,NAO,23,36
2022-11,Veshnyaki,VAO,191,96
2022-12,Khoroshyovo-Mnyovniki,SZAO,199,101
2022-12,Khoroshyovsky,SAO,179,14
2022-12,Marfino,SVAO,101,92
2022-12,Orekhovo-Borisovo Severnoye,YuAO,53,22
2022-12,Arbat,CAO,162,63
2022-12,Lianozovo,SVAO,51,89
2022-12,Krasnoselsky,CAO,67,72
2022-12,Voronovskoye,TAO,20,15
2022-12,Shchapovskoye,TAO,34,71
2022-12,Nagatino-Sadovniki,YuAO,121,72
2022-12,Kurkino,SZAO,71,49
2022-12,Prospekt Vernadskogo,ZAO,127,71
2022-12,Sviblovo,SVAO,190,45
2022-12,Krylatskoye,SZAO,118,58
2022-12,Danilovsky,YuAO,87,97
2022-12,Fili-Davydkovo,ZAO,195,82
2022-12,Losinoostrovsky,SVAO,155,20
2022-12,Strogino,SZAO,195,43
2022-12,Sosenskoye,NAO,23,104
2022-12,Troitsk,TAO,159,119
2022-12,Pokrovskoye-Streshnevo,SZAO,118,26
2022-12,Nagorny,YuAO,21,51
2022-12,Orekhovo-Borisovo Yuzhnoye,YuAO,191,36
2022-12,Solntsevo,ZAO,58,61
2022-12,Zamoskvorechye,CAO,94,35
2022-12,Bibirevo,SVAO,170,108
2022-12,Kievsky,TAO,194,54
2022-12,Ostankinsky,SVAO,63,27
2022-12,Zyablikovo,YuAO,181,29
2022-12,Mitino,SZAO,140,63
2022-12,Otradnoye,SVAO,71,109
2022-12,Severnoye Medvedkovo,SVAO,191,14
2022-12,Troparyovo-Nikulino,ZAO,169,84
2022-12,Donskoy,YuAO,86,30
2022-12,Meshchansky,CAO,185,119
2022-12,Moskvorechye-Saburovo,YuAO,118,25
2022-12,Klyonovskoye,TAO,142,29
2022-12,Basmanny,CAO,123,39
2022-12,Nagatinsky Zaton,YuAO,93,42
2022-12,Babushkinsky,SVAO,30,104
2022-12,Butyrsky,SVAO,35,53
2022-12,Severnoye Tushino,SZAO,114,19
2022-12,Maryina Roshcha,SVAO,38,24
2022-12,Alekseevsky,SVAO,105,64
2022-12,Rostokino,SVAO,183,80
2022-12,Brateyevo,YuAO,151,102
2022-12,Ramenki,ZAO,73,47
2022-12,Ochakovo-Matveyevskoye,ZAO,103,71
2022-12,Filyovsky Park,ZAO,127,53
2022-12,Altufyevsky,SVAO,190,40
2022-12,Biryulyovo Vostochnoye,YuAO,169,116
2022-12,Chertanovo Tsentralnoye,YuAO,69,84
2022-12,Dorogomilovo,ZAO,99,68
2022-12,Cheryomushki,YuZAO,48,47
2022-12,Gagarinsky,YuZAO,118,20
2022-12,Bogorodskoye,VAO,150,82
2022-12,Sokol,SAO,73,41
2022-12,Marushkinskoye,NAO,91,105
2022-12,Pervomayskoye,TAO,164,74
2022-12,Preobrazhenskoye,VAO,121,76
2022-12,Ivanovskoye,VAO,164,46
2022-12,Zapadnoye Degunino,SAO,117,109
2022-12,Zelenograd,ZelAO,174,118
2022-12,Kuntsevo,ZAO,167,29
2022-12,Golyanovo,VAO,123,106
2022-12,Tyoply Stan,YuZAO,117,53
2022-12,Aeroport,SAO,137,32
2022-12,Tagansky,CAO,31,109
2022-12,Shcherbinka,NAO,164,119
2022-12,Moskovsky,NAO,114,32
2022-12,Izmaylovo,VAO,167,48
2022-12,Zyuzino,YuZAO,196,106
2022-12,Yaroslavsky,SVAO,128,13
2022-12,Chertanovo Severnoye,YuAO,96,18
2022-12,Timiryazevsky,SAO,103,111
2022-12,Dmitrovsky,SAO,128,39
2022-12,Severnoye Butovo,YuZAO,129,22
2022-12,Levoberezhny,SAO,150,101
2022-12,Molzhaninovsky,SAO,149,77
2022-12,Vostochnoye Izmaylovo,VAO,88,79
2022-12,Chertanovo Yuzhnoye,YuAO,192,106
2022-12,Sokolinaya Gora,VAO,43,63
2022-12,Voskresenskoye,NAO,27,25
2022-12,Vnukovo,ZAO,89,117
2022-12,Yasenevo,YuZAO,188,76
2022-12,Khamovniki,CAO,195,25
2022-12,Mikhaylovo-Yartsevskoye,TAO,197,74
2022-12,Desyonovskoye,NAO,136,55
2022-12,Veshnyaki,VAO,50,113
2022-12,Novofyodorovskoye,TAO,35,106
2022-12,Severny,SVAO,59,69
2022-12,Akademichesky,YuZAO,87,38
2022-12,Tverskoy,CAO,130,65
2022-12,Savyolovsky,SAO,89,42
2022-12,Vostochny,VAO,152,20
2022-12,Sokolniki,VAO,55,17
2022-12,Yuzhnoye Butovo,YuZAO,97,84
2022-12,Severnoye Izmaylovo,VAO,37,14
2022-12,Kokoshkino,NAO,123,28
2022-12,Koptevo,SAO,106,33
2022-12,Vnukovskoye,NAO,34,72
2022-12,Yakimanka,CAO,53,91
2022-12,Krasnopakhorskoye,TAO,85,27
2022-12,Konkovo,YuZAO,50,106
2022-12,Novogireyevo,VAO,35,31
2022-12,Shchukino,SZAO,38,116
2022-12,Filimonkovskoye,NAO,39,44
2022-12,Golovinsky,SAO,58,49
2022-12,Yuzhnoye Medvedkovo,SVAO,151,78
2022-12,Beskudnikovsky,SAO,40,78
2022-12,Voykovsky,SAO,46,62
2022-12,Obruchevsky,YuZAO,125,47
2022-12,Biryulyovo Zapadnoye,YuAO,62,88
2022-12,Lomonosovsky,YuZAO,102,13
2022-12,Metrogorodok,VAO,27,118
2022-12,Rogovskoye,TAO,23,87
2022-12,Novokosino,VAO,52,48
2022-12,Perovo,VAO,130,87
2022-12,Ryazanovskoye,NAO,173,46
2022-12,Presnensky,CAO,20,43
2022-12,Khovrino,SAO,113,73
2022-12,Kosino-Ukhtomsky,VAO,103,10
2022-12,Tsaritsyno,YuAO,66,27
2022-12,Begovoy,SAO,131,58
2022-12,Mozhaysky,ZAO,21,100
2022-12,Novo-Peredelkino,ZAO,47,66
2022-12,Kotlovka,YuZAO,191,77
2022-12,Mosrentgen,NAO,140,11
2022-12,Yuzhnoye Tushino,SZAO,121,113
2023-01,Severnoye Izmaylovo,VAO,198,30
2023-01,Losinoostrovsky,SVAO,115,75
2023-01,Lomonosovsky,YuZAO,186,11
2023-01,Vostochnoye Izmaylovo,VAO,122,45
2023-01,Vostochny,VAO,155,19
2023-01,Nagorny,YuAO,61,118
2023-01,Yuzhnoye Butovo,YuZAO,156,42
2023-01,Arbat,CAO,59,57
2023-01,Sosenskoye,NAO,85,72
2023-01,Voykovsky,SAO,171,92
2023-01,Lianozovo,SVAO,159,92
2023-01,Pokrovskoye-Streshnevo,SZAO,163,111
2023-01,Ryazanovskoye,NAO,31,94
2023-01,Kokoshkino,NAO,68,47
2023-01,Koptevo,SAO,175,75
2023-01,Severny,SVAO,132,18
2023-01,Molzhaninovsky,SAO,131,23
2023-01,Metrogorodok,VAO,122,69
2023-01,Novogireyevo,VAO,95,75
2023-01,Khamovniki,CAO,29,45
2023-01,Donskoy,YuAO,130,66
2023-01,Mikhaylovo-Yartsevskoye,TAO,40,102
2023-01,Fili-Davydkovo,ZAO,125,97
2023-01,Beskudnikovsky,SAO,154,81
2023-01,Otradnoye,SVAO,54,101
2023-01,Yasenevo,YuZAO,142,52
2023-01,Babushkinsky,SVAO,28,114
2023-01,Ramenki,ZAO,65,56
2023-01,Desyonovskoye,NAO,36,80
2023-01,Levoberezhny,SAO,92,101
2023-01,Kotlovka,YuZAO,26,76
2023-01,Sokolinaya Gora,VAO,88,107
2023-01,Akademichesky,YuZAO,87,66
2023-01,Kievsky,TAO,133,105
2023-01,Zamoskvorechye,CAO,185,85
2023-01,Krylatskoye,SZAO,127,62
2023-01,Filyovsky Park,ZAO,114,33
2023-01,Tyoply Stan,YuZAO,147,95
2023-01,Filimonkovskoye,NAO,127,73
2023-01,Klyonovskoye,TAO,24,24
2023-01,Basmanny,CAO,141,46
2023-01,Aeroport,SAO,20,54
2023-01,Nagatinsky Zaton,YuAO,105,114
2023-01,Shcherbinka,NAO,28,79
2023-01,Moskvorechye-Saburovo,YuAO,81,15
2023-01,Begovoy,SAO,179,39
2023-01,Moskovsky,NAO,173,73
2023-01,Golovinsky,SAO,168,25
2023-01,Izmaylovo,VAO,27,25
2023-01,Mosrentgen,NAO,188,101
2023-01,Butyrsky,SVAO,128,119
2023-01,Zyuzino,YuZAO,100,78
2023-01,Maryina Roshcha,SVAO,175,72
2023-01,Kosino-Ukhtomsky,VAO,95,118
2023-01,Dmitrovsky,SAO,61,41
2023-01,Severnoye Butovo,YuZAO,152,92
2023-01,Kurkino,SZAO,129,101
2023-01,Perovo,VAO,185,36
2023-01,Gagarinsky,YuZAO,136,108
2023-01,Yakimanka,CAO,109,100
2023-01,Krasnopakhorskoye,TAO,190,47
2023-01,Nagatino-Sadovniki,YuAO,162,35
2023-01,Bibirevo,SVAO,199,38
2023-01,Shchapovskoye,TAO,192,64
2023-01,Golyanovo,VAO,47,111
2023-01,Ostankinsky,SVAO,171,116
2023-01,Cheryomushki,YuZAO,70,90
2023-01,Novokosino,VAO,24,51
2023-01,Konkovo,YuZAO,98,45
2023-01,Solntsevo,ZAO,37,27
2023-01,Marushkinskoye,NAO,135,68
2023-01,Zyablikovo,YuAO,146,102
2023-01,Mitino,SZAO,138,49
2023-01,Zapadnoye Degunino,SAO,64,49
2023-01,Preobrazhenskoye,VAO,162,83
2023-01,Obruchevsky,YuZAO,193,113
2023-01,Marfino,SVAO,87,26
2023-01,Ivanovskoye,VAO,71,118
2023-01,Troparyovo-Nikulino,ZAO,95,98
2023-01,Chertanovo Severnoye,YuAO,133,63
2023-01,Khovrino,SAO,35,67
2023-01,Novofyodorovskoye,TAO,45,49
2023-01,Presnensky,CAO,138,71
2023-01,Ochakovo-Matveyevskoye,ZAO,69,102
2023-01,Strogino,SZAO,157,111
2023-01,Yaroslavsky,SVAO,74,68
2023-01,Rogovskoye,TAO,90,84
2023-01,Sokol,SAO,174,71
2023-01,Brateyevo,YuAO,125,82
2023-01,Bogorodskoye,VAO,103,73
2023-01,Tverskoy,CAO,146,33
2023-01,Savyolovsky,SAO,101,62
2023-01,Sokolniki,VAO,142,118
2023-01,Krasnoselsky,CAO,143,86
2023-01,Orekhovo-Borisovo Severnoye,YuAO,76,28
2023-01,Biryulyovo Zapadnoye,YuAO,68,104
2023-01,Timiryazevsky,SAO,42,33
2023-01,Troitsk,TAO,68,116
2023-01,Dorogomilovo,ZAO,145,59
2023-01,Voronovskoye,TAO,68,44
2023-01,Chertanovo Tsentralnoye,YuAO,94,46
2023-01,Meshchansky,CAO,53,102
2023-01,Danilovsky,YuAO,111,99
2023-01,Yuzhnoye Medvedkovo,SVAO,94,42
2023-01,Orekhovo-Borisovo Yuzhnoye,YuAO,48,85
2023-01,Vnukovskoye,NAO,74,37
2023-01,Mozhaysky,ZAO,193,77
2023-01,Yuzhnoye Tushino,SZAO,137,102
2023-01,Severnoye Medvedkovo,SVAO,164,52
2023-01,Altufyevsky,SVAO,104,72
2023-01,Biryulyovo Vostochnoye,YuAO,98,84
2023-01,Novo-Peredelkino,ZAO,80,58
2023-01,Chertanovo Yuzhnoye,YuAO,109,29
2023-01,Prospekt Vernadskogo,ZAO,152,93
2023-01,Tsaritsyno,YuAO,107,31
2023-01,Severnoye Tushino,SZAO,163,82
2023-01,Sviblovo,SVAO,56,25
2023-01,Pervomayskoye,TAO,109,12
2023-01,Khoroshyovsky,SAO,44,12
2023-01,Voskresenskoye,NAO,89,27
2023-01,Shchukino,SZAO,109,25
2023-01,Rostokino,SVAO,183,41
2023-01,Zelenograd,ZelAO,71,82
2023-01,Alekseevsky,SVAO,194,20
2023-01,Khoroshyovo-Mnyovniki,SZAO,177,37
2023-01,Veshnyaki,VAO,41,71
2023-01,Kuntsevo,ZAO,143,61
2023-01,Tagansky,CAO,131,101
2023-01,Vnukovo,ZAO,177,31
2023-02,Basmanny,CAO,64,79
2023-02,Tyoply Stan,YuZAO,128,96
2023-02,Biryulyovo Vostochnoye,YuAO,29,86
2023-02,Yuzhnoye Tushino,SZAO,185,42
2023-02,Alekseevsky,SVAO,136,114
2023-02,Perovo,VAO,162,64
2023-02,Orekhovo-Borisovo Yuzhnoye,YuAO,49,96
2023-02,Kurkino,SZAO,177,25
2023-02,Kuntsevo,ZAO,87,27
2023-02,Yaroslavsky,SVAO,33,99
2023-02,Severnoye Butovo,YuZAO,197,82
2023-02,Shcherbinka,NAO,68,47
2023-02,Meshchansky,CAO,102,43
2023-02,Timiryazevsky,SAO,79,34
2023-02,Chertanovo Severnoye,YuAO,78,69
2023-02,Zyuzino,YuZAO,197,108
2023-02,Izmaylovo,VAO,114,70
2023-02,Aeroport,SAO,170,18
2023-02,Tagansky,CAO,96,96
2023-02,Maryina Roshcha,SVAO,104,12
2023-02,Dmitrovsky,SAO,79,117
2023-02,Moskovsky,NAO,139,84
2023-02,Nagatinsky Zaton,YuAO,78,73
2023-02,Butyrsky,SVAO,109,25
2023-02,Khoroshyovo-Mnyovniki,SZAO,46,67
2023-02,Arbat,CAO,146,38
2023-02,Nagatino-Sadovniki,YuAO,161,93
2023-02,Metrogorodok,VAO,68,109
2023-02,Ryazanovskoye,NAO,191,27
2023-02,Khovrino,SAO,108,25
2023-02,Lianozovo,SVAO,167,86
2023-02,Krylatskoye,SZAO,116,90
2023-02,Voykovsky,SAO,98,86
2023-02,Lomonosovsky,YuZAO,129,104
2023-02,Shchukino,SZAO,23,51
2023-02,Shchapovskoye,TAO,54,83
2023-02,Khoroshyovsky,SAO,151,43
2023-02,Beskudnikovsky,SAO,111,44
2023-02,Fili-Davydkovo,ZAO,82,77
2023-02,Sosenskoye,NAO,162,72
2023-02,Tsaritsyno,YuAO,20,33
2023-02,Novogireyevo,VAO,23,20
2023-02,Novo-Peredelkino,ZAO,37,67
2023-02,Kotlovka,YuZAO,88,61
2023-02,Losinoostrovsky,SVAO,161,67
2023-02,Severny,SVAO,73,56
2023-02,Marfino,SVAO,68,118
2023-02,Mozhaysky,ZAO,171,25
2023-02,Filyovsky Park,ZAO,111,30
2023-02,Mosrentgen,NAO,127,105
2023-02,Golovinsky,SAO,99,51
2023-02,Yuzhnoye Medvedkovo,SVAO,33,57
2023-02,Begovoy,SAO,126,73
2023-02,Moskvorechye-Saburovo,YuAO,35,52
2023-02,Filimonkovskoye,NAO,162,91
2023-02,Klyonovskoye,TAO,80,23
2023-02,Troitsk,TAO,58,89
2023-02,Kosino-Ukhtomsky,VAO,28,54
2023-02,Obruchevsky,YuZAO,73,31
2023-02,Biryulyovo Zapadnoye,YuAO,113,56
2023-02,Severnoye Medvedkovo,SVAO,34,26
2023-02,Ochakovo-Matveyevskoye,ZAO,99,65
2023-02,Brateyevo,YuAO,177,70
2023-02,Konkovo,YuZAO,52,13
2023-02,Novokosino,VAO,151,53
2023-02,Rogovskoye,TAO,106,117
2023-02,Presnensky,CAO,29,62
2023-02,Solntsevo,ZAO,60,45
2023-02,Sokolniki,VAO,21,47
2023-02,Savyolovsky,SAO,136,72
2023-02,Veshnyaki,VAO,41,18
2023-02,Kokoshkino,NAO,32,42
2023-02,Mikhaylovo-Yartsevskoye,TAO,170,115
2023-02,Koptevo,SAO,50,36
2023-02,Vnukovskoye,NAO,43,109
2023-02,Chertanovo Tsentralnoye,YuAO,54,103
2023-02,Pokrovskoye-Streshnevo,SZAO,157,91
2023-02,Khamovniki,CAO,159,103
2023-02,Yakimanka,CAO,165,85
2023-02,Vnukovo,ZAO,175,45
2023-02,Rostokino,SVAO,83,115
2023-02,Prospekt Vernadskogo,ZAO,174,96
2023-02,Danilovsky,YuAO,186,80
2023-02,Babushkinsky,SVAO,82,20
2023-02,Bibirevo,SVAO,67,26
2023-02,Yuzhnoye Butovo,YuZAO,139,100
2023-02,Orekhovo-Borisovo Severnoye,YuAO,195,79
2023-02,Akademichesky,YuZAO,115,81
2023-02,Tverskoy,CAO,194,104
2023-02,Kievsky,TAO,45,108
2023-02,Zamoskvorechye,CAO,109,70
2023-02,Vostochny,VAO,175,103
2023-02,Levoberezhny,SAO,100,28
2023-02,Nagorny,YuAO,21,58
2023-02,Krasnopakhorskoye,TAO,75,90
2023-02,Krasnoselsky,CAO,69,59
2023-02,Desyonovskoye,NAO,160,78
2023-02,Novofyodorovskoye,TAO,96,75
2023-02,Otradnoye,SVAO,47,118
2023-02,Severnoye Izmaylovo,VAO,112,43
2023-02,Altufyevsky,SVAO,160,38
2023-02,Voronovskoye,TAO,158,15
2023-02,Donskoy,YuAO,196,112
2023-02,Zapadnoye Degunino,SAO,76,56
2023-02,Mitino,SZAO,180,80
2023-02,Vostochnoye Izmaylovo,VAO,67,42
2023-02,Strogino,SZAO,103,63
2023-02,Yasenevo,YuZAO,36,57
2023-02,Marushkinskoye,NAO,186,51
2023-02,Sokol,SAO,174,10
2023-02,Zyablikovo,YuAO,93,48
2023-02,Chertanovo Yuzhnoye,YuAO,175,68
2023-02,Ramenki,ZAO,197,116
2023-02,Zelenograd,ZelAO,132,69
2023-02,Severnoye Tushino,SZAO,153,116
2023-02,Molzhaninovsky,SAO,58,24
2023-02,Preobrazhenskoye,VAO,22,62
2023-02,Sviblovo,SVAO,67,77
2023-02,Ivanovskoye,VAO,51,39
2023-02,Troparyovo-Nikulino,ZAO,117,11
2023-02,Pervomayskoye,TAO,155,50
2023-02,Sokolinaya Gora,VAO,149,81
2023-02,Golyanovo,VAO,159,89
2023-02,Voskresenskoye,NAO,28,105
2023-02,Ostankinsky,SVAO,192,116
2023-02,Dorogomilovo,ZAO,184,84
2023-02,Cheryomushki,YuZAO,22,114
2023-02,Bogorodskoye,VAO,74,68
2023-02,Gagarinsky,YuZAO,156,52
2023-03,Mikhaylovo-Yartsevskoye,TAO,58,100
2023-03,Sosenskoye,NAO,26,11
2023-03,Tyoply Stan,YuZAO,199,73
2023-03,Kotlovka,YuZAO,125,62
2023-03,Krylatskoye,SZAO,42,95
2023-03,Shchapovskoye,TAO,182,62
2023-03,Novofyodorovskoye,TAO,127,101
2023-03,Fili-Davydkovo,ZAO,46,77
2023-03,Nagatino-Sadovniki,YuAO,57,49
2023-03,Novo-Peredelkino,ZAO,70,59
2023-03,Khoroshyovo-Mnyovniki,SZAO,93,34
2023-03,Voskresenskoye,NAO,110,67
2023-03,Desyonovskoye,NAO,157,60
2023-03,Chertanovo Yuzhnoye,YuAO,174,58
2023-03,Ramenki,ZAO,122,101
2023-03,Shchukino,SZAO,92,67
2023-03,Tsaritsyno,YuAO,64,66
2023-03,Severnoye Tushino,SZAO,130,14
2023-03,Vnukovo,ZAO,195,82
2023-03,Lomonosovsky,YuZAO,50,114
2023-03,Yasenevo,YuZAO,178,82
2023-03,Ryazanovskoye,NAO,78,32
2023-03,Gagarinsky,YuZAO,192,84
2023-03,Krasnopakhorskoye,TAO,157,16
2023-03,Kurkino,SZAO,139,56
2023-03,Yuzhnoye Tushino,SZAO,145,98
2023-03,Severnoye Butovo,YuZAO,76,92
2023-03,Cheryomushki,YuZAO,35,77
2023-03,Moskovsky,NAO,188,55
2023-03,Dorogomilovo,ZAO,108,65
2023-03,Zyuzino,YuZAO,32,66
2023-03,Mitino,SZAO,111,29
2023-03,Chertanovo Severnoye,YuAO,126,73
2023-03,Orekhovo-Borisovo Yuzhnoye,YuAO,154,64
2023-03,Kuntsevo,ZAO,24,60
2023-03,Ochakovo-Matveyevskoye,ZAO,60,21
2023-03,Marushkinskoye,NAO,80,92
2023-03,Shcherbinka,NAO,54,10
2023-03,Zelenograd,ZelAO,53,90
2023-03,Nagatinsky Zaton,YuAO,30,56
2023-03,Pervomayskoye,TAO,54,104
2023-03,Klyonovskoye,TAO,101,57
2023-03,Strogino,SZAO,142,94
2023-03,Troparyovo-Nikulino,ZAO,182,81
2023-03,Pokrovskoye-Streshnevo,SZAO,138,29
2023-03,Rogovskoye,TAO,142,102
2023-03,Kievsky,TAO,166,95
2023-03,Konkovo,YuZAO,194,119
2023-03,Akademichesky,YuZAO,166,94
2023-03,Nagorny,YuAO,127,38
2023-03,Yuzhnoye Butovo,YuZAO,49,96
2023-03,Obruchevsky,YuZAO,110,80
2023-03,Voronovskoye,TAO,62,37
2023-03,Moskvorechye-Saburovo,YuAO,95,19
2023-03,Troitsk,TAO,123,56
2023-03,Orekhovo-Borisovo Severnoye,YuAO,111,87
2023-03,Filimonkovskoye,NAO,44,39
2023-03,Vnukovskoye,NAO,152,26
2023-03,Kokoshkino,NAO,23,33
2023-03,Mosrentgen,NAO,119,69
2023-03,Filyovsky Park,ZAO,166,75
2023-03,Mozhaysky,ZAO,143,61
2023-03,Chertanovo Tsentralnoye,YuAO,169,110
2023-03,Solntsevo,ZAO,193,94
2023-03,Prospekt Vernadskogo,ZAO,69,101
2023-03,Presnensky,CAO,188,101
2023-03,Timiryazevsky,SAO,172,69
2023-03,Bogorodskoye,VAO,110,71
2023-03,Golyanovo,VAO,143,53
2023-03,Otradnoye,SVAO,70,58
2023-03,Severnoye Izmaylovo,VAO,97,100
2023-03,Koptevo,SAO,99,56
2023-03,Severny,SVAO,42,36
2023-03,Basmanny,CAO,58,82
2023-03,Aeroport,SAO,193,91
2023-03,Krasnoselsky,CAO,67,106
2023-03,Butyrsky,SVAO,85,23
2023-03,Meshchansky,CAO,162,109
2023-03,Golovinsky,SAO,72,115
2023-03,Levoberezhny,SAO,29,102
2023-03,Danilovsky,YuAO,111,45
2023-03,Biryulyovo Zapadnoye,YuAO,75,83
2023-03,Preobrazhenskoye,VAO,149,48
2023-03,Severnoye Medvedkovo,SVAO,94,23
2023-03,Ostankinsky,SVAO,165,15
2023-03,Dmitrovsky,SAO,155,91
2023-03,Losinoostrovsky,SVAO,199,73
2023-03,Begovoy,SAO,134,80
2023-03,Vostochny,VAO,53,84
2023-03,Sviblovo,SVAO,165,35
2023-03,Sokolinaya Gora,VAO,52,19
2023-03,Novogireyevo,VAO,34,29
2023-03,Yakimanka,CAO,167,60
2023-03,Arbat,CAO,131,105
2023-03,Brateyevo,YuAO,111,56
2023-03,Sokolniki,VAO,135,59
2023-03,Lianozovo,SVAO,178,47
2023-03,Tagansky,CAO,180,51
2023-03,Zapadnoye Degunino,SAO,138,92
2023-03,Veshnyaki,VAO,152,95
2023-03,Yaroslavsky,SVAO,144,106
2023-03,Khamovniki,CAO,118,109
2023-03,Biryulyovo Vostochnoye,YuAO,174,76
2023-03,Altufyevsky,SVAO,175,63
2023-03,Rostokino,SVAO,138,117
2023-03,Maryina Roshcha,SVAO,96,50
2023-03,Donskoy,YuAO,176,25
2023-03,Voykovsky,SAO,125,34
2023-03,Savyolovsky,SAO,78,68
2023-03,Perovo,VAO,160,26
2023-03,Babushkinsky,SVAO,64,44
2023-03,Alekseevsky,SVAO,20,62
2023-03,Izmaylovo,VAO,44,12
2023-03,Tverskoy,CAO,69,62
2023-03,Yuzhnoye Medvedkovo,SVAO,173,118
2023-03,Novokosino,VAO,122,75
2023-03,Sokol,SAO,104,82
2023-03,Metrogorodok,VAO,69,58
2023-03,Zamoskvorechye,CAO,28,106
2023-03,Zyablikovo,YuAO,172,64
2023-03,Beskudnikovsky,SAO,52,62
2023-03,Khovrino,SAO,61,14
2023-03,Marfino,SVAO,133,16
2023-03,Bibirevo,SVAO,137,42
2023-03,Kosino-Ukhtomsky,VAO,96,46
2023-03,Khoroshyovsky,SAO,78,79
2023-03,Molzhaninovsky,SAO,30,26
2023-03,Vostochnoye Izmaylovo,VAO,63,31
2023-03,Ivanovskoye,VAO,129,61
2023-04,Filyovsky Park,ZAO,72,52
2023-04,Maryina Roshcha,SVAO,50,41
2023-04,Chertanovo Severnoye,YuAO,184,110
2023-04,Lomonosovsky,YuZAO,154,89
2023-04,Kosino-Ukhtomsky,VAO,160,44
2023-04,Beskudnikovsky,SAO,187,44
2023-04,Biryulyovo Zapadnoye,YuAO,95,87
2023-04,Filimonkovskoye,NAO,85,54
2023-04,Troparyovo-Nikulino,ZAO,175,87
2023-04,Veshnyaki,VAO,186,72
2023-04,Yasenevo,YuZAO,115,35
2023-04,Vnukovo,ZAO,24,72
2023-04,Danilovsky,YuAO,40,117
2023-04,Metrogorodok,VAO,186,16
2023-04,Pervomayskoye,TAO,157,86
2023-04,Tverskoy,CAO,60,13
2023-04,Yaroslavsky,SVAO,159,43
2023-04,Rostokino,SVAO,55,61
2023-04,Donskoy,YuAO,27,49
2023-04,Novofyodorovskoye,TAO,176,68
2023-04,Ramenki,ZAO,49,46
2023-04,Khamovniki,CAO,130,60
2023-04,Orekhovo-Borisovo Severnoye,YuAO,112,96
2023-04,Mikhaylovo-Yartsevskoye,TAO,187,93
2023-04,Kuntsevo,ZAO,44,64
2023-04,Khovrino,SAO,30,43
2023-04,Yuzhnoye Tushino,SZAO,53,94
2023-04,Ostankinsky,SVAO,30,32
2023-04,Yakimanka,CAO,125,23
2023-04,Krasnoselsky,CAO,149,50
2023-04,Orekhovo-Borisovo Yuzhnoye,YuAO,46,43
2023-04,Otradnoye,SVAO,94,83
2023-04,Solntsevo,ZAO,168,115
2023-04,Bogorodskoye,VAO,23,54
2023-04,Krasnopakhorskoye,TAO,33,77
2023-04,Aeroport,SAO,165,48
2023-04,Brateyevo,YuAO,54,77
2023-04,Dorogomilovo,ZAO,160,14
2023-04,Shcherbinka,NAO,35,15
2023-04,Tsaritsyno,YuAO,162,55
2023-04,Begovoy,SAO,154,84
2023-04,Levoberezhny,SAO,52,28
2023-04,Pokrovskoye-Streshnevo,SZAO,137,16
2023-04,Zyuzino,YuZAO,26,48
2023-04,Bibirevo,SVAO,84,117
2023-04,Kievsky,TAO,23,50
2023-04,Cheryomushki,YuZAO,99,82
2023-04,Altufyevsky,SVAO,31,64
2023-04,Preobrazhenskoye,VAO,21,81
2023-04,Strogino,SZAO,30,78
2023-04,Desyonovskoye,NAO,39,36
2023-04,Kokoshkino,NAO,122,113
2023-04,Mitino,SZAO,121,26
2023-04,Gagarinsky,YuZAO,23,47
2023-04,Butyrsky,SVAO,153,16
2023-04,Koptevo,SAO,81,81
2023-04,Severnoye Izmaylovo,VAO,46,45
2023-04,Golyanovo,VAO,179,115
2023-04,Arbat,CAO,128,59
2023-04,Molzhaninovsky,SAO,57,19
2023-04,Ivanovskoye,VAO,31,81
2023-04,Perovo,VAO,111,47
2023-04,Zamoskvorechye,CAO,156,54
2023-04,Kotlovka,YuZAO,39,68
2023-04,Voskresenskoye,NAO,108,66
2023-04,Konkovo,YuZAO,189,61
2023-04,Tyoply Stan,YuZAO,154,33
2023-04,Savyolovsky,SAO,72,72
2023-04,Babushkinsky,SVAO,126,25
2023-04,Severnoye Tushino,SZAO,174,59
2023-04,Izmaylovo,VAO,39,13
2023-04,Sokol,SAO,49,44
2023-04,Novokosino,VAO,170,21
2023-04,Vnukovskoye,NAO,76,65
2023-04,Mosrentgen,NAO,101,25
2023-04,Sosenskoye,NAO,181,106
2023-04,Alekseevsky,SVAO,104,26
2023-04,Voykovsky,SAO,167,25
2023-04,Biryulyovo Vostochnoye,YuAO,142,34
2023-04,Vostochnoye Izmaylovo,VAO,177,67
2023-04,Marfino,SVAO,142,60
2023-04,Chertanovo Tsentralnoye,YuAO,43,87
2023-04,Fili-Davydkovo,ZAO,45,57
2023-04,Ryazanovskoye,NAO,90,67
2023-04,Golovinsky,SAO,52,84
2023-04,Timiryazevsky,SAO,66,91
2023-04,Obruchevsky,YuZAO,26,55
2023-04,Zelenograd,ZelAO,104,65
2023-04,Sokolniki,VAO,93,91
2023-04,Novogireyevo,VAO,188,105
2023-04,Khoroshyovo-Mnyovniki,SZAO,104,46
2023-04,Dmitrovsky,SAO,43,20
2023-04,Chertanovo Yuzhnoye,YuAO,66,25
2023-04,Losinoostrovsky,SVAO,112,90
2023-04,Krylatskoye,SZAO,186,99
2023-04,Vostochny,VAO,28,80
2023-04,Severnoye Butovo,YuZAO,33,90
2023-04,Sokolinaya Gora,VAO,157,26
2023-04,Shchapovskoye,TAO,37,27
2023-04,Moskovsky,NAO,100,40
2023-04,Lianozovo,SVAO,76,66
2023-04,Kurkino,SZAO,155,17
2023-04,Zapadnoye Degunino,SAO,107,40
2023-04,Akademichesky,YuZAO,76,31
2023-04,Yuzhnoye Butovo,YuZAO,166,94
2023-04,Marushkinskoye,NAO,130,23
2023-04,Zyablikovo,YuAO,65,97
2023-04,Severny,SVAO,72,12
2023-04,Tagansky,CAO,33,75
2023-04,Nagorny,YuAO,89,108
2023-04,Troitsk,TAO,176,113
2023-04,Voronovskoye,TAO,58,55
2023-04,Moskvorechye-Saburovo,YuAO,63,97
2023-04,Nagatinsky Zaton,YuAO,162,63
2023-04,Novo-Peredelkino,ZAO,184,20
2023-04,Basmanny,CAO,88,89
2023-04,Yuzhnoye Medvedkovo,SVAO,115,69
2023-04,Shchukino,SZAO,145,109
2023-04,Mozhaysky,ZAO,75,63
2023-04,Rogovskoye,TAO,192,75
2023-04,Nagatino-Sadovniki,YuAO,188,90
2023-04,Meshchansky,CAO,98,31
2023-04,Severnoye Medvedkovo,SVAO,69,13
2023-04,Sviblovo,SVAO,57,101
2023-04,Prospekt Vernadskogo,ZAO,165,115
2023-04,Khoroshyovsky,SAO,123,14
2023-04,Presnensky,CAO,151,27
2023-04,Klyonovskoye,TAO,115,84
2023-04,Ochakovo-Matveyevskoye,ZAO,69,115
2023-05,Danilovsky,YuAO,169,76
2023-05,Lomonosovsky,YuZAO,111,61
2023-05,Tagansky,CAO,173,69
2023-05,Yuzhnoye Tushino,SZAO,139,117
2023-05,Dorogomilovo,ZAO,131,71
2023-05,Lianozovo,SVAO,50,52
2023-05,Filimonkovskoye,NAO,101,95
2023-05,Perovo,VAO,196,55
2023-05,Nagatino-Sadovniki,YuAO,45,115
2023-05,Novogireyevo,VAO,106,45
2023-05,Zyablikovo,YuAO,195,12
2023-05,Shchukino,SZAO,151,112
2023-05,Yakimanka,CAO,20,112
2023-05,Preobrazhenskoye,VAO,108,77
2023-05,Yaroslavsky,SVAO,177,88
2023-05,Moskovsky,NAO,76,84
2023-05,Chertanovo Tsentralnoye,YuAO,68,44
2023-05,Kuntsevo,ZAO,185,35
2023-05,Molzhaninovsky,SAO,36,73
2023-05,Savyolovsky,SAO,181,54
2023-05,Kosino-Ukhtomsky,VAO,174,78
2023-05,Mikhaylovo-Yartsevskoye,TAO,186,47
2023-05,Sokolinaya Gora,VAO,116,99
2023-05,Veshnyaki,VAO,76,57
2023-05,Tyoply Stan,YuZAO,69,13
2023-05,Rogovskoye,TAO,96,22
2023-05,Novo-Peredelkino,ZAO,20,78
2023-05,Mitino,SZAO,87,31
2023-05,Brateyevo,YuAO,176,47
2023-05,Krasnoselsky,CAO,53,117
2023-05,Khovrino,SAO,74,42
2023-05,Severnoye Butovo,YuZAO,165,105
2023-05,Fili-Davydkovo,ZAO,152,24
2023-05,Tsaritsyno,YuAO,70,78
2023-05,Ivanovskoye,VAO,190,91
2023-05,Kotlovka,YuZAO,147,32
2023-05,Kokoshkino,NAO,138,21
2023-05,Timiryazevsky,SAO,134,42
2023-05,Krasnopakhorskoye,TAO,102,105
2023-05,Strogino,SZAO,190,115
2023-05,Bogorodskoye,VAO,129,81
2023-05,Solntsevo,ZAO,169,72
2023-05,Losinoostrovsky,SVAO,177,88
2023-05,Chertanovo Yuzhnoye,YuAO,130,97
2023-05,Sviblovo,SVAO,187,99
2023-05,Prospekt Vernadskogo,ZAO,149,25
2023-05,Mosrentgen,NAO,128,44
2023-05,Aeroport,SAO,138,59
2023-05,Yasenevo,YuZAO,80,44
2023-05,Dmitrovsky,SAO,111,70
2023-05,Shcherbinka,NAO,34,106
2023-05,Begovoy,SAO,199,60
2023-05,Vostochny,VAO,93,114
2023-05,Troparyovo-Nikulino,ZAO,85,115
2023-05,Ryazanovskoye,NAO,155,68
2023-05,Nagatinsky Zaton,YuAO,199,77
2023-05,Otradnoye,SVAO,104,111
2023-05,Konkovo,YuZAO,147,109
2023-05,Orekhovo-Borisovo Yuzhnoye,YuAO,45,108
2023-05,Golovinsky,SAO,122,44
2023-05,Shchapovskoye,TAO,78,69
2023-05,Ostankinsky,SVAO,168,77
2023-05,Krylatskoye,SZAO,47,13
2023-05,Moskvorechye-Saburovo,YuAO,194,30
2023-05,Voskresenskoye,NAO,32,37
2023-05,Levoberezhny,SAO,49,30
2023-05,Ochakovo-Matveyevskoye,ZAO,65,43
2023-05,Sokolniki,VAO,190,98
2023-05,Biryulyovo Zapadnoye,YuAO,119,101
2023-05,Vnukovo,ZAO,196,63
2023-05,Obruchevsky,YuZAO,199,66
2023-05,Novokosino,VAO,196,96
2023-05,Biryulyovo Vostochnoye,YuAO,193,55
2023-05,Voronovskoye,TAO,119,52
2023-05,Khoroshyovo-Mnyovniki,SZAO,64,80
2023-05,Kurkino,SZAO,158,111
2023-05,Rostokino,SVAO,73,83
2023-05,Pokrovskoye-Streshnevo,SZAO,132,11
2023-05,Basmanny,CAO,90,61
2023-05,Khoroshyovsky,SAO,100,57
2023-05,Zamoskvorechye,CAO,101,93
2023-05,Donskoy,YuAO,128,42
2023-05,Sokol,SAO,75,113
2023-05,Chertanovo Severnoye,YuAO,97,72
2023-05,Yuzhnoye Butovo,YuZAO,26,25
2023-05,Filyovsky Park,ZAO,167,48
2023-05,Novofyodorovskoye,TAO,173,75
2023-05,Yuzhnoye Medvedkovo,SVAO,118,69
2023-05,Sosenskoye,NAO,170,93
2023-05,Vnukovskoye,NAO,55,19
2023-05,Zyuzino,YuZAO,189,99
2023-05,Severnoye Izmaylovo,VAO,110,46
2023-05,Voykovsky,SAO,128,41
2023-05,Klyonovskoye,TAO,22,91
2023-05,Pervomayskoye,TAO,152,115
2023-05,Presnensky,CAO,144,30
2023-05,Golyanovo,VAO,40,96
2023-05,Metrogorodok,VAO,180,42
2023-05,Izmaylovo,VAO,152,117
2023-05,Severny,SVAO,72,54
2023-05,Koptevo,SAO,80,50
2023-05,Arbat,CAO,127,106
2023-05,Alekseevsky,SVAO,157,21
2023-05,Nagorny,YuAO,191,96
2023-05,Tverskoy,CAO,28,84
2023-05,Bibirevo,SVAO,23,28
2023-05,Marushkinskoye,NAO,86,65
2023-05,Desyonovskoye,NAO,99,32
2023-05,Mozhaysky,ZAO,96,68
2023-05,Kievsky,TAO,83,22
2023-05,Severnoye Medvedkovo,SVAO,97,66
2023-05,Khamovniki,CAO,26,118
2023-05,Beskudnikovsky,SAO,48,13
2023-05,Orekhovo-Borisovo Severnoye,YuAO,195,81
2023-05,Cheryomushki,YuZAO,51,17
2023-05,Butyrsky,SVAO,115,96
2023-05,Vostochnoye Izmaylovo,VAO,39,37
2023-05,Maryina Roshcha,SVAO,83,90
2023-05,Babushkinsky,SVAO,175,19
2023-05,Altufyevsky,SVAO,128,64
2023-05,Zelenograd,ZelAO,92,39
2023-05,Severnoye Tushino,SZAO,89,85
2023-05,Gagarinsky,YuZAO,176,53
2023-05,Meshchansky,CAO,170,60
2023-05,Marfino,SVAO,131,50
2023-05,Zapadnoye Degunino,SAO,199,81
2023-05,Ramenki,ZAO,133,53
2023-05,Troitsk,TAO,122,48
2023-05,Akademichesky,YuZAO,164,30
2023-06,Klyonovskoye,TAO,30,99
2023-06,Presnensky,CAO,158,17
2023-06,Biryulyovo Zapadnoye,YuAO,142,22
2023-06,Lomonosovsky,YuZAO,111,30
2023-06,Severnoye Medvedkovo,SVAO,156,15
2023-06,Alekseevsky,SVAO,34,10
2023-06,Cheryomushki,YuZAO,163,22
2023-06,Veshnyaki,VAO,64,111
2023-06,Krasnoselsky,CAO,64,114
2023-06,Strogino,SZAO,27,99
2023-06,Kosino-Ukhtomsky,VAO,176,102
2023-06,Ochakovo-Matveyevskoye,ZAO,37,26
2023-06,Bogorodskoye,VAO,114,28
2023-06,Filyovsky Park,ZAO,118,71
2023-06,Kievsky,TAO,142,53
2023-06,Voykovsky,SAO,108,12
2023-06,Sosenskoye,NAO,90,77
2023-06,Shcherbinka,NAO,104,20
2023-06,Sokolniki,VAO,46,74
2023-06,Zyuzino,YuZAO,146,40
2023-06,Perovo,VAO,24,114
2023-06,Chertanovo Tsentralnoye,YuAO,117,90
2023-06,Golovinsky,SAO,169,61
2023-06,Molzhaninovsky,SAO,144,14
2023-06,Pokrovskoye-Streshnevo,SZAO,102,69
2023-06,Vostochnoye Izmaylovo,VAO,142,101
2023-06,Desyonovskoye,NAO,165,117
2023-06,Fili-Davydkovo,ZAO,182,108
2023-06,Ryazanovskoye,NAO,145,54
2023-06,Troparyovo-Nikulino,ZAO,166,55
2023-06,Marfino,SVAO,164,106
2023-06,Filimonkovskoye,NAO,160,41
2023-06,Nagatinsky Zaton,YuAO,23,40
2023-06,Preobrazhenskoye,VAO,52,107
2023-06,Chertanovo Severnoye,YuAO,108,39
2023-06,Beskudnikovsky,SAO,34,110
2023-06,Voronovskoye,TAO,95,16
2023-06,Rogovskoye,TAO,73,17
2023-06,Begovoy,SAO,39,39
2023-06,Sviblovo,SVAO,100,88
2023-06,Obruchevsky,YuZAO,50,85
2023-06,Khoroshyovo-Mnyovniki,SZAO,28,116
2023-06,Altufyevsky,SVAO,104,43
2023-06,Ostankinsky,SVAO,154,40
2023-06,Timiryazevsky,SAO,174,110
2023-06,Vnukovo,ZAO,112,13
2023-06,Maryina Roshcha,SVAO,20,95
2023-06,Ivanovskoye,VAO,54,91
2023-06,Biryulyovo Vostochnoye,YuAO,131,17
2023-06,Bibirevo,SVAO,103,117
2023-06,Yasenevo,YuZAO,46,114
2023-06,Tsaritsyno,YuAO,34,39
2023-06,Danilovsky,YuAO,54,71
2023-06,Kuntsevo,ZAO,165,44
2023-06,Savyolovsky,SAO,193,29
2023-06,Mikhaylovo-Yartsevskoye,TAO,118,16
2023-06,Severnoye Butovo,YuZAO,85,18
2023-06,Khovrino,SAO,118,38
2023-06,Sokolinaya Gora,VAO,137,40
2023-06,Yaroslavsky,SVAO,101,84
2023-06,Tagansky,CAO,83,91
2023-06,Tyoply Stan,YuZAO,30,77
2023-06,Lianozovo,SVAO,55,86
2023-06,Moskovsky,NAO,134,21
2023-06,Zyablikovo,YuAO,162,33
2023-06,Mitino,SZAO,67,65
2023-06,Yakimanka,CAO,74,41
2023-06,Novokosino,VAO,154,49
2023-06,Shchapovskoye,TAO,147,119
2023-06,Basmanny,CAO,26,103
2023-06,Vostochny,VAO,69,50
2023-06,Konkovo,YuZAO,68,11
2023-06,Moskvorechye-Saburovo,YuAO,50,57
2023-06,Zelenograd,ZelAO,133,42
2023-06,Novofyodorovskoye,TAO,73,16
2023-06,Yuzhnoye Butovo,YuZAO,153,118
2023-06,Butyrsky,SVAO,80,74
2023-06,Sokol,SAO,87,26
2023-06,Donskoy,YuAO,131,107
2023-06,Akademichesky,YuZAO,164,21
2023-06,Ramenki,ZAO,194,73
2023-06,Mozhaysky,ZAO,173,89
2023-06,Orekhovo-Borisovo Severnoye,YuAO,20,41
2023-06,Meshchansky,CAO,150,71
2023-06,Yuzhnoye Tushino,SZAO,142,32
2023-06,Severnoye Tushino,SZAO,142,40
2023-06,Izmaylovo,VAO,72,100
2023-06,Khamovniki,CAO,99,88
2023-06,Zapadnoye Degunino,SAO,64,94
2023-06,Troitsk,TAO,45,70
2023-06,Gagarinsky,YuZAO,86,15
2023-06,Khoroshyovsky,SAO,20,109
2023-06,Rostokino,SVAO,123,74
2023-06,Kurkino,SZAO,50,96
2023-06,Chertanovo Yuzhnoye,YuAO,175,75
2023-06,Novogireyevo,VAO,157,29
2023-06,Novo-Peredelkino,ZAO,39,87
2023-06,Krasnopakhorskoye,TAO,140,10
2023-06,Shchukino,SZAO,108,85
2023-06,Prospekt Vernadskogo,ZAO,120,89
2023-06,Marushkinskoye,NAO,195,76
2023-06,Metrogorodok,VAO,65,77
2023-06,Solntsevo,ZAO,183,88
2023-06,Golyanovo,VAO,26,65
2023-06,Losinoostrovsky,SVAO,183,15
2023-06,Babushkinsky,SVAO,118,29
2023-06,Aeroport,SAO,44,61
2023-06,Pervomayskoye,TAO,170,30
2023-06,Arbat,CAO,97,19
2023-06,Dmitrovsky,SAO,125,44
2023-06,Severny,SVAO,181,95
2023-06,Zamoskvorechye,CAO,50,33
2023-06,Vnukovskoye,NAO,105,103
2023-06,Krylatskoye,SZAO,177,25
2023-06,Brateyevo,YuAO,54,90
2023-06,Levoberezhny,SAO,33,83
2023-06,Otradnoye,SVAO,104,99
2023-06,Orekhovo-Borisovo Yuzhnoye,YuAO,26,84
2023-06,Tverskoy,CAO,155,35
2023-06,Dorogomilovo,ZAO,152,34
2023-06,Nagatino-Sadovniki,YuAO,58,74
2023-06,Yuzhnoye Medvedkovo,SVAO,192,71
2023-06,Nagorny,YuAO,76,14
2023-06,Koptevo,SAO,93,55
2023-06,Kotlovka,YuZAO,75,18
2023-06,Kokoshkino,NAO,164,93
2023-06,Voskresenskoye,NAO,101,56
2023-06,Mosrentgen,NAO,76,86
2023-06,Severnoye Izmaylovo,VAO,89,10
2023-07,Kurkino,SZAO,137,56
2023-07,Butyrsky,SVAO,35,94
2023-07,Altufyevsky,SVAO,59,95
2023-07,Voykovsky,SAO,104,16
2023-07,Bibirevo,SVAO,189,103
2023-07,Severnoye Izmaylovo,VAO,33,95
2023-07,Arbat,CAO,109,66
2023-07,Severnoye Butovo,YuZAO,57,63
2023-07,Krasnoselsky,CAO,114,104
2023-07,Obruchevsky,YuZAO,36,35
2023-07,Alekseevsky,SVAO,137,62
2023-07,Golyanovo,VAO,162,89
2023-07,Marushkinskoye,NAO,70,109
2023-07,Severny,SVAO,32,17
2023-07,Biryulyovo Vostochnoye,YuAO,54,50
2023-07,Koptevo,SAO,81,21
2023-07,Meshchansky,CAO,99,19
2023-07,Preobrazhenskoye,VAO,134,72
2023-07,Krylatskoye,SZAO,155,62
2023-07,Novogireyevo,VAO,66,55
2023-07,Golovinsky,SAO,131,113
2023-07,Kokoshkino,NAO,68,35
2023-07,Timiryazevsky,SAO,24,30
2023-07,Cheryomushki,YuZAO,150,50
2023-07,Yasenevo,YuZAO,118,101
2023-07,Chertanovo Yuzhnoye,YuAO,43,24
2023-07,Strogino,SZAO,33,106
2023-07,Dmitrovsky,SAO,138,87
2023-07,Ochakovo-Matveyevskoye,ZAO,61,109
2023-07,Sokolniki,VAO,21,41
2023-07,Zamoskvorechye,CAO,184,32
2023-07,Losinoostrovsky,SVAO,198,119
2023-07,Novo-Peredelkino,ZAO,161,68
2023-07,Mosrentgen,NAO,105,27
2023-07,Shchapovskoye,TAO,151,84
2023-07,Levoberezhny,SAO,116,31
2023-07,Moskovsky,NAO,106,100
2023-07,Vostochnoye Izmaylovo,VAO,144,117
2023-07,Marfino,SVAO,183,90
2023-07,Akademichesky,YuZAO,123,64
2023-07,Troitsk,TAO,168,116
2023-07,Zelenograd,ZelAO,118,111
2023-07,Zapadnoye Degunino,SAO,132,41
2023-07,Gagarinsky,YuZAO,55,92
2023-07,Shchukino,SZAO,64,19
2023-07,Ryazanovskoye,NAO,181,44
2023-07,Yuzhnoye Butovo,YuZAO,59,46
2023-07,Chertanovo Tsentralnoye,YuAO,157,30
2023-07,Sokolinaya Gora,VAO,105,47
2023-07,Lianozovo,SVAO,79,100
2023-07,Mitino,SZAO,129,111
2023-07,Nagatinsky Zaton,YuAO,110,64
2023-07,Vostochny,VAO,49,13
2023-07,Fili-Davydkovo,ZAO,50,74
2023-07,Moskvorechye-Saburovo,YuAO,116,15
2023-07,Novokosino,VAO,49,22
2023-07,Khovrino,SAO,43,22
2023-07,Nagorny,YuAO,61,31
2023-07,Begovoy,SAO,143,46
2023-07,Kuntsevo,ZAO,110,107
2023-07,Metrogorodok,VAO,44,16
2023-07,Pervomayskoye,TAO,127,34
2023-07,Konkovo,YuZAO,49,78
2023-07,Savyolovsky,SAO,25,39
2023-07,Kievsky,TAO,105,114
2023-07,Ostankinsky,SVAO,92,79
2023-07,Troparyovo-Nikulino,ZAO,124,103
2023-07,Otradnoye,SVAO,149,45
2023-07,Khamovniki,CAO,103,58
2023-07,Lomonosovsky,YuZAO,196,55
2023-07,Orekhovo-Borisovo Yuzhnoye,YuAO,182,50
2023-07,Filimonkovskoye,NAO,142,80
2023-07,Babushkinsky,SVAO,191,98
2023-07,Rogovskoye,TAO,45,60
2023-07,Severnoye Medvedkovo,SVAO,196,65
2023-07,Tagansky,CAO,155,82
2023-07,Shcherbinka,NAO,48,70
2023-07,Perovo,VAO,152,94
2023-07,Kosino-Ukhtomsky,VAO,100,21
2023-07,Yakimanka,CAO,137,65
2023-07,Zyablikovo,YuAO,113,19
2023-07,Bogorodskoye,VAO,91,105
2023-07,Danilovsky,YuAO,43,54
2023-07,Kotlovka,YuZAO,130,47
2023-07,Tyoply Stan,YuZAO,98,105
2023-07,Molzhaninovsky,SAO,80,56
2023-07,Voronovskoye,TAO,168,34
2023-07,Tsaritsyno,YuAO,140,75
2023-07,Brateyevo,YuAO,50,83
2023-07,Prospekt Vernadskogo,ZAO,79,84
2023-07,Yaroslavsky,SVAO,176,67
2023-07,Dorogomilovo,ZAO,192,100
2023-07,Mikhaylovo-Yartsevskoye,TAO,133,55
2023-07,Ivanovskoye,VAO,187,106
2023-07,Khoroshyovo-Mnyovniki,SZAO,34,20
2023-07,Basmanny,CAO,131,80
2023-07,Chertanovo Severnoye,YuAO,127,72
2023-07,Izmaylovo,VAO,121,11
2023-07,Solntsevo,ZAO,55,77
2023-07,Yuzhnoye Tushino,SZAO,99,98
2023-07,Sokol,SAO,78,70
2023-07,Zyuzino,YuZAO,108,79
2023-07,Krasnopakhorskoye,TAO,65,95
2023-07,Khoroshyovsky,SAO,74,73
2023-07,Pokrovskoye-Streshnevo,SZAO,117,68
2023-07,Novofyodorovskoye,TAO,194,52
2023-07,Voskresenskoye,NAO,107,54
2023-07,Vnukovo,ZAO,42,76
2023-07,Donskoy,YuAO,186,89
2023-07,Presnensky,CAO,178,95
2023-07,Veshnyaki,VAO,136,107
2023-07,Yuzhnoye Medvedkovo,SVAO,154,35
2023-07,Nagatino-Sadovniki,YuAO,104,90
2023-07,Sviblovo,SVAO,26,63
2023-07,Severnoye Tushino,SZAO,57,67
2023-07,Aeroport,SAO,58,22
2023-07,Vnukovskoye,NAO,134,40
2023-07,Filyovsky Park,ZAO,84,27
2023-07,Klyonovskoye,TAO,157,34
2023-07,Maryina Roshcha,SVAO,139,79
2023-07,Biryulyovo Zapadnoye,YuAO,90,78
2023-07,Sosenskoye,NAO,162,91
2023-07,Beskudnikovsky,SAO,115,60
2023-07,Orekhovo-Borisovo Severnoye,YuAO,64,92
2023-07,Desyonovskoye,NAO,86,93
2023-07,Rostokino,SVAO,120,50
2023-07,Mozhaysky,ZAO,43,58
2023-07,Ramenki,ZAO,157,30
2023-07,Tverskoy,CAO,154,34
2023-08,Kurkino,SZAO,37,96
2023-08,Konkovo,YuZAO,160,100
2023-08,Pervomayskoye,TAO,194,57
2023-08,Moskvorechye-Saburovo,YuAO,31,109
2023-08,Dmitrovsky,SAO,89,100
2023-08,Strogino,SZAO,104,87
2023-08,Vostochny,VAO,106,100
2023-08,Tverskoy,CAO,150,89
2023-08,Marushkinskoye,NAO,98,110
2023-08,Zyablikovo,YuAO,53,78
2023-08,Otradnoye,SVAO,61,42
2023-08,Novogireyevo,VAO,73,91
2023-08,Kokoshkino,NAO,134,116
2023-08,Krylatskoye,SZAO,163,32
2023-08,Yuzhnoye Tushino,SZAO,73,33
2023-08,Orekhovo-Borisovo Yuzhnoye,YuAO,107,12
2023-08,Severnoye Tushino,SZAO,140,106
2023-08,Sokol,SAO,144,97
2023-08,Zapadnoye Degunino,SAO,143,112
2023-08,Voronovskoye,TAO,86,22
2023-08,Golyanovo,VAO,42,21
2023-08,Ramenki,ZAO,95,87
2023-08,Orekhovo-Borisovo Severnoye,YuAO,26,51
2023-08,Basmanny,CAO,61,79
2023-08,Akademichesky,YuZAO,22,54
2023-08,Khamovniki,CAO,167,21
2023-08,Zamoskvorechye,CAO,156,97
2023-08,Zelenograd,ZelAO,76,84
2023-08,Yuzhnoye Butovo,YuZAO,102,83
2023-08,Novofyodorovskoye,TAO,151,10
2023-08,Troitsk,TAO,103,42
2023-08,Butyrsky,SVAO,170,99
2023-08,Donskoy,YuAO,45,11
2023-08,Rostokino,SVAO,158,56
2023-08,Mozhaysky,ZAO,41,36
2023-08,Yakimanka,CAO,38,20
2023-08,Mitino,SZAO,56,60
2023-08,Moskovsky,NAO,42,12
2023-08,Lianozovo,SVAO,192,96
2023-08,Danilovsky,YuAO,28,81
2023-08,Yaroslavsky,SVAO,142,42
2023-08,Sokolinaya Gora,VAO,86,18
2023-08,Tagansky,CAO,150,44
2023-08,Tyoply Stan,YuZAO,63,112
2023-08,Severnoye Butovo,YuZAO,192,16
2023-08,Gagarinsky,YuZAO,117,40
2023-08,Mikhaylovo-Yartsevskoye,TAO,162,107
2023-08,Kuntsevo,ZAO,56,18
2023-08,Shchukino,SZAO,68,116
2023-08,Savyolovsky,SAO,129,40
2023-08,Khovrino,SAO,163,115
2023-08,Novokosino,VAO,55,93
2023-08,Nagorny,YuAO,72,38
2023-08,Biryulyovo Zapadnoye,YuAO,196,103
2023-08,Rogovskoye,TAO,131,11
2023-08,Chertanovo Tsentralnoye,YuAO,42,98
2023-08,Filimonkovskoye,NAO,118,79
2023-08,Nagatinsky Zaton,YuAO,67,37
2023-08,Molzhaninovsky,SAO,59,93
2023-08,Severnoye Izmaylovo,VAO,79,60
2023-08,Troparyovo-Nikulino,ZAO,166,113
2023-08,Fili-Davydkovo,ZAO,99,116
2023-08,Presnensky,CAO,102,21
2023-08,Ryazanovskoye,NAO,91,48
2023-08,Pokrovskoye-Streshnevo,SZAO,198,28
2023-08,Lomonosovsky,YuZAO,152,48
2023-08,Timiryazevsky,SAO,120,60
2023-08,Severnoye Medvedkovo,SVAO,129,106
2023-08,Begovoy,SAO,166,79
2023-08,Golovinsky,SAO,141,96
2023-08,Preobrazhenskoye,VAO,35,41
2023-08,Vnukovskoye,NAO,198,41
2023-08,Ostankinsky,SVAO,95,21
2023-08,Bibirevo,SVAO,196,48
2023-08,Voykovsky,SAO,80,28
2023-08,Sosenskoye,NAO,117,86
2023-08,Zyuzino,YuZAO,163,99
2023-08,Alekseevsky,SVAO,197,116
2023-08,Filyovsky Park,ZAO,189,48
2023-08,Veshnyaki,VAO,146,90
2023-08,Biryulyovo Vostochnoye,YuAO,140,37
2023-08,Vnukovo,ZAO,49,109
2023-08,Chertanovo Severnoye,YuAO,77,112
2023-08,Voskresenskoye,NAO,183,86
2023-08,Yuzhnoye Medvedkovo,SVAO,109,68
2023-08,Altufyevsky,SVAO,173,11
2023-08,Krasnoselsky,CAO,33,38
2023-08,Obruchevsky,YuZAO,166,58
2023-08,Desyonovskoye,NAO,26,109
2023-08,Sviblovo,SVAO,68,53
2023-08,Marfino,SVAO,37,51
2023-08,Beskudnikovsky,SAO,86,106
2023-08,Maryina Roshcha,SVAO,44,67
2023-08,Metrogorodok,VAO,101,58
2023-08,Brateyevo,YuAO,190,47
2023-08,Kosino-Ukhtomsky,VAO,162,16
2023-08,Novo-Peredelkino,ZAO,57,90
2023-08,Mosrentgen,NAO,188,34
2023-08,Dorogomilovo,ZAO,38,54
2023-08,Nagatino-Sadovniki,YuAO,47,67
2023-08,Khoroshyovo-Mnyovniki,SZAO,167,38
2023-08,Losinoostrovsky,SVAO,141,38
2023-08,Kievsky,TAO,123,17
2023-08,Ivanovskoye,VAO,175,67
2023-08,Meshchansky,CAO,31,93
2023-08,Babushkinsky,SVAO,40,29
2023-08,Aeroport,SAO,187,110
2023-08,Solntsevo,ZAO,126,21
2023-08,Chertanovo Yuzhnoye,YuAO,191,84
2023-08,Krasnopakhorskoye,TAO,135,87
2023-08,Koptevo,SAO,90,102
2023-08,Khoroshyovsky,SAO,23,24
2023-08,Arbat,CAO,67,43
2023-08,Tsaritsyno,YuAO,192,101
2023-08,Severny,SVAO,104,58
2023-08,Kotlovka,YuZAO,28,27
2023-08,Ochakovo-Matveyevskoye,ZAO,90,27
2023-08,Vostochnoye Izmaylovo,VAO,177,90
2023-08,Yasenevo,YuZAO,20,76
2023-08,Prospekt Vernadskogo,ZAO,107,82
2023-08,Cheryomushki,YuZAO,86,50
2023-08,Perovo,VAO,45,59
2023-08,Izmaylovo,VAO,184,109
2023-08,Levoberezhny,SAO,93,77
2023-08,Sokolniki,VAO,58,93
2023-08,Bogorodskoye,VAO,183,63
2023-08,Shcherbinka,NAO,193,107
2023-08,Shchapovskoye,TAO,23,51
2023-08,Klyonovskoye,TAO,195,47
2023-09,Nagorny,YuAO,101,81
2023-09,Vnukovskoye,NAO,175,50
2023-09,Butyrsky,SVAO,25,65
2023-09,Golyanovo,VAO,105,56
2023-09,Klyonovskoye,TAO,79,88
2023-09,Izmaylovo,VAO,122,55
2023-09,Koptevo,SAO,117,36
2023-09,Nagatino-Sadovniki,YuAO,127,96
2023-09,Desyonovskoye,NAO,83,106
2023-09,Zyuzino,YuZAO,53,106
2023-09,Bibirevo,SVAO,118,14
2023-09,Krasnoselsky,CAO,116,14
2023-09,Molzhaninovsky,SAO,71,46
2023-09,Kotlovka,YuZAO,110,66
2023-09,Pokrovskoye-Streshnevo,SZAO,113,47
2023-09,Severnoye Medvedkovo,SVAO,94,53
2023-09,Preobrazhenskoye,VAO,22,45
2023-09,Novo-Peredelkino,ZAO,91,96
2023-09,Cheryomushki,YuZAO,150,77
2023-09,Ivanovskoye,VAO,169,89
2023-09,Arbat,CAO,183,28
2023-09,Perovo,VAO,146,109
2023-09,Levoberezhny,SAO,38,69
2023-09,Novokosino,VAO,25,112
2023-09,Babushkinsky,SVAO,157,22
2023-09,Altufyevsky,SVAO,111,102
2023-09,Voskresenskoye,NAO,164,94
2023-09,Kievsky,TAO,105,94
2023-09,Tyoply Stan,YuZAO,137,17
2023-09,Kokoshkino,NAO,102,103
2023-09,Konkovo,YuZAO,175,70
2023-09,Strogino,SZAO,159,116
2023-09,Mitino,SZAO,157,75
2023-09,Gagarinsky,YuZAO,88,30
2023-09,Savyolovsky,SAO,46,12
2023-09,Sokol,SAO,149,61
2023-09,Voronovskoye,TAO,90,106
2023-09,Severnoye Tushino,SZAO,183,86
2023-09,Zamoskvorechye,CAO,51,26
2023-09,Basmanny,CAO,182,113
2023-09,Yuzhnoye Tushino,SZAO,26,98
2023-09,Alekseevsky,SVAO,71,38
2023-09,Mozhaysky,ZAO,171,32
2023-09,Khoroshyovsky,SAO,48,21
2023-09,Biryulyovo Vostochnoye,YuAO,177,59
2023-09,Orekhovo-Borisovo Yuzhnoye,YuAO,123,23
2023-09,Otradnoye,SVAO,175,96
2023-09,Marfino,SVAO,174,48
2023-09,Zyablikovo,YuAO,44,37
2023-09,Yakimanka,CAO,180,59
2023-09,Danilovsky,YuAO,90,65
2023-09,Ryazanovskoye,NAO,195,52
2023-09,Nagatinsky Zaton,YuAO,40,31
2023-09,Chertanovo Tsentralnoye,YuAO,27,44
2023-09,Filyovsky Park,ZAO,191,46
2023-09,Timiryazevsky,SAO,55,95
2023-09,Fili-Davydkovo,ZAO,158,108
2023-09,Yaroslavsky,SVAO,37,57
2023-09,Golovinsky,SAO,135,115
2023-09,Mikhaylovo-Yartsevskoye,TAO,129,32
2023-09,Ochakovo-Matveyevskoye,ZAO,115,113
2023-09,Kuntsevo,ZAO,88,67
2023-09,Yasenevo,YuZAO,148,104
2023-09,Shchapovskoye,TAO,159,47
2023-09,Vostochnoye Izmaylovo,VAO,62,31
2023-09,Khamovniki,CAO,188,11
2023-09,Khovrino,SAO,145,13
2023-09,Sokolniki,VAO,111,69
2023-09,Biryulyovo Zapadnoye,YuAO,128,65
2023-09,Bogorodskoye,VAO,73,71
2023-09,Shcherbinka,NAO,104,10
2023-09,Tsaritsyno,YuAO,27,81
2023-09,Lomonosovsky,YuZAO,69,38
2023-09,Brateyevo,YuAO,182,98
2023-09,Ostankinsky,SVAO,176,88
2023-09,Begovoy,SAO,47,67
2023-09,Dorogomilovo,ZAO,97,14
2023-09,Presnensky,CAO,33,119
2023-09,Troparyovo-Nikulino,ZAO,128,16
2023-09,Kosino-Ukhtomsky,VAO,79,85
2023-09,Filimonkovskoye,NAO,70,18
2023-09,Khoroshyovo-Mnyovniki,SZAO,104,29
2023-09,Severnoye Izmaylovo,VAO,37,57
2023-09,Rogovskoye,TAO,94,49
2023-09,Maryina Roshcha,SVAO,100,74
2023-09,Aeroport,SAO,180,68
2023-09,Beskudnikovsky,SAO,176,23
2023-09,Sviblovo,SVAO,98,43
2023-09,Solntsevo,ZAO,199,116
2023-09,Obruchevsky,YuZAO,66,46
2023-09,Chertanovo Severnoye,YuAO,120,45
2023-09,Vnukovo,ZAO,126,91
2023-09,Krasnopakhorskoye,TAO,22,80
2023-09,Veshnyaki,VAO,65,72
2023-09,Sosenskoye,NAO,172,81
2023-09,Voykovsky,SAO,85,49
2023-09,Zelenograd,ZelAO,88,102
2023-09,Troitsk,TAO,39,36
2023-09,Marushkinskoye,NAO,128,89
2023-09,Moskovsky,NAO,170,109
2023-09,Prospekt Vernadskogo,ZAO,114,30
2023-09,Lianozovo,SVAO,55,81
2023-09,Kurkino,SZAO,33,53
2023-09,Sokolinaya Gora,VAO,28,93
2023-09,Tverskoy,CAO,50,29
2023-09,Moskvorechye-Saburovo,YuAO,185,49
2023-09,Pervomayskoye,TAO,56,66
2023-09,Donskoy,YuAO,181,103
2023-09,Rostokino,SVAO,158,103
2023-09,Shchukino,SZAO,178,30
2023-09,Novofyodorovskoye,TAO,76,109
2023-09,Metrogorodok,VAO,116,25
2023-09,Severny,SVAO,87,41
2023-09,Zapadnoye Degunino,SAO,177,98
2023-09,Vostochny,VAO,53,33
2023-09,Akademichesky,YuZAO,126,72
2023-09,Yuzhnoye Butovo,YuZAO,76,51
2023-09,Novogireyevo,VAO,45,95
2023-09,Mosrentgen,NAO,94,111
2023-09,Ramenki,ZAO,66,53
2023-09,Yuzhnoye Medvedkovo,SVAO,132,22
2023-09,Losinoostrovsky,SVAO,67,41
2023-09,Meshchansky,CAO,141,95
2023-09,Chertanovo Yuzhnoye,YuAO,93,47
2023-09,Dmitrovsky,SAO,112,105
2023-09,Tagansky,CAO,116,85
2023-09,Krylatskoye,SZAO,33,65
2023-09,Orekhovo-Borisovo Severnoye,YuAO,119,30
2023-09,Severnoye Butovo,YuZAO,143,20
2023-10,Perovo,VAO,62,112
2023-10,Khovrino,SAO,179,83
2023-10,Bogorodskoye,VAO,103,74
2023-10,Metrogorodok,VAO,122,30
2023-10,Severnoye Izmaylovo,VAO,139,104
2023-10,Nagatino-Sadovniki,YuAO,118,73
2023-10,Solntsevo,ZAO,198,109
2023-10,Nagorny,YuAO,190,105
2023-10,Dorogomilovo,ZAO,74,90
2023-10,Vnukovskoye,NAO,139,47
2023-10,Tagansky,CAO,148,83
2023-10,Klyonovskoye,TAO,44,34
2023-10,Shcherbinka,NAO,28,60
2023-10,Yuzhnoye Medvedkovo,SVAO,120,92
2023-10,Kosino-Ukhtomsky,VAO,80,93
2023-10,Brateyevo,YuAO,56,107
2023-10,Aeroport,SAO,174,69
2023-10,Babushkinsky,SVAO,136,18
2023-10,Izmaylovo,VAO,78,118
2023-10,Prospekt Vernadskogo,ZAO,179,49
2023-10,Orekhovo-Borisovo Severnoye,YuAO,57,64
2023-10,Pervomayskoye,TAO,140,55
2023-10,Khoroshyovsky,SAO,153,53
2023-10,Severnoye Tushino,SZAO,152,115
2023-10,Danilovsky,YuAO,69,111
2023-10,Basmanny,CAO,27,83
2023-10,Tverskoy,CAO,139,66
2023-10,Sokol,SAO,189,40
2023-10,Yaroslavsky,SVAO,157,96
2023-10,Konkovo,YuZAO,176,27
2023-10,Khoroshyovo-Mnyovniki,SZAO,100,118
2023-10,Mikhaylovo-Yartsevskoye,TAO,68,61
2023-10,Kuntsevo,ZAO,174,113
2023-10,Khamovniki,CAO,119,90
2023-10,Savyolovsky,SAO,67,44
2023-10,Voronovskoye,TAO,173,50
2023-10,Ramenki,ZAO,158,21
2023-10,Altufyevsky,SVAO,141,75
2023-10,Yakimanka,CAO,94,55
2023-10,Otradnoye,SVAO,155,88
2023-10,Severnoye Medvedkovo,SVAO,189,75
2023-10,Zyablikovo,YuAO,185,55
2023-10,Donskoy,YuAO,190,64
2023-10,Orekhovo-Borisovo Yuzhnoye,YuAO,117,17
2023-10,Tyoply Stan,YuZAO,29,45
2023-10,Kievsky,TAO,113,88
2023-10,Novokosino,VAO,153,19
2023-10,Mozhaysky,ZAO,131,113
2023-10,Yuzhnoye Tushino,SZAO,87,14
2023-10,Krasnopakhorskoye,TAO,67,100
2023-10,Novofyodorovskoye,TAO,69,70
2023-10,Rostokino,SVAO,137,50
2023-10,Voskresenskoye,NAO,58,114
2023-10,Cheryomushki,YuZAO,52,86
2023-10,Kokoshkino,NAO,131,114
2023-10,Krylatskoye,SZAO,74,118
2023-10,Dmitrovsky,SAO,177,18
2023-10,Chertanovo Yuzhnoye,YuAO,23,42
2023-10,Meshchansky,CAO,76,16
2023-10,Mosrentgen,NAO,140,47
2023-10,Losinoostrovsky,SVAO,142,12
2023-10,Shchukino,SZAO,74,15
2023-10,Sokolniki,VAO,179,73
2023-10,Vostochnoye Izmaylovo,VAO,135,53
2023-10,Novogireyevo,VAO,93,80
2023-10,Shchapovskoye,TAO,142,102
2023-10,Yasenevo,YuZAO,150,62
2023-10,Preobrazhenskoye,VAO,100,21
2023-10,Golovinsky,SAO,195,62
2023-10,Fili-Davydkovo,ZAO,31,61
2023-10,Novo-Peredelkino,ZAO,152,106
2023-10,Chertanovo Tsentralnoye,YuAO,70,16
2023-10,Arbat,CAO,163,68
2023-10,Levoberezhny,SAO,164,68
2023-10,Krasnoselsky,CAO,180,116
2023-10,Yuzhnoye Butovo,YuZAO,31,94
2023-10,Butyrsky,SVAO,183,93
2023-10,Severnoye Butovo,YuZAO,141,44
2023-10,Zamoskvorechye,CAO,115,14
2023-10,Troitsk,TAO,196,75
2023-10,Koptevo,SAO,58,18
2023-10,Marushkinskoye,NAO,173,110
2023-10,Kurkino,SZAO,175,99
2023-10,Zelenograd,ZelAO,185,35
2023-10,Vostochny,VAO,124,36
2023-10,Akademichesky,YuZAO,109,113
2023-10,Lomonosovsky,YuZAO,74,63
2023-10,Zapadnoye Degunino,SAO,109,47
2023-10,Severny,SVAO,120,102
2023-10,Moskvorechye-Saburovo,YuAO,117,43
2023-10,Gagarinsky,YuZAO,21,34
2023-10,Strogino,SZAO,28,96
2023-10,Sokolinaya Gora,VAO,86,93
2023-10,Lianozovo,SVAO,92,82
2023-10,Moskovsky,NAO,85,50
2023-10,Mitino,SZAO,20,25
2023-10,Biryulyovo Zapadnoye,YuAO,102,13
2023-10,Zyuzino,YuZAO,162,90
2023-10,Kotlovka,YuZAO,145,58
2023-10,Vnukovo,ZAO,138,94
2023-10,Chertanovo Severnoye,YuAO,78,32
2023-10,Sviblovo,SVAO,32,60
2023-10,Beskudnikovsky,SAO,45,55
2023-10,Obruchevsky,YuZAO,23,93
2023-10,Maryina Roshcha,SVAO,119,11
2023-10,Rogovskoye,TAO,135,31
2023-10,Golyanovo,VAO,48,15
2023-10,Filimonkovskoye,NAO,20,113
2023-10,Troparyovo-Nikulino,ZAO,118,71
2023-10,Molzhaninovsky,SAO,59,62
2023-10,Presnensky,CAO,80,57
2023-10,Begovoy,SAO,187,10
2023-10,Ostankinsky,SVAO,184,43
2023-10,Tsaritsyno,YuAO,40,51
2023-10,Ivanovskoye,VAO,174,37
2023-10,Pokrovskoye-Streshnevo,SZAO,196,49
2023-10,Timiryazevsky,SAO,115,79
2023-10,Ochakovo-Matveyevskoye,ZAO,56,118
2023-10,Bibirevo,SVAO,40,17
2023-10,Voykovsky,SAO,195,93
2023-10,Alekseevsky,SVAO,157,54
2023-10,Marfino,SVAO,33,106
2023-10,Nagatinsky Zaton,YuAO,126,55
2023-10,Biryulyovo Vostochnoye,YuAO,106,44
2023-10,Ryazanovskoye,NAO,112,25
2023-10,Desyonovskoye,NAO,124,60
2023-10,Filyovsky Park,ZAO,47,45
2023-10,Sosenskoye,NAO,45,64
2023-10,Veshnyaki,VAO,79,48
2023-11,Sokol,SAO,37,92
2023-11,Klyonovskoye,TAO,81,33
2023-11,Strogino,SZAO,155,70
2023-11,Lomonosovsky,YuZAO,43,74
2023-11,Severnoye Butovo,YuZAO,122,115
2023-11,Obruchevsky,YuZAO,81,97
2023-11,Zelenograd,ZelAO,35,95
2023-11,Shchukino,SZAO,65,30
2023-11,Timiryazevsky,SAO,39,61
2023-11,Metrogorodok,VAO,69,106
2023-11,Kosino-Ukhtomsky,VAO,75,50
2023-11,Yuzhnoye Tushino,SZAO,175,66
2023-11,Alekseevsky,SVAO,158,70
2023-11,Khoroshyovsky,SAO,88,112
2023-11,Kotlovka,YuZAO,121,57
2023-11,Khovrino,SAO,181,74
2023-11,Novogireyevo,VAO,166,65
2023-11,Altufyevsky,SVAO,20,88
2023-11,Khoroshyovo-Mnyovniki,SZAO,109,17
2023-11,Shchapovskoye,TAO,190,77
2023-11,Maryina Roshcha,SVAO,94,105
2023-11,Biryulyovo Zapadnoye,YuAO,168,44
2023-11,Beskudnikovsky,SAO,76,49
2023-11,Chertanovo Severnoye,YuAO,75,85
2023-11,Yuzhnoye Medvedkovo,SVAO,145,66
2023-11,Vnukovo,ZAO,167,10
2023-11,Sosenskoye,NAO,117,41
2023-11,Veshnyaki,VAO,58,47
2023-11,Izmaylovo,VAO,160,58
2023-11,Filyovsky Park,ZAO,104,10
2023-11,Nagorny,YuAO,194,95
2023-11,Pervomayskoye,TAO,151,111
2023-11,Marfino,SVAO,71,75
2023-11,Biryulyovo Vostochnoye,YuAO,21,111
2023-11,Tagansky,CAO,40,60
2023-11,Voykovsky,SAO,148,92
2023-11,Ryazanovskoye,NAO,90,33
2023-11,Chertanovo Tsentralnoye,YuAO,114,109
2023-11,Fili-Davydkovo,ZAO,102,70
2023-11,Golovinsky,SAO,192,79
2023-11,Zyablikovo,YuAO,25,91
2023-11,Mozhaysky,ZAO,181,35
2023-11,Yasenevo,YuZAO,58,89
2023-11,Vostochnoye Izmaylovo,VAO,145,26
2023-11,Sokolniki,VAO,164,29
2023-11,Losinoostrovsky,SVAO,34,110
2023-11,Mosrentgen,NAO,100,104
2023-11,Chertanovo Yuzhnoye,YuAO,100,60
2023-11,Aeroport,SAO,91,32
2023-11,Ramenki,ZAO,22,21
2023-11,Orekhovo-Borisovo Severnoye,YuAO,136,61
2023-11,Tverskoy,CAO,179,52
2023-11,Kuntsevo,ZAO,149,29
2023-11,Mikhaylovo-Yartsevskoye,TAO,162,104
2023-11,Khamovniki,CAO,55,40
2023-11,Yaroslavsky,SVAO,124,109
2023-11,Otradnoye,SVAO,125,90
2023-11,Danilovsky,YuAO,149,95
2023-11,Yakimanka,CAO,49,26
2023-11,Orekhovo-Borisovo Yuzhnoye,YuAO,34,42
2023-11,Basmanny,CAO,155,25
2023-11,Donskoy,YuAO,140,52
2023-11,Krasnopakhorskoye,TAO,36,93
2023-11,Presnensky,CAO,75,94
2023-11,Solntsevo,ZAO,48,84
2023-11,Novofyodorovskoye,TAO,178,108
2023-11,Rostokino,SVAO,152,14
2023-11,Dorogomilovo,ZAO,111,71
2023-11,Brateyevo,YuAO,47,62
2023-11,Shcherbinka,NAO,32,119
2023-11,Bogorodskoye,VAO,50,50
2023-11,Prospekt Vernadskogo,ZAO,90,105
2023-11,Ostankinsky,SVAO,88,35
2023-11,Tsaritsyno,YuAO,167,29
2023-11,Begovoy,SAO,73,115
2023-11,Filimonkovskoye,NAO,164,100
2023-11,Troparyovo-Nikulino,ZAO,85,52
2023-11,Desyonovskoye,NAO,110,13
2023-11,Gagarinsky,YuZAO,83,22
2023-11,Severny,SVAO,29,30
2023-11,Kokoshkino,NAO,61,79
2023-11,Troitsk,TAO,121,94
2023-11,Cheryomushki,YuZAO,65,78
2023-11,Severnoye Medvedkovo,SVAO,133,11
2023-11,Preobrazhenskoye,VAO,44,61
2023-11,Arbat,CAO,46,84
2023-11,Levoberezhny,SAO,56,54
2023-11,Golyanovo,VAO,153,110
2023-11,Novo-Peredelkino,ZAO,64,55
2023-11,Krasnoselsky,CAO,136,33
2023-11,Bibirevo,SVAO,155,93
2023-11,Mitino,SZAO,155,91
2023-11,Zyuzino,YuZAO,39,30
2023-11,Molzhaninovsky,SAO,198,31
2023-11,Pokrovskoye-Streshnevo,SZAO,91,79
2023-11,Perovo,VAO,87,119
2023-11,Savyolovsky,SAO,115,10
2023-11,Nagatino-Sadovniki,YuAO,77,103
2023-11,Babushkinsky,SVAO,52,57
2023-11,Voronovskoye,TAO,48,62
2023-11,Tyoply Stan,YuZAO,133,61
2023-11,Voskresenskoye,NAO,166,116
2023-11,Konkovo,YuZAO,165,111
2023-11,Ivanovskoye,VAO,81,114
2023-11,Yuzhnoye Butovo,YuZAO,33,117
2023-11,Krylatskoye,SZAO,46,22
2023-11,Rogovskoye,TAO,36,14
2023-11,Sviblovo,SVAO,176,15
2023-11,Dmitrovsky,SAO,156,112
2023-11,Lianozovo,SVAO,45,106
2023-11,Vnukovskoye,NAO,53,35
2023-11,Novokosino,VAO,191,97
2023-11,Moskovsky,NAO,59,69
2023-11,Sokolinaya Gora,VAO,182,114
2023-11,Zapadnoye Degunino,SAO,81,97
2023-11,Severnoye Tushino,SZAO,166,76
2023-11,Koptevo,SAO,20,106
2023-11,Akademichesky,YuZAO,75,15
2023-11,Vostochny,VAO,92,47
2023-11,Ochakovo-Matveyevskoye,ZAO,80,78
2023-11,Kurkino,SZAO,199,11
2023-11,Nagatinsky Zaton,YuAO,170,96
2023-11,Meshchansky,CAO,78,12
2023-11,Marushkinskoye,NAO,88,57
2023-11,Zamoskvorechye,CAO,163,15
2023-11,Butyrsky,SVAO,95,58
2023-11,Severnoye Izmaylovo,VAO,78,44
2023-11,Moskvorechye-Saburovo,YuAO,36,85
2023-11,Kievsky,TAO,176,81
2023-12,Khoroshyovo-Mnyovniki,SZAO,122,80
2023-12,Khoroshyovsky,SAO,183,96
2023-12,Severnoye Medvedkovo,SVAO,100,91
2023-12,Klyonovskoye,TAO,121,60
2023-12,Novo-Peredelkino,ZAO,49,69
2023-12,Rostokino,SVAO,90,81
2023-12,Prospekt Vernadskogo,ZAO,152,64
2023-12,Yuzhnoye Medvedkovo,SVAO,172,96
2023-12,Severny,SVAO,83,102
2023-12,Ochakovo-Matveyevskoye,ZAO,49,92
2023-12,Sviblovo,SVAO,83,71
2023-12,Mozhaysky,ZAO,121,103
2023-12,Obruchevsky,YuZAO,119,31
2023-12,Veshnyaki,VAO,29,90
2023-12,Mitino,SZAO,153,37
2023-12,Krylatskoye,SZAO,172,103
2023-12,Lianozovo,SVAO,99,84
2023-12,Izmaylovo,VAO,198,97
2023-12,Yuzhnoye Butovo,YuZAO,112,91
2023-12,Vostochny,VAO,122,82
2023-12,Kurkino,SZAO,114,78
2023-12,Butyrsky,SVAO,21,69
2023-12,Severnoye Butovo,YuZAO,162,108
2023-12,Strogino,SZAO,177,43
2023-12,Losinoostrovsky,SVAO,90,68
2023-12,Cheryomushki,YuZAO,155,49
2023-12,Golyanovo,VAO,79,10
2023-12,Bibirevo,SVAO,94,44
2023-12,Pokrovskoye-Streshnevo,SZAO,139,81
2023-12,Babushkinsky,SVAO,170,60
2023-12,Tyoply Stan,YuZAO,162,69
2023-12,Ivanovskoye,VAO,177,53
2023-12,Severnoye Tushino,SZAO,43,30
2023-12,Altufyevsky,SVAO,47,103
2023-12,Troparyovo-Nikulino,ZAO,118,10
2023-12,Kuntsevo,ZAO,181,115
2023-12,Yaroslavsky,SVAO,179,22
2023-12,Otradnoye,SVAO,106,72
2023-12,Basmanny,CAO,112,80
2023-12,Solntsevo,ZAO,22,110
2023-12,Kosino-Ukhtomsky,VAO,172,119
2023-12,Ostankinsky,SVAO,76,14
2023-12,Dorogomilovo,ZAO,149,110
2023-12,Bogorodskoye,VAO,185,113
2023-12,Ramenki,ZAO,85,65
2023-12,Maryina Roshcha,SVAO,86,10
2023-12,Vnukovo,ZAO,145,116
2023-12,Filyovsky Park,ZAO,45,65
2023-12,Marfino,SVAO,126,92
2023-12,Fili-Davydkovo,ZAO,96,69
2023-12,Yasenevo,YuZAO,103,95
2023-12,Vostochnoye Izmaylovo,VAO,137,75
2023-12,Alekseevsky,SVAO,119,12
2023-12,Sosenskoye,NAO,102,77
2023-12,Ryazanovskoye,NAO,196,101
2023-12,Tagansky,CAO,40,62
2023-12,Marushkinskoye,NAO,70,70
2023-12,Krasnoselsky,CAO,27,32
2023-12,Voykovsky,SAO,117,76
2023-12,Shchapovskoye,TAO,107,92
2023-12,Biryulyovo Vostochnoye,YuAO,46,46
2023-12,Severnoye Izmaylovo,VAO,27,46
2023-12,Troitsk,TAO,80,49
2023-12,Koptevo,SAO,184,62
2023-12,Gagarinsky,YuZAO,157,90
2023-12,Novogireyevo,VAO,43,82
2023-12,Timiryazevsky,SAO,148,14
2023-12,Kokoshkino,NAO,51,61
2023-12,Chertanovo Severnoye,YuAO,134,60
2023-12,Biryulyovo Zapadnoye,YuAO,72,11
2023-12,Kievsky,TAO,116,52
2023-12,Nagatino-Sadovniki,YuAO,67,78
2023-12,Preobrazhenskoye,VAO,72,56
2023-12,Levoberezhny,SAO,155,82
2023-12,Filimonkovskoye,NAO,182,106
2023-12,Lomonosovsky,YuZAO,37,50
2023-12,Mosrentgen,NAO,187,70
2023-12,Sokolinaya Gora,VAO,174,66
2023-12,Moskovsky,NAO,161,113
2023-12,Kotlovka,YuZAO,29,19
2023-12,Sokol,SAO,159,116
2023-12,Zapadnoye Degunino,SAO,132,17
2023-12,Akademichesky,YuZAO,124,31
2023-12,Dmitrovsky,SAO,24,10
2023-12,Chertanovo Yuzhnoye,YuAO,49,115
2023-12,Presnensky,CAO,27,24
2023-12,Zyablikovo,YuAO,39,95
2023-12,Beskudnikovsky,SAO,47,71
2023-12,Vnukovskoye,NAO,64,59
2023-12,Rogovskoye,TAO,29,10
2023-12,Sokolniki,VAO,172,56
2023-12,Novokosino,VAO,33,81
2023-12,Zamoskvorechye,CAO,86,58
2023-12,Pervomayskoye,TAO,126,110
2023-12,Nagorny,YuAO,137,100
2023-12,Golovinsky,SAO,68,53
2023-12,Zelenograd,ZelAO,35,110
2023-12,Chertanovo Tsentralnoye,YuAO,191,17
2023-12,Molzhaninovsky,SAO,82,40
2023-12,Shcherbinka,NAO,22,118
2023-12,Brateyevo,YuAO,190,10
2023-12,Zyuzino,YuZAO,117,50
2023-12,Savyolovsky,SAO,61,62
2023-12,Danilovsky,YuAO,35,55
2023-12,Nagatinsky Zaton,YuAO,135,72
2023-12,Voskresenskoye,NAO,42,73
2023-12,Donskoy,YuAO,52,95
2023-12,Tverskoy,CAO,168,115
2023-12,Perovo,VAO,76,105
2023-12,Arbat,CAO,87,19
2023-12,Metrogorodok,VAO,92,47
2023-12,Orekhovo-Borisovo Yuzhnoye,YuAO,172,10
2023-12,Aeroport,SAO,25,24
2023-12,Konkovo,YuZAO,119,94
2023-12,Yakimanka,CAO,176,85
2023-12,Krasnopakhorskoye,TAO,47,80
2023-12,Orekhovo-Borisovo Severnoye,YuAO,48,115
2023-12,Begovoy,SAO,186,13
2023-12,Desyonovskoye,NAO,36,78
2023-12,Moskvorechye-Saburovo,YuAO,40,41
2023-12,Novofyodorovskoye,TAO,74,51
2023-12,Meshchansky,CAO,86,44
2023-12,Khovrino,SAO,190,20
2023-12,Shchukino,SZAO,29,18
2023-12,Khamovniki,CAO,53,45
2023-12,Voronovskoye,TAO,72,47
2023-12,Mikhaylovo-Yartsevskoye,TAO,81,87
2023-12,Yuzhnoye Tushino,SZAO,123,108
2023-12,Tsaritsyno,YuAO,196,96
2024-01,Vostochny,VAO,120,71
2024-01,Akademichesky,YuZAO,93,81
2024-01,Arbat,CAO,128,41
2024-01,Zamoskvorechye,CAO,31,24
2024-01,Yuzhnoye Butovo,YuZAO,110,43
2024-01,Perovo,VAO,28,114
2024-01,Babushkinsky,SVAO,73,41
2024-01,Zapadnoye Degunino,SAO,117,105
2024-01,Meshchansky,CAO,80,113
2024-01,Presnensky,CAO,170,82
2024-01,Molzhaninovsky,SAO,31,18
2024-01,Pokrovskoye-Streshnevo,SZAO,135,106
2024-01,Gagarinsky,YuZAO,58,25
2024-01,Golyanovo,VAO,179,69
2024-01,Bibirevo,SVAO,72,105
2024-01,Ochakovo-Matveyevskoye,ZAO,191,98
2024-01,Preobrazhenskoye,VAO,115,55
2024-01,Moskvorechye-Saburovo,YuAO,22,25
2024-01,Cheryomushki,YuZAO,69,63
2024-01,Klyonovskoye,TAO,68,37
2024-01,Mitino,SZAO,70,108
2024-01,Kokoshkino,NAO,57,63
2024-01,Desyonovskoye,NAO,60,56
2024-01,Rogovskoye,TAO,68,78
2024-01,Koptevo,SAO,51,64
2024-01,Nagatinsky Zaton,YuAO,105,42
2024-01,Zyuzino,YuZAO,32,58
2024-01,Severnoye Izmaylovo,VAO,132,36
2024-01,Butyrsky,SVAO,62,61
2024-01,Levoberezhny,SAO,112,112
2024-01,Sviblovo,SVAO,114,116
2024-01,Kurkino,SZAO,22,71
2024-01,Marushkinskoye,NAO,172,96
2024-01,Ostankinsky,SVAO,134,49
2024-01,Beskudnikovsky,SAO,52,105
2024-01,Biryulyovo Zapadnoye,YuAO,54,81
2024-01,Maryina Roshcha,SVAO,124,19
2024-01,Rostokino,SVAO,191,114
2024-01,Troparyovo-Nikulino,ZAO,149,106
2024-01,Filimonkovskoye,NAO,169,12
2024-01,Begovoy,SAO,27,74
2024-01,Novofyodorovskoye,TAO,98,110
2024-01,Tsaritsyno,YuAO,144,13
2024-01,Bogorodskoye,VAO,20,49
2024-01,Aeroport,SAO,102,98
2024-01,Shcherbinka,NAO,35,22
2024-01,Brateyevo,YuAO,48,81
2024-01,Dorogomilovo,ZAO,80,29
2024-01,Donskoy,YuAO,79,26
2024-01,Vnukovo,ZAO,194,87
2024-01,Basmanny,CAO,51,55
2024-01,Tverskoy,CAO,82,103
2024-01,Solntsevo,ZAO,34,49
2024-01,Yakimanka,CAO,119,94
2024-01,Orekhovo-Borisovo Yuzhnoye,YuAO,161,36
2024-01,Krasnopakhorskoye,TAO,54,99
2024-01,Orekhovo-Borisovo Severnoye,YuAO,183,102
2024-01,Danilovsky,YuAO,21,85
2024-01,Otradnoye,SVAO,116,34
2024-01,Ramenki,ZAO,77,83
2024-01,Yaroslavsky,SVAO,59,67
2024-01,Khamovniki,CAO,176,42
2024-01,Mikhaylovo-Yartsevskoye,TAO,104,19
2024-01,Kuntsevo,ZAO,68,96
2024-01,Nagorny,YuAO,193,67
2024-01,Moskovsky,NAO,194,46
2024-01,Lianozovo,SVAO,72,33
2024-01,Krylatskoye,SZAO,117,93
2024-01,Mozhaysky,ZAO,21,11
2024-01,Dmitrovsky,SAO,57,41
2024-01,Chertanovo Yuzhnoye,YuAO,168,25
2024-01,Zyablikovo,YuAO,179,13
2024-01,Mosrentgen,NAO,70,112
2024-01,Losinoostrovsky,SVAO,120,85
2024-01,Vostochnoye Izmaylovo,VAO,117,30
2024-01,Sokolniki,VAO,123,34
2024-01,Pervomayskoye,TAO,177,93
2024-01,Golovinsky,SAO,27,117
2024-01,Yasenevo,YuZAO,170,14
2024-01,Sokolinaya Gora,VAO,43,27
2024-01,Fili-Davydkovo,ZAO,143,108
2024-01,Chertanovo Tsentralnoye,YuAO,178,106
2024-01,Ryazanovskoye,NAO,169,108
2024-01,Yuzhnoye Medvedkovo,SVAO,37,16
2024-01,Voykovsky,SAO,169,73
2024-01,Biryulyovo Vostochnoye,YuAO,126,107
2024-01,Marfino,SVAO,33,71
2024-01,Filyovsky Park,ZAO,53,61
2024-01,Tagansky,CAO,136,11
2024-01,Shchapovskoye,TAO,186,81
2024-01,Veshnyaki,VAO,25,36
2024-01,Sosenskoye,NAO,91,109
2024-01,Prospekt Vernadskogo,ZAO,42,60
2024-01,Chertanovo Severnoye,YuAO,89,57
2024-01,Vnukovskoye,NAO,133,30
2024-01,Shchukino,SZAO,194,32
2024-01,Konkovo,YuZAO,94,87
2024-01,Nagatino-Sadovniki,YuAO,100,55
2024-01,Krasnoselsky,CAO,22,51
2024-01,Novo-Peredelkino,ZAO,71,12
2024-01,Sokol,SAO,102,116
2024-01,Ivanovskoye,VAO,141,84
2024-01,Novokosino,VAO,191,52
2024-01,Khoroshyovsky,SAO,82,100
2024-01,Timiryazevsky,SAO,178,62
2024-01,Lomonosovsky,YuZAO,45,58
2024-01,Kievsky,TAO,196,99
2024-01,Zelenograd,ZelAO,83,47
2024-01,Savyolovsky,SAO,89,56
2024-01,Altufyevsky,SVAO,114,76
2024-01,Metrogorodok,VAO,69,53
2024-01,Kotlovka,YuZAO,155,11
2024-01,Khoroshyovo-Mnyovniki,SZAO,127,23
2024-01,Severny,SVAO,125,86
2024-01,Novogireyevo,VAO,91,17
2024-01,Izmaylovo,VAO,99,66
2024-01,Alekseevsky,SVAO,163,52
2024-01,Troitsk,TAO,86,111
2024-01,Khovrino,SAO,46,54
2024-01,Yuzhnoye Tushino,SZAO,163,97
2024-01,Voronovskoye,TAO,138,40
2024-01,Obruchevsky,YuZAO,65,87
2024-01,Strogino,SZAO,129,70
2024-01,Severnoye Butovo,YuZAO,145,102
2024-01,Kosino-Ukhtomsky,VAO,41,109
2024-01,Severnoye Tushino,SZAO,78,17
2024-01,Tyoply Stan,YuZAO,139,74
2024-01,Severnoye Medvedkovo,SVAO,71,93
2024-01,Voskresenskoye,NAO,56,99
2024-02,Khovrino,SAO,150,13
2024-02,Troitsk,TAO,86,49
2024-02,Zapadnoye Degunino,SAO,122,88
2024-02,Severnoye Izmaylovo,VAO,57,67
2024-02,Ryazanovskoye,NAO,141,51
2024-02,Kievsky,TAO,166,105
2024-02,Filyovsky Park,ZAO,63,39
2024-02,Akademichesky,YuZAO,188,75
2024-02,Sviblovo,SVAO,98,26
2024-02,Aeroport,SAO,118,73
2024-02,Yakimanka,CAO,194,114
2024-02,Presnensky,CAO,102,45
2024-02,Kurkino,SZAO,190,111
2024-02,Butyrsky,SVAO,169,63
2024-02,Altufyevsky,SVAO,132,37
2024-02,Bogorodskoye,VAO,101,84
2024-02,Yuzhnoye Medvedkovo,SVAO,96,66
2024-02,Marfino,SVAO,120,108
2024-02,Vostochny,VAO,91,25
2024-02,Vnukovskoye,NAO,152,117
2024-02,Voykovsky,SAO,127,69
2024-02,Marushkinskoye,NAO,72,109
2024-02,Novo-Peredelkino,ZAO,49,112
2024-02,Orekhovo-Borisovo Yuzhnoye,YuAO,69,90
2024-02,Novokosino,VAO,186,31
2024-02,Rogovskoye,TAO,132,106
2024-02,Sokolinaya Gora,VAO,189,82
2024-02,Dorogomilovo,ZAO,49,83
2024-02,Ostankinsky,SVAO,23,110
2024-02,Dmitrovsky,SAO,167,67
2024-02,Yasenevo,YuZAO,58,30
2024-02,Severnoye Medvedkovo,SVAO,22,72
2024-02,Zyablikovo,YuAO,115,106
2024-02,Krasnoselsky,CAO,186,103
2024-02,Chertanovo Yuzhnoye,YuAO,80,114
2024-02,Donskoy,YuAO,93,75
2024-02,Golovinsky,SAO,42,55
2024-02,Sokol,SAO,97,80
2024-02,Strogino,SZAO,35,53
2024-02,Mosrentgen,NAO,140,41
2024-02,Losinoostrovsky,SVAO,184,52
2024-02,Severnoye Butovo,YuZAO,51,101
2024-02,Voronovskoye,TAO,171,74
2024-02,Pervomayskoye,TAO,154,29
2024-02,Brateyevo,YuAO,126,40
2024-02,Vostochnoye Izmaylovo,VAO,177,76
2024-02,Sokolniki,VAO,116,56
2024-02,Lianozovo,SVAO,133,99
2024-02,Yuzhnoye Butovo,YuZAO,79,113
2024-02,Novogireyevo,VAO,188,84
2024-02,Chertanovo Tsentralnoye,YuAO,46,119
2024-02,Zamoskvorechye,CAO,138,106
2024-02,Khoroshyovo-Mnyovniki,SZAO,197,18
2024-02,Kotlovka,YuZAO,141,43
2024-02,Obruchevsky,YuZAO,21,93
2024-02,Solntsevo,ZAO,103,54
2024-02,Shcherbinka,NAO,60,65
2024-02,Izmaylovo,VAO,128,42
2024-02,Zelenograd,ZelAO,145,76
2024-02,Tverskoy,CAO,93,80
2024-02,Khoroshyovsky,SAO,185,110
2024-02,Basmanny,CAO,45,66
2024-02,Fili-Davydkovo,ZAO,56,62
2024-02,Krylatskoye,SZAO,154,84
2024-02,Moskovsky,NAO,113,34
2024-02,Nagorny,YuAO,188,49
2024-02,Mozhaysky,ZAO,124,37
2024-02,Chertanovo Severnoye,YuAO,86,72
2024-02,Yaroslavsky,SVAO,137,58
2024-02,Maryina Roshcha,SVAO,181,60
2024-02,Vnukovo,ZAO,187,26
2024-02,Novofyodorovskoye,TAO,20,67
2024-02,Golyanovo,VAO,144,27
2024-02,Arbat,CAO,199,28
2024-02,Savyolovsky,SAO,160,101
2024-02,Pokrovskoye-Streshnevo,SZAO,162,108
2024-02,Krasnopakhorskoye,TAO,45,86
2024-02,Levoberezhny,SAO,56,100
2024-02,Mikhaylovo-Yartsevskoye,TAO,110,37
2024-02,Ramenki,ZAO,167,13
2024-02,Moskvorechye-Saburovo,YuAO,198,82
2024-02,Preobrazhenskoye,VAO,196,87
2024-02,Begovoy,SAO,196,53
2024-02,Timiryazevsky,SAO,187,77
2024-02,Lomonosovsky,YuZAO,182,67
2024-02,Beskudnikovsky,SAO,139,16
2024-02,Konkovo,YuZAO,161,60
2024-02,Filimonkovskoye,NAO,83,41
2024-02,Zyuzino,YuZAO,59,21
2024-02,Ivanovskoye,VAO,46,52
2024-02,Molzhaninovsky,SAO,75,25
2024-02,Nagatino-Sadovniki,YuAO,121,59
2024-02,Metrogorodok,VAO,183,113
2024-02,Desyonovskoye,NAO,191,55
2024-02,Kosino-Ukhtomsky,VAO,88,93
2024-02,Khamovniki,CAO,196,110
2024-02,Nagatinsky Zaton,YuAO,33,95
2024-02,Severny,SVAO,86,73
2024-02,Ochakovo-Matveyevskoye,ZAO,54,84
2024-02,Bibirevo,SVAO,198,104
2024-02,Prospekt Vernadskogo,ZAO,100,84
2024-02,Shchukino,SZAO,28,63
2024-02,Perovo,VAO,109,43
2024-02,Veshnyaki,VAO,166,54
2024-02,Orekhovo-Borisovo Severnoye,YuAO,80,117
2024-02,Severnoye Tushino,SZAO,90,12
2024-02,Gagarinsky,YuZAO,28,28
2024-02,Kuntsevo,ZAO,167,59
2024-02,Biryulyovo Vostochnoye,YuAO,41,36
2024-02,Shchapovskoye,TAO,77,21
2024-02,Tagansky,CAO,136,46
2024-02,Biryulyovo Zapadnoye,YuAO,197,62
2024-02,Yuzhnoye Tushino,SZAO,48,110
2024-02,Rostokino,SVAO,34,86
2024-02,Kokoshkino,NAO,58,72
2024-02,Tyoply Stan,YuZAO,68,80
2024-02,Otradnoye,SVAO,185,110
2024-02,Mitino,SZAO,159,102
2024-02,Tsaritsyno,YuAO,108,55
2024-02,Babushkinsky,SVAO,82,97
2024-02,Klyonovskoye,TAO,131,58
2024-02,Voskresenskoye,NAO,138,109
2024-02,Koptevo,SAO,138,98
2024-02,Alekseevsky,SVAO,63,66
2024-02,Meshchansky,CAO,26,51
2024-02,Danilovsky,YuAO,166,78
2024-02,Sosenskoye,NAO,162,73
2024-02,Cheryomushki,YuZAO,184,17
2024-02,Troparyovo-Nikulino,ZAO,65,103
2024-03,Brateyevo,YuAO,108,47
2024-03,Shchapovskoye,TAO,142,84
2024-03,Voskresenskoye,NAO,121,68
2024-03,Sokolniki,VAO,155,43
2024-03,Novofyodorovskoye,TAO,179,79
2024-03,Golovinsky,SAO,23,23
2024-03,Yasenevo,YuZAO,158,37
2024-03,Pervomayskoye,TAO,177,48
2024-03,Mosrentgen,NAO,149,103
2024-03,Yuzhnoye Tushino,SZAO,133,81
2024-03,Rostokino,SVAO,172,84
2024-03,Maryina Roshcha,SVAO,106,79
2024-03,Troparyovo-Nikulino,ZAO,193,48
2024-03,Metrogorodok,VAO,62,93
2024-03,Tagansky,CAO,91,82
2024-03,Sosenskoye,NAO,127,78
2024-03,Izmaylovo,VAO,113,67
2024-03,Beskudnikovsky,SAO,164,105
2024-03,Aeroport,SAO,151,26
2024-03,Voykovsky,SAO,87,15
2024-03,Tsaritsyno,YuAO,106,85
2024-03,Veshnyaki,VAO,36,71
2024-03,Novo-Peredelkino,ZAO,77,22
2024-03,Lomonosovsky,YuZAO,124,16
2024-03,Marfino,SVAO,31,40
2024-03,Yuzhnoye Medvedkovo,SVAO,52,115
2024-03,Bogorodskoye,VAO,60,69
2024-03,Biryulyovo Vostochnoye,YuAO,94,76
2024-03,Filyovsky Park,ZAO,52,14
2024-03,Biryulyovo Zapadnoye,YuAO,40,70
2024-03,Alekseevsky,SVAO,171,103
2024-03,Begovoy,SAO,197,17
2024-03,Ryazanovskoye,NAO,114,119
2024-03,Basmanny,CAO,159,81
2024-03,Chertanovo Severnoye,YuAO,177,109
2024-03,Timiryazevsky,SAO,191,18
2024-03,Chertanovo Tsentralnoye,YuAO,99,79
2024-03,Vnukovo,ZAO,80,98
2024-03,Khoroshyovo-Mnyovniki,SZAO,133,42
2024-03,Nagorny,YuAO,127,14
2024-03,Prospekt Vernadskogo,ZAO,156,24
2024-03,Nagatino-Sadovniki,YuAO,139,53
2024-03,Fili-Davydkovo,ZAO,177,13
2024-03,Shcherbinka,NAO,138,48
2024-03,Filimonkovskoye,NAO,47,30
2024-03,Zelenograd,ZelAO,172,12
2024-03,Kosino-Ukhtomsky,VAO,148,35
2024-03,Konkovo,YuZAO,77,85
2024-03,Klyonovskoye,TAO,127,62
2024-03,Gagarinsky,YuZAO,122,88
2024-03,Voronovskoye,TAO,91,12
2024-03,Sviblovo,SVAO,113,116
2024-03,Krasnopakhorskoye,TAO,104,90
2024-03,Koptevo,SAO,157,43
2024-03,Severnoye Tushino,SZAO,129,73
2024-03,Severnoye Izmaylovo,VAO,21,112
2024-03,Troitsk,TAO,170,20
2024-03,Obruchevsky,YuZAO,141,17
2024-03,Kokoshkino,NAO,69,39
2024-03,Butyrsky,SVAO,87,34
2024-03,Molzhaninovsky,SAO,96,20
2024-03,Altufyevsky,SVAO,174,42
2024-03,Orekhovo-Borisovo Yuzhnoye,YuAO,192,16
2024-03,Rogovskoye,TAO,146,28
2024-03,Khamovniki,CAO,28,61
2024-03,Kurkino,SZAO,94,19
2024-03,Novokosino,VAO,145,68
2024-03,Perovo,VAO,125,11
2024-03,Pokrovskoye-Streshnevo,SZAO,133,11
2024-03,Shchukino,SZAO,162,116
2024-03,Bibirevo,SVAO,176,86
2024-03,Ochakovo-Matveyevskoye,ZAO,33,95
2024-03,Yaroslavsky,SVAO,44,111
2024-03,Golyanovo,VAO,115,53
2024-03,Desyonovskoye,NAO,114,46
2024-03,Nagatinsky Zaton,YuAO,71,100
2024-03,Ramenki,ZAO,79,24
2024-03,Levoberezhny,SAO,163,101
2024-03,Savyolovsky,SAO,37,64
2024-03,Preobrazhenskoye,VAO,20,41
2024-03,Marushkinskoye,NAO,29,111
2024-03,Danilovsky,YuAO,74,113
2024-03,Moskvorechye-Saburovo,YuAO,95,26
2024-03,Cheryomushki,YuZAO,60,79
2024-03,Ivanovskoye,VAO,24,93
2024-03,Orekhovo-Borisovo Severnoye,YuAO,65,86
2024-03,Severny,SVAO,185,87
2024-03,Mitino,SZAO,179,100
2024-03,Otradnoye,SVAO,63,68
2024-03,Zyuzino,YuZAO,115,103
2024-03,Sokol,SAO,104,104
2024-03,Lianozovo,SVAO,112,81
2024-03,Vnukovskoye,NAO,92,15
2024-03,Babushkinsky,SVAO,110,54
2024-03,Krylatskoye,SZAO,177,113
2024-03,Moskovsky,NAO,197,39
2024-03,Tyoply Stan,YuZAO,123,42
2024-03,Mozhaysky,ZAO,121,119
2024-03,Ostankinsky,SVAO,116,93
2024-03,Zyablikovo,YuAO,130,101
2024-03,Dmitrovsky,SAO,59,23
2024-03,Khoroshyovsky,SAO,28,54
2024-03,Chertanovo Yuzhnoye,YuAO,100,30
2024-03,Kievsky,TAO,87,77
2024-03,Dorogomilovo,ZAO,102,60
2024-03,Strogino,SZAO,132,59
2024-03,Losinoostrovsky,SVAO,68,19
2024-03,Kuntsevo,ZAO,140,119
2024-03,Donskoy,YuAO,172,48
2024-03,Vostochnoye Izmaylovo,VAO,119,86
2024-03,Krasnoselsky,CAO,183,30
2024-03,Severnoye Butovo,YuZAO,57,46
2024-03,Presnensky,CAO,167,82
2024-03,Akademichesky,YuZAO,24,57
2024-03,Yakimanka,CAO,79,56
2024-03,Zapadnoye Degunino,SAO,89,69
2024-03,Arbat,CAO,108,42
2024-03,Mikhaylovo-Yartsevskoye,TAO,151,45
2024-03,Meshchansky,CAO,112,106
2024-03,Novogireyevo,VAO,145,52
2024-03,Yuzhnoye Butovo,YuZAO,37,107
2024-03,Khovrino,SAO,169,84
2024-03,Vostochny,VAO,190,87
2024-03,Zamoskvorechye,CAO,158,66
2024-03,Tverskoy,CAO,172,17
2024-03,Sokolinaya Gora,VAO,191,13
2024-03,Kotlovka,YuZAO,154,115
2024-03,Solntsevo,ZAO,117,53
2024-03,Severnoye Medvedkovo,SVAO,163,30
2024-04,Kosino-Ukhtomsky,VAO,79,16
2024-04,Danilovsky,YuAO,158,61
2024-04,Yasenevo,YuZAO,52,61
2024-04,Mikhaylovo-Yartsevskoye,TAO,116,26
2024-04,Biryulyovo Zapadnoye,YuAO,139,101
2024-04,Ramenki,ZAO,127,16
2024-04,Filimonkovskoye,NAO,42,116
2024-04,Novofyodorovskoye,TAO,30,33
2024-04,Khamovniki,CAO,187,98
2024-04,Kuntsevo,ZAO,47,61
2024-04,Severnoye Medvedkovo,SVAO,109,70
2024-04,Brateyevo,YuAO,64,70
2024-04,Shcherbinka,NAO,172,109
2024-04,Dorogomilovo,ZAO,22,10
2024-04,Khoroshyovo-Mnyovniki,SZAO,55,78
2024-04,Ostankinsky,SVAO,137,39
2024-04,Khoroshyovsky,SAO,51,21
2024-04,Solntsevo,ZAO,27,37
2024-04,Tverskoy,CAO,131,30
2024-04,Yakimanka,CAO,104,24
2024-04,Khovrino,SAO,196,76
2024-04,Aeroport,SAO,36,32
2024-04,Donskoy,YuAO,179,24
2024-04,Yaroslavsky,SVAO,186,50
2024-04,Orekhovo-Borisovo Yuzhnoye,YuAO,137,63
2024-04,Obruchevsky,YuZAO,36,96
2024-04,Bogorodskoye,VAO,62,19
2024-04,Krasnopakhorskoye,TAO,108,45
2024-04,Voronovskoye,TAO,107,42
2024-04,Shchukino,SZAO,97,12
2024-04,Otradnoye,SVAO,89,58
2024-04,Tsaritsyno,YuAO,171,104
2024-04,Lomonosovsky,YuZAO,71,24
2024-04,Orekhovo-Borisovo Severnoye,YuAO,102,95
2024-04,Basmanny,CAO,47,76
2024-04,Akademichesky,YuZAO,152,30
2024-04,Kokoshkino,NAO,123,55
2024-04,Klyonovskoye,TAO,91,65
2024-04,Sviblovo,SVAO,190,35
2024-04,Koptevo,SAO,191,114
2024-04,Severnoye Tushino,SZAO,55,63
2024-04,Severnoye Izmaylovo,VAO,149,62
2024-04,Altufyevsky,SVAO,192,16
2024-04,Butyrsky,SVAO,111,20
2024-04,Rogovskoye,TAO,139,86
2024-04,Kurkino,SZAO,78,17
2024-04,Marushkinskoye,NAO,145,35
2024-04,Vostochny,VAO,65,46
2024-04,Zapadnoye Degunino,SAO,114,73
2024-04,Gagarinsky,YuZAO,95,64
2024-04,Troitsk,TAO,25,101
2024-04,Novogireyevo,VAO,43,12
2024-04,Yuzhnoye Butovo,YuZAO,53,10
2024-04,Presnensky,CAO,184,54
2024-04,Sokolinaya Gora,VAO,34,69
2024-04,Kotlovka,YuZAO,61,96
2024-04,Troparyovo-Nikulino,ZAO,102,56
2024-04,Zyablikovo,YuAO,192,16
2024-04,Mozhaysky,ZAO,20,94
2024-04,Krylatskoye,SZAO,172,90
2024-04,Moskovsky,NAO,37,13
2024-04,Zamoskvorechye,CAO,191,111
2024-04,Desyonovskoye,NAO,86,57
2024-04,Voskresenskoye,NAO,110,86
2024-04,Tyoply Stan,YuZAO,64,111
2024-04,Babushkinsky,SVAO,138,94
2024-04,Meshchansky,CAO,103,117
2024-04,Pokrovskoye-Streshnevo,SZAO,166,50
2024-04,Severny,SVAO,123,67
2024-04,Perovo,VAO,112,65
2024-04,Novokosino,VAO,81,61
2024-04,Molzhaninovsky,SAO,138,107
2024-04,Konkovo,YuZAO,157,15
2024-04,Zyuzino,YuZAO,118,116
2024-04,Ivanovskoye,VAO,94,93
2024-04,Lianozovo,SVAO,58,87
2024-04,Bibirevo,SVAO,81,66
2024-04,Ochakovo-Matveyevskoye,ZAO,29,84
2024-04,Golyanovo,VAO,81,47
2024-04,Levoberezhny,SAO,59,37
2024-04,Savyolovsky,SAO,49,15
2024-04,Preobrazhenskoye,VAO,44,119
2024-04,Nagatinsky Zaton,YuAO,134,37
2024-04,Cheryomushki,YuZAO,117,16
2024-04,Moskvorechye-Saburovo,YuAO,59,77
2024-04,Mitino,SZAO,37,12
2024-04,Vnukovskoye,NAO,108,60
2024-04,Arbat,CAO,46,52
2024-04,Beskudnikovsky,SAO,85,47
2024-04,Chertanovo Tsentralnoye,YuAO,67,52
2024-04,Ryazanovskoye,NAO,26,54
2024-04,Izmaylovo,VAO,101,53
2024-04,Strogino,SZAO,137,96
2024-04,Alekseevsky,SVAO,171,57
2024-04,Dmitrovsky,SAO,135,108
2024-04,Yuzhnoye Medvedkovo,SVAO,187,66
2024-04,Filyovsky Park,ZAO,142,81
2024-04,Biryulyovo Vostochnoye,YuAO,90,23
2024-04,Veshnyaki,VAO,158,52
2024-04,Novo-Peredelkino,ZAO,93,89
2024-04,Tagansky,CAO,139,26
2024-04,Marfino,SVAO,129,114
2024-04,Sosenskoye,NAO,77,90
2024-04,Chertanovo Severnoye,YuAO,74,99
2024-04,Timiryazevsky,SAO,161,10
2024-04,Nagatino-Sadovniki,YuAO,74,10
2024-04,Vnukovo,ZAO,162,117
2024-04,Prospekt Vernadskogo,ZAO,149,72
2024-04,Begovoy,SAO,69,108
2024-04,Shchapovskoye,TAO,108,95
2024-04,Yuzhnoye Tushino,SZAO,166,26
2024-04,Maryina Roshcha,SVAO,79,52
2024-04,Rostokino,SVAO,95,91
2024-04,Metrogorodok,VAO,138,74
2024-04,Pervomayskoye,TAO,65,101
2024-04,Sokol,SAO,175,77
2024-04,Chertanovo Yuzhnoye,YuAO,162,25
2024-04,Krasnoselsky,CAO,97,15
2024-04,Kievsky,TAO,198,23
2024-04,Losinoostrovsky,SVAO,89,20
2024-04,Vostochnoye Izmaylovo,VAO,178,46
2024-04,Severnoye Butovo,YuZAO,59,16
2024-04,Sokolniki,VAO,128,63
2024-04,Mosrentgen,NAO,151,101
2024-04,Voykovsky,SAO,109,103
2024-04,Golovinsky,SAO,102,91
2024-04,Nagorny,YuAO,117,61
2024-04,Zelenograd,ZelAO,76,80
2024-04,Fili-Davydkovo,ZAO,91,89
2024-05,Zyablikovo,YuAO,158,11
2024-05,Troitsk,TAO,170,30
2024-05,Prospekt Vernadskogo,ZAO,33,112
2024-05,Mozhaysky,ZAO,88,54
2024-05,Severnoye Medvedkovo,SVAO,70,118
2024-05,Voronovskoye,TAO,75,107
2024-05,Klyonovskoye,TAO,174,70
2024-05,Krasnoselsky,CAO,187,57
2024-05,Meshchansky,CAO,41,30
2024-05,Novofyodorovskoye,TAO,113,43
2024-05,Rostokino,SVAO,98,72
2024-05,Severny,SVAO,135,78
2024-05,Nagorny,YuAO,139,73
2024-05,Kuntsevo,ZAO,111,89
2024-05,Pervomayskoye,TAO,76,96
2024-05,Yuzhnoye Medvedkovo,SVAO,141,67
2024-05,Nagatino-Sadovniki,YuAO,102,62
2024-05,Presnensky,CAO,28,50
2024-05,Ochakovo-Matveyevskoye,ZAO,115,21
2024-05,Tagansky,CAO,41,119
2024-05,Rogovskoye,TAO,29,107
2024-05,Novo-Peredelkino,ZAO,24,81
2024-05,Sviblovo,SVAO,88,94
2024-05,Nagatinsky Zaton,YuAO,59,15
2024-05,Tverskoy,CAO,127,85
2024-05,Losinoostrovsky,SVAO,126,39
2024-05,Donskoy,YuAO,108,28
2024-05,Moskvorechye-Saburovo,YuAO,32,114
2024-05,Chertanovo Yuzhnoye,YuAO,95,88
2024-05,Severnoye Tushino,SZAO,139,75
2024-05,Zapadnoye Degunino,SAO,81,103
2024-05,Akademichesky,YuZAO,78,79
2024-05,Yuzhnoye Butovo,YuZAO,64,14
2024-05,Sokolinaya Gora,VAO,83,109
2024-05,Lianozovo,SVAO,68,60
2024-05,Altufyevsky,SVAO,110,18
2024-05,Novogireyevo,VAO,117,11
2024-05,Krylatskoye,SZAO,105,85
2024-05,Moskovsky,NAO,175,47
2024-05,Kotlovka,YuZAO,92,21
2024-05,Zamoskvorechye,CAO,114,113
2024-05,Dmitrovsky,SAO,116,15
2024-05,Vostochny,VAO,166,86
2024-05,Sokol,SAO,38,18
2024-05,Golovinsky,SAO,192,19
2024-05,Vostochnoye Izmaylovo,VAO,92,66
2024-05,Sokolniki,VAO,83,21
2024-05,Mosrentgen,NAO,106,87
2024-05,Yasenevo,YuZAO,159,72
2024-05,Severnoye Butovo,YuZAO,41,79
2024-05,Fili-Davydkovo,ZAO,163,21
2024-05,Voykovsky,SAO,118,77
2024-05,Chertanovo Tsentralnoye,YuAO,182,35
2024-05,Ryazanovskoye,NAO,76,51
2024-05,Izmaylovo,VAO,49,34
2024-05,Marfino,SVAO,140,70
2024-05,Novokosino,VAO,79,15
2024-05,Babushkinsky,SVAO,196,22
2024-05,Pokrovskoye-Streshnevo,SZAO,196,17
2024-05,Molzhaninovsky,SAO,165,111
2024-05,Zyuzino,YuZAO,140,39
2024-05,Perovo,VAO,165,98
2024-05,Desyonovskoye,NAO,124,67
2024-05,Bibirevo,SVAO,109,89
2024-05,Voskresenskoye,NAO,86,115
2024-05,Golyanovo,VAO,186,90
2024-05,Tyoply Stan,YuZAO,96,61
2024-05,Levoberezhny,SAO,41,35
2024-05,Preobrazhenskoye,VAO,74,13
2024-05,Cheryomushki,YuZAO,26,73
2024-05,Zelenograd,ZelAO,157,45
2024-05,Mitino,SZAO,100,35
2024-05,Konkovo,YuZAO,61,91
2024-05,Gagarinsky,YuZAO,20,99
2024-05,Kokoshkino,NAO,189,51
2024-05,Ivanovskoye,VAO,76,19
2024-05,Savyolovsky,SAO,107,96
2024-05,Koptevo,SAO,75,44
2024-05,Severnoye Izmaylovo,VAO,56,98
2024-05,Butyrsky,SVAO,169,34
2024-05,Vnukovskoye,NAO,125,30
2024-05,Kurkino,SZAO,176,13
2024-05,Marushkinskoye,NAO,62,52
2024-05,Arbat,CAO,91,91
2024-05,Khovrino,SAO,91,64
2024-05,Biryulyovo Zapadnoye,YuAO,162,41
2024-05,Shchapovskoye,TAO,193,62
2024-05,Filimonkovskoye,NAO,193,36
2024-05,Strogino,SZAO,133,74
2024-05,Tsaritsyno,YuAO,71,29
2024-05,Bogorodskoye,VAO,134,91
2024-05,Aeroport,SAO,30,48
2024-05,Brateyevo,YuAO,153,42
2024-05,Dorogomilovo,ZAO,90,34
2024-05,Shcherbinka,NAO,105,91
2024-05,Ostankinsky,SVAO,167,101
2024-05,Khoroshyovsky,SAO,31,54
2024-05,Solntsevo,ZAO,154,37
2024-05,Khoroshyovo-Mnyovniki,SZAO,157,24
2024-05,Yakimanka,CAO,140,43
2024-05,Obruchevsky,YuZAO,92,19
2024-05,Orekhovo-Borisovo Yuzhnoye,YuAO,129,86
2024-05,Krasnopakhorskoye,TAO,157,67
2024-05,Otradnoye,SVAO,119,44
2024-05,Shchukino,SZAO,106,116
2024-05,Ramenki,ZAO,150,110
2024-05,Yaroslavsky,SVAO,73,29
2024-05,Danilovsky,YuAO,56,82
2024-05,Kosino-Ukhtomsky,VAO,87,72
2024-05,Khamovniki,CAO,115,53
2024-05,Mikhaylovo-Yartsevskoye,TAO,21,52
2024-05,Orekhovo-Borisovo Severnoye,YuAO,161,34
2024-05,Troparyovo-Nikulino,ZAO,29,97
2024-05,Alekseevsky,SVAO,33,34
2024-05,Chertanovo Severnoye,YuAO,93,76
2024-05,Vnukovo,ZAO,180,39
2024-05,Sosenskoye,NAO,109,118
2024-05,Kievsky,TAO,167,18
2024-05,Beskudnikovsky,SAO,133,105
2024-05,Begovoy,SAO,195,54
2024-05,Timiryazevsky,SAO,182,16
2024-05,Veshnyaki,VAO,137,34
2024-05,Maryina Roshcha,SVAO,48,37
2024-05,Biryulyovo Vostochnoye,YuAO,157,109
2024-05,Yuzhnoye Tushino,SZAO,127,51
2024-05,Metrogorodok,VAO,142,96
2024-05,Basmanny,CAO,29,58
2024-05,Lomonosovsky,YuZAO,147,79
2024-05,Filyovsky Park,ZAO,141,22
2024-06,Voronovskoye,TAO,179,102
2024-06,Alekseevsky,SVAO,58,108
2024-06,Molzhaninovsky,SAO,180,61
2024-06,Voskresenskoye,NAO,172,88
2024-06,Zelenograd,ZelAO,47,93
2024-06,Shchukino,SZAO,125,75
2024-06,Strogino,SZAO,103,97
2024-06,Severnoye Medvedkovo,SVAO,73,107
2024-06,Sokol,SAO,118,115
2024-06,Khovrino,SAO,25,24
2024-06,Kievsky,TAO,147,56
2024-06,Krasnoselsky,CAO,148,10
2024-06,Khoroshyovsky,SAO,180,119
2024-06,Savyolovsky,SAO,196,84
2024-06,Troitsk,TAO,128,13
2024-06,Vnukovskoye,NAO,149,36
2024-06,Timiryazevsky,SAO,130,27
2024-06,Yuzhnoye Tushino,SZAO,131,93
2024-06,Khoroshyovo-Mnyovniki,SZAO,59,96
2024-06,Altufyevsky,SVAO,140,18
2024-06,Severnoye Tushino,SZAO,182,16
2024-06,Troparyovo-Nikulino,ZAO,175,45
2024-06,Voykovsky,SAO,40,37
2024-06,Ryazanovskoye,NAO,108,70
2024-06,Marfino,SVAO,55,21
2024-06,Filyovsky Park,ZAO,45,49
2024-06,Beskudnikovsky,SAO,135,112
2024-06,Tagansky,CAO,27,59
2024-06,Sosenskoye,NAO,161,44
2024-06,Begovoy,SAO,115,96
2024-06,Prospekt Vernadskogo,ZAO,131,94
2024-06,Novofyodorovskoye,TAO,68,57
2024-06,Rostokino,SVAO,92,112
2024-06,Maryina Roshcha,SVAO,172,30
2024-06,Basmanny,CAO,185,30
2024-06,Fili-Davydkovo,ZAO,84,54
2024-06,Filimonkovskoye,NAO,40,36
2024-06,Aeroport,SAO,81,97
2024-06,Ostankinsky,SVAO,125,97
2024-06,Solntsevo,ZAO,193,48
2024-06,Shcherbinka,NAO,146,48
2024-06,Yakimanka,CAO,36,73
2024-06,Tverskoy,CAO,132,59
2024-06,Krasnopakhorskoye,TAO,109,50
2024-06,Otradnoye,SVAO,153,106
2024-06,Ramenki,ZAO,118,41
2024-06,Khamovniki,CAO,128,89
2024-06,Mikhaylovo-Yartsevskoye,TAO,90,117
2024-06,Kurkino,SZAO,99,33
2024-06,Pokrovskoye-Streshnevo,SZAO,163,100
2024-06,Meshchansky,CAO,77,33
2024-06,Desyonovskoye,NAO,102,30
2024-06,Levoberezhny,SAO,22,79
2024-06,Bibirevo,SVAO,124,104
2024-06,Ochakovo-Matveyevskoye,ZAO,59,79
2024-06,Mitino,SZAO,160,88
2024-06,Rogovskoye,TAO,22,47
2024-06,Sviblovo,SVAO,122,99
2024-06,Kokoshkino,NAO,197,24
2024-06,Koptevo,SAO,33,96
2024-06,Butyrsky,SVAO,199,79
2024-06,Babushkinsky,SVAO,85,71
2024-06,Marushkinskoye,NAO,123,70
2024-06,Zapadnoye Degunino,SAO,72,94
2024-06,Dmitrovsky,SAO,152,80
2024-06,Presnensky,CAO,148,63
2024-06,Lianozovo,SVAO,150,109
2024-06,Krylatskoye,SZAO,81,92
2024-06,Moskovsky,NAO,132,111
2024-06,Zamoskvorechye,CAO,71,119
2024-06,Golovinsky,SAO,52,116
2024-06,Pervomayskoye,TAO,32,104
2024-06,Mosrentgen,NAO,34,10
2024-06,Losinoostrovsky,SVAO,150,24
2024-06,Konkovo,YuZAO,147,92
2024-06,Veshnyaki,VAO,21,93
2024-06,Zyablikovo,YuAO,118,44
2024-06,Biryulyovo Vostochnoye,YuAO,146,30
2024-06,Kotlovka,YuZAO,53,43
2024-06,Novogireyevo,VAO,105,11
2024-06,Chertanovo Tsentralnoye,YuAO,152,34
2024-06,Novo-Peredelkino,ZAO,32,42
2024-06,Severny,SVAO,188,38
2024-06,Arbat,CAO,80,98
2024-06,Yasenevo,YuZAO,167,37
2024-06,Sokolniki,VAO,60,81
2024-06,Vostochnoye Izmaylovo,VAO,191,56
2024-06,Ivanovskoye,VAO,147,90
2024-06,Chertanovo Yuzhnoye,YuAO,87,95
2024-06,Tyoply Stan,YuZAO,105,115
2024-06,Kosino-Ukhtomsky,VAO,46,43
2024-06,Sokolinaya Gora,VAO,64,75
2024-06,Yuzhnoye Butovo,YuZAO,159,89
2024-06,Vostochny,VAO,34,64
2024-06,Novokosino,VAO,60,84
2024-06,Akademichesky,YuZAO,105,69
2024-06,Mozhaysky,ZAO,123,32
2024-06,Yuzhnoye Medvedkovo,SVAO,68,24
2024-06,Severnoye Izmaylovo,VAO,67,78
2024-06,Cheryomushki,YuZAO,94,18
2024-06,Moskvorechye-Saburovo,YuAO,91,70
2024-06,Preobrazhenskoye,VAO,91,117
2024-06,Gagarinsky,YuZAO,167,30
2024-06,Zyuzino,YuZAO,192,105
2024-06,Golyanovo,VAO,123,21
2024-06,Perovo,VAO,162,20
2024-06,Kuntsevo,ZAO,48,13
2024-06,Yaroslavsky,SVAO,176,16
2024-06,Danilovsky,YuAO,24,117
2024-06,Nagatinsky Zaton,YuAO,77,80
2024-06,Orekhovo-Borisovo Yuzhnoye,YuAO,145,87
2024-06,Nagorny,YuAO,80,41
2024-06,Chertanovo Severnoye,YuAO,143,30
2024-06,Lomonosovsky,YuZAO,189,112
2024-06,Metrogorodok,VAO,118,13
2024-06,Dorogomilovo,ZAO,116,79
2024-06,Brateyevo,YuAO,88,40
2024-06,Bogorodskoye,VAO,161,51
2024-06,Tsaritsyno,YuAO,22,107
2024-06,Nagatino-Sadovniki,YuAO,88,30
2024-06,Orekhovo-Borisovo Severnoye,YuAO,148,106
2024-06,Obruchevsky,YuZAO,22,83
2024-06,Izmaylovo,VAO,43,94
2024-06,Shchapovskoye,TAO,124,111
2024-06,Severnoye Butovo,YuZAO,145,28
2024-06,Biryulyovo Zapadnoye,YuAO,20,73
2024-06,Donskoy,YuAO,150,46
2024-06,Klyonovskoye,TAO,161,77
2024-06,Vnukovo,ZAO,161,11
2024-07,Tyoply Stan,YuZAO,41,77
2024-07,Pokrovskoye-Streshnevo,SZAO,84,69
2024-07,Babushkinsky,SVAO,191,61
2024-07,Yuzhnoye Butovo,YuZAO,86,64
2024-07,Obruchevsky,YuZAO,110,95
2024-07,Khoroshyovsky,SAO,49,17
2024-07,Khoroshyovo-Mnyovniki,SZAO,113,85
2024-07,Alekseevsky,SVAO,28,10
2024-07,Strogino,SZAO,114,20
2024-07,Ivanovskoye,VAO,199,110
2024-07,Severnoye Tushino,SZAO,101,90
2024-07,Izmaylovo,VAO,21,37
2024-07,Severnoye Butovo,YuZAO,113,68
2024-07,Altufyevsky,SVAO,105,68
2024-07,Meshchansky,CAO,182,46
2024-07,Ostankinsky,SVAO,125,113
2024-07,Filyovsky Park,ZAO,153,80
2024-07,Veshnyaki,VAO,53,85
2024-07,Vnukovo,ZAO,28,112
2024-07,Basmanny,CAO,169,84
2024-07,Maryina Roshcha,SVAO,156,62
2024-07,Troparyovo-Nikulino,ZAO,130,98
2024-07,Bogorodskoye,VAO,42,13
2024-07,Dorogomilovo,ZAO,77,74
2024-07,Marfino,SVAO,177,76
2024-07,Solntsevo,ZAO,74,98
2024-07,Krasnoselsky,CAO,102,22
2024-07,Otradnoye,SVAO,141,39
2024-07,Ramenki,ZAO,27,47
2024-07,Yaroslavsky,SVAO,127,15
2024-07,Kuntsevo,ZAO,196,17
2024-07,Klyonovskoye,TAO,85,116
2024-07,Tagansky,CAO,83,43
2024-07,Rostokino,SVAO,161,24
2024-07,Golyanovo,VAO,104,14
2024-07,Bibirevo,SVAO,65,15
2024-07,Mitino,SZAO,39,36
2024-07,Cheryomushki,YuZAO,57,102
2024-07,Troitsk,TAO,163,70
2024-07,Butyrsky,SVAO,123,35
2024-07,Kurkino,SZAO,142,78
2024-07,Vostochny,VAO,169,11
2024-07,Moskvorechye-Saburovo,YuAO,182,81
2024-07,Lianozovo,SVAO,143,43
2024-07,Krylatskoye,SZAO,167,112
2024-07,Vostochnoye Izmaylovo,VAO,31,54
2024-07,Yasenevo,YuZAO,164,78
2024-07,Losinoostrovsky,SVAO,108,95
2024-07,Fili-Davydkovo,ZAO,155,22
2024-07,Voronovskoye,TAO,60,66
2024-07,Ryazanovskoye,NAO,173,38
2024-07,Filimonkovskoye,NAO,144,65
2024-07,Biryulyovo Zapadnoye,YuAO,65,68
2024-07,Begovoy,SAO,120,69
2024-07,Sosenskoye,NAO,132,63
2024-07,Chertanovo Severnoye,YuAO,44,26
2024-07,Beskudnikovsky,SAO,40,91
2024-07,Biryulyovo Vostochnoye,YuAO,97,107
2024-07,Zyablikovo,YuAO,164,16
2024-07,Tsaritsyno,YuAO,33,24
2024-07,Chertanovo Tsentralnoye,YuAO,37,41
2024-07,Voykovsky,SAO,103,86
2024-07,Mosrentgen,NAO,70,74
2024-07,Sokolniki,VAO,154,13
2024-07,Golovinsky,SAO,120,75
2024-07,Zamoskvorechye,CAO,123,34
2024-07,Chertanovo Yuzhnoye,YuAO,124,75
2024-07,Moskovsky,NAO,32,58
2024-07,Krasnopakhorskoye,TAO,169,42
2024-07,Novofyodorovskoye,TAO,88,30
2024-07,Donskoy,YuAO,118,80
2024-07,Tverskoy,CAO,98,19
2024-07,Orekhovo-Borisovo Severnoye,YuAO,110,102
2024-07,Nagorny,YuAO,114,66
2024-07,Mikhaylovo-Yartsevskoye,TAO,141,76
2024-07,Danilovsky,YuAO,38,25
2024-07,Khamovniki,CAO,186,95
2024-07,Sokolinaya Gora,VAO,189,37
2024-07,Orekhovo-Borisovo Yuzhnoye,YuAO,110,95
2024-07,Yakimanka,CAO,53,95
2024-07,Pervomayskoye,TAO,82,82
2024-07,Shcherbinka,NAO,119,108
2024-07,Brateyevo,YuAO,118,93
2024-07,Shchapovskoye,TAO,167,56
2024-07,Aeroport,SAO,34,68
2024-07,Zelenograd,ZelAO,101,28
2024-07,Novokosino,VAO,81,68
2024-07,Konkovo,YuZAO,41,35
2024-07,Savyolovsky,SAO,40,64
2024-07,Vnukovskoye,NAO,93,98
2024-07,Arbat,CAO,57,59
2024-07,Novogireyevo,VAO,132,88
2024-07,Kotlovka,YuZAO,34,82
2024-07,Sokol,SAO,163,14
2024-07,Voskresenskoye,NAO,53,28
2024-07,Timiryazevsky,SAO,60,97
2024-07,Kievsky,TAO,67,42
2024-07,Yuzhnoye Tushino,SZAO,159,47
2024-07,Metrogorodok,VAO,23,111
2024-07,Lomonosovsky,YuZAO,35,68
2024-07,Nagatinsky Zaton,YuAO,25,53
2024-07,Khovrino,SAO,123,61
2024-07,Shchukino,SZAO,142,105
2024-07,Preobrazhenskoye,VAO,109,55
2024-07,Dmitrovsky,SAO,153,78
2024-07,Presnensky,CAO,135,37
2024-07,Severnoye Izmaylovo,VAO,173,61
2024-07,Akademichesky,YuZAO,181,56
2024-07,Marushkinskoye,NAO,189,84
2024-07,Zapadnoye Degunino,SAO,26,18
2024-07,Koptevo,SAO,179,26
2024-07,Kokoshkino,NAO,58,88
2024-07,Kosino-Ukhtomsky,VAO,86,104
2024-07,Gagarinsky,YuZAO,22,32
2024-07,Levoberezhny,SAO,50,28
2024-07,Desyonovskoye,NAO,64,28
2024-07,Perovo,VAO,83,108
2024-07,Zyuzino,YuZAO,31,113
2024-07,Molzhaninovsky,SAO,33,80
2024-07,Rogovskoye,TAO,64,103
2024-07,Mozhaysky,ZAO,141,79
2024-07,Prospekt Vernadskogo,ZAO,141,115
2024-07,Severny,SVAO,60,74
2024-07,Novo-Peredelkino,ZAO,111,32
2024-07,Yuzhnoye Medvedkovo,SVAO,84,84
2024-07,Nagatino-Sadovniki,YuAO,34,28
2024-07,Ochakovo-Matveyevskoye,ZAO,52,22
2024-07,Severnoye Medvedkovo,SVAO,94,99
2024-07,Sviblovo,SVAO,140,15
2024-08,Pervomayskoye,TAO,92,106
2024-08,Gagarinsky,YuZAO,128,36
2024-08,Preobrazhenskoye,VAO,100,83
2024-08,Kokoshkino,NAO,182,94
2024-08,Yakimanka,CAO,42,15
2024-08,Kurkino,SZAO,25,39
2024-08,Prospekt Vernadskogo,ZAO,176,86
2024-08,Vostochny,VAO,92,31
2024-08,Dorogomilovo,ZAO,122,64
2024-08,Zapadnoye Degunino,SAO,115,76
2024-08,Ochakovo-Matveyevskoye,ZAO,67,51
2024-08,Yuzhnoye Butovo,YuZAO,104,114
2024-08,Marushkinskoye,NAO,194,60
2024-08,Lianozovo,SVAO,75,116
2024-08,Ostankinsky,SVAO,191,24
2024-08,Zyablikovo,YuAO,78,67
2024-08,Akademichesky,YuZAO,175,67
2024-08,Severnoye Izmaylovo,VAO,60,38
2024-08,Krylatskoye,SZAO,46,113
2024-08,Cheryomushki,YuZAO,62,35
2024-08,Danilovsky,YuAO,65,102
2024-08,Khamovniki,CAO,81,102
2024-08,Novokosino,VAO,50,43
2024-08,Voskresenskoye,NAO,197,102
2024-08,Krasnoselsky,CAO,23,34
2024-08,Golyanovo,VAO,42,18
2024-08,Bibirevo,SVAO,188,63
2024-08,Molzhaninovsky,SAO,40,12
2024-08,Mitino,SZAO,129,86
2024-08,Orekhovo-Borisovo Yuzhnoye,YuAO,113,119
2024-08,Zyuzino,YuZAO,139,56
2024-08,Perovo,VAO,40,91
2024-08,Desyonovskoye,NAO,79,113
2024-08,Solntsevo,ZAO,149,18
2024-08,Levoberezhny,SAO,50,53
2024-08,Troitsk,TAO,145,39
2024-08,Krasnopakhorskoye,TAO,69,46
2024-08,Koptevo,SAO,94,104
2024-08,Butyrsky,SVAO,147,54
2024-08,Severnoye Medvedkovo,SVAO,34,23
2024-08,Chertanovo Tsentralnoye,YuAO,116,96
2024-08,Voronovskoye,TAO,197,44
2024-08,Novo-Peredelkino,ZAO,138,11
2024-08,Ryazanovskoye,NAO,28,65
2024-08,Tsaritsyno,YuAO,135,102
2024-08,Marfino,SVAO,197,44
2024-08,Biryulyovo Vostochnoye,YuAO,50,98
2024-08,Beskudnikovsky,SAO,194,57
2024-08,Chertanovo Severnoye,YuAO,103,77
2024-08,Filimonkovskoye,NAO,154,61
2024-08,Aeroport,SAO,87,85
2024-08,Filyovsky Park,ZAO,129,74
2024-08,Sosenskoye,NAO,57,66
2024-08,Veshnyaki,VAO,193,112
2024-08,Maryina Roshcha,SVAO,56,14
2024-08,Nagatino-Sadovniki,YuAO,120,104
2024-08,Basmanny,CAO,140,75
2024-08,Biryulyovo Zapadnoye,YuAO,90,108
2024-08,Begovoy,SAO,175,39
2024-08,Vnukovo,ZAO,175,72
2024-08,Golovinsky,SAO,135,119
2024-08,Bogorodskoye,VAO,184,56
2024-08,Khoroshyovo-Mnyovniki,SZAO,135,93
2024-08,Dmitrovsky,SAO,41,101
2024-08,Moskovsky,NAO,180,89
2024-08,Chertanovo Yuzhnoye,YuAO,185,32
2024-08,Sokolinaya Gora,VAO,143,115
2024-08,Vostochnoye Izmaylovo,VAO,76,106
2024-08,Losinoostrovsky,SVAO,160,57
2024-08,Shcherbinka,NAO,118,16
2024-08,Brateyevo,YuAO,147,95
2024-08,Presnensky,CAO,60,90
2024-08,Shchapovskoye,TAO,100,35
2024-08,Sokolniki,VAO,92,107
2024-08,Mosrentgen,NAO,100,98
2024-08,Zamoskvorechye,CAO,112,38
2024-08,Fili-Davydkovo,ZAO,155,18
2024-08,Troparyovo-Nikulino,ZAO,67,21
2024-08,Yasenevo,YuZAO,84,67
2024-08,Voykovsky,SAO,193,45
2024-08,Severny,SVAO,102,84
2024-08,Zelenograd,ZelAO,92,110
2024-08,Mikhaylovo-Yartsevskoye,TAO,172,45
2024-08,Tyoply Stan,YuZAO,146,60
2024-08,Mozhaysky,ZAO,22,27
2024-08,Ivanovskoye,VAO,196,93
2024-08,Kotlovka,YuZAO,98,31
2024-08,Strogino,SZAO,131,55
2024-08,Novofyodorovskoye,TAO,42,113
2024-08,Khovrino,SAO,89,85
2024-08,Izmaylovo,VAO,188,60
2024-08,Sokol,SAO,153,97
2024-08,Sviblovo,SVAO,133,82
2024-08,Rostokino,SVAO,199,62
2024-08,Yaroslavsky,SVAO,162,86
2024-08,Severnoye Butovo,YuZAO,81,103
2024-08,Orekhovo-Borisovo Severnoye,YuAO,98,38
2024-08,Nagorny,YuAO,140,11
2024-08,Arbat,CAO,177,88
2024-08,Nagatinsky Zaton,YuAO,172,67
2024-08,Severnoye Tushino,SZAO,59,16
2024-08,Kuntsevo,ZAO,67,99
2024-08,Timiryazevsky,SAO,124,64
2024-08,Rogovskoye,TAO,196,73
2024-08,Kievsky,TAO,61,110
2024-08,Tverskoy,CAO,108,55
2024-08,Lomonosovsky,YuZAO,88,31
2024-08,Altufyevsky,SVAO,128,107
2024-08,Meshchansky,CAO,49,71
2024-08,Metrogorodok,VAO,37,105
2024-08,Donskoy,YuAO,172,24
2024-08,Yuzhnoye Tushino,SZAO,191,74
2024-08,Ramenki,ZAO,133,22
2024-08,Obruchevsky,YuZAO,135,80
2024-08,Klyonovskoye,TAO,159,18
2024-08,Yuzhnoye Medvedkovo,SVAO,197,66
2024-08,Otradnoye,SVAO,167,103
2024-08,Vnukovskoye,NAO,85,31
2024-08,Shchukino,SZAO,24,29
2024-08,Konkovo,YuZAO,87,103
2024-08,Alekseevsky,SVAO,186,81
2024-08,Novogireyevo,VAO,153,27
2024-08,Moskvorechye-Saburovo,YuAO,185,71
2024-08,Tagansky,CAO,122,113
2024-08,Babushkinsky,SVAO,26,19
2024-08,Savyolovsky,SAO,196,59
2024-08,Kosino-Ukhtomsky,VAO,142,63
2024-08,Khoroshyovsky,SAO,58,15
2024-08,Pokrovskoye-Streshnevo,SZAO,124,19
2024-09,Zamoskvorechye,CAO,128,77
2024-09,Obruchevsky,YuZAO,44,66
2024-09,Lomonosovsky,YuZAO,122,80
2024-09,Fili-Davydkovo,ZAO,138,90
2024-09,Nagatinsky Zaton,YuAO,104,75
2024-09,Veshnyaki,VAO,104,43
2024-09,Kievsky,TAO,95,81
2024-09,Mosrentgen,NAO,177,80
2024-09,Voronovskoye,TAO,118,69
2024-09,Nagatino-Sadovniki,YuAO,101,106
2024-09,Khoroshyovsky,SAO,88,70
2024-09,Khoroshyovo-Mnyovniki,SZAO,31,48
2024-09,Severny,SVAO,182,108
2024-09,Rostokino,SVAO,122,111
2024-09,Metrogorodok,VAO,49,32
2024-09,Golovinsky,SAO,29,96
2024-09,Vnukovo,ZAO,184,98
2024-09,Chertanovo Severnoye,YuAO,123,56
2024-09,Biryulyovo Vostochnoye,YuAO,63,90
2024-09,Shchukino,SZAO,151,73
2024-09,Novo-Peredelkino,ZAO,95,45
2024-09,Basmanny,CAO,132,21
2024-09,Marfino,SVAO,123,92
2024-09,Khovrino,SAO,167,111
2024-09,Ryazanovskoye,NAO,88,18
2024-09,Strogino,SZAO,65,87
2024-09,Beskudnikovsky,SAO,78,50
2024-09,Timiryazevsky,SAO,162,94
2024-09,Sosenskoye,NAO,29,101
2024-09,Alekseevsky,SVAO,191,70
2024-09,Sokolniki,VAO,24,72
2024-09,Filyovsky Park,ZAO,57,78
2024-09,Izmaylovo,VAO,27,45
2024-09,Chertanovo Tsentralnoye,YuAO,159,97
2024-09,Severnoye Butovo,YuZAO,137,103
2024-09,Sviblovo,SVAO,53,67
2024-09,Kosino-Ukhtomsky,VAO,83,80
2024-09,Voykovsky,SAO,139,85
2024-09,Yasenevo,YuZAO,38,98
2024-09,Cheryomushki,YuZAO,182,101
2024-09,Kokoshkino,NAO,157,33
2024-09,Mozhaysky,ZAO,124,96
2024-09,Gagarinsky,YuZAO,125,114
2024-09,Butyrsky,SVAO,92,79
2024-09,Tyoply Stan,YuZAO,59,26
2024-09,Novogireyevo,VAO,70,81
2024-09,Koptevo,SAO,78,93
2024-09,Troitsk,TAO,104,39
2024-09,Babushkinsky,SVAO,154,107
2024-09,Desyonovskoye,NAO,28,99
2024-09,Vnukovskoye,NAO,196,73
2024-09,Perovo,VAO,133,27
2024-09,Pokrovskoye-Streshnevo,SZAO,57,66
2024-09,Preobrazhenskoye,VAO,183,17
2024-09,Zyuzino,YuZAO,83,61
2024-09,Levoberezhny,SAO,154,23
2024-09,Savyolovsky,SAO,122,106
2024-09,Mitino,SZAO,37,51
2024-09,Molzhaninovsky,SAO,58,87
2024-09,Bibirevo,SVAO,88,116
2024-09,Konkovo,YuZAO,108,28
2024-09,Golyanovo,VAO,105,92
2024-09,Yuzhnoye Medvedkovo,SVAO,128,77
2024-09,Voskresenskoye,NAO,36,45
2024-09,Novokosino,VAO,42,109
2024-09,Moskvorechye-Saburovo,YuAO,147,39
2024-09,Rogovskoye,TAO,186,90
2024-09,Akademichesky,YuZAO,150,36
2024-09,Losinoostrovsky,SVAO,141,58
2024-09,Yuzhnoye Tushino,SZAO,163,22
2024-09,Vostochnoye Izmaylovo,VAO,29,41
2024-09,Sokolinaya Gora,VAO,44,87
2024-09,Chertanovo Yuzhnoye,YuAO,21,119
2024-09,Moskovsky,NAO,75,67
2024-09,Altufyevsky,SVAO,188,44
2024-09,Presnensky,CAO,132,33
2024-09,Krylatskoye,SZAO,86,16
2024-09,Dmitrovsky,SAO,38,37
2024-09,Severnoye Izmaylovo,VAO,90,28
2024-09,Severnoye Tushino,SZAO,164,87
2024-09,Arbat,CAO,162,68
2024-09,Meshchansky,CAO,169,45
2024-09,Zyablikovo,YuAO,48,38
2024-09,Lianozovo,SVAO,120,109
2024-09,Zelenograd,ZelAO,111,77
2024-09,Marushkinskoye,NAO,139,35
2024-09,Ivanovskoye,VAO,35,68
2024-09,Yuzhnoye Butovo,YuZAO,117,11
2024-09,Sokol,SAO,179,63
2024-09,Zapadnoye Degunino,SAO,104,49
2024-09,Prospekt Vernadskogo,ZAO,64,64
2024-09,Kotlovka,YuZAO,121,115
2024-09,Vostochny,VAO,79,86
2024-09,Ochakovo-Matveyevskoye,ZAO,45,26
2024-09,Kurkino,SZAO,158,93
2024-09,Donskoy,YuAO,111,57
2024-09,Aeroport,SAO,165,60
2024-09,Yaroslavsky,SVAO,68,107
2024-09,Mikhaylovo-Yartsevskoye,TAO,182,69
2024-09,Krasnoselsky,CAO,162,105
2024-09,Shcherbinka,NAO,38,87
2024-09,Solntsevo,ZAO,75,117
2024-09,Krasnopakhorskoye,TAO,141,66
2024-09,Yakimanka,CAO,191,29
2024-09,Bogorodskoye,VAO,184,15
2024-09,Tverskoy,CAO,100,36
2024-09,Filimonkovskoye,NAO,162,119
2024-09,Khamovniki,CAO,186,64
2024-09,Shchapovskoye,TAO,108,19
2024-09,Otradnoye,SVAO,92,84
2024-09,Ramenki,ZAO,176,77
2024-09,Novofyodorovskoye,TAO,163,117
2024-09,Severnoye Medvedkovo,SVAO,28,25
2024-09,Tsaritsyno,YuAO,171,42
2024-09,Pervomayskoye,TAO,86,102
2024-09,Dorogomilovo,ZAO,89,50
2024-09,Nagorny,YuAO,62,61
2024-09,Ostankinsky,SVAO,141,30
2024-09,Klyonovskoye,TAO,52,28
2024-09,Troparyovo-Nikulino,ZAO,117,81
2024-09,Begovoy,SAO,111,23
2024-09,Maryina Roshcha,SVAO,63,88
2024-09,Biryulyovo Zapadnoye,YuAO,168,84
2024-09,Tagansky,CAO,121,25
2024-09,Orekhovo-Borisovo Yuzhnoye,YuAO,191,105
2024-09,Kuntsevo,ZAO,143,93
2024-09,Danilovsky,YuAO,98,71
2024-09,Orekhovo-Borisovo Severnoye,YuAO,139,74
2024-09,Brateyevo,YuAO,25,116
2024-10,Yaroslavsky,SVAO,74,48
2024-10,Mosrentgen,NAO,128,84
2024-10,Yakimanka,CAO,193,56
2024-10,Yuzhnoye Tushino,SZAO,133,36
2024-10,Rogovskoye,TAO,115,113
2024-10,Kurkino,SZAO,22,21
2024-10,Altufyevsky,SVAO,80,42
2024-10,Vnukovskoye,NAO,181,39
2024-10,Golovinsky,SAO,170,48
2024-10,Losinoostrovsky,SVAO,106,32
2024-10,Shcherbinka,NAO,93,41
2024-10,Pokrovskoye-Streshnevo,SZAO,125,54
2024-10,Yuzhnoye Medvedkovo,SVAO,114,71
2024-10,Yasenevo,YuZAO,187,74
2024-10,Troparyovo-Nikulino,ZAO,67,108
2024-10,Konkovo,YuZAO,80,30
2024-10,Fili-Davydkovo,ZAO,103,71
2024-10,Kuntsevo,ZAO,43,80
2024-10,Zamoskvorechye,CAO,90,64
2024-10,Kokoshkino,NAO,73,111
2024-10,Severny,SVAO,37,20
2024-10,Lomonosovsky,YuZAO,165,20
2024-10,Preobrazhenskoye,VAO,69,45
2024-10,Ochakovo-Matveyevskoye,ZAO,143,103
2024-10,Orekhovo-Borisovo Yuzhnoye,YuAO,97,107
2024-10,Meshchansky,CAO,54,14
2024-10,Ramenki,ZAO,155,36
2024-10,Savyolovsky,SAO,38,84
2024-10,Orekhovo-Borisovo Severnoye,YuAO,95,114
2024-10,Presnensky,CAO,68,105
2024-10,Bogorodskoye,VAO,97,10
2024-10,Novogireyevo,VAO,131,61
2024-10,Krylatskoye,SZAO,190,101
2024-10,Tyoply Stan,YuZAO,96,11
2024-10,Ivanovskoye,VAO,126,16
2024-10,Dmitrovsky,SAO,159,62
2024-10,Mikhaylovo-Yartsevskoye,TAO,190,49
2024-10,Sokol,SAO,160,39
2024-10,Yuzhnoye Butovo,YuZAO,173,109
2024-10,Marushkinskoye,NAO,45,110
2024-10,Severnoye Izmaylovo,VAO,104,109
2024-10,Brateyevo,YuAO,65,76
2024-10,Dorogomilovo,ZAO,30,14
2024-10,Akademichesky,YuZAO,37,68
2024-10,Ostankinsky,SVAO,33,107
2024-10,Kotlovka,YuZAO,35,111
2024-10,Mozhaysky,ZAO,168,113
2024-10,Lianozovo,SVAO,177,78
2024-10,Chertanovo Yuzhnoye,YuAO,68,16
2024-10,Vostochny,VAO,128,101
2024-10,Timiryazevsky,SAO,176,87
2024-10,Tverskoy,CAO,81,109
2024-10,Babushkinsky,SVAO,154,20
2024-10,Sokolinaya Gora,VAO,24,22
2024-10,Metrogorodok,VAO,76,85
2024-10,Prospekt Vernadskogo,ZAO,34,118
2024-10,Voronovskoye,TAO,47,32
2024-10,Otradnoye,SVAO,135,73
2024-10,Vostochnoye Izmaylovo,VAO,105,113
2024-10,Severnoye Tushino,SZAO,39,16
2024-10,Zapadnoye Degunino,SAO,180,112
2024-10,Pervomayskoye,TAO,144,37
2024-10,Arbat,CAO,95,23
2024-10,Zyablikovo,YuAO,36,12
2024-10,Nagorny,YuAO,171,41
2024-10,Moskovsky,NAO,145,19
2024-10,Zelenograd,ZelAO,60,44
2024-10,Shchapovskoye,TAO,189,78
2024-10,Maryina Roshcha,SVAO,145,60
2024-10,Voskresenskoye,NAO,34,11
2024-10,Sosenskoye,NAO,61,117
2024-10,Zyuzino,YuZAO,40,117
2024-10,Novo-Peredelkino,ZAO,54,98
2024-10,Solntsevo,ZAO,137,68
2024-10,Obruchevsky,YuZAO,62,26
2024-10,Bibirevo,SVAO,51,73
2024-10,Veshnyaki,VAO,97,79
2024-10,Desyonovskoye,NAO,134,90
2024-10,Koptevo,SAO,40,33
2024-10,Marfino,SVAO,41,69
2024-10,Mitino,SZAO,121,22
2024-10,Tsaritsyno,YuAO,26,57
2024-10,Novokosino,VAO,97,25
2024-10,Troitsk,TAO,198,73
2024-10,Nagatino-Sadovniki,YuAO,134,43
2024-10,Rostokino,SVAO,49,88
2024-10,Kosino-Ukhtomsky,VAO,34,10
2024-10,Filimonkovskoye,NAO,186,107
2024-10,Klyonovskoye,TAO,92,49
2024-10,Chertanovo Severnoye,YuAO,88,89
2024-10,Golyanovo,VAO,107,109
2024-10,Krasnopakhorskoye,TAO,100,17
2024-10,Perovo,VAO,152,103
2024-10,Filyovsky Park,ZAO,100,40
2024-10,Khovrino,SAO,97,98
2024-10,Izmaylovo,VAO,114,93
2024-10,Alekseevsky,SVAO,164,32
2024-10,Beskudnikovsky,SAO,72,90
2024-10,Cheryomushki,YuZAO,145,38
2024-10,Biryulyovo Vostochnoye,YuAO,170,84
2024-10,Basmanny,CAO,26,18
2024-10,Shchukino,SZAO,125,88
2024-10,Khoroshyovo-Mnyovniki,SZAO,62,38
2024-10,Vnukovo,ZAO,164,28
2024-10,Butyrsky,SVAO,129,43
2024-10,Danilovsky,YuAO,63,100
2024-10,Chertanovo Tsentralnoye,YuAO,56,41
2024-10,Voykovsky,SAO,92,52
2024-10,Aeroport,SAO,100,91
2024-10,Nagatinsky Zaton,YuAO,124,40
2024-10,Begovoy,SAO,50,103
2024-10,Krasnoselsky,CAO,30,19
2024-10,Biryulyovo Zapadnoye,YuAO,33,94
2024-10,Severnoye Butovo,YuZAO,101,55
2024-10,Levoberezhny,SAO,88,111
2024-10,Donskoy,YuAO,179,68
2024-10,Moskvorechye-Saburovo,YuAO,190,19
2024-10,Kievsky,TAO,83,74
2024-10,Sviblovo,SVAO,30,28
2024-10,Strogino,SZAO,161,59
2024-10,Tagansky,CAO,149,45
2024-10,Ryazanovskoye,NAO,141,61
2024-10,Severnoye Medvedkovo,SVAO,66,67
2024-10,Novofyodorovskoye,TAO,101,29
2024-10,Khoroshyovsky,SAO,72,38
2024-10,Khamovniki,CAO,29,50
2024-10,Sokolniki,VAO,174,38
2024-10,Gagarinsky,YuZAO,166,101
2024-10,Molzhaninovsky,SAO,76,95
2024-11,Cheryomushki,YuZAO,100,47
2024-11,Zyuzino,YuZAO,117,106
2024-11,Klyonovskoye,TAO,132,12
2024-11,Levoberezhny,SAO,95,76
2024-11,Yuzhnoye Butovo,YuZAO,27,39
2024-11,Mikhaylovo-Yartsevskoye,TAO,63,49
2024-11,Yuzhnoye Medvedkovo,SVAO,176,11
2024-11,Marushkinskoye,NAO,164,34
2024-11,Shchapovskoye,TAO,124,42
2024-11,Tyoply Stan,YuZAO,70,84
2024-11,Akademichesky,YuZAO,83,91
2024-11,Bibirevo,SVAO,120,113
2024-11,Nagatinsky Zaton,YuAO,50,118
2024-11,Ostankinsky,SVAO,55,53
2024-11,Mitino,SZAO,21,106
2024-11,Gagarinsky,YuZAO,44,91
2024-11,Troitsk,TAO,122,15
2024-11,Kurkino,SZAO,30,36
2024-11,Rogovskoye,TAO,184,112
2024-11,Moskvorechye-Saburovo,YuAO,56,18
2024-11,Preobrazhenskoye,VAO,125,43
2024-11,Molzhaninovsky,SAO,157,52
2024-11,Krasnoselsky,CAO,131,52
2024-11,Pokrovskoye-Streshnevo,SZAO,111,16
2024-11,Vnukovskoye,NAO,126,83
2024-11,Kokoshkino,NAO,52,11
2024-11,Yaroslavsky,SVAO,180,60
2024-11,Ochakovo-Matveyevskoye,ZAO,75,95
2024-11,Konkovo,YuZAO,127,52
2024-11,Butyrsky,SVAO,102,72
2024-11,Begovoy,SAO,174,36
2024-11,Danilovsky,YuAO,47,100
2024-11,Orekhovo-Borisovo Yuzhnoye,YuAO,83,64
2024-11,Desyonovskoye,NAO,59,71
2024-11,Krasnopakhorskoye,TAO,158,12
2024-11,Perovo,VAO,60,81
2024-11,Zapadnoye Degunino,SAO,152,59
2024-11,Otradnoye,SVAO,108,42
2024-11,Golyanovo,VAO,182,10
2024-11,Prospekt Vernadskogo,ZAO,173,107
2024-11,Voskresenskoye,NAO,57,100
2024-11,Babushkinsky,SVAO,152,56
2024-11,Novogireyevo,VAO,120,59
2024-11,Yakimanka,CAO,154,97
2024-11,Khamovniki,CAO,194,10
2024-11,Vostochny,VAO,48,31
2024-11,Zyablikovo,YuAO,145,113
2024-11,Savyolovsky,SAO,60,37
2024-11,Novokosino,VAO,129,44
2024-11,Koptevo,SAO,71,107
2024-11,Solntsevo,ZAO,75,63
2024-11,Filimonkovskoye,NAO,134,57
2024-11,Zamoskvorechye,CAO,168,97
2024-11,Nagatino-Sadovniki,YuAO,159,60
2024-11,Severnoye Medvedkovo,SVAO,93,75
2024-11,Izmaylovo,VAO,99,105
2024-11,Fili-Davydkovo,ZAO,36,108
2024-11,Lomonosovsky,YuZAO,105,89
2024-11,Kosino-Ukhtomsky,VAO,84,69
2024-11,Biryulyovo Zapadnoye,YuAO,26,40
2024-11,Meshchansky,CAO,54,93
2024-11,Chertanovo Severnoye,YuAO,135,107
2024-11,Yasenevo,YuZAO,39,19
2024-11,Sviblovo,SVAO,21,36
2024-11,Mosrentgen,NAO,189,76
2024-11,Rostokino,SVAO,185,115
2024-11,Ramenki,ZAO,99,106
2024-11,Severny,SVAO,179,72
2024-11,Yuzhnoye Tushino,SZAO,154,38
2024-11,Filyovsky Park,ZAO,158,57
2024-11,Maryina Roshcha,SVAO,45,108
2024-11,Losinoostrovsky,SVAO,158,118
2024-11,Golovinsky,SAO,42,62
2024-11,Sokolniki,VAO,126,80
2024-11,Kievsky,TAO,59,94
2024-11,Novo-Peredelkino,ZAO,59,111
2024-11,Khovrino,SAO,180,70
2024-11,Marfino,SVAO,128,71
2024-11,Tsaritsyno,YuAO,51,15
2024-11,Novofyodorovskoye,TAO,105,119
2024-11,Voronovskoye,TAO,79,113
2024-11,Strogino,SZAO,31,80
2024-11,Ryazanovskoye,NAO,31,80
2024-11,Donskoy,YuAO,84,72
2024-11,Lianozovo,SVAO,139,97
2024-11,Shchukino,SZAO,77,30
2024-11,Basmanny,CAO,34,86
2024-11,Aeroport,SAO,82,32
2024-11,Chertanovo Tsentralnoye,YuAO,163,39
2024-11,Severnoye Butovo,YuZAO,44,47
2024-11,Troparyovo-Nikulino,ZAO,164,12
2024-11,Voykovsky,SAO,112,42
2024-11,Alekseevsky,SVAO,180,73
2024-11,Beskudnikovsky,SAO,44,48
2024-11,Kuntsevo,ZAO,95,15
2024-11,Moskovsky,NAO,31,98
2024-11,Dorogomilovo,ZAO,184,92
2024-11,Chertanovo Yuzhnoye,YuAO,29,61
2024-11,Severnoye Tushino,SZAO,92,20
2024-11,Khoroshyovsky,SAO,40,60
2024-11,Sokol,SAO,154,72
2024-11,Mozhaysky,ZAO,120,64
2024-11,Dmitrovsky,SAO,120,35
2024-11,Nagorny,YuAO,61,52
2024-11,Severnoye Izmaylovo,VAO,21,85
2024-11,Zelenograd,ZelAO,57,102
2024-11,Vnukovo,ZAO,187,96
2024-11,Presnensky,CAO,153,38
2024-11,Pervomayskoye,TAO,43,54
2024-11,Bogorodskoye,VAO,166,32
2024-11,Ivanovskoye,VAO,184,113
2024-11,Khoroshyovo-Mnyovniki,SZAO,52,100
2024-11,Krylatskoye,SZAO,25,107
2024-11,Kotlovka,YuZAO,122,90
2024-11,Altufyevsky,SVAO,20,110
2024-11,Sosenskoye,NAO,111,41
2024-11,Orekhovo-Borisovo Severnoye,YuAO,108,102
2024-11,Brateyevo,YuAO,68,59
2024-11,Obruchevsky,YuZAO,175,115
2024-11,Shcherbinka,NAO,155,67
2024-11,Veshnyaki,VAO,161,27
2024-11,Arbat,CAO,165,61
2024-11,Vostochnoye Izmaylovo,VAO,137,12
2024-11,Tagansky,CAO,24,44
2024-11,Timiryazevsky,SAO,196,91
2024-11,Tverskoy,CAO,24,18
2024-11,Sokolinaya Gora,VAO,87,68
2024-11,Metrogorodok,VAO,44,45
2024-11,Biryulyovo Vostochnoye,YuAO,102,78
2024-12,Shchukino,SZAO,24,61
2024-12,Kievsky,TAO,89,52
2024-12,Begovoy,SAO,145,111
2024-12,Nagatinsky Zaton,YuAO,87,60
2024-12,Khamovniki,CAO,125,79
2024-12,Novofyodorovskoye,TAO,105,83
2024-12,Khoroshyovo-Mnyovniki,SZAO,30,73
2024-12,Alekseevsky,SVAO,37,58
2024-12,Golyanovo,VAO,153,104
2024-12,Voskresenskoye,NAO,40,67
2024-12,Khoroshyovsky,SAO,118,79
2024-12,Izmaylovo,VAO,186,59
2024-12,Kosino-Ukhtomsky,VAO,162,96
2024-12,Bibirevo,SVAO,157,86
2024-12,Obruchevsky,YuZAO,140,69
2024-12,Nagatino-Sadovniki,YuAO,178,41
2024-12,Tagansky,CAO,93,117
2024-12,Yuzhnoye Medvedkovo,SVAO,29,108
2024-12,Klyonovskoye,TAO,55,24
2024-12,Severnoye Tushino,SZAO,110,112
2024-12,Mozhaysky,ZAO,127,47
2024-12,Nagorny,YuAO,107,84
2024-12,Orekhovo-Borisovo Severnoye,YuAO,198,116
2024-12,Rogovskoye,TAO,123,57
2024-12,Altufyevsky,SVAO,60,49
2024-12,Savyolovsky,SAO,191,87
2024-12,Babushkinsky,SVAO,140,82
2024-12,Timiryazevsky,SAO,60,77
2024-12,Metrogorodok,VAO,22,45
2024-12,Yuzhnoye Tushino,SZAO,118,112
2024-12,Tverskoy,CAO,88,97
2024-12,Novogireyevo,VAO,187,81
2024-12,Sokol,SAO,161,62
2024-12,Zelenograd,ZelAO,21,71
2024-12,Ivanovskoye,VAO,26,107
2024-12,Otradnoye,SVAO,106,74
2024-12,Tyoply Stan,YuZAO,81,105
2024-12,Kotlovka,YuZAO,164,10
2024-12,Mikhaylovo-Yartsevskoye,TAO,152,38
2024-12,Kuntsevo,ZAO,173,103
2024-12,Khovrino,SAO,87,28
2024-12,Moskvorechye-Saburovo,YuAO,102,16
2024-12,Strogino,SZAO,31,38
2024-12,Donskoy,YuAO,193,97
2024-12,Voronovskoye,TAO,168,25
2024-12,Molzhaninovsky,SAO,184,65
2024-12,Severnoye Butovo,YuZAO,143,77
2024-12,Arbat,CAO,105,17
2024-12,Danilovsky,YuAO,156,48
2024-12,Novokosino,VAO,174,20
2024-12,Konkovo,YuZAO,155,36
2024-12,Yaroslavsky,SVAO,141,20
2024-12,Lomonosovsky,YuZAO,108,15
2024-12,Meshchansky,CAO,75,76
2024-12,Pokrovskoye-Streshnevo,SZAO,141,41
2024-12,Rostokino,SVAO,169,91
2024-12,Sviblovo,SVAO,45,16
2024-12,Vnukovskoye,NAO,183,38
2024-12,Ramenki,ZAO,113,89
2024-12,Orekhovo-Borisovo Yuzhnoye,YuAO,49,63
2024-12,Preobrazhenskoye,VAO,31,16
2024-12,Basmanny,CAO,50,113
2024-12,Lianozovo,SVAO,99,91
2024-12,Kokoshkino,NAO,169,83
2024-12,Sokolniki,VAO,69,23
2024-12,Ryazanovskoye,NAO,72,42
2024-12,Marushkinskoye,NAO,154,108
2024-12,Losinoostrovsky,SVAO,45,46
2024-12,Zamoskvorechye,CAO,121,102
2024-12,Aeroport,SAO,86,60
2024-12,Ochakovo-Matveyevskoye,ZAO,147,99
2024-12,Golovinsky,SAO,187,79
2024-12,Marfino,SVAO,104,62
2024-12,Dorogomilovo,ZAO,54,108
2024-12,Severnoye Izmaylovo,VAO,180,79
2024-12,Tsaritsyno,YuAO,187,58
2024-12,Butyrsky,SVAO,92,23
2024-12,Novo-Peredelkino,ZAO,100,35
2024-12,Gagarinsky,YuZAO,75,71
2024-12,Fili-Davydkovo,ZAO,62,102
2024-12,Zapadnoye Degunino,SAO,112,43
2024-12,Mosrentgen,NAO,157,78
2024-12,Prospekt Vernadskogo,ZAO,25,89
2024-12,Yuzhnoye Butovo,YuZAO,49,109
2024-12,Yakimanka,CAO,43,22
2024-12,Vostochny,VAO,109,76
2024-12,Biryulyovo Zapadnoye,YuAO,140,53
2024-12,Chertanovo Tsentralnoye,YuAO,100,70
2024-12,Zyablikovo,YuAO,71,72
2024-12,Brateyevo,YuAO,67,62
2024-12,Yasenevo,YuZAO,26,56
2024-12,Severnoye Medvedkovo,SVAO,59,66
2024-12,Akademichesky,YuZAO,102,117
2024-12,Voykovsky,SAO,105,103
2024-12,Severny,SVAO,184,61
2024-12,Krasnoselsky,CAO,144,75
2024-12,Kurkino,SZAO,99,106
2024-12,Troparyovo-Nikulino,ZAO,99,23
2024-12,Ostankinsky,SVAO,181,82
2024-12,Bogorodskoye,VAO,78,103
2024-12,Desyonovskoye,NAO,120,102
2024-12,Biryulyovo Vostochnoye,YuAO,50,12
2024-12,Sokolinaya Gora,VAO,138,92
2024-12,Presnensky,CAO,120,71
2024-12,Perovo,VAO,137,70
2024-12,Krasnopakhorskoye,TAO,137,68
2024-12,Filyovsky Park,ZAO,44,95
2024-12,Cheryomushki,YuZAO,113,78
2024-12,Chertanovo Severnoye,YuAO,163,28
2024-12,Maryina Roshcha,SVAO,39,80
2024-12,Shchapovskoye,TAO,130,34
2024-12,Levoberezhny,SAO,80,49
2024-12,Veshnyaki,VAO,39,49
2024-12,Mitino,SZAO,73,88
2024-12,Sosenskoye,NAO,118,100
2024-12,Moskovsky,NAO,87,111
2024-12,Pervomayskoye,TAO,38,113
2024-12,Shcherbinka,NAO,70,99
2024-12,Vostochnoye Izmaylovo,VAO,176,29
2024-12,Chertanovo Yuzhnoye,YuAO,81,119
2024-12,Beskudnikovsky,SAO,87,58
2024-12,Vnukovo,ZAO,25,108
2024-12,Zyuzino,YuZAO,97,80
2024-12,Dmitrovsky,SAO,56,95
2024-12,Troitsk,TAO,31,68
2024-12,Solntsevo,ZAO,39,55
2024-12,Koptevo,SAO,140,90
2024-12,Filimonkovskoye,NAO,161,64
2024-12,Krylatskoye,SZAO,51,106
2025-01,Basmanny,CAO,174,30
2025-01,Severnoye Tushino,SZAO,56,112
2025-01,Pervomayskoye,TAO,172,67
2025-01,Metrogorodok,VAO,124,40
2025-01,Nagorny,YuAO,143,23
2025-01,Sokol,SAO,41,51
2025-01,Klyonovskoye,TAO,152,29
2025-01,Nagatinsky Zaton,YuAO,133,108
2025-01,Sviblovo,SVAO,153,67
2025-01,Shcherbinka,NAO,64,88
2025-01,Krasnoselsky,CAO,161,70
2025-01,Severnoye Medvedkovo,SVAO,138,26
2025-01,Mozhaysky,ZAO,140,54
2025-01,Losinoostrovsky,SVAO,33,51
2025-01,Ramenki,ZAO,132,33
2025-01,Sokolinaya Gora,VAO,94,43
2025-01,Severny,SVAO,166,113
2025-01,Vostochnoye Izmaylovo,VAO,194,114
2025-01,Golovinsky,SAO,194,73
2025-01,Chertanovo Yuzhnoye,YuAO,83,58
2025-01,Altufyevsky,SVAO,102,59
2025-01,Yuzhnoye Tushino,SZAO,188,48
2025-01,Voronovskoye,TAO,171,102
2025-01,Kievsky,TAO,159,25
2025-01,Meshchansky,CAO,32,12
2025-01,Beskudnikovsky,SAO,125,32
2025-01,Novofyodorovskoye,TAO,129,16
2025-01,Alekseevsky,SVAO,192,113
2025-01,Filimonkovskoye,NAO,138,87
2025-01,Tagansky,CAO,162,113
2025-01,Novo-Peredelkino,ZAO,81,16
2025-01,Izmaylovo,VAO,90,68
2025-01,Kosino-Ukhtomsky,VAO,152,86
2025-01,Chertanovo Severnoye,YuAO,21,63
2025-01,Filyovsky Park,ZAO,51,11
2025-01,Shchukino,SZAO,98,82
2025-01,Maryina Roshcha,SVAO,126,103
2025-01,Nagatino-Sadovniki,YuAO,196,114
2025-01,Veshnyaki,VAO,107,90
2025-01,Obruchevsky,YuZAO,118,28
2025-01,Sosenskoye,NAO,97,99
2025-01,Biryulyovo Vostochnoye,YuAO,198,34
2025-01,Khoroshyovsky,SAO,192,58
2025-01,Khoroshyovo-Mnyovniki,SZAO,181,12
2025-01,Vnukovo,ZAO,192,87
2025-01,Begovoy,SAO,180,81
2025-01,Kuntsevo,ZAO,119,14
2025-01,Rostokino,SVAO,47,40
2025-01,Mosrentgen,NAO,138,95
2025-01,Chertanovo Tsentralnoye,YuAO,124,50
2025-01,Lomonosovsky,YuZAO,139,55
2025-01,Timiryazevsky,SAO,108,99
2025-01,Fili-Davydkovo,ZAO,101,58
2025-01,Yasenevo,YuZAO,38,41
2025-01,Voykovsky,SAO,84,31
2025-01,Severnoye Butovo,YuZAO,115,34
2025-01,Troparyovo-Nikulino,ZAO,72,42
2025-01,Biryulyovo Zapadnoye,YuAO,132,19
2025-01,Arbat,CAO,118,60
2025-01,Aeroport,SAO,66,58
2025-01,Donskoy,YuAO,146,23
2025-01,Sokolniki,VAO,54,30
2025-01,Ryazanovskoye,NAO,60,61
2025-01,Strogino,SZAO,128,113
2025-01,Zamoskvorechye,CAO,77,31
2025-01,Marfino,SVAO,85,16
2025-01,Khovrino,SAO,125,13
2025-01,Tsaritsyno,YuAO,135,65
2025-01,Perovo,VAO,100,46
2025-01,Dorogomilovo,ZAO,34,16
2025-01,Novokosino,VAO,35,98
2025-01,Zyablikovo,YuAO,31,41
2025-01,Rogovskoye,TAO,162,14
2025-01,Vostochny,VAO,94,71
2025-01,Desyonovskoye,NAO,71,43
2025-01,Savyolovsky,SAO,51,105
2025-01,Golyanovo,VAO,35,80
2025-01,Novogireyevo,VAO,111,20
2025-01,Vnukovskoye,NAO,68,91
2025-01,Babushkinsky,SVAO,184,56
2025-01,Cheryomushki,YuZAO,98,86
2025-01,Zapadnoye Degunino,SAO,41,82
2025-01,Krasnopakhorskoye,TAO,159,14
2025-01,Yuzhnoye Butovo,YuZAO,23,33
2025-01,Otradnoye,SVAO,20,79
2025-01,Tyoply Stan,YuZAO,133,14
2025-01,Yuzhnoye Medvedkovo,SVAO,75,102
2025-01,Orekhovo-Borisovo Severnoye,YuAO,29,107
2025-01,Molzhaninovsky,SAO,158,53
2025-01,Brateyevo,YuAO,60,20
2025-01,Butyrsky,SVAO,83,17
2025-01,Gagarinsky,YuZAO,129,116
2025-01,Shchapovskoye,TAO,126,55
2025-01,Ochakovo-Matveyevskoye,ZAO,104,12
2025-01,Konkovo,YuZAO,23,116
2025-01,Solntsevo,ZAO,144,88
2025-01,Yakimanka,CAO,175,73
2025-01,Troitsk,TAO,167,104
2025-01,Yaroslavsky,SVAO,60,71
2025-01,Orekhovo-Borisovo Yuzhnoye,YuAO,43,51
2025-01,Kokoshkino,NAO,31,63
2025-01,Koptevo,SAO,168,83
2025-01,Pokrovskoye-Streshnevo,SZAO,137,51
2025-01,Preobrazhenskoye,VAO,51,103
2025-01,Kurkino,SZAO,21,25
2025-01,Kotlovka,YuZAO,64,48
2025-01,Tverskoy,CAO,27,64
2025-01,Presnensky,CAO,47,88
2025-01,Zyuzino,YuZAO,165,11
2025-01,Moskvorechye-Saburovo,YuAO,192,52
2025-01,Moskovsky,NAO,66,59
2025-01,Bogorodskoye,VAO,23,99
2025-01,Zelenograd,ZelAO,140,19
2025-01,Ivanovskoye,VAO,74,91
2025-01,Krylatskoye,SZAO,61,16
2025-01,Danilovsky,YuAO,57,48
2025-01,Dmitrovsky,SAO,121,52
2025-01,Levoberezhny,SAO,133,106
2025-01,Voskresenskoye,NAO,82,42
2025-01,Severnoye Izmaylovo,VAO,172,47
2025-01,Prospekt Vernadskogo,ZAO,96,113
2025-01,Marushkinskoye,NAO,115,98
2025-01,Ostankinsky,SVAO,50,16
2025-01,Mikhaylovo-Yartsevskoye,TAO,72,79
2025-01,Akademichesky,YuZAO,95,56
2025-01,Bibirevo,SVAO,42,60
2025-01,Mitino,SZAO,105,57
2025-01,Lianozovo,SVAO,78,110
2025-01,Khamovniki,CAO,56,71
2025-02,Gagarinsky,YuZAO,130,90
2025-02,Khoroshyovo-Mnyovniki,SZAO,112,91
2025-02,Krasnopakhorskoye,TAO,20,30
2025-02,Filimonkovskoye,NAO,117,43
2025-02,Brateyevo,YuAO,96,19
2025-02,Zyuzino,YuZAO,140,40
2025-02,Novofyodorovskoye,TAO,183,52
2025-02,Tagansky,CAO,68,63
2025-02,Begovoy,SAO,25,88
2025-02,Nagatinsky Zaton,YuAO,59,69
2025-02,Beskudnikovsky,SAO,26,109
2025-02,Zamoskvorechye,CAO,172,102
2025-02,Chertanovo Yuzhnoye,YuAO,160,62
2025-02,Novo-Peredelkino,ZAO,112,105
2025-02,Khamovniki,CAO,27,103
2025-02,Perovo,VAO,94,20
2025-02,Khovrino,SAO,124,45
2025-02,Sosenskoye,NAO,157,57
2025-02,Desyonovskoye,NAO,151,112
2025-02,Voskresenskoye,NAO,138,118
2025-02,Novokosino,VAO,196,12
2025-02,Chertanovo Severnoye,YuAO,102,68
2025-02,Biryulyovo Vostochnoye,YuAO,49,16
2025-02,Khoroshyovsky,SAO,70,64
2025-02,Koptevo,SAO,75,94
2025-02,Levoberezhny,SAO,166,34
2025-02,Kievsky,TAO,90,60
2025-02,Zelenograd,ZelAO,46,24
2025-02,Kosino-Ukhtomsky,VAO,174,100
2025-02,Obruchevsky,YuZAO,99,103
2025-02,Nagorny,YuAO,23,79
2025-02,Dmitrovsky,SAO,29,116
2025-02,Zapadnoye Degunino,SAO,22,107
2025-02,Yakimanka,CAO,160,106
2025-02,Sviblovo,SVAO,125,77
2025-02,Akademichesky,YuZAO,23,60
2025-02,Biryulyovo Zapadnoye,YuAO,154,28
2025-02,Pervomayskoye,TAO,112,80
2025-02,Sokolinaya Gora,VAO,41,25
2025-02,Severnoye Medvedkovo,SVAO,120,36
2025-02,Mikhaylovo-Yartsevskoye,TAO,134,71
2025-02,Marushkinskoye,NAO,115,107
2025-02,Golovinsky,SAO,140,32
2025-02,Severnoye Izmaylovo,VAO,114,68
2025-02,Mosrentgen,NAO,119,93
2025-02,Yuzhnoye Tushino,SZAO,198,84
2025-02,Voronovskoye,TAO,127,42
2025-02,Kotlovka,YuZAO,55,95
2025-02,Danilovsky,YuAO,36,95
2025-02,Severny,SVAO,54,82
2025-02,Metrogorodok,VAO,148,68
2025-02,Shcherbinka,NAO,89,103
2025-02,Sokol,SAO,90,43
2025-02,Tverskoy,CAO,194,103
2025-02,Moskovsky,NAO,69,116
2025-02,Presnensky,CAO,119,75
2025-02,Arbat,CAO,59,44
2025-02,Shchukino,SZAO,35,19
2025-02,Tsaritsyno,YuAO,37,112
2025-02,Ochakovo-Matveyevskoye,ZAO,165,77
2025-02,Shchapovskoye,TAO,72,52
2025-02,Donskoy,YuAO,147,86
2025-02,Konkovo,YuZAO,120,78
2025-02,Ryazanovskoye,NAO,30,42
2025-02,Orekhovo-Borisovo Severnoye,YuAO,26,45
2025-02,Sokolniki,VAO,163,53
2025-02,Orekhovo-Borisovo Yuzhnoye,YuAO,105,13
2025-02,Aeroport,SAO,130,16
2025-02,Molzhaninovsky,SAO,166,93
2025-02,Kokoshkino,NAO,187,73
2025-02,Vnukovskoye,NAO,189,102
2025-02,Preobrazhenskoye,VAO,112,15
2025-02,Zyablikovo,YuAO,112,103
2025-02,Voykovsky,SAO,104,60
2025-02,Rogovskoye,TAO,100,119
2025-02,Timiryazevsky,SAO,76,53
2025-02,Lomonosovsky,YuZAO,29,45
2025-02,Savyolovsky,SAO,196,60
2025-02,Novogireyevo,VAO,23,86
2025-02,Chertanovo Tsentralnoye,YuAO,127,81
2025-02,Bogorodskoye,VAO,163,112
2025-02,Severnoye Butovo,YuZAO,75,106
2025-02,Bibirevo,SVAO,101,113
2025-02,Vostochnoye Izmaylovo,VAO,159,91
2025-02,Golyanovo,VAO,153,80
2025-02,Mozhaysky,ZAO,128,35
2025-02,Strogino,SZAO,196,78
2025-02,Filyovsky Park,ZAO,62,44
2025-02,Klyonovskoye,TAO,179,53
2025-02,Severnoye Tushino,SZAO,89,51
2025-02,Lianozovo,SVAO,74,16
2025-02,Krasnoselsky,CAO,146,79
2025-02,Ivanovskoye,VAO,159,108
2025-02,Pokrovskoye-Streshnevo,SZAO,183,117
2025-02,Kuntsevo,ZAO,188,15
2025-02,Rostokino,SVAO,51,34
2025-02,Troparyovo-Nikulino,ZAO,125,108
2025-02,Basmanny,CAO,35,115
2025-02,Ostankinsky,SVAO,49,27
2025-02,Yuzhnoye Butovo,YuZAO,97,81
2025-02,Kurkino,SZAO,175,10
2025-02,Solntsevo,ZAO,98,86
2025-02,Marfino,SVAO,123,66
2025-02,Izmaylovo,VAO,83,17
2025-02,Dorogomilovo,ZAO,54,116
2025-02,Vostochny,VAO,117,79
2025-02,Meshchansky,CAO,93,81
2025-02,Tyoply Stan,YuZAO,23,85
2025-02,Babushkinsky,SVAO,132,31
2025-02,Ramenki,ZAO,197,47
2025-02,Alekseevsky,SVAO,102,38
2025-02,Krylatskoye,SZAO,192,10
2025-02,Cheryomushki,YuZAO,97,42
2025-02,Fili-Davydkovo,ZAO,45,48
2025-02,Troitsk,TAO,23,33
2025-02,Altufyevsky,SVAO,22,12
2025-02,Losinoostrovsky,SVAO,186,87
2025-02,Yuzhnoye Medvedkovo,SVAO,47,105
2025-02,Moskvorechye-Saburovo,YuAO,166,106
2025-02,Yaroslavsky,SVAO,109,30
2025-02,Mitino,SZAO,176,85
2025-02,Otradnoye,SVAO,39,113
2025-02,Vnukovo,ZAO,64,12
2025-02,Maryina Roshcha,SVAO,145,40
2025-02,Nagatino-Sadovniki,YuAO,149,15
2025-02,Prospekt Vernadskogo,ZAO,68,92
2025-02,Veshnyaki,VAO,127,100
2025-02,Yasenevo,YuZAO,83,106
2025-02,Butyrsky,SVAO,191,72
2025-03,Brateyevo,YuAO,91,65
2025-03,Dmitrovsky,SAO,195,25
2025-03,Dorogomilovo,ZAO,34,15
2025-03,Otradnoye,SVAO,112,71
2025-03,Akademichesky,YuZAO,89,68
2025-03,Mikhaylovo-Yartsevskoye,TAO,36,101
2025-03,Krylatskoye,SZAO,150,114
2025-03,Timiryazevsky,SAO,130,41
2025-03,Solntsevo,ZAO,74,103
2025-03,Lomonosovsky,YuZAO,68,34
2025-03,Marfino,SVAO,47,68
2025-03,Zamoskvorechye,CAO,50,15
2025-03,Zapadnoye Degunino,SAO,24,21
2025-03,Yasenevo,YuZAO,42,48
2025-03,Severnoye Tushino,SZAO,44,32
2025-03,Donskoy,YuAO,24,43
2025-03,Voykovsky,SAO,36,52
2025-03,Yuzhnoye Tushino,SZAO,24,117
2025-03,Severnoye Izmaylovo,VAO,114,83
2025-03,Metrogorodok,VAO,161,73
2025-03,Sokolniki,VAO,64,28
2025-03,Khamovniki,CAO,50,58
2025-03,Ryazanovskoye,NAO,65,50
2025-03,Vnukovskoye,NAO,155,72
2025-03,Sokol,SAO,191,115
2025-03,Altufyevsky,SVAO,106,105
2025-03,Sviblovo,SVAO,36,107
2025-03,Marushkinskoye,NAO,94,62
2025-03,Krasnopakhorskoye,TAO,43,92
2025-03,Lianozovo,SVAO,72,96
2025-03,Orekhovo-Borisovo Severnoye,YuAO,24,44
2025-03,Voronovskoye,TAO,97,78
2025-03,Yaroslavsky,SVAO,101,30
2025-03,Kotlovka,YuZAO,64,21
2025-03,Ivanovskoye,VAO,131,94
2025-03,Zelenograd,ZelAO,22,73
2025-03,Yuzhnoye Butovo,YuZAO,170,56
2025-03,Koptevo,SAO,178,71
2025-03,Troitsk,TAO,80,19
2025-03,Novokosino,VAO,161,94
2025-03,Ochakovo-Matveyevskoye,ZAO,166,39
2025-03,Aeroport,SAO,161,32
2025-03,Golyanovo,VAO,119,20
2025-03,Bibirevo,SVAO,197,18
2025-03,Voskresenskoye,NAO,138,29
2025-03,Butyrsky,SVAO,179,70
2025-03,Veshnyaki,VAO,111,94
2025-03,Sosenskoye,NAO,102,86
2025-03,Gagarinsky,YuZAO,40,108
2025-03,Tsaritsyno,YuAO,143,47
2025-03,Moskvorechye-Saburovo,YuAO,178,67
2025-03,Troparyovo-Nikulino,ZAO,130,12
2025-03,Zyuzino,YuZAO,141,106
2025-03,Filimonkovskoye,NAO,165,115
2025-03,Nagatinsky Zaton,YuAO,28,42
2025-03,Biryulyovo Vostochnoye,YuAO,143,19
2025-03,Levoberezhny,SAO,152,60
2025-03,Mitino,SZAO,124,24
2025-03,Yuzhnoye Medvedkovo,SVAO,124,73
2025-03,Maryina Roshcha,SVAO,61,111
2025-03,Cheryomushki,YuZAO,30,52
2025-03,Perovo,VAO,50,52
2025-03,Begovoy,SAO,134,35
2025-03,Vnukovo,ZAO,137,82
2025-03,Desyonovskoye,NAO,89,38
2025-03,Chertanovo Severnoye,YuAO,164,110
2025-03,Babushkinsky,SVAO,82,53
2025-03,Novogireyevo,VAO,156,91
2025-03,Orekhovo-Borisovo Yuzhnoye,YuAO,123,83
2025-03,Savyolovsky,SAO,77,64
2025-03,Vostochny,VAO,104,51
2025-03,Yakimanka,CAO,100,87
2025-03,Rogovskoye,TAO,36,23
2025-03,Beskudnikovsky,SAO,48,66
2025-03,Preobrazhenskoye,VAO,195,42
2025-03,Sokolinaya Gora,VAO,146,76
2025-03,Kurkino,SZAO,150,48
2025-03,Ostankinsky,SVAO,159,23
2025-03,Pokrovskoye-Streshnevo,SZAO,157,68
2025-03,Tyoply Stan,YuZAO,35,24
2025-03,Shcherbinka,NAO,77,100
2025-03,Bogorodskoye,VAO,92,85
2025-03,Konkovo,YuZAO,49,27
2025-03,Severnoye Medvedkovo,SVAO,88,95
2025-03,Krasnoselsky,CAO,177,10
2025-03,Pervomayskoye,TAO,135,116
2025-03,Kokoshkino,NAO,75,118
2025-03,Filyovsky Park,ZAO,147,41
2025-03,Biryulyovo Zapadnoye,YuAO,185,108
2025-03,Klyonovskoye,TAO,50,64
2025-03,Novo-Peredelkino,ZAO,54,46
2025-03,Molzhaninovsky,SAO,125,30
2025-03,Khoroshyovo-Mnyovniki,SZAO,197,79
2025-03,Alekseevsky,SVAO,80,63
2025-03,Kievsky,TAO,137,24
2025-03,Shchukino,SZAO,150,51
2025-03,Ramenki,ZAO,111,108
2025-03,Golovinsky,SAO,76,76
2025-03,Moskovsky,NAO,68,31
2025-03,Prospekt Vernadskogo,ZAO,187,30
2025-03,Strogino,SZAO,21,104
2025-03,Shchapovskoye,TAO,71,67
2025-03,Khoroshyovsky,SAO,159,30
2025-03,Zyablikovo,YuAO,28,110
2025-03,Arbat,CAO,115,111
2025-03,Mozhaysky,ZAO,125,13
2025-03,Losinoostrovsky,SVAO,180,71
2025-03,Severnoye Butovo,YuZAO,178,110
2025-03,Tverskoy,CAO,57,43
2025-03,Danilovsky,YuAO,40,60
2025-03,Rostokino,SVAO,25,63
2025-03,Presnensky,CAO,146,36
2025-03,Mosrentgen,NAO,192,26
2025-03,Nagorny,YuAO,121,24
2025-03,Kosino-Ukhtomsky,VAO,199,106
2025-03,Izmaylovo,VAO,89,102
2025-03,Obruchevsky,YuZAO,47,107
2025-03,Vostochnoye Izmaylovo,VAO,159,97
2025-03,Chertanovo Yuzhnoye,YuAO,147,78
2025-03,Khovrino,SAO,170,89
2025-03,Kuntsevo,ZAO,169,104
2025-03,Meshchansky,CAO,125,84
2025-03,Severny,SVAO,133,100
2025-03,Novofyodorovskoye,TAO,45,114
2025-03,Basmanny,CAO,58,59
2025-03,Tagansky,CAO,64,77
2025-03,Nagatino-Sadovniki,YuAO,101,24
2025-03,Chertanovo Tsentralnoye,YuAO,134,16
2025-03,Fili-Davydkovo,ZAO,192,119
2025-04,Nagorny,YuAO,81,112
2025-04,Shchapovskoye,TAO,100,101
2025-04,Novogireyevo,VAO,120,103
2025-04,Bibirevo,SVAO,147,59
2025-04,Rogovskoye,TAO,181,80
2025-04,Dmitrovsky,SAO,115,50
2025-04,Orekhovo-Borisovo Yuzhnoye,YuAO,124,119
2025-04,Presnensky,CAO,192,46
2025-04,Rostokino,SVAO,32,57
2025-04,Golyanovo,VAO,181,56
2025-04,Savyolovsky,SAO,36,101
2025-04,Babushkinsky,SVAO,40,105
2025-04,Aeroport,SAO,68,36
2025-04,Ochakovo-Matveyevskoye,ZAO,196,71
2025-04,Vostochny,VAO,151,66
2025-04,Kosino-Ukhtomsky,VAO,116,29
2025-04,Novokosino,VAO,169,82
2025-04,Kievsky,TAO,141,72
2025-04,Akademichesky,YuZAO,97,10
2025-04,Gagarinsky,YuZAO,106,10
2025-04,Sokolinaya Gora,VAO,179,48
2025-04,Voronovskoye,TAO,137,81
2025-04,Shchukino,SZAO,36,75
2025-04,Brateyevo,YuAO,33,31
2025-04,Orekhovo-Borisovo Severnoye,YuAO,174,84
2025-04,Marfino,SVAO,29,118
2025-04,Pervomayskoye,TAO,157,103
2025-04,Desyonovskoye,NAO,144,118
2025-04,Otradnoye,SVAO,89,69
2025-04,Khoroshyovsky,SAO,28,27
2025-04,Butyrsky,SVAO,87,56
2025-04,Voskresenskoye,NAO,110,62
2025-04,Mosrentgen,NAO,114,16
2025-04,Tyoply Stan,YuZAO,101,79
2025-04,Zapadnoye Degunino,SAO,102,85
2025-04,Vnukovo,ZAO,189,56
2025-04,Biryulyovo Zapadnoye,YuAO,150,83
2025-04,Novo-Peredelkino,ZAO,152,14
2025-04,Meshchansky,CAO,34,17
2025-04,Pokrovskoye-Streshnevo,SZAO,165,16
2025-04,Lomonosovsky,YuZAO,62,118
2025-04,Molzhaninovsky,SAO,189,92
2025-04,Chertanovo Severnoye,YuAO,53,103
2025-04,Kuntsevo,ZAO,107,38
2025-04,Shcherbinka,NAO,130,31
2025-04,Krasnoselsky,CAO,90,107
2025-04,Kurkino,SZAO,179,65
2025-04,Konkovo,YuZAO,48,28
2025-04,Bogorodskoye,VAO,102,81
2025-04,Novofyodorovskoye,TAO,181,56
2025-04,Filyovsky Park,ZAO,43,98
2025-04,Voykovsky,SAO,106,22
2025-04,Nagatino-Sadovniki,YuAO,37,69
2025-04,Kokoshkino,NAO,199,85
2025-04,Basmanny,CAO,42,111
2025-04,Timiryazevsky,SAO,95,112
2025-04,Ostankinsky,SVAO,50,36
2025-04,Solntsevo,ZAO,86,70
2025-04,Chertanovo Yuzhnoye,YuAO,59,76
2025-04,Yakimanka,CAO,43,52
2025-04,Obruchevsky,YuZAO,49,14
2025-04,Veshnyaki,VAO,146,57
2025-04,Mikhaylovo-Yartsevskoye,TAO,138,91
2025-04,Troitsk,TAO,104,78
2025-04,Severnoye Medvedkovo,SVAO,60,18
2025-04,Troparyovo-Nikulino,ZAO,75,14
2025-04,Beskudnikovsky,SAO,113,118
2025-04,Preobrazhenskoye,VAO,182,36
2025-04,Izmaylovo,VAO,197,62
2025-04,Krylatskoye,SZAO,164,43
2025-04,Vostochnoye Izmaylovo,VAO,170,60
2025-04,Vnukovskoye,NAO,76,34
2025-04,Perovo,VAO,43,85
2025-04,Khovrino,SAO,125,29
2025-04,Klyonovskoye,TAO,144,34
2025-04,Ryazanovskoye,NAO,70,56
2025-04,Khamovniki,CAO,62,31
2025-04,Mitino,SZAO,43,22
2025-04,Biryulyovo Vostochnoye,YuAO,117,29
2025-04,Severnoye Tushino,SZAO,128,68
2025-04,Donskoy,YuAO,68,29
2025-04,Levoberezhny,SAO,73,37
2025-04,Begovoy,SAO,66,50
2025-04,Maryina Roshcha,SVAO,89,14
2025-04,Mozhaysky,ZAO,145,88
2025-04,Zamoskvorechye,CAO,28,16
2025-04,Nagatinsky Zaton,YuAO,52,17
2025-04,Sokol,SAO,131,118
2025-04,Khoroshyovo-Mnyovniki,SZAO,172,44
2025-04,Fili-Davydkovo,ZAO,126,115
2025-04,Strogino,SZAO,104,17
2025-04,Filimonkovskoye,NAO,50,50
2025-04,Losinoostrovsky,SVAO,117,34
2025-04,Tverskoy,CAO,120,117
2025-04,Severnoye Butovo,YuZAO,160,87
2025-04,Yasenevo,YuZAO,27,79
2025-04,Altufyevsky,SVAO,37,29
2025-04,Yaroslavsky,SVAO,128,21
2025-04,Sviblovo,SVAO,41,98
2025-04,Zyablikovo,YuAO,132,53
2025-04,Cheryomushki,YuZAO,34,27
2025-04,Golovinsky,SAO,98,22
2025-04,Arbat,CAO,135,103
2025-04,Yuzhnoye Medvedkovo,SVAO,58,117
2025-04,Severnoye Izmaylovo,VAO,155,28
2025-04,Yuzhnoye Tushino,SZAO,164,11
2025-04,Metrogorodok,VAO,47,110
2025-04,Chertanovo Tsentralnoye,YuAO,175,54
2025-04,Sokolniki,VAO,181,112
2025-04,Marushkinskoye,NAO,146,67
2025-04,Ramenki,ZAO,87,119
2025-04,Tsaritsyno,YuAO,190,65
2025-04,Alekseevsky,SVAO,180,74
2025-04,Ivanovskoye,VAO,39,88
2025-04,Sosenskoye,NAO,99,107
2025-04,Zelenograd,ZelAO,27,91
2025-04,Yuzhnoye Butovo,YuZAO,199,43
2025-04,Kotlovka,YuZAO,162,28
2025-04,Tagansky,CAO,64,87
2025-04,Koptevo,SAO,68,12
2025-04,Moskvorechye-Saburovo,YuAO,102,96
2025-04,Zyuzino,YuZAO,161,68
2025-04,Lianozovo,SVAO,133,105
2025-04,Severny,SVAO,162,116
2025-04,Krasnopakhorskoye,TAO,53,14
2025-04,Moskovsky,NAO,122,90
2025-04,Dorogomilovo,ZAO,158,102
2025-04,Danilovsky,YuAO,87,89
2025-04,Prospekt Vernadskogo,ZAO,195,101
2025-05,Begovoy,SAO,121,68
2025-05,Cheryomushki,YuZAO,125,68
2025-05,Ochakovo-Matveyevskoye,ZAO,199,87
2025-05,Arbat,CAO,86,14
2025-05,Golovinsky,SAO,36,87
2025-05,Nagatinsky Zaton,YuAO,140,89
2025-05,Pervomayskoye,TAO,85,35
2025-05,Tagansky,CAO,166,93
2025-05,Tsaritsyno,YuAO,149,64
2025-05,Molzhaninovsky,SAO,47,86
2025-05,Sokolinaya Gora,VAO,112,17
2025-05,Biryulyovo Vostochnoye,YuAO,61,15
2025-05,Vnukovo,ZAO,145,56
2025-05,Kievsky,TAO,80,19
2025-05,Vostochnoye Izmaylovo,VAO,65,83
2025-05,Bibirevo,SVAO,140,46
2025-05,Novofyodorovskoye,TAO,164,58
2025-05,Losinoostrovsky,SVAO,195,46
2025-05,Timiryazevsky,SAO,156,82
2025-05,Biryulyovo Zapadnoye,YuAO,191,84
2025-05,Voronovskoye,TAO,88,31
2025-05,Nagorny,YuAO,112,106
2025-05,Filimonkovskoye,NAO,181,57
2025-05,Khoroshyovo-Mnyovniki,SZAO,28,33
2025-05,Golyanovo,VAO,46,43
2025-05,Koptevo,SAO,64,71
2025-05,Desyonovskoye,NAO,161,87
2025-05,Aeroport,SAO,101,97
2025-05,Obruchevsky,YuZAO,146,117
2025-05,Butyrsky,SVAO,45,21
2025-05,Novokosino,VAO,107,43
2025-05,Zyuzino,YuZAO,148,87
2025-05,Maryina Roshcha,SVAO,28,91
2025-05,Zamoskvorechye,CAO,119,52
2025-05,Prospekt Vernadskogo,ZAO,114,105
2025-05,Levoberezhny,SAO,32,65
2025-05,Khoroshyovsky,SAO,23,32
2025-05,Veshnyaki,VAO,124,80
2025-05,Novo-Peredelkino,ZAO,159,41
2025-05,Yuzhnoye Medvedkovo,SVAO,52,117
2025-05,Troparyovo-Nikulino,ZAO,66,52
2025-05,Sosenskoye,NAO,80,119
2025-05,Mitino,SZAO,163,113
2025-05,Voskresenskoye,NAO,53,87
2025-05,Gagarinsky,YuZAO,21,37
2025-05,Krasnoselsky,CAO,111,27
2025-05,Perovo,VAO,113,20
2025-05,Meshchansky,CAO,82,12
2025-05,Kotlovka,YuZAO,115,13
2025-05,Basmanny,CAO,56,24
2025-05,Donskoy,YuAO,94,42
2025-05,Klyonovskoye,TAO,64,112
2025-05,Lianozovo,SVAO,188,14
2025-05,Mozhaysky,ZAO,120,43
2025-05,Ryazanovskoye,NAO,50,15
2025-05,Sokol,SAO,163,64
2025-05,Marushkinskoye,NAO,131,67
2025-05,Strogino,SZAO,94,110
2025-05,Krasnopakhorskoye,TAO,160,29
2025-05,Chertanovo Tsentralnoye,YuAO,143,60
2025-05,Dorogomilovo,ZAO,165,42
2025-05,Sokolniki,VAO,96,48
2025-05,Kokoshkino,NAO,196,22
2025-05,Ivanovskoye,VAO,105,49
2025-05,Ramenki,ZAO,45,117
2025-05,Altufyevsky,SVAO,108,37
2025-05,Zelenograd,ZelAO,107,109
2025-05,Moskovsky,NAO,32,10
2025-05,Shchukino,SZAO,80,35
2025-05,Akademichesky,YuZAO,160,46
2025-05,Brateyevo,YuAO,60,114
2025-05,Danilovsky,YuAO,180,112
2025-05,Marfino,SVAO,149,14
2025-05,Fili-Davydkovo,ZAO,79,52
2025-05,Voykovsky,SAO,199,49
2025-05,Severny,SVAO,22,116
2025-05,Mikhaylovo-Yartsevskoye,TAO,173,114
2025-05,Nagatino-Sadovniki,YuAO,193,58
2025-05,Krylatskoye,SZAO,118,62
2025-05,Dmitrovsky,SAO,35,33
2025-05,Otradnoye,SVAO,104,30
2025-05,Alekseevsky,SVAO,82,70
2025-05,Severnoye Butovo,YuZAO,48,82
2025-05,Rostokino,SVAO,145,80
2025-05,Lomonosovsky,YuZAO,60,86
2025-05,Yuzhnoye Butovo,YuZAO,31,18
2025-05,Tverskoy,CAO,88,49
2025-05,Yuzhnoye Tushino,SZAO,189,94
2025-05,Orekhovo-Borisovo Severnoye,YuAO,78,34
2025-05,Zyablikovo,YuAO,122,55
2025-05,Yaroslavsky,SVAO,93,36
2025-05,Yasenevo,YuZAO,144,25
2025-05,Sviblovo,SVAO,142,21
2025-05,Severnoye Izmaylovo,VAO,199,84
2025-05,Severnoye Tushino,SZAO,39,16
2025-05,Metrogorodok,VAO,115,57
2025-05,Khamovniki,CAO,124,41
2025-05,Izmaylovo,VAO,123,78
2025-05,Chertanovo Yuzhnoye,YuAO,75,23
2025-05,Kosino-Ukhtomsky,VAO,67,30
2025-05,Novogireyevo,VAO,131,31
2025-05,Vostochny,VAO,174,89
2025-05,Severnoye Medvedkovo,SVAO,184,23
2025-05,Yakimanka,CAO,65,82
2025-05,Moskvorechye-Saburovo,YuAO,35,44
2025-05,Chertanovo Severnoye,YuAO,88,113
2025-05,Preobrazhenskoye,VAO,145,115
2025-05,Ostankinsky,SVAO,175,49
2025-05,Pokrovskoye-Streshnevo,SZAO,110,102
2025-05,Solntsevo,ZAO,157,68
2025-05,Vnukovskoye,NAO,159,27
2025-05,Khovrino,SAO,67,38
2025-05,Kurkino,SZAO,158,33
2025-05,Shcherbinka,NAO,80,69
2025-05,Kuntsevo,ZAO,143,98
2025-05,Shchapovskoye,TAO,29,99
2025-05,Filyovsky Park,ZAO,165,54
2025-05,Konkovo,YuZAO,186,26
2025-05,Presnensky,CAO,95,99
2025-05,Bogorodskoye,VAO,61,82
2025-05,Savyolovsky,SAO,165,12
2025-05,Troitsk,TAO,163,78
2025-05,Mosrentgen,NAO,175,77
2025-05,Tyoply Stan,YuZAO,93,106
2025-05,Rogovskoye,TAO,86,31
2025-05,Orekhovo-Borisovo Yuzhnoye,YuAO,139,70
2025-05,Zapadnoye Degunino,SAO,36,21
2025-05,Beskudnikovsky,SAO,42,56
2025-05,Babushkinsky,SVAO,163,82
2025-06,Perovo,VAO,50,12
2025-06,Biryulyovo Vostochnoye,YuAO,172,34
2025-06,Zamoskvorechye,CAO,22,42
2025-06,Begovoy,SAO,199,80
2025-06,Dmitrovsky,SAO,47,30
2025-06,Veshnyaki,VAO,147,106
2025-06,Golovinsky,SAO,165,27
2025-06,Kurkino,SZAO,166,77
2025-06,Marfino,SVAO,28,34
2025-06,Akademichesky,YuZAO,198,81
2025-06,Presnensky,CAO,127,75
2025-06,Losinoostrovsky,SVAO,143,63
2025-06,Vostochnoye Izmaylovo,VAO,91,40
2025-06,Troparyovo-Nikulino,ZAO,185,56
2025-06,Filyovsky Park,ZAO,174,115
2025-06,Krylatskoye,SZAO,125,110
2025-06,Troitsk,TAO,121,94
2025-06,Yuzhnoye Medvedkovo,SVAO,187,79
2025-06,Moskovsky,NAO,116,107
2025-06,Sokolinaya Gora,VAO,27,105
2025-06,Severny,SVAO,52,15
2025-06,Nagatinsky Zaton,YuAO,135,99
2025-06,Voykovsky,SAO,166,95
2025-06,Kokoshkino,NAO,186,103
2025-06,Zapadnoye Degunino,SAO,198,48
2025-06,Voronovskoye,TAO,92,20
2025-06,Fili-Davydkovo,ZAO,153,99
2025-06,Butyrsky,SVAO,145,82
2025-06,Beskudnikovsky,SAO,87,38
2025-06,Lianozovo,SVAO,170,71
2025-06,Vostochny,VAO,61,37
2025-06,Basmanny,CAO,45,61
2025-06,Sosenskoye,NAO,183,95
2025-06,Sokolniki,VAO,87,74
2025-06,Yuzhnoye Butovo,YuZAO,45,40
2025-06,Chertanovo Severnoye,YuAO,77,91
2025-06,Koptevo,SAO,147,99
2025-06,Klyonovskoye,TAO,121,114
2025-06,Preobrazhenskoye,VAO,37,29
2025-06,Prospekt Vernadskogo,ZAO,165,105
2025-06,Chertanovo Tsentralnoye,YuAO,197,85
2025-06,Chertanovo Yuzhnoye,YuAO,185,64
2025-06,Severnoye Izmaylovo,VAO,49,49
2025-06,Ryazanovskoye,NAO,115,85
2025-06,Yasenevo,YuZAO,196,21
2025-06,Marushkinskoye,NAO,39,69
2025-06,Gagarinsky,YuZAO,139,36
2025-06,Mosrentgen,NAO,198,71
2025-06,Lomonosovsky,YuZAO,60,92
2025-06,Otradnoye,SVAO,62,62
2025-06,Yakimanka,CAO,167,105
2025-06,Severnoye Butovo,YuZAO,62,108
2025-06,Mikhaylovo-Yartsevskoye,TAO,147,52
2025-06,Moskvorechye-Saburovo,YuAO,195,58
2025-06,Ostankinsky,SVAO,45,39
2025-06,Pokrovskoye-Streshnevo,SZAO,26,77
2025-06,Timiryazevsky,SAO,190,84
2025-06,Vnukovskoye,NAO,153,106
2025-06,Nagatino-Sadovniki,YuAO,109,53
2025-06,Alekseevsky,SVAO,129,31
2025-06,Shcherbinka,NAO,112,56
2025-06,Novogireyevo,VAO,73,46
2025-06,Tverskoy,CAO,133,69
2025-06,Konkovo,YuZAO,35,71
2025-06,Mozhaysky,ZAO,137,47
2025-06,Strogino,SZAO,37,118
2025-06,Biryulyovo Zapadnoye,YuAO,43,58
2025-06,Molzhaninovsky,SAO,43,46
2025-06,Babushkinsky,SVAO,47,76
2025-06,Ramenki,ZAO,52,51
2025-06,Shchukino,SZAO,147,10
2025-06,Golyanovo,VAO,191,85
2025-06,Danilovsky,YuAO,47,19
2025-06,Novokosino,VAO,144,90
2025-06,Khamovniki,CAO,79,91
2025-06,Dorogomilovo,ZAO,181,18
2025-06,Krasnopakhorskoye,TAO,100,23
2025-06,Brateyevo,YuAO,78,45
2025-06,Kotlovka,YuZAO,57,20
2025-06,Sviblovo,SVAO,194,16
2025-06,Ivanovskoye,VAO,147,17
2025-06,Zelenograd,ZelAO,136,66
2025-06,Sokol,SAO,117,60
2025-06,Rogovskoye,TAO,35,22
2025-06,Donskoy,YuAO,29,60
2025-06,Altufyevsky,SVAO,106,30
2025-06,Zyablikovo,YuAO,161,75
2025-06,Bogorodskoye,VAO,124,59
2025-06,Rostokino,SVAO,191,48
2025-06,Severnoye Medvedkovo,SVAO,150,30
2025-06,Solntsevo,ZAO,94,30
2025-06,Metrogorodok,VAO,145,50
2025-06,Severnoye Tushino,SZAO,134,12
2025-06,Tyoply Stan,YuZAO,36,97
2025-06,Orekhovo-Borisovo Yuzhnoye,YuAO,94,118
2025-06,Yaroslavsky,SVAO,181,112
2025-06,Orekhovo-Borisovo Severnoye,YuAO,143,88
2025-06,Savyolovsky,SAO,136,23
2025-06,Yuzhnoye Tushino,SZAO,186,113
2025-06,Novofyodorovskoye,TAO,99,113
2025-06,Khovrino,SAO,42,110
2025-06,Meshchansky,CAO,59,54
2025-06,Khoroshyovo-Mnyovniki,SZAO,141,94
2025-06,Shchapovskoye,TAO,51,19
2025-06,Tagansky,CAO,63,89
2025-06,Tsaritsyno,YuAO,140,55
2025-06,Zyuzino,YuZAO,70,28
2025-06,Kuntsevo,ZAO,36,67
2025-06,Nagorny,YuAO,196,100
2025-06,Filimonkovskoye,NAO,82,26
2025-06,Maryina Roshcha,SVAO,65,55
2025-06,Kievsky,TAO,94,108
2025-06,Voskresenskoye,NAO,107,20
2025-06,Levoberezhny,SAO,130,82
2025-06,Mitino,SZAO,157,96
2025-06,Cheryomushki,YuZAO,99,46
2025-06,Ochakovo-Matveyevskoye,ZAO,194,96
2025-06,Khoroshyovsky,SAO,124,114
2025-06,Obruchevsky,YuZAO,43,90
2025-06,Novo-Peredelkino,ZAO,57,39
2025-06,Kosino-Ukhtomsky,VAO,181,57
2025-06,Krasnoselsky,CAO,143,14
2025-06,Desyonovskoye,NAO,111,62
2025-06,Arbat,CAO,55,52
2025-06,Bibirevo,SVAO,42,87
2025-06,Aeroport,SAO,76,116
2025-06,Izmaylovo,VAO,48,96
2025-06,Pervomayskoye,TAO,26,64
2025-06,Vnukovo,ZAO,108,91
2025-07,Severnoye Izmaylovo,VAO,114,79
2025-07,Sokolinaya Gora,VAO,105,47
2025-07,Nagorny,YuAO,105,81
2025-07,Severnoye Tushino,SZAO,152,54
2025-07,Krasnopakhorskoye,TAO,135,68
2025-07,Obruchevsky,YuZAO,146,116
2025-07,Voronovskoye,TAO,111,41
2025-07,Marushkinskoye,NAO,118,108
2025-07,Klyonovskoye,TAO,112,100
2025-07,Yasenevo,YuZAO,115,92
2025-07,Golovinsky,SAO,175,33
2025-07,Donskoy,YuAO,72,102
2025-07,Metrogorodok,VAO,96,94
2025-07,Tagansky,CAO,38,21
2025-07,Brateyevo,YuAO,95,59
2025-07,Prospekt Vernadskogo,ZAO,175,17
2025-07,Troitsk,TAO,118,57
2025-07,Khamovniki,CAO,69,87
2025-07,Otradnoye,SVAO,74,69
2025-07,Arbat,CAO,180,53
2025-07,Khoroshyovo-Mnyovniki,SZAO,42,31
2025-07,Sokolniki,VAO,190,73
2025-07,Lianozovo,SVAO,27,73
2025-07,Sokol,SAO,82,108
2025-07,Ramenki,ZAO,52,47
2025-07,Losinoostrovsky,SVAO,182,103
2025-07,Lomonosovsky,YuZAO,178,119
2025-07,Tverskoy,CAO,158,108
2025-07,Presnensky,CAO,50,10
2025-07,Meshchansky,CAO,104,72
2025-07,Chertanovo Yuzhnoye,YuAO,138,97
2025-07,Strogino,SZAO,110,50
2025-07,Chertanovo Tsentralnoye,YuAO,78,96
2025-07,Khovrino,SAO,145,51
2025-07,Mozhaysky,ZAO,116,83
2025-07,Fili-Davydkovo,ZAO,83,52
2025-07,Shchukino,SZAO,96,83
2025-07,Kosino-Ukhtomsky,VAO,125,62
2025-07,Kievsky,TAO,83,70
2025-07,Danilovsky,YuAO,169,50
2025-07,Moskovsky,NAO,171,105
2025-07,Mosrentgen,NAO,80,111
2025-07,Alekseevsky,SVAO,181,17
2025-07,Orekhovo-Borisovo Severnoye,YuAO,106,101
2025-07,Yuzhnoye Tushino,SZAO,89,112
2025-07,Khoroshyovsky,SAO,121,13
2025-07,Dmitrovsky,SAO,63,110
2025-07,Novofyodorovskoye,TAO,147,63
2025-07,Severnoye Butovo,YuZAO,128,23
2025-07,Krylatskoye,SZAO,160,33
2025-07,Mikhaylovo-Yartsevskoye,TAO,110,16
2025-07,Yaroslavsky,SVAO,189,64
2025-07,Vostochnoye Izmaylovo,VAO,149,24
2025-07,Kuntsevo,ZAO,39,103
2025-07,Severny,SVAO,172,36
2025-07,Izmaylovo,VAO,77,34
2025-07,Timiryazevsky,SAO,39,72
2025-07,Nagatino-Sadovniki,YuAO,125,40
2025-07,Voykovsky,SAO,119,33
2025-07,Konkovo,YuZAO,159,14
2025-07,Aeroport,SAO,61,21
2025-07,Voskresenskoye,NAO,147,84
2025-07,Novokosino,VAO,131,103
2025-07,Butyrsky,SVAO,168,16
2025-07,Golyanovo,VAO,172,105
2025-07,Troparyovo-Nikulino,ZAO,39,28
2025-07,Babushkinsky,SVAO,92,70
2025-07,Molzhaninovsky,SAO,31,42
2025-07,Biryulyovo Zapadnoye,YuAO,148,67
2025-07,Bogorodskoye,VAO,156,82
2025-07,Kokoshkino,NAO,121,40
2025-07,Krasnoselsky,CAO,20,27
2025-07,Dorogomilovo,ZAO,151,19
2025-07,Moskvorechye-Saburovo,YuAO,98,68
2025-07,Kurkino,SZAO,94,61
2025-07,Shcherbinka,NAO,197,84
2025-07,Vnukovskoye,NAO,133,72
2025-07,Vostochny,VAO,114,41
2025-07,Pokrovskoye-Streshnevo,SZAO,197,76
2025-07,Preobrazhenskoye,VAO,173,69
2025-07,Yakimanka,CAO,139,115
2025-07,Chertanovo Severnoye,YuAO,165,100
2025-07,Gagarinsky,YuZAO,40,37
2025-07,Vnukovo,ZAO,91,53
2025-07,Desyonovskoye,NAO,48,107
2025-07,Perovo,VAO,66,13
2025-07,Novo-Peredelkino,ZAO,20,30
2025-07,Tsaritsyno,YuAO,106,51
2025-07,Bibirevo,SVAO,101,77
2025-07,Nagatinsky Zaton,YuAO,135,80
2025-07,Begovoy,SAO,116,98
2025-07,Zamoskvorechye,CAO,173,64
2025-07,Cheryomushki,YuZAO,26,55
2025-07,Biryulyovo Vostochnoye,YuAO,70,36
2025-07,Filyovsky Park,ZAO,135,22
2025-07,Ochakovo-Matveyevskoye,ZAO,187,19
2025-07,Yuzhnoye Medvedkovo,SVAO,61,103
2025-07,Levoberezhny,SAO,105,41
2025-07,Maryina Roshcha,SVAO,89,64
2025-07,Koptevo,SAO,80,24
2025-07,Mitino,SZAO,98,106
2025-07,Zyuzino,YuZAO,157,63
2025-07,Sosenskoye,NAO,179,89
2025-07,Filimonkovskoye,NAO,186,48
2025-07,Pervomayskoye,TAO,126,58
2025-07,Kotlovka,YuZAO,73,49
2025-07,Basmanny,CAO,83,46
2025-07,Zyablikovo,YuAO,60,40
2025-07,Sviblovo,SVAO,42,113
2025-07,Severnoye Medvedkovo,SVAO,52,72
2025-07,Altufyevsky,SVAO,122,106
2025-07,Marfino,SVAO,39,101
2025-07,Veshnyaki,VAO,59,39
2025-07,Akademichesky,YuZAO,38,112
2025-07,Solntsevo,ZAO,35,58
2025-07,Rogovskoye,TAO,143,29
2025-07,Orekhovo-Borisovo Yuzhnoye,YuAO,168,58
2025-07,Zapadnoye Degunino,SAO,138,59
2025-07,Shchapovskoye,TAO,21,43
2025-07,Rostokino,SVAO,90,118
2025-07,Beskudnikovsky,SAO,132,56
2025-07,Ivanovskoye,VAO,61,104
2025-07,Tyoply Stan,YuZAO,44,65
2025-07,Novogireyevo,VAO,31,72
2025-07,Ryazanovskoye,NAO,68,34
2025-07,Savyolovsky,SAO,149,46
2025-07,Yuzhnoye Butovo,YuZAO,144,34
2025-07,Ostankinsky,SVAO,22,19
2025-07,Zelenograd,ZelAO,86,58
2025-08,Yuzhnoye Medvedkovo,SVAO,195,21
2025-08,Sosenskoye,NAO,166,96
2025-08,Vnukovo,ZAO,161,117
2025-08,Khamovniki,CAO,59,115
2025-08,Maryina Roshcha,SVAO,88,100
2025-08,Kuntsevo,ZAO,148,29
2025-08,Fili-Davydkovo,ZAO,81,71
2025-08,Sokolniki,VAO,100,103
2025-08,Krasnopakhorskoye,TAO,144,20
2025-08,Ryazanovskoye,NAO,60,69
2025-08,Dorogomilovo,ZAO,104,29
2025-08,Novofyodorovskoye,TAO,192,87
2025-08,Nagorny,YuAO,40,25
2025-08,Pervomayskoye,TAO,180,109
2025-08,Severnoye Medvedkovo,SVAO,144,94
2025-08,Sokolinaya Gora,VAO,103,113
2025-08,Donskoy,YuAO,52,40
2025-08,Voronovskoye,TAO,50,17
2025-08,Biryulyovo Vostochnoye,YuAO,182,99
2025-08,Veshnyaki,VAO,27,23
2025-08,Brateyevo,YuAO,107,16
2025-08,Tsaritsyno,YuAO,194,105
2025-08,Begovoy,SAO,136,102
2025-08,Tagansky,CAO,77,98
2025-08,Novo-Peredelkino,ZAO,113,62
2025-08,Ramenki,ZAO,116,67
2025-08,Biryulyovo Zapadnoye,YuAO,127,38
2025-08,Bogorodskoye,VAO,88,68
2025-08,Orekhovo-Borisovo Severnoye,YuAO,92,103
2025-08,Filyovsky Park,ZAO,129,46
2025-08,Beskudnikovsky,SAO,119,56
2025-08,Tverskoy,CAO,186,18
2025-08,Prospekt Vernadskogo,ZAO,84,66
2025-08,Yasenevo,YuZAO,122,106
2025-08,Voykovsky,SAO,132,43
2025-08,Shcherbinka,NAO,58,32
2025-08,Rostokino,SVAO,197,77
2025-08,Orekhovo-Borisovo Yuzhnoye,YuAO,181,84
2025-08,Ostankinsky,SVAO,47,106
2025-08,Mikhaylovo-Yartsevskoye,TAO,57,61
2025-08,Yakimanka,CAO,148,27
2025-08,Otradnoye,SVAO,36,17
2025-08,Mosrentgen,NAO,97,86
2025-08,Filimonkovskoye,NAO,94,98
2025-08,Zamoskvorechye,CAO,55,63
2025-08,Krasnoselsky,CAO,29,42
2025-08,Chertanovo Severnoye,YuAO,199,17
2025-08,Aeroport,SAO,138,48
2025-08,Danilovsky,YuAO,186,53
2025-08,Shchapovskoye,TAO,29,64
2025-08,Troparyovo-Nikulino,ZAO,165,45
2025-08,Losinoostrovsky,SVAO,151,14
2025-08,Marfino,SVAO,146,97
2025-08,Nagatino-Sadovniki,YuAO,118,52
2025-08,Yaroslavsky,SVAO,153,105
2025-08,Meshchansky,CAO,22,35
2025-08,Presnensky,CAO,115,60
2025-08,Solntsevo,ZAO,114,46
2025-08,Klyonovskoye,TAO,95,80
2025-08,Chertanovo Tsentralnoye,YuAO,172,12
2025-08,Zyablikovo,YuAO,153,53
2025-08,Moskvorechye-Saburovo,YuAO,50,108
2025-08,Konkovo,YuZAO,173,43
2025-08,Marushkinskoye,NAO,84,108
2025-08,Tyoply Stan,YuZAO,136,65
2025-08,Vnukovskoye,NAO,145,43
2025-08,Pokrovskoye-Streshnevo,SZAO,136,30
2025-08,Lianozovo,SVAO,77,15
2025-08,Novogireyevo,VAO,55,23
2025-08,Troitsk,TAO,174,56
2025-08,Savyolovsky,SAO,145,100
2025-08,Severnoye Izmaylovo,VAO,122,62
2025-08,Sviblovo,SVAO,117,15
2025-08,Molzhaninovsky,SAO,48,88
2025-08,Altufyevsky,SVAO,49,50
2025-08,Zelenograd,ZelAO,64,96
2025-08,Kotlovka,YuZAO,83,22
2025-08,Rogovskoye,TAO,66,89
2025-08,Severny,SVAO,124,62
2025-08,Krylatskoye,SZAO,165,81
2025-08,Ivanovskoye,VAO,142,23
2025-08,Dmitrovsky,SAO,154,25
2025-08,Sokol,SAO,37,101
2025-08,Metrogorodok,VAO,146,44
2025-08,Severnoye Tushino,SZAO,76,31
2025-08,Levoberezhny,SAO,196,98
2025-08,Kurkino,SZAO,114,15
2025-08,Kokoshkino,NAO,153,80
2025-08,Vostochny,VAO,169,100
2025-08,Koptevo,SAO,41,85
2025-08,Preobrazhenskoye,VAO,50,11
2025-08,Gagarinsky,YuZAO,58,89
2025-08,Nagatinsky Zaton,YuAO,25,88
2025-08,Perovo,VAO,95,73
2025-08,Desyonovskoye,NAO,57,73
2025-08,Bibirevo,SVAO,156,69
2025-08,Cheryomushki,YuZAO,63,13
2025-08,Ochakovo-Matveyevskoye,ZAO,55,38
2025-08,Golovinsky,SAO,149,107
2025-08,Mitino,SZAO,154,59
2025-08,Zapadnoye Degunino,SAO,176,33
2025-08,Butyrsky,SVAO,149,85
2025-08,Zyuzino,YuZAO,140,110
2025-08,Basmanny,CAO,89,68
2025-08,Voskresenskoye,NAO,61,49
2025-08,Novokosino,VAO,162,39
2025-08,Golyanovo,VAO,138,44
2025-08,Babushkinsky,SVAO,117,62
2025-08,Akademichesky,YuZAO,191,66
2025-08,Yuzhnoye Butovo,YuZAO,161,105
2025-08,Khoroshyovo-Mnyovniki,SZAO,115,68
2025-08,Strogino,SZAO,112,40
2025-08,Alekseevsky,SVAO,124,119
2025-08,Severnoye Butovo,YuZAO,39,78
2025-08,Timiryazevsky,SAO,175,79
2025-08,Arbat,CAO,118,79
2025-08,Moskovsky,NAO,44,54
2025-08,Khoroshyovsky,SAO,199,68
2025-08,Chertanovo Yuzhnoye,YuAO,98,112
2025-08,Izmaylovo,VAO,41,116
2025-08,Shchukino,SZAO,56,35
2025-08,Mozhaysky,ZAO,143,96
2025-08,Obruchevsky,YuZAO,152,20
2025-08,Vostochnoye Izmaylovo,VAO,198,94
2025-08,Khovrino,SAO,51,116
2025-08,Yuzhnoye Tushino,SZAO,195,85
2025-08,Kievsky,TAO,62,104
2025-08,Lomonosovsky,YuZAO,88,23
2025-08,Kosino-Ukhtomsky,VAO,102,67
2025-09,Levoberezhny,SAO,86,75
2025-09,Maryina Roshcha,SVAO,77,14
2025-09,Mitino,SZAO,25,119
2025-09,Mozhaysky,ZAO,144,104
2025-09,Novofyodorovskoye,TAO,96,83
2025-09,Kuntsevo,ZAO,160,89
2025-09,Bibirevo,SVAO,72,50
2025-09,Zyuzino,YuZAO,97,108
2025-09,Filimonkovskoye,NAO,137,119
2025-09,Zamoskvorechye,CAO,28,106
2025-09,Troparyovo-Nikulino,ZAO,187,104
2025-09,Izmaylovo,VAO,31,64
2025-09,Aeroport,SAO,93,78
2025-09,Voskresenskoye,NAO,20,61
2025-09,Novokosino,VAO,78,30
2025-09,Khovrino,SAO,33,76
2025-09,Golyanovo,VAO,120,91
2025-09,Babushkinsky,SVAO,27,41
2025-09,Nagatinsky Zaton,YuAO,117,18
2025-09,Golovinsky,SAO,60,12
2025-09,Yuzhnoye Medvedkovo,SVAO,101,32
2025-09,Basmanny,CAO,150,27
2025-09,Obruchevsky,YuZAO,115,85
2025-09,Vostochny,VAO,58,52
2025-09,Cheryomushki,YuZAO,190,117
2025-09,Sosenskoye,NAO,87,65
2025-09,Koptevo,SAO,84,48
2025-09,Krasnoselsky,CAO,70,98
2025-09,Gagarinsky,YuZAO,192,105
2025-09,Biryulyovo Vostochnoye,YuAO,54,24
2025-09,Begovoy,SAO,62,26
2025-09,Voronovskoye,TAO,36,63
2025-09,Khoroshyovo-Mnyovniki,SZAO,138,109
2025-09,Perovo,VAO,62,21
2025-09,Tagansky,CAO,173,98
2025-09,Desyonovskoye,NAO,49,22
2025-09,Meshchansky,CAO,112,45
2025-09,Vnukovo,ZAO,57,36
2025-09,Pervomayskoye,TAO,108,58
2025-09,Tsaritsyno,YuAO,73,68
2025-09,Biryulyovo Zapadnoye,YuAO,193,16
2025-09,Nagorny,YuAO,187,43
2025-09,Khoroshyovsky,SAO,22,58
2025-09,Ochakovo-Matveyevskoye,ZAO,68,55
2025-09,Donskoy,YuAO,48,25
2025-09,Zyablikovo,YuAO,24,93
2025-09,Otradnoye,SVAO,52,30
2025-09,Altufyevsky,SVAO,91,25
2025-09,Mikhaylovo-Yartsevskoye,TAO,128,44
2025-09,Zelenograd,ZelAO,125,42
2025-09,Alekseevsky,SVAO,69,100
2025-09,Kotlovka,YuZAO,114,42
2025-09,Kievsky,TAO,181,23
2025-09,Severnoye Butovo,YuZAO,89,97
2025-09,Rogovskoye,TAO,58,75
2025-09,Ivanovskoye,VAO,149,78
2025-09,Krasnopakhorskoye,TAO,111,61
2025-09,Sviblovo,SVAO,174,15
2025-09,Arbat,CAO,93,103
2025-09,Brateyevo,YuAO,75,40
2025-09,Sokol,SAO,158,20
2025-09,Dorogomilovo,ZAO,39,47
2025-09,Severnoye Medvedkovo,SVAO,106,49
2025-09,Khamovniki,CAO,133,25
2025-09,Metrogorodok,VAO,197,49
2025-09,Nagatino-Sadovniki,YuAO,48,69
2025-09,Yuzhnoye Tushino,SZAO,138,43
2025-09,Yaroslavsky,SVAO,80,117
2025-09,Severnoye Tushino,SZAO,75,63
2025-09,Ramenki,ZAO,141,11
2025-09,Danilovsky,YuAO,124,83
2025-09,Molzhaninovsky,SAO,87,52
2025-09,Moskvorechye-Saburovo,YuAO,173,112
2025-09,Orekhovo-Borisovo Severnoye,YuAO,105,103
2025-09,Bogorodskoye,VAO,195,117
2025-09,Shchukino,SZAO,167,28
2025-09,Konkovo,YuZAO,42,12
2025-09,Tyoply Stan,YuZAO,48,116
2025-09,Strogino,SZAO,134,39
2025-09,Shcherbinka,NAO,101,22
2025-09,Rostokino,SVAO,83,25
2025-09,Vnukovskoye,NAO,92,34
2025-09,Kosino-Ukhtomsky,VAO,87,67
2025-09,Pokrovskoye-Streshnevo,SZAO,112,19
2025-09,Yakimanka,CAO,183,11
2025-09,Lomonosovsky,YuZAO,151,35
2025-09,Ostankinsky,SVAO,172,19
2025-09,Novogireyevo,VAO,159,88
2025-09,Tverskoy,CAO,72,108
2025-09,Orekhovo-Borisovo Yuzhnoye,YuAO,25,20
2025-09,Novo-Peredelkino,ZAO,136,92
2025-09,Savyolovsky,SAO,148,60
2025-09,Solntsevo,ZAO,25,98
2025-09,Timiryazevsky,SAO,147,105
2025-09,Marushkinskoye,NAO,67,77
2025-09,Preobrazhenskoye,VAO,178,95
2025-09,Veshnyaki,VAO,145,37
2025-09,Chertanovo Yuzhnoye,YuAO,170,16
2025-09,Beskudnikovsky,SAO,51,39
2025-09,Chertanovo Severnoye,YuAO,89,106
2025-09,Zapadnoye Degunino,SAO,165,101
2025-09,Mosrentgen,NAO,172,107
2025-09,Akademichesky,YuZAO,118,30
2025-09,Fili-Davydkovo,ZAO,94,38
2025-09,Shchapovskoye,TAO,165,49
2025-09,Sokolinaya Gora,VAO,115,81
2025-09,Filyovsky Park,ZAO,100,89
2025-09,Sokolniki,VAO,50,86
2025-09,Marfino,SVAO,91,68
2025-09,Yasenevo,YuZAO,145,62
2025-09,Yuzhnoye Butovo,YuZAO,186,49
2025-09,Ryazanovskoye,NAO,89,49
2025-09,Severnoye Izmaylovo,VAO,159,19
2025-09,Troitsk,TAO,128,47
2025-09,Dmitrovsky,SAO,21,103
2025-09,Chertanovo Tsentralnoye,YuAO,188,119
2025-09,Severny,SVAO,53,19
2025-09,Moskovsky,NAO,22,35
2025-09,Kokoshkino,NAO,153,90
2025-09,Losinoostrovsky,SVAO,195,15
2025-09,Presnensky,CAO,40,81
2025-09,Vostochnoye Izmaylovo,VAO,97,81
2025-09,Lianozovo,SVAO,88,14
2025-09,Kurkino,SZAO,159,54
2025-09,Klyonovskoye,TAO,100,41
2025-09,Prospekt Vernadskogo,ZAO,130,18
2025-09,Voykovsky,SAO,52,35
2025-09,Krylatskoye,SZAO,92,68
2025-09,Butyrsky,SVAO,101,68
2025-10,Voskresenskoye,NAO,47,67
2025-10,Sokol,SAO,140,59
2025-10,Krasnopakhorskoye,TAO,150,65
2025-10,Khamovniki,CAO,96,22
2025-10,Izmaylovo,VAO,157,52
2025-10,Ochakovo-Matveyevskoye,ZAO,21,54
2025-10,Aeroport,SAO,127,68
2025-10,Molzhaninovsky,SAO,151,113
2025-10,Donskoy,YuAO,154,29
2025-10,Voykovsky,SAO,112,73
2025-10,Kuntsevo,ZAO,117,59
2025-10,Prospekt Vernadskogo,ZAO,128,16
2025-10,Novofyodorovskoye,TAO,170,75
2025-10,Mozhaysky,ZAO,159,79
2025-10,Babushkinsky,SVAO,138,79
2025-10,Severnoye Izmaylovo,VAO,29,93
2025-10,Brateyevo,YuAO,152,20
2025-10,Ivanovskoye,VAO,168,80
2025-10,Golyanovo,VAO,92,76
2025-10,Akademichesky,YuZAO,156,12
2025-10,Troparyovo-Nikulino,ZAO,189,71
2025-10,Sokolniki,VAO,95,41
2025-10,Rogovskoye,TAO,106,79
2025-10,Novokosino,VAO,24,110
2025-10,Lomonosovsky,YuZAO,46,81
2025-10,Tverskoy,CAO,66,58
2025-10,Zamoskvorechye,CAO,48,101
2025-10,Yakimanka,CAO,109,83
2025-10,Vnukovskoye,NAO,80,69
2025-10,Veshnyaki,VAO,123,80
2025-10,Shchukino,SZAO,60,94
2025-10,Nagatino-Sadovniki,YuAO,177,49
2025-10,Sviblovo,SVAO,164,18
2025-10,Orekhovo-Borisovo Yuzhnoye,YuAO,61,25
2025-10,Pokrovskoye-Streshnevo,SZAO,190,16
2025-10,Solntsevo,ZAO,176,64
2025-10,Danilovsky,YuAO,164,63
2025-10,Rostokino,SVAO,193,87
2025-10,Novo-Peredelkino,ZAO,155,85
2025-10,Savyolovsky,SAO,126,108
2025-10,Krylatskoye,SZAO,198,59
2025-10,Strogino,SZAO,74,91
2025-10,Novogireyevo,VAO,145,66
2025-10,Zyablikovo,YuAO,181,54
2025-10,Ostankinsky,SVAO,151,26
2025-10,Moskovsky,NAO,38,21
2025-10,Severny,SVAO,142,25
2025-10,Tyoply Stan,YuZAO,93,11
2025-10,Ryazanovskoye,NAO,175,104
2025-10,Biryulyovo Zapadnoye,YuAO,140,67
2025-10,Dmitrovsky,SAO,55,98
2025-10,Bogorodskoye,VAO,111,117
2025-10,Kotlovka,YuZAO,189,48
2025-10,Yasenevo,YuZAO,164,62
2025-10,Losinoostrovsky,SVAO,109,112
2025-10,Khovrino,SAO,63,62
2025-10,Fili-Davydkovo,ZAO,42,49
2025-10,Moskvorechye-Saburovo,YuAO,46,73
2025-10,Yuzhnoye Butovo,YuZAO,78,10
2025-10,Marushkinskoye,NAO,114,18
2025-10,Zelenograd,ZelAO,161,60
2025-10,Konkovo,YuZAO,140,27
2025-10,Vostochnoye Izmaylovo,VAO,152,13
2025-10,Shcherbinka,NAO,123,66
2025-10,Mosrentgen,NAO,93,17
2025-10,Altufyevsky,SVAO,154,90
2025-10,Kosino-Ukhtomsky,VAO,129,21
2025-10,Obruchevsky,YuZAO,61,88
2025-10,Cheryomushki,YuZAO,71,32
2025-10,Kievsky,TAO,33,113
2025-10,Vnukovo,ZAO,55,71
2025-10,Marfino,SVAO,166,39
2025-10,Otradnoye,SVAO,143,86
2025-10,Yaroslavsky,SVAO,188,23
2025-10,Klyonovskoye,TAO,33,102
2025-10,Pervomayskoye,TAO,114,21
2025-10,Troitsk,TAO,162,67
2025-10,Meshchansky,CAO,143,77
2025-10,Severnoye Tushino,SZAO,48,52
2025-10,Sosenskoye,NAO,85,26
2025-10,Sokolinaya Gora,VAO,51,40
2025-10,Presnensky,CAO,42,72
2025-10,Desyonovskoye,NAO,49,64
2025-10,Bibirevo,SVAO,157,14
2025-10,Severnoye Butovo,YuZAO,30,106
2025-10,Shchapovskoye,TAO,91,79
2025-10,Koptevo,SAO,83,112
2025-10,Orekhovo-Borisovo Severnoye,YuAO,120,116
2025-10,Timiryazevsky,SAO,182,70
2025-10,Preobrazhenskoye,VAO,117,79
2025-10,Perovo,VAO,165,115
2025-10,Khoroshyovo-Mnyovniki,SZAO,81,90
2025-10,Tagansky,CAO,26,48
2025-10,Filyovsky Park,ZAO,194,69
2025-10,Chertanovo Yuzhnoye,YuAO,83,66
2025-10,Nagatinsky Zaton,YuAO,173,97
2025-10,Yuzhnoye Tushino,SZAO,144,76
2025-10,Begovoy,SAO,102,92
2025-10,Krasnoselsky,CAO,70,13
2025-10,Gagarinsky,YuZAO,112,18
2025-10,Arbat,CAO,186,64
2025-10,Metrogorodok,VAO,67,115
2025-10,Kurkino,SZAO,38,45
2025-10,Mikhaylovo-Yartsevskoye,TAO,181,99
2025-10,Dorogomilovo,ZAO,129,15
2025-10,Filimonkovskoye,NAO,102,112
2025-10,Basmanny,CAO,95,97
2025-10,Butyrsky,SVAO,105,29
2025-10,Zyuzino,YuZAO,179,35
2025-10,Voronovskoye,TAO,155,64
2025-10,Mitino,SZAO,179,23
2025-10,Kokoshkino,NAO,175,69
2025-10,Khoroshyovsky,SAO,49,102
2025-10,Chertanovo Tsentralnoye,YuAO,80,93
2025-10,Vostochny,VAO,197,109
2025-10,Nagorny,YuAO,189,98
2025-10,Severnoye Medvedkovo,SVAO,90,92
2025-10,Tsaritsyno,YuAO,32,116
2025-10,Biryulyovo Vostochnoye,YuAO,66,45
2025-10,Yuzhnoye Medvedkovo,SVAO,181,33
2025-10,Chertanovo Severnoye,YuAO,59,39
2025-10,Alekseevsky,SVAO,60,65
2025-10,Maryina Roshcha,SVAO,158,29
2025-10,Zapadnoye Degunino,SAO,22,84
2025-10,Beskudnikovsky,SAO,141,64
2025-10,Levoberezhny,SAO,136,91
2025-10,Ramenki,ZAO,161,91
2025-10,Lianozovo,SVAO,181,101
2025-10,Golovinsky,SAO,139,59
2025-11,Otradnoye,SVAO,132,17
2025-11,Solntsevo,ZAO,167,21
2025-11,Nagatino-Sadovniki,YuAO,133,39
2025-11,Yasenevo,YuZAO,53,28
2025-11,Severnoye Butovo,YuZAO,55,50
2025-11,Sviblovo,SVAO,114,66
2025-11,Klyonovskoye,TAO,114,102
2025-11,Troitsk,TAO,106,55
2025-11,Alekseevsky,SVAO,36,96
2025-11,Savyolovsky,SAO,134,53
2025-11,Krylatskoye,SZAO,40,115
2025-11,Chertanovo Tsentralnoye,YuAO,88,44
2025-11,Mikhaylovo-Yartsevskoye,TAO,171,87
2025-11,Brateyevo,YuAO,108,104
2025-11,Yaroslavsky,SVAO,194,25
2025-11,Severnoye Medvedkovo,SVAO,77,23
2025-11,Presnensky,CAO,176,49
2025-11,Voronovskoye,TAO,181,76
2025-11,Ivanovskoye,VAO,35,63
2025-11,Severnoye Izmaylovo,VAO,39,39
2025-11,Ramenki,ZAO,80,25
2025-11,Dorogomilovo,ZAO,36,25
2025-11,Lomonosovsky,YuZAO,80,10
2025-11,Yuzhnoye Butovo,YuZAO,96,70
2025-11,Sokol,SAO,149,82
2025-11,Rogovskoye,TAO,174,89
2025-11,Khamovniki,CAO,134,84
2025-11,Voykovsky,SAO,26,73
2025-11,Moskvorechye-Saburovo,YuAO,129,17
2025-11,Metrogorodok,VAO,68,81
2025-11,Shchukino,SZAO,24,115
2025-11,Krasnopakhorskoye,TAO,181,49
2025-11,Severnoye Tushino,SZAO,143,58
2025-11,Timiryazevsky,SAO,155,115
2025-11,Dmitrovsky,SAO,56,84
2025-11,Kievsky,TAO,53,104
2025-11,Mosrentgen,NAO,85,50
2025-11,Kotlovka,YuZAO,105,75
2025-11,Orekhovo-Borisovo Severnoye,YuAO,96,85
2025-11,Tverskoy,CAO,59,93
2025-11,Yuzhnoye Tushino,SZAO,93,89
2025-11,Losinoostrovsky,SVAO,55,89
2025-11,Chertanovo Yuzhnoye,YuAO,165,101
2025-11,Zelenograd,ZelAO,34,79
2025-11,Arbat,CAO,74,84
2025-11,Altufyevsky,SVAO,158,32
2025-11,Filimonkovskoye,NAO,188,18
2025-11,Krasnoselsky,CAO,78,11
2025-11,Biryulyovo Vostochnoye,YuAO,179,90
2025-11,Pervomayskoye,TAO,65,95
2025-11,Lianozovo,SVAO,36,53
2025-11,Vnukovo,ZAO,23,10
2025-11,Bibirevo,SVAO,49,78
2025-11,Tsaritsyno,YuAO,125,73
2025-11,Nagorny,YuAO,167,96
2025-11,Zapadnoye Degunino,SAO,51,95
2025-11,Levoberezhny,SAO,50,87
2025-11,Beskudnikovsky,SAO,165,54
2025-11,Desyonovskoye,NAO,32,31
2025-11,Zyuzino,YuZAO,35,80
2025-11,Mitino,SZAO,105,106
2025-11,Butyrsky,SVAO,197,20
2025-11,Maryina Roshcha,SVAO,29,39
2025-11,Novofyodorovskoye,TAO,196,59
2025-11,Novokosino,VAO,138,79
2025-11,Ochakovo-Matveyevskoye,ZAO,108,44
2025-11,Troparyovo-Nikulino,ZAO,38,89
2025-11,Khoroshyovsky,SAO,23,66
2025-11,Zamoskvorechye,CAO,138,84
2025-11,Voskresenskoye,NAO,163,111
2025-11,Koptevo,SAO,169,36
2025-11,Prospekt Vernadskogo,ZAO,81,96
2025-11,Kurkino,SZAO,139,74
2025-11,Kokoshkino,NAO,144,40
2025-11,Marfino,SVAO,93,71
2025-11,Vostochny,VAO,93,35
2025-11,Yuzhnoye Medvedkovo,SVAO,93,15
2025-11,Cheryomushki,YuZAO,112,83
2025-11,Obruchevsky,YuZAO,87,33
2025-11,Sosenskoye,NAO,177,17
2025-11,Basmanny,CAO,96,60
2025-11,Golovinsky,SAO,140,42
2025-11,Severny,SVAO,50,76
2025-11,Nagatinsky Zaton,YuAO,47,99
2025-11,Preobrazhenskoye,VAO,199,90
2025-11,Gagarinsky,YuZAO,53,43
2025-11,Sokolinaya Gora,VAO,42,65
2025-11,Begovoy,SAO,186,87
2025-11,Chertanovo Severnoye,YuAO,159,53
2025-11,Perovo,VAO,84,63
2025-11,Filyovsky Park,ZAO,50,56
2025-11,Tagansky,CAO,77,62
2025-11,Khoroshyovo-Mnyovniki,SZAO,94,30
2025-11,Aeroport,SAO,47,80
2025-11,Fili-Davydkovo,ZAO,25,90
2025-11,Meshchansky,CAO,107,117
2025-11,Donskoy,YuAO,103,22
2025-11,Bogorodskoye,VAO,192,102
2025-11,Danilovsky,YuAO,41,67
2025-11,Pokrovskoye-Streshnevo,SZAO,100,91
2025-11,Shchapovskoye,TAO,115,16
2025-11,Orekhovo-Borisovo Yuzhnoye,YuAO,99,77
2025-11,Khovrino,SAO,74,67
2025-11,Tyoply Stan,YuZAO,115,42
2025-11,Yakimanka,CAO,77,116
2025-11,Marushkinskoye,NAO,62,75
2025-11,Konkovo,YuZAO,83,115
2025-11,Shcherbinka,NAO,87,25
2025-11,Novo-Peredelkino,ZAO,134,32
2025-11,Vnukovskoye,NAO,87,18
2025-11,Vostochnoye Izmaylovo,VAO,81,70
2025-11,Rostokino,SVAO,177,11
2025-11,Kosino-Ukhtomsky,VAO,117,25
2025-11,Veshnyaki,VAO,94,108
2025-11,Strogino,SZAO,120,70
2025-11,Mozhaysky,ZAO,193,100
2025-11,Zyablikovo,YuAO,147,119
2025-11,Sokolniki,VAO,169,20
2025-11,Kuntsevo,ZAO,70,74
2025-11,Biryulyovo Zapadnoye,YuAO,66,93
2025-11,Babushkinsky,SVAO,193,71
2025-11,Izmaylovo,VAO,53,21
2025-11,Molzhaninovsky,SAO,107,25
2025-11,Golyanovo,VAO,177,55
2025-11,Novogireyevo,VAO,74,30
2025-11,Moskovsky,NAO,152,95
2025-11,Ostankinsky,SVAO,147,80
2025-11,Ryazanovskoye,NAO,129,38
2025-11,Akademichesky,YuZAO,163,109
2025-12,Golovinsky,SAO,51,68
2025-12,Moskvorechye-Saburovo,YuAO,124,36
2025-12,Kosino-Ukhtomsky,VAO,198,44
2025-12,Solntsevo,ZAO,163,69
2025-12,Danilovsky,YuAO,114,21
2025-12,Obruchevsky,YuZAO,139,95
2025-12,Otradnoye,SVAO,50,58
2025-12,Strogino,SZAO,29,77
2025-12,Chertanovo Tsentralnoye,YuAO,97,55
2025-12,Ramenki,ZAO,136,85
2025-12,Yuzhnoye Medvedkovo,SVAO,184,113
2025-12,Moskovsky,NAO,21,118
2025-12,Lomonosovsky,YuZAO,75,57
2025-12,Mosrentgen,NAO,189,64
2025-12,Izmaylovo,VAO,117,36
2025-12,Khoroshyovsky,SAO,158,57
2025-12,Vostochnoye Izmaylovo,VAO,56,79
2025-12,Timiryazevsky,SAO,159,63
2025-12,Mozhaysky,ZAO,98,13
2025-12,Novofyodorovskoye,TAO,106,78
2025-12,Tverskoy,CAO,43,114
2025-12,Fili-Davydkovo,ZAO,76,20
2025-12,Kuntsevo,ZAO,131,63
2025-12,Sokolinaya Gora,VAO,69,92
2025-12,Novo-Peredelkino,ZAO,92,18
2025-12,Nagorny,YuAO,28,34
2025-12,Voronovskoye,TAO,158,53
2025-12,Meshchansky,CAO,59,24
2025-12,Khovrino,SAO,83,87
2025-12,Lianozovo,SVAO,63,100
2025-12,Khoroshyovo-Mnyovniki,SZAO,147,34
2025-12,Troitsk,TAO,101,56
2025-12,Tagansky,CAO,183,76
2025-12,Shchukino,SZAO,130,68
2025-12,Babushkinsky,SVAO,44,32
2025-12,Filimonkovskoye,NAO,132,32
2025-12,Zyuzino,YuZAO,89,114
2025-12,Mitino,SZAO,102,31
2025-12,Vnukovo,ZAO,130,113
2025-12,Novokosino,VAO,160,108
2025-12,Troparyovo-Nikulino,ZAO,183,83
2025-12,Butyrsky,SVAO,92,97
2025-12,Voskresenskoye,NAO,77,82
2025-12,Aeroport,SAO,154,37
2025-12,Akademichesky,YuZAO,133,57
2025-12,Ochakovo-Matveyevskoye,ZAO,74,94
2025-12,Sokolniki,VAO,32,84
2025-12,Chertanovo Severnoye,YuAO,181,74
2025-12,Ryazanovskoye,NAO,163,46
2025-12,Molzhaninovsky,SAO,121,59
2025-12,Golyanovo,VAO,26,34
2025-12,Biryulyovo Zapadnoye,YuAO,38,58
2025-12,Severny,SVAO,188,113
2025-12,Bogorodskoye,VAO,124,98
2025-12,Shchapovskoye,TAO,52,29
2025-12,Arbat,CAO,174,71
2025-12,Tyoply Stan,YuZAO,174,67
2025-12,Maryina Roshcha,SVAO,35,114
2025-12,Vnukovskoye,NAO,130,95
2025-12,Perovo,VAO,21,45
2025-12,Kurkino,SZAO,80,65
2025-12,Prospekt Vernadskogo,ZAO,193,28
2025-12,Vostochny,VAO,23,51
2025-12,Cheryomushki,YuZAO,156,59
2025-12,Kokoshkino,NAO,30,80
2025-12,Sosenskoye,NAO,115,86
2025-12,Marfino,SVAO,155,108
2025-12,Koptevo,SAO,162,54
2025-12,Nagatinsky Zaton,YuAO,27,31
2025-12,Gagarinsky,YuZAO,140,54
2025-12,Pervomayskoye,TAO,102,93
2025-12,Begovoy,SAO,147,55
2025-12,Alekseevsky,SVAO,105,104
2025-12,Filyovsky Park,ZAO,24,64
2025-12,Basmanny,CAO,188,23
2025-12,Desyonovskoye,NAO,188,25
2025-12,Krasnoselsky,CAO,45,69
2025-12,Biryulyovo Vostochnoye,YuAO,162,24
2025-12,Bibirevo,SVAO,111,101
2025-12,Tsaritsyno,YuAO,188,85
2025-12,Preobrazhenskoye,VAO,98,80
2025-12,Zapadnoye Degunino,SAO,168,98
2025-12,Levoberezhny,SAO,86,67
2025-12,Beskudnikovsky,SAO,122,94
2025-12,Khamovniki,CAO,83,42
2025-12,Ivanovskoye,VAO,50,32
2025-12,Losinoostrovsky,SVAO,37,105
2025-12,Zelenograd,ZelAO,75,16
2025-12,Kotlovka,YuZAO,183,104
2025-12,Dmitrovsky,SAO,114,113
2025-12,Krasnopakhorskoye,TAO,85,103
2025-12,Severnoye Izmaylovo,VAO,140,17
2025-12,Brateyevo,YuAO,137,117
2025-12,Yuzhnoye Butovo,YuZAO,176,51
2025-12,Sokol,SAO,153,96
2025-12,Yuzhnoye Tushino,SZAO,37,76
2025-12,Nagatino-Sadovniki,YuAO,119,11
2025-12,Chertanovo Yuzhnoye,YuAO,103,41
2025-12,Rogovskoye,TAO,63,80
2025-12,Orekhovo-Borisovo Severnoye,YuAO,43,98
2025-12,Metrogorodok,VAO,153,21
2025-12,Dorogomilovo,ZAO,173,29
2025-12,Voykovsky,SAO,30,99
2025-12,Presnensky,CAO,184,20
2025-12,Yaroslavsky,SVAO,198,40
2025-12,Kievsky,TAO,183,79
2025-12,Severnoye Tushino,SZAO,120,117
2025-12,Klyonovskoye,TAO,39,32
2025-12,Marushkinskoye,NAO,35,86
2025-12,Shcherbinka,NAO,34,15
2025-12,Mikhaylovo-Yartsevskoye,TAO,73,38
2025-12,Rostokino,SVAO,82,34
2025-12,Zamoskvorechye,CAO,120,23
2025-12,Veshnyaki,VAO,145,115
2025-12,Severnoye Butovo,YuZAO,131,52
2025-12,Orekhovo-Borisovo Yuzhnoye,YuAO,107,31
2025-12,Donskoy,YuAO,158,92
2025-12,Yakimanka,CAO,114,43
2025-12,Konkovo,YuZAO,184,44
2025-12,Severnoye Medvedkovo,SVAO,96,107
2025-12,Pokrovskoye-Streshnevo,SZAO,37,92
2025-12,Zyablikovo,YuAO,168,104
2025-12,Sviblovo,SVAO,47,117
2025-12,Novogireyevo,VAO,189,24
2025-12,Ostankinsky,SVAO,97,25
2025-12,Krylatskoye,SZAO,137,76
2025-12,Savyolovsky,SAO,107,80
2025-12,Yasenevo,YuZAO,110,81
2025-12,Altufyevsky,SVAO,165,47
2026-01,Novo-Peredelkino,ZAO,33,26
2026-01,Nagatinsky Zaton,YuAO,55,58
2026-01,Pervomayskoye,TAO,154,61
2026-01,Rogovskoye,TAO,105,42
2026-01,Troitsk,TAO,67,50
2026-01,Shchapovskoye,TAO,37,37
2026-01,Donskoy,YuAO,78,43
2026-01,Meshchansky,CAO,141,95
2026-01,Presnensky,CAO,61,111
2026-01,Nagatino-Sadovniki,YuAO,179,14
2026-01,Krasnoselsky,CAO,103,68
2026-01,Zyablikovo,YuAO,150,73
2026-01,Moskvorechye-Saburovo,YuAO,113,78
2026-01,Vnukovskoye,NAO,39,40
2026-01,Desyonovskoye,NAO,63,25
2026-01,Levoberezhny,SAO,166,104
2026-01,Zyuzino,YuZAO,185,76
2026-01,Losinoostrovsky,SVAO,68,52
2026-01,Fili-Davydkovo,ZAO,66,60
2026-01,Novokosino,VAO,29,24
2026-01,Voskresenskoye,NAO,56,86
2026-01,Molzhaninovsky,SAO,81,79
2026-01,Yasenevo,YuZAO,56,101
2026-01,Konkovo,YuZAO,148,56
2026-01,Lianozovo,SVAO,31,77
2026-01,Vostochnoye Izmaylovo,VAO,196,38
2026-01,Novogireyevo,VAO,116,63
2026-01,Savyolovsky,SAO,143,99
2026-01,Zelenograd,ZelAO,166,46
2026-01,Kotlovka,YuZAO,50,111
2026-01,Zapadnoye Degunino,SAO,156,100
2026-01,Moskovsky,NAO,96,81
2026-01,Chertanovo Yuzhnoye,YuAO,49,25
2026-01,Troparyovo-Nikulino,ZAO,158,100
2026-01,Severnoye Izmaylovo,VAO,23,36
2026-01,Dmitrovsky,SAO,88,61
2026-01,Vnukovo,ZAO,165,84
2026-01,Marushkinskoye,NAO,164,24
2026-01,Akademichesky,YuZAO,108,74
2026-01,Yuzhnoye Butovo,YuZAO,56,89
2026-01,Marfino,SVAO,110,70
2026-01,Preobrazhenskoye,VAO,61,41
2026-01,Veshnyaki,VAO,104,108
2026-01,Kokoshkino,NAO,92,35
2026-01,Koptevo,SAO,129,25
2026-01,Gagarinsky,YuZAO,139,117
2026-01,Perovo,VAO,166,56
2026-01,Severnoye Tushino,SZAO,194,38
2026-01,Khoroshyovsky,SAO,181,23
2026-01,Strogino,SZAO,133,10
2026-01,Alekseevsky,SVAO,178,98
2026-01,Bibirevo,SVAO,119,68
2026-01,Severnoye Butovo,YuZAO,38,115
2026-01,Mitino,SZAO,90,70
2026-01,Ivanovskoye,VAO,87,77
2026-01,Basmanny,CAO,82,37
2026-01,Izmaylovo,VAO,141,22
2026-01,Altufyevsky,SVAO,140,111
2026-01,Kievsky,TAO,113,111
2026-01,Babushkinsky,SVAO,159,47
2026-01,Golyanovo,VAO,168,100
2026-01,Pokrovskoye-Streshnevo,SZAO,146,86
2026-01,Tyoply Stan,YuZAO,160,81
2026-01,Arbat,CAO,105,26
2026-01,Vostochny,VAO,39,85
2026-01,Sokol,SAO,90,98
2026-01,Krylatskoye,SZAO,67,87
2026-01,Metrogorodok,VAO,111,19
2026-01,Butyrsky,SVAO,167,62
2026-01,Yuzhnoye Tushino,SZAO,179,23
2026-01,Timiryazevsky,SAO,46,26
2026-01,Kurkino,SZAO,58,19
2026-01,Lomonosovsky,YuZAO,155,67
2026-01,Filyovsky Park,ZAO,119,32
2026-01,Kosino-Ukhtomsky,VAO,130,60
2026-01,Klyonovskoye,TAO,69,23
2026-01,Shchukino,SZAO,42,61
2026-01,Khovrino,SAO,98,53
2026-01,Khoroshyovo-Mnyovniki,SZAO,41,12
2026-01,Obruchevsky,YuZAO,99,29
2026-01,Cheryomushki,YuZAO,150,24
2026-01,Krasnopakhorskoye,TAO,115,25
2026-01,Ramenki,ZAO,83,70
2026-01,Begovoy,SAO,127,115
2026-01,Biryulyovo Vostochnoye,YuAO,121,33
2026-01,Kuntsevo,ZAO,174,17
2026-01,Tsaritsyno,YuAO,35,64
2026-01,Filimonkovskoye,NAO,141,49
2026-01,Biryulyovo Zapadnoye,YuAO,161,98
2026-01,Yuzhnoye Medvedkovo,SVAO,26,54
2026-01,Shcherbinka,NAO,129,71
2026-01,Rostokino,SVAO,174,116
2026-01,Zamoskvorechye,CAO,188,82
2026-01,Orekhovo-Borisovo Yuzhnoye,YuAO,57,88
2026-01,Prospekt Vernadskogo,ZAO,136,110
2026-01,Mozhaysky,ZAO,140,26
2026-01,Yakimanka,CAO,175,19
2026-01,Aeroport,SAO,89,64
2026-01,Brateyevo,YuAO,119,43
2026-01,Sviblovo,SVAO,89,63
2026-01,Khamovniki,CAO,141,13
2026-01,Severny,SVAO,170,78
2026-01,Orekhovo-Borisovo Severnoye,YuAO,157,87
2026-01,Mikhaylovo-Yartsevskoye,TAO,199,92
2026-01,Ochakovo-Matveyevskoye,ZAO,126,53
2026-01,Voronovskoye,TAO,25,63
2026-01,Severnoye Medvedkovo,SVAO,38,75
2026-01,Tverskoy,CAO,39,107
2026-01,Danilovsky,YuAO,106,24
2026-01,Novofyodorovskoye,TAO,51,11
2026-01,Nagorny,YuAO,131,74
2026-01,Tagansky,CAO,21,73
2026-01,Ostankinsky,SVAO,167,96
2026-01,Voykovsky,SAO,33,90
2026-01,Otradnoye,SVAO,23,89
2026-01,Ryazanovskoye,NAO,25,32
2026-01,Solntsevo,ZAO,63,83
2026-01,Dorogomilovo,ZAO,171,56
2026-01,Chertanovo Tsentralnoye,YuAO,189,39
2026-01,Sokolniki,VAO,51,24
2026-01,Mosrentgen,NAO,114,55
2026-01,Maryina Roshcha,SVAO,54,73
2026-01,Sokolinaya Gora,VAO,34,55
2026-01,Bogorodskoye,VAO,113,83
2026-01,Golovinsky,SAO,137,17
2026-01,Sosenskoye,NAO,144,47
2026-01,Yaroslavsky,SVAO,21,77
2026-01,Chertanovo Severnoye,YuAO,131,82
2026-01,Beskudnikovsky,SAO,177,23
2026-02,Solntsevo,ZAO,166,13
2026-02,Sviblovo,SVAO,78,71
2026-02,Bibirevo,SVAO,46,31
2026-02,Severny,SVAO,36,48
2026-02,Arbat,CAO,172,49
2026-02,Golyanovo,VAO,112,84
2026-02,Vnukovo,ZAO,141,105
2026-02,Nagatino-Sadovniki,YuAO,160,17
2026-02,Shchapovskoye,TAO,40,40
2026-02,Marfino,SVAO,155,11
2026-02,Ochakovo-Matveyevskoye,ZAO,157,62
2026-02,Moskvorechye-Saburovo,YuAO,146,53
2026-02,Mitino,SZAO,125,11
2026-02,Maryina Roshcha,SVAO,51,21
2026-02,Filyovsky Park,ZAO,96,31
2026-02,Troparyovo-Nikulino,ZAO,46,37
2026-02,Novo-Peredelkino,ZAO,23,38
2026-02,Basmanny,CAO,178,103
2026-02,Severnoye Medvedkovo,SVAO,128,12
2026-02,Babushkinsky,SVAO,34,26
2026-02,Krylatskoye,SZAO,93,78
2026-02,Fili-Davydkovo,ZAO,74,36
2026-02,Ramenki,ZAO,48,59
2026-02,Lianozovo,SVAO,69,117
2026-02,Troitsk,TAO,198,26
2026-02,Otradnoye,SVAO,165,86
2026-02,Losinoostrovsky,SVAO,87,35
2026-02,Yaroslavsky,SVAO,131,75
2026-02,Vostochnoye Izmaylovo,VAO,20,115
2026-02,Yuzhnoye Butovo,YuZAO,119,79
2026-02,Kuntsevo,ZAO,185,11
2026-02,Yuzhnoye Medvedkovo,SVAO,135,74
2026-02,Bogorodskoye,VAO,163,64
2026-02,Ostankinsky,SVAO,44,70
2026-02,Tagansky,CAO,197,86
2026-02,Yasenevo,YuZAO,60,69
2026-02,Butyrsky,SVAO,54,81
2026-02,Veshnyaki,VAO,176,30
2026-02,Rostokino,SVAO,55,90
2026-02,Krasnoselsky,CAO,83,45
2026-02,Prospekt Vernadskogo,ZAO,116,60
2026-02,Kurkino,SZAO,108,111
2026-02,Dorogomilovo,ZAO,86,40
2026-02,Vostochny,VAO,148,119
2026-02,Mozhaysky,ZAO,177,23
2026-02,Klyonovskoye,TAO,80,92
2026-02,Cheryomushki,YuZAO,45,28
2026-02,Moskovsky,NAO,179,41
2026-02,Beskudnikovsky,SAO,53,102
2026-02,Chertanovo Severnoye,YuAO,53,110
2026-02,Sokolniki,VAO,87,47
2026-02,Ryazanovskoye,NAO,159,35
2026-02,Presnensky,CAO,98,37
2026-02,Voykovsky,SAO,106,54
2026-02,Mosrentgen,NAO,160,16
2026-02,Chertanovo Tsentralnoye,YuAO,145,27
2026-02,Sokolinaya Gora,VAO,168,88
2026-02,Golovinsky,SAO,59,56
2026-02,Donskoy,YuAO,27,44
2026-02,Chertanovo Yuzhnoye,YuAO,115,44
2026-02,Severnoye Izmaylovo,VAO,158,47
2026-02,Dmitrovsky,SAO,85,40
2026-02,Marushkinskoye,NAO,172,79
2026-02,Zapadnoye Degunino,SAO,195,97
2026-02,Akademichesky,YuZAO,181,97
2026-02,Preobrazhenskoye,VAO,153,83
2026-02,Kokoshkino,NAO,54,87
2026-02,Nagatinsky Zaton,YuAO,32,14
2026-02,Orekhovo-Borisovo Yuzhnoye,YuAO,161,82
2026-02,Voronovskoye,TAO,188,68
2026-02,Mikhaylovo-Yartsevskoye,TAO,144,63
2026-02,Orekhovo-Borisovo Severnoye,YuAO,128,97
2026-02,Khamovniki,CAO,188,29
2026-02,Tverskoy,CAO,87,59
2026-02,Brateyevo,YuAO,70,119
2026-02,Krasnopakhorskoye,TAO,33,38
2026-02,Yakimanka,CAO,95,106
2026-02,Danilovsky,YuAO,30,104
2026-02,Zamoskvorechye,CAO,141,117
2026-02,Koptevo,SAO,173,76
2026-02,Shcherbinka,NAO,187,84
2026-02,Biryulyovo Zapadnoye,YuAO,49,96
2026-02,Aeroport,SAO,185,78
2026-02,Filimonkovskoye,NAO,111,114
2026-02,Tsaritsyno,YuAO,185,56
2026-02,Biryulyovo Vostochnoye,YuAO,194,45
2026-02,Begovoy,SAO,197,35
2026-02,Pervomayskoye,TAO,146,102
2026-02,Sosenskoye,NAO,79,93
2026-02,Alekseevsky,SVAO,41,110
2026-02,Shchukino,SZAO,53,22
2026-02,Meshchansky,CAO,40,107
2026-02,Khovrino,SAO,123,21
2026-02,Novofyodorovskoye,TAO,96,101
2026-02,Khoroshyovo-Mnyovniki,SZAO,75,49
2026-02,Obruchevsky,YuZAO,195,113
2026-02,Izmaylovo,VAO,30,78
2026-02,Khoroshyovsky,SAO,139,31
2026-02,Strogino,SZAO,44,61
2026-02,Kosino-Ukhtomsky,VAO,68,117
2026-02,Severnoye Butovo,YuZAO,61,84
2026-02,Ivanovskoye,VAO,199,106
2026-02,Severnoye Tushino,SZAO,109,42
2026-02,Altufyevsky,SVAO,99,113
2026-02,Nagorny,YuAO,67,101
2026-02,Kievsky,TAO,104,96
2026-02,Pokrovskoye-Streshnevo,SZAO,192,99
2026-02,Zyablikovo,YuAO,36,24
2026-02,Tyoply Stan,YuZAO,145,33
2026-02,Konkovo,YuZAO,163,69
2026-02,Gagarinsky,YuZAO,101,27
2026-02,Perovo,VAO,22,12
2026-02,Desyonovskoye,NAO,37,80
2026-02,Levoberezhny,SAO,173,35
2026-02,Zyuzino,YuZAO,160,47
2026-02,Novokosino,VAO,95,37
2026-02,Voskresenskoye,NAO,70,80
2026-02,Molzhaninovsky,SAO,176,106
2026-02,Vnukovskoye,NAO,118,68
2026-02,Lomonosovsky,YuZAO,180,49
2026-02,Novogireyevo,VAO,104,52
2026-02,Savyolovsky,SAO,183,17
2026-02,Zelenograd,ZelAO,55,94
2026-02,Kotlovka,YuZAO,117,52
2026-02,Sokol,SAO,175,54
2026-02,Metrogorodok,VAO,153,111
2026-02,Rogovskoye,TAO,25,52
2026-02,Yuzhnoye Tushino,SZAO,192,49
2026-02,Timiryazevsky,SAO,69,19
2026-03,Shchapovskoye,TAO,35,55
2026-03,Moskvorechye-Saburovo,YuAO,129,107
2026-03,Voronovskoye,TAO,34,71
2026-03,Zamoskvorechye,CAO,45,88
2026-03,Klyonovskoye,TAO,180,14
2026-03,Basmanny,CAO,65,45
2026-03,Kievsky,TAO,39,87
2026-03,Arbat,CAO,182,40
2026-03,Kurkino,SZAO,67,69
2026-03,Novokosino,VAO,21,45
2026-03,Konkovo,YuZAO,58,65
2026-03,Pokrovskoye-Streshnevo,SZAO,152,116
2026-03,Babushkinsky,SVAO,109,36
2026-03,Novogireyevo,VAO,178,90
2026-03,Mitino,SZAO,109,93
2026-03,Bibirevo,SVAO,125,86
2026-03,Kotlovka,YuZAO,162,44
2026-03,Altufyevsky,SVAO,121,56
2026-03,Butyrsky,SVAO,166,26
2026-03,Metrogorodok,VAO,76,63
2026-03,Krylatskoye,SZAO,84,65
2026-03,Lianozovo,SVAO,36,24
2026-03,Lomonosovsky,YuZAO,177,12
2026-03,Fili-Davydkovo,ZAO,172,89
2026-03,Losinoostrovsky,SVAO,150,103
2026-03,Kosino-Ukhtomsky,VAO,72,87
2026-03,Khovrino,SAO,44,50
2026-03,Severnoye Izmaylovo,VAO,134,53
2026-03,Zelenograd,ZelAO,104,16
2026-03,Sokol,SAO,64,81
2026-03,Akademichesky,YuZAO,78,38
2026-03,Yuzhnoye Tushino,SZAO,170,54
2026-03,Timiryazevsky,SAO,189,114
2026-03,Preobrazhenskoye,VAO,177,112
2026-03,Shchukino,SZAO,112,89
2026-03,Filyovsky Park,ZAO,181,37
2026-03,Khoroshyovo-Mnyovniki,SZAO,138,69
2026-03,Khoroshyovsky,SAO,157,20
2026-03,Perovo,VAO,154,10
2026-03,Strogino,SZAO,130,32
2026-03,Alekseevsky,SVAO,95,62
2026-03,Zyuzino,YuZAO,166,25
2026-03,Severnoye Tushino,SZAO,40,56
2026-03,Yaroslavsky,SVAO,87,72
2026-03,Severnoye Medvedkovo,SVAO,168,30
2026-03,Golyanovo,VAO,82,78
2026-03,Novo-Peredelkino,ZAO,106,24
2026-03,Severny,SVAO,31,66
2026-03,Cheryomushki,YuZAO,130,84
2026-03,Mozhaysky,ZAO,48,66
2026-03,Yuzhnoye Medvedkovo,SVAO,137,89
2026-03,Kuntsevo,ZAO,136,56
2026-03,Ochakovo-Matveyevskoye,ZAO,100,45
2026-03,Vostochny,VAO,86,112
2026-03,Dorogomilovo,ZAO,83,85
2026-03,Bogorodskoye,VAO,92,112
2026-03,Yuzhnoye Butovo,YuZAO,83,41
2026-03,Vnukovo,ZAO,20,12
2026-03,Veshnyaki,VAO,154,110
2026-03,Vostochnoye Izmaylovo,VAO,161,48
2026-03,Yasenevo,YuZAO,191,78
2026-03,Severnoye Butovo,YuZAO,196,35
2026-03,Marfino,SVAO,158,69
2026-03,Obruchevsky,YuZAO,142,92
2026-03,Troparyovo-Nikulino,ZAO,99,111
2026-03,Maryina Roshcha,SVAO,81,53
2026-03,Krasnoselsky,CAO,64,55
2026-03,Solntsevo,ZAO,57,55
2026-03,Ostankinsky,SVAO,65,103
2026-03,Izmaylovo,VAO,34,99
2026-03,Gagarinsky,YuZAO,49,49
2026-03,Ramenki,ZAO,86,28
2026-03,Otradnoye,SVAO,170,34
2026-03,Prospekt Vernadskogo,ZAO,75,111
2026-03,Rostokino,SVAO,77,10
2026-03,Ivanovskoye,VAO,39,22
2026-03,Sviblovo,SVAO,40,44
2026-03,Tyoply Stan,YuZAO,134,11
2026-03,Orekhovo-Borisovo Yuzhnoye,YuAO,197,65
2026-03,Biryulyovo Vostochnoye,YuAO,52,110
2026-03,Golovinsky,SAO,185,96
2026-03,Mosrentgen,NAO,25,43
2026-03,Tagansky,CAO,125,34
2026-03,Nagatinsky Zaton,YuAO,131,83
2026-03,Tsaritsyno,YuAO,46,35
2026-03,Voykovsky,SAO,192,30
2026-03,Ryazanovskoye,NAO,42,114
2026-03,Biryulyovo Zapadnoye,YuAO,199,74
2026-03,Novofyodorovskoye,TAO,155,19
2026-03,Beskudnikovsky,SAO,124,50
2026-03,Sosenskoye,NAO,47,54
2026-03,Tverskoy,CAO,48,39
2026-03,Savyolovsky,SAO,55,88
2026-03,Pervomayskoye,TAO,60,72
2026-03,Begovoy,SAO,70,48
2026-03,Filimonkovskoye,NAO,20,113
2026-03,Brateyevo,YuAO,181,85
2026-03,Aeroport,SAO,99,36
2026-03,Shcherbinka,NAO,169,99
2026-03,Donskoy,YuAO,124,64
2026-03,Orekhovo-Borisovo Severnoye,YuAO,102,98
2026-03,Yakimanka,CAO,50,25
2026-03,Danilovsky,YuAO,135,58
2026-03,Krasnopakhorskoye,TAO,149,118
2026-03,Mikhaylovo-Yartsevskoye,TAO,75,44
2026-03,Khamovniki,CAO,184,78
2026-03,Nagorny,YuAO,108,90
2026-03,Sokolniki,VAO,109,31
2026-03,Meshchansky,CAO,146,71
2026-03,Levoberezhny,SAO,81,80
2026-03,Desyonovskoye,NAO,162,56
2026-03,Troitsk,TAO,62,84
2026-03,Nagatino-Sadovniki,YuAO,94,73
2026-03,Sokolinaya Gora,VAO,181,79
2026-03,Chertanovo Tsentralnoye,YuAO,148,117
2026-03,Rogovskoye,TAO,182,22
2026-03,Koptevo,SAO,144,23
2026-03,Kokoshkino,NAO,183,70
2026-03,Voskresenskoye,NAO,95,39
2026-03,Presnensky,CAO,23,111
2026-03,Molzhaninovsky,SAO,87,34
2026-03,Zapadnoye Degunino,SAO,87,113
2026-03,Marushkinskoye,NAO,151,61
2026-03,Chertanovo Yuzhnoye,YuAO,101,103
2026-03,Zyablikovo,YuAO,68,36
2026-03,Chertanovo Severnoye,YuAO,47,17
2026-03,Dmitrovsky,SAO,185,41
2026-03,Vnukovskoye,NAO,174,74
2026-03,Moskovsky,NAO,167,115
2026-04,Shchapovskoye,TAO,165,117
2026-04,Vostochnoye Izmaylovo,VAO,176,45
2026-04,Moskvorechye-Saburovo,YuAO,55,87
2026-04,Tyoply Stan,YuZAO,68,72
2026-04,Donskoy,YuAO,85,104
2026-04,Golyanovo,VAO,67,97
2026-04,Yuzhnoye Butovo,YuZAO,126,33
2026-04,Nagatino-Sadovniki,YuAO,186,94
2026-04,Nagatinsky Zaton,YuAO,76,81
2026-04,Vostochny,VAO,191,106
2026-04,Arbat,CAO,47,70
2026-04,Zyablikovo,YuAO,26,81
2026-04,Orekhovo-Borisovo Yuzhnoye,YuAO,91,108
2026-04,Klyonovskoye,TAO,182,14
2026-04,Cheryomushki,YuZAO,25,97
2026-04,Novogireyevo,VAO,64,48
2026-04,Severnoye Izmaylovo,VAO,179,20
2026-04,Chertanovo Yuzhnoye,YuAO,121,35
2026-04,Akademichesky,YuZAO,40,57
2026-04,Preobrazhenskoye,VAO,112,36
2026-04,Sokolinaya Gora,VAO,106,18
2026-04,Maryina Roshcha,SVAO,100,99
2026-04,Gagarinsky,YuZAO,177,93
2026-04,Chertanovo Tsentralnoye,YuAO,187,20
2026-04,Perovo,VAO,123,34
2026-04,Sokolniki,VAO,74,55
2026-04,Zyuzino,YuZAO,175,62
2026-04,Novokosino,VAO,93,75
2026-04,Chertanovo Severnoye,YuAO,175,22
2026-04,Konkovo,YuZAO,83,43
2026-04,Nagorny,YuAO,145,88
2026-04,Biryulyovo Vostochnoye,YuAO,62,113
2026-04,Kotlovka,YuZAO,24,92
2026-04,Tsaritsyno,YuAO,86,67
2026-04,Metrogorodok,VAO,79,82
2026-04,Biryulyovo Zapadnoye,YuAO,141,109
2026-04,Lomonosovsky,YuZAO,86,21
2026-04,Kosino-Ukhtomsky,VAO,116,32
2026-04,Obruchevsky,YuZAO,76,57
2026-04,Brateyevo,YuAO,172,63
2026-04,Izmaylovo,VAO,56,96
2026-04,Orekhovo-Borisovo Severnoye,YuAO,87,94
2026-04,Severnoye Butovo,YuZAO,94,34
2026-04,Ivanovskoye,VAO,112,104
2026-04,Danilovsky,YuAO,123,47
2026-04,Desyonovskoye,NAO,105,59
2026-04,Ryazanovskoye,NAO,47,64
2026-04,Voykovsky,SAO,31,41
2026-04,Mosrentgen,NAO,89,75
2026-04,Golovinsky,SAO,138,51
2026-04,Moskovsky,NAO,21,50
2026-04,Dmitrovsky,SAO,138,104
2026-04,Marushkinskoye,NAO,177,82
2026-04,Zapadnoye Degunino,SAO,115,53
2026-04,Kokoshkino,NAO,24,33
2026-04,Koptevo,SAO,190,96
2026-04,Beskudnikovsky,SAO,180,111
2026-04,Levoberezhny,SAO,86,95
2026-04,Voskresenskoye,NAO,111,63
2026-04,Molzhaninovsky,SAO,121,39
2026-04,Vnukovskoye,NAO,89,28
2026-04,Savyolovsky,SAO,57,54
2026-04,Zelenograd,ZelAO,175,12
2026-04,Sokol,SAO,140,76
2026-04,Yuzhnoye Tushino,SZAO,110,85
2026-04,Timiryazevsky,SAO,186,119
2026-04,Voronovskoye,TAO,92,42
2026-04,Krasnoselsky,CAO,112,36
2026-04,Troitsk,TAO,169,19
2026-04,Meshchansky,CAO,92,56
2026-04,Rogovskoye,TAO,142,46
2026-04,Presnensky,CAO,190,56
2026-04,Pervomayskoye,TAO,114,21
2026-04,Tagansky,CAO,139,26
2026-04,Novofyodorovskoye,TAO,136,110
2026-04,Tverskoy,CAO,144,62
2026-04,Mikhaylovo-Yartsevskoye,TAO,55,100
2026-04,Shchukino,SZAO,25,116
2026-04,Khamovniki,CAO,133,116
2026-04,Krasnopakhorskoye,TAO,116,39
2026-04,Zamoskvorechye,CAO,45,86
2026-04,Yakimanka,CAO,116,115
2026-04,Shcherbinka,NAO,175,61
2026-04,Aeroport,SAO,66,20
2026-04,Filimonkovskoye,NAO,132,40
2026-04,Begovoy,SAO,22,118
2026-04,Sosenskoye,NAO,185,80
2026-04,Novo-Peredelkino,ZAO,39,47
2026-04,Troparyovo-Nikulino,ZAO,172,86
2026-04,Solntsevo,ZAO,29,32
2026-04,Ostankinsky,SVAO,31,76
2026-04,Ramenki,ZAO,41,62
2026-04,Otradnoye,SVAO,167,82
2026-04,Prospekt Vernadskogo,ZAO,183,79
2026-04,Rostokino,SVAO,87,40
2026-04,Ochakovo-Matveyevskoye,ZAO,155,49
2026-04,Sviblovo,SVAO,91,66
2026-04,Severnoye Medvedkovo,SVAO,120,79
2026-04,Marfino,SVAO,54,12
2026-04,Severny,SVAO,30,108
2026-04,Mozhaysky,ZAO,124,32
2026-04,Yuzhnoye Medvedkovo,SVAO,137,37
2026-04,Kuntsevo,ZAO,116,40
2026-04,Yaroslavsky,SVAO,25,109
2026-04,Dorogomilovo,ZAO,100,114
2026-04,Bogorodskoye,VAO,102,39
2026-04,Vnukovo,ZAO,148,36
2026-04,Veshnyaki,VAO,127,102
2026-04,Babushkinsky,SVAO,174,55
2026-04,Khovrino,SAO,138,17
2026-04,Khoroshyovo-Mnyovniki,SZAO,162,74
2026-04,Khoroshyovsky,SAO,110,13
2026-04,Strogino,SZAO,140,38
2026-04,Alekseevsky,SVAO,131,11
2026-04,Severnoye Tushino,SZAO,194,109
2026-04,Altufyevsky,SVAO,64,69
2026-04,Pokrovskoye-Streshnevo,SZAO,73,105
2026-04,Kievsky,TAO,196,89
2026-04,Basmanny,CAO,58,103
2026-04,Yasenevo,YuZAO,156,55
2026-04,Mitino,SZAO,126,26
2026-04,Bibirevo,SVAO,27,101
2026-04,Kurkino,SZAO,27,44
2026-04,Butyrsky,SVAO,185,34
2026-04,Krylatskoye,SZAO,107,31
2026-04,Lianozovo,SVAO,66,37
2026-04,Fili-Davydkovo,ZAO,61,85
2026-04,Losinoostrovsky,SVAO,42,14
2026-04,Filyovsky Park,ZAO,98,21
