YEAR_MONTH,DISTRICT,OKRUG,SECONDARY_PRICE_PER_SQM,RENTAL_PRICE_PER_SQM_MONTHLY,AVG_MORTGAGE_RATE_PCT
2020-01,Klyonovskoye,TAO,70600,294,8.5
2020-01,Vostochnoye Izmaylovo,VAO,200800,837,8.5
2020-01,Savyolovsky,SAO,237300,989,8.5
2020-01,Butyrsky,SVAO,208800,870,8.5
2020-01,Zyuzino,YuZAO,254900,1062,8.5
2020-01,Severnoye Izmaylovo,VAO,187700,782,8.5
2020-01,Pokrovskoye-Streshnevo,SZAO,233200,971,8.5
2020-01,Dorogomilovo,ZAO,373300,1555,8.5
2020-01,Zyablikovo,YuAO,164600,686,8.5
2020-01,Orekhovo-Borisovo Severnoye,YuAO,163600,682,8.5
2020-01,Voskresenskoye,NAO,140500,585,8.5
2020-01,Veshnyaki,VAO,167200,696,8.5
2020-01,Aeroport,SAO,220700,920,8.5
2020-01,Yakimanka,CAO,462000,1925,8.5
2020-01,Kuntsevo,ZAO,266300,1109,8.5
2020-01,Sokol,SAO,255900,1066,8.5
2020-01,Gagarinsky,YuZAO,319800,1333,8.5
2020-01,Sokolinaya Gora,VAO,185000,771,8.5
2020-01,Troparyovo-Nikulino,ZAO,280300,1168,8.5
2020-01,Otradnoye,SVAO,187300,781,8.5
2020-01,Novofyodorovskoye,TAO,72000,300,8.5
2020-01,Bogorodskoye,VAO,194100,809,8.5
2020-01,Bibirevo,SVAO,180900,754,8.5
2020-01,Vnukovskoye,NAO,146200,609,8.5
2020-01,Kokoshkino,NAO,114800,478,8.5
2020-01,Kotlovka,YuZAO,260600,1086,8.5
2020-01,Shcherbinka,NAO,141700,590,8.5
2020-01,Mitino,SZAO,206600,861,8.5
2020-01,Golyanovo,VAO,165800,691,8.5
2020-01,Perovo,VAO,188900,787,8.5
2020-01,Moskvorechye-Saburovo,YuAO,176700,736,8.5
2020-01,Nagorny,YuAO,216000,900,8.5
2020-01,Levoberezhny,SAO,180300,751,8.5
2020-01,Shchapovskoye,TAO,75500,315,8.5
2020-01,Yasenevo,YuZAO,236100,984,8.5
2020-01,Begovoy,SAO,246600,1028,8.5
2020-01,Mozhaysky,ZAO,239800,999,8.5
2020-01,Konkovo,YuZAO,237400,989,8.5
2020-01,Vostochny,VAO,159800,666,8.5
2020-01,Preobrazhenskoye,VAO,200800,837,8.5
2020-01,Filyovsky Park,ZAO,300100,1250,8.5
2020-01,Ostankinsky,SVAO,226400,943,8.5
2020-01,Krasnopakhorskoye,TAO,88700,370,8.5
2020-01,Molzhaninovsky,SAO,152500,636,8.5
2020-01,Vnukovo,ZAO,195400,814,8.5
2020-01,Desyonovskoye,NAO,135100,563,8.5
2020-01,Zamoskvorechye,CAO,411600,1715,8.5
2020-01,Chertanovo Severnoye,YuAO,185800,774,8.5
2020-01,Babushkinsky,SVAO,186300,776,8.5
2020-01,Chertanovo Tsentralnoye,YuAO,177900,741,8.5
2020-01,Biryulyovo Zapadnoye,YuAO,157300,655,8.5
2020-01,Strogino,SZAO,264800,1103,8.5
2020-01,Tagansky,CAO,352300,1468,8.5
2020-01,Severny,SVAO,163200,680,8.5
2020-01,Ochakovo-Matveyevskoye,ZAO,244000,1017,8.5
2020-01,Meshchansky,CAO,367300,1530,8.5
2020-01,Shchukino,SZAO,261500,1090,8.5
2020-01,Alekseevsky,SVAO,227900,949,8.5
2020-01,Troitsk,TAO,101800,424,8.5
2020-01,Khoroshyovsky,SAO,256700,1070,8.5
2020-01,Brateyevo,YuAO,165900,691,8.5
2020-01,Ramenki,ZAO,319800,1332,8.5
2020-01,Severnoye Medvedkovo,SVAO,182200,759,8.5
2020-01,Prospekt Vernadskogo,ZAO,310400,1293,8.5
2020-01,Danilovsky,YuAO,234600,977,8.5
2020-01,Tsaritsyno,YuAO,177400,739,8.5
2020-01,Presnensky,CAO,439400,1831,8.5
2020-01,Sviblovo,SVAO,187800,783,8.5
2020-01,Khoroshyovo-Mnyovniki,SZAO,270500,1127,8.5
2020-01,Altufyevsky,SVAO,173500,723,8.5
2020-01,Voronovskoye,TAO,76200,318,8.5
2020-01,Donskoy,YuAO,237500,990,8.5
2020-01,Timiryazevsky,SAO,218200,909,8.5
2020-01,Khamovniki,CAO,514900,2145,8.5
2020-01,Krasnoselsky,CAO,358800,1495,8.5
2020-01,Akademichesky,YuZAO,282900,1179,8.5
2020-01,Sokolniki,VAO,217900,908,8.5
2020-01,Severnoye Tushino,SZAO,211300,880,8.5
2020-01,Yaroslavsky,SVAO,177000,738,8.5
2020-01,Pervomayskoye,TAO,80600,336,8.5
2020-01,Zelenograd,ZelAO,123300,514,8.5
2020-01,Novo-Peredelkino,ZAO,193200,805,8.5
2020-01,Khovrino,SAO,173200,722,8.5
2020-01,Mikhaylovo-Yartsevskoye,TAO,72800,303,8.5
2020-01,Orekhovo-Borisovo Yuzhnoye,YuAO,163900,683,8.5
2020-01,Tverskoy,CAO,464100,1934,8.5
2020-01,Yuzhnoye Medvedkovo,SVAO,182500,760,8.5
2020-01,Chertanovo Yuzhnoye,YuAO,172700,720,8.5
2020-01,Biryulyovo Vostochnoye,YuAO,161500,673,8.5
2020-01,Kievsky,TAO,72600,302,8.5
2020-01,Solntsevo,ZAO,209700,874,8.5
2020-01,Rostokino,SVAO,189300,789,8.5
2020-01,Rogovskoye,TAO,72900,304,8.5
2020-01,Yuzhnoye Tushino,SZAO,216200,901,8.5
2020-01,Ivanovskoye,VAO,174300,726,8.5
2020-01,Kurkino,SZAO,250100,1042,8.5
2020-01,Golovinsky,SAO,195500,814,8.5
2020-01,Lomonosovsky,YuZAO,302400,1260,8.5
2020-01,Dmitrovsky,SAO,178000,741,8.5
2020-01,Filimonkovskoye,NAO,129900,541,8.5
2020-01,Novogireyevo,VAO,189300,789,8.5
2020-01,Kosino-Ukhtomsky,VAO,161600,673,8.5
2020-01,Mosrentgen,NAO,152000,633,8.5
2020-01,Koptevo,SAO,192900,804,8.5
2020-01,Losinoostrovsky,SVAO,185100,771,8.5
2020-01,Yuzhnoye Butovo,YuZAO,198200,826,8.5
2020-01,Tyoply Stan,YuZAO,211000,879,8.5
2020-01,Basmanny,CAO,380000,1583,8.5
2020-01,Krylatskoye,SZAO,307900,1283,8.5
2020-01,Nagatinsky Zaton,YuAO,221800,924,8.5
2020-01,Nagatino-Sadovniki,YuAO,212000,883,8.5
2020-01,Marfino,SVAO,186800,778,8.5
2020-01,Obruchevsky,YuZAO,250300,1043,8.5
2020-01,Sosenskoye,NAO,145100,605,8.5
2020-01,Moskovsky,NAO,145000,604,8.5
2020-01,Novokosino,VAO,178400,743,8.5
2020-01,Arbat,CAO,480000,2000,8.5
2020-01,Cheryomushki,YuZAO,254300,1059,8.5
2020-01,Metrogorodok,VAO,174800,728,8.5
2020-01,Lianozovo,SVAO,177100,738,8.5
2020-01,Zapadnoye Degunino,SAO,187500,781,8.5
2020-01,Fili-Davydkovo,ZAO,277300,1155,8.5
2020-01,Marushkinskoye,NAO,116500,485,8.5
2020-01,Severnoye Butovo,YuZAO,212100,884,8.5
2020-01,Beskudnikovsky,SAO,178200,742,8.5
2020-01,Izmaylovo,VAO,207000,862,8.5
2020-01,Ryazanovskoye,NAO,117100,488,8.5
2020-01,Voykovsky,SAO,216300,901,8.5
2020-01,Maryina Roshcha,SVAO,224300,935,8.5
2020-02,Donskoy,YuAO,256300,1068,8.5
2020-02,Chertanovo Yuzhnoye,YuAO,165300,689,8.5
2020-02,Zapadnoye Degunino,SAO,180700,753,8.5
2020-02,Otradnoye,SVAO,196600,819,8.5
2020-02,Nagatinsky Zaton,YuAO,215800,899,8.5
2020-02,Khovrino,SAO,179600,748,8.5
2020-02,Izmaylovo,VAO,216800,903,8.5
2020-02,Nagatino-Sadovniki,YuAO,207800,866,8.5
2020-02,Orekhovo-Borisovo Yuzhnoye,YuAO,159100,663,8.5
2020-02,Tverskoy,CAO,475700,1982,8.5
2020-02,Troparyovo-Nikulino,ZAO,289100,1205,8.5
2020-02,Yuzhnoye Medvedkovo,SVAO,194300,809,8.5
2020-02,Kurkino,SZAO,248500,1036,8.5
2020-02,Bibirevo,SVAO,178000,742,8.5
2020-02,Mozhaysky,ZAO,235400,981,8.5
2020-02,Timiryazevsky,SAO,222000,925,8.5
2020-02,Vnukovskoye,NAO,147900,616,8.5
2020-02,Khamovniki,CAO,518900,2162,8.5
2020-02,Krasnoselsky,CAO,376700,1570,8.5
2020-02,Sokolinaya Gora,VAO,186800,778,8.5
2020-02,Akademichesky,YuZAO,288100,1201,8.5
2020-02,Novogireyevo,VAO,186400,777,8.5
2020-02,Zelenograd,ZelAO,125200,522,8.5
2020-02,Sokolniki,VAO,227900,950,8.5
2020-02,Severnoye Tushino,SZAO,213400,889,8.5
2020-02,Yaroslavsky,SVAO,178900,745,8.5
2020-02,Bogorodskoye,VAO,190900,795,8.5
2020-02,Novofyodorovskoye,TAO,74700,311,8.5
2020-02,Mosrentgen,NAO,153500,639,8.5
2020-02,Pervomayskoye,TAO,80900,337,8.5
2020-02,Prospekt Vernadskogo,ZAO,318800,1328,8.5
2020-02,Shchukino,SZAO,263000,1096,8.5
2020-02,Dmitrovsky,SAO,177300,739,8.5
2020-02,Alekseevsky,SVAO,231700,965,8.5
2020-02,Troitsk,TAO,104100,434,8.5
2020-02,Chertanovo Severnoye,YuAO,186600,777,8.5
2020-02,Golovinsky,SAO,187900,783,8.5
2020-02,Brateyevo,YuAO,166600,694,8.5
2020-02,Ramenki,ZAO,319900,1333,8.5
2020-02,Severnoye Medvedkovo,SVAO,187700,782,8.5
2020-02,Metrogorodok,VAO,168100,701,8.5
2020-02,Meshchansky,CAO,386400,1610,8.5
2020-02,Danilovsky,YuAO,238300,993,8.5
2020-02,Ryazanovskoye,NAO,115200,480,8.5
2020-02,Tsaritsyno,YuAO,181100,755,8.5
2020-02,Presnensky,CAO,476500,1985,8.5
2020-02,Khoroshyovo-Mnyovniki,SZAO,271100,1130,8.5
2020-02,Sviblovo,SVAO,187200,780,8.5
2020-02,Severnoye Butovo,YuZAO,209100,871,8.5
2020-02,Altufyevsky,SVAO,175500,731,8.5
2020-02,Voronovskoye,TAO,74600,311,8.5
2020-02,Arbat,CAO,469100,1955,8.5
2020-02,Khoroshyovsky,SAO,275700,1149,8.5
2020-02,Novo-Peredelkino,ZAO,204900,854,8.5
2020-02,Obruchevsky,YuZAO,267900,1116,8.5
2020-02,Kievsky,TAO,73600,307,8.5
2020-02,Biryulyovo Vostochnoye,YuAO,158700,661,8.5
2020-02,Solntsevo,ZAO,205300,856,8.5
2020-02,Marfino,SVAO,197700,824,8.5
2020-02,Rostokino,SVAO,185700,774,8.5
2020-02,Rogovskoye,TAO,71000,296,8.5
2020-02,Yuzhnoye Tushino,SZAO,222300,926,8.5
2020-02,Krylatskoye,SZAO,303700,1266,8.5
2020-02,Sosenskoye,NAO,151400,631,8.5
2020-02,Babushkinsky,SVAO,193600,807,8.5
2020-02,Tyoply Stan,YuZAO,221900,925,8.5
2020-02,Chertanovo Tsentralnoye,YuAO,174800,728,8.5
2020-02,Biryulyovo Zapadnoye,YuAO,160400,668,8.5
2020-02,Losinoostrovsky,SVAO,188900,787,8.5
2020-02,Strogino,SZAO,268300,1118,8.5
2020-02,Tagansky,CAO,351900,1466,8.5
2020-02,Severny,SVAO,164800,687,8.5
2020-02,Kosino-Ukhtomsky,VAO,169400,706,8.5
2020-02,Ochakovo-Matveyevskoye,ZAO,242800,1011,8.5
2020-02,Novokosino,VAO,190500,794,8.5
2020-02,Filyovsky Park,ZAO,298900,1245,8.5
2020-02,Basmanny,CAO,382700,1594,8.5
2020-02,Krasnopakhorskoye,TAO,84600,352,8.5
2020-02,Shchapovskoye,TAO,77300,322,8.5
2020-02,Molzhaninovsky,SAO,155300,647,8.5
2020-02,Ivanovskoye,VAO,176200,734,8.5
2020-02,Vnukovo,ZAO,195400,814,8.5
2020-02,Desyonovskoye,NAO,133400,556,8.5
2020-02,Zamoskvorechye,CAO,410700,1711,8.5
2020-02,Aeroport,SAO,241500,1006,8.5
2020-02,Preobrazhenskoye,VAO,205700,857,8.5
2020-02,Vostochnoye Izmaylovo,VAO,193000,804,8.5
2020-02,Butyrsky,SVAO,207700,865,8.5
2020-02,Fili-Davydkovo,ZAO,281600,1173,8.5
2020-02,Ostankinsky,SVAO,235400,981,8.5
2020-02,Savyolovsky,SAO,256900,1070,8.5
2020-02,Zyuzino,YuZAO,252900,1054,8.5
2020-02,Moskovsky,NAO,149900,625,8.5
2020-02,Severnoye Izmaylovo,VAO,184600,769,8.5
2020-02,Pokrovskoye-Streshnevo,SZAO,233400,973,8.5
2020-02,Beskudnikovsky,SAO,180700,753,8.5
2020-02,Maryina Roshcha,SVAO,236200,984,8.5
2020-02,Kotlovka,YuZAO,261900,1091,8.5
2020-02,Shcherbinka,NAO,138700,578,8.5
2020-02,Lianozovo,SVAO,175100,730,8.5
2020-02,Golyanovo,VAO,180700,753,8.5
2020-02,Marushkinskoye,NAO,113900,474,8.5
2020-02,Perovo,VAO,194900,812,8.5
2020-02,Moskvorechye-Saburovo,YuAO,187500,781,8.5
2020-02,Nagorny,YuAO,202500,844,8.5
2020-02,Gagarinsky,YuZAO,312600,1302,8.5
2020-02,Levoberezhny,SAO,191600,799,8.5
2020-02,Yasenevo,YuZAO,242100,1009,8.5
2020-02,Mitino,SZAO,206700,861,8.5
2020-02,Begovoy,SAO,260100,1084,8.5
2020-02,Yuzhnoye Butovo,YuZAO,198900,829,8.5
2020-02,Kokoshkino,NAO,123200,513,8.5
2020-02,Vostochny,VAO,153300,639,8.5
2020-02,Konkovo,YuZAO,243600,1015,8.5
2020-02,Koptevo,SAO,191000,796,8.5
2020-02,Filimonkovskoye,NAO,125800,524,8.5
2020-02,Kuntsevo,ZAO,261600,1090,8.5
2020-02,Cheryomushki,YuZAO,262300,1093,8.5
2020-02,Veshnyaki,VAO,164700,686,8.5
2020-02,Yakimanka,CAO,460400,1918,8.5
2020-02,Sokol,SAO,257200,1072,8.5
2020-02,Dorogomilovo,ZAO,369800,1541,8.5
2020-02,Zyablikovo,YuAO,162200,676,8.5
2020-02,Mikhaylovo-Yartsevskoye,TAO,82700,345,8.5
2020-02,Orekhovo-Borisovo Severnoye,YuAO,175300,730,8.5
2020-02,Voskresenskoye,NAO,139100,579,8.5
2020-02,Voykovsky,SAO,208100,867,8.5
2020-02,Lomonosovsky,YuZAO,333600,1390,8.5
2020-02,Klyonovskoye,TAO,73200,305,8.5
2020-03,Ochakovo-Matveyevskoye,ZAO,246200,1026,8.5
2020-03,Golovinsky,SAO,193300,805,8.5
2020-03,Yuzhnoye Butovo,YuZAO,201500,840,8.5
2020-03,Tagansky,CAO,378400,1577,8.5
2020-03,Chertanovo Severnoye,YuAO,198200,826,8.5
2020-03,Troitsk,TAO,104500,435,8.5
2020-03,Yasenevo,YuZAO,249300,1039,8.5
2020-03,Vostochny,VAO,160800,670,8.5
2020-03,Shchukino,SZAO,265300,1106,8.5
2020-03,Biryulyovo Zapadnoye,YuAO,172500,719,8.5
2020-03,Alekseevsky,SVAO,217400,906,8.5
2020-03,Dmitrovsky,SAO,184600,769,8.5
2020-03,Begovoy,SAO,252700,1053,8.5
2020-03,Cheryomushki,YuZAO,258800,1078,8.5
2020-03,Vnukovskoye,NAO,153400,639,8.5
2020-03,Kosino-Ukhtomsky,VAO,164400,685,8.5
2020-03,Kokoshkino,NAO,118000,492,8.5
2020-03,Presnensky,CAO,457800,1908,8.5
2020-03,Kotlovka,YuZAO,250100,1042,8.5
2020-03,Altufyevsky,SVAO,176900,737,8.5
2020-03,Voykovsky,SAO,223500,931,8.5
2020-03,Severnoye Butovo,YuZAO,215600,898,8.5
2020-03,Zapadnoye Degunino,SAO,181800,758,8.5
2020-03,Shcherbinka,NAO,138800,578,8.5
2020-03,Gagarinsky,YuZAO,340000,1417,8.5
2020-03,Golyanovo,VAO,166600,694,8.5
2020-03,Khoroshyovo-Mnyovniki,SZAO,272200,1134,8.5
2020-03,Ryazanovskoye,NAO,121700,507,8.5
2020-03,Sokolinaya Gora,VAO,189200,788,8.5
2020-03,Levoberezhny,SAO,206500,860,8.5
2020-03,Prospekt Vernadskogo,ZAO,338300,1409,8.5
2020-03,Kuntsevo,ZAO,274800,1145,8.5
2020-03,Sokol,SAO,261400,1089,8.5
2020-03,Perovo,VAO,180600,753,8.5
2020-03,Marushkinskoye,NAO,113000,471,8.5
2020-03,Novofyodorovskoye,TAO,75500,315,8.5
2020-03,Metrogorodok,VAO,178000,742,8.5
2020-03,Bogorodskoye,VAO,192800,803,8.5
2020-03,Severnoye Medvedkovo,SVAO,181200,755,8.5
2020-03,Brateyevo,YuAO,167700,699,8.5
2020-03,Beskudnikovsky,SAO,182000,758,8.5
2020-03,Yaroslavsky,SVAO,185500,773,8.5
2020-03,Novo-Peredelkino,ZAO,210500,877,8.5
2020-03,Biryulyovo Vostochnoye,YuAO,166500,694,8.5
2020-03,Novokosino,VAO,174800,728,8.5
2020-03,Obruchevsky,YuZAO,273500,1139,8.5
2020-03,Veshnyaki,VAO,172400,718,8.5
2020-03,Dorogomilovo,ZAO,392700,1636,8.5
2020-03,Vostochnoye Izmaylovo,VAO,192400,802,8.5
2020-03,Sokolniki,VAO,232100,967,8.5
2020-03,Yuzhnoye Medvedkovo,SVAO,185900,775,8.5
2020-03,Sosenskoye,NAO,153900,641,8.5
2020-03,Mikhaylovo-Yartsevskoye,TAO,75000,312,8.5
2020-03,Aeroport,SAO,248100,1034,8.5
2020-03,Zyuzino,YuZAO,246200,1026,8.5
2020-03,Tverskoy,CAO,472800,1970,8.5
2020-03,Khovrino,SAO,190900,795,8.5
2020-03,Chertanovo Yuzhnoye,YuAO,168600,703,8.5
2020-03,Savyolovsky,SAO,255200,1063,8.5
2020-03,Moskovsky,NAO,149300,622,8.5
2020-03,Mozhaysky,ZAO,243800,1016,8.5
2020-03,Filimonkovskoye,NAO,121100,505,8.5
2020-03,Mosrentgen,NAO,146300,610,8.5
2020-03,Zelenograd,ZelAO,124900,520,8.5
2020-03,Pervomayskoye,TAO,81800,341,8.5
2020-03,Novogireyevo,VAO,186600,777,8.5
2020-03,Konkovo,YuZAO,247000,1029,8.5
2020-03,Lomonosovsky,YuZAO,326100,1359,8.5
2020-03,Koptevo,SAO,205400,856,8.5
2020-03,Severnoye Izmaylovo,VAO,197700,824,8.5
2020-03,Severny,SVAO,171300,714,8.5
2020-03,Preobrazhenskoye,VAO,210100,875,8.5
2020-03,Khamovniki,CAO,529000,2204,8.5
2020-03,Krasnopakhorskoye,TAO,88300,368,8.5
2020-03,Izmaylovo,VAO,208000,867,8.5
2020-03,Chertanovo Tsentralnoye,YuAO,186800,778,8.5
2020-03,Khoroshyovsky,SAO,270000,1125,8.5
2020-03,Yakimanka,CAO,468400,1952,8.5
2020-03,Molzhaninovsky,SAO,163000,679,8.5
2020-03,Voskresenskoye,NAO,143000,596,8.5
2020-03,Timiryazevsky,SAO,242500,1010,8.5
2020-03,Yuzhnoye Tushino,SZAO,228200,951,8.5
2020-03,Rogovskoye,TAO,75800,316,8.5
2020-03,Vnukovo,ZAO,190200,792,8.5
2020-03,Desyonovskoye,NAO,137100,571,8.5
2020-03,Akademichesky,YuZAO,288000,1200,8.5
2020-03,Ivanovskoye,VAO,185500,773,8.5
2020-03,Tyoply Stan,YuZAO,219800,916,8.5
2020-03,Krylatskoye,SZAO,297000,1238,8.5
2020-03,Ostankinsky,SVAO,237200,988,8.5
2020-03,Solntsevo,ZAO,217300,905,8.5
2020-03,Lianozovo,SVAO,177500,740,8.5
2020-03,Babushkinsky,SVAO,197600,823,8.5
2020-03,Ramenki,ZAO,340400,1418,8.5
2020-03,Marfino,SVAO,191500,798,8.5
2020-03,Nagatino-Sadovniki,YuAO,210700,878,8.5
2020-03,Pokrovskoye-Streshnevo,SZAO,235500,981,8.5
2020-03,Donskoy,YuAO,247900,1033,8.5
2020-03,Orekhovo-Borisovo Yuzhnoye,YuAO,163600,682,8.5
2020-03,Fili-Davydkovo,ZAO,289400,1206,8.5
2020-03,Severnoye Tushino,SZAO,223400,931,8.5
2020-03,Meshchansky,CAO,350700,1461,8.5
2020-03,Troparyovo-Nikulino,ZAO,292000,1217,8.5
2020-03,Otradnoye,SVAO,197300,822,8.5
2020-03,Filyovsky Park,ZAO,303300,1264,8.5
2020-03,Nagatinsky Zaton,YuAO,229100,955,8.5
2020-03,Mitino,SZAO,219400,914,8.5
2020-03,Tsaritsyno,YuAO,192900,804,8.5
2020-03,Danilovsky,YuAO,228300,951,8.5
2020-03,Kievsky,TAO,72700,303,8.5
2020-03,Losinoostrovsky,SVAO,189100,788,8.5
2020-03,Strogino,SZAO,286700,1195,8.5
2020-03,Rostokino,SVAO,193200,805,8.5
2020-03,Moskvorechye-Saburovo,YuAO,185000,771,8.5
2020-03,Arbat,CAO,502200,2093,8.5
2020-03,Butyrsky,SVAO,217700,907,8.5
2020-03,Nagorny,YuAO,209400,872,8.5
2020-03,Bibirevo,SVAO,179900,750,8.5
2020-03,Voronovskoye,TAO,77900,324,8.5
2020-03,Shchapovskoye,TAO,74700,311,8.5
2020-03,Orekhovo-Borisovo Severnoye,YuAO,171000,713,8.5
2020-03,Kurkino,SZAO,258500,1077,8.5
2020-03,Sviblovo,SVAO,190900,795,8.5
2020-03,Basmanny,CAO,368800,1537,8.5
2020-03,Zamoskvorechye,CAO,411700,1715,8.5
2020-03,Maryina Roshcha,SVAO,242800,1012,8.5
2020-03,Klyonovskoye,TAO,74200,309,8.5
2020-03,Krasnoselsky,CAO,367000,1529,8.5
2020-03,Zyablikovo,YuAO,169600,707,8.5
2020-04,Novokosino,VAO,184600,769,6.75
2020-04,Vostochny,VAO,162700,678,6.75
2020-04,Rogovskoye,TAO,72400,302,6.75
2020-04,Rostokino,SVAO,199100,830,6.75
2020-04,Yuzhnoye Tushino,SZAO,216900,904,6.75
2020-04,Konkovo,YuZAO,255400,1064,6.75
2020-04,Fili-Davydkovo,ZAO,274200,1143,6.75
2020-04,Vnukovskoye,NAO,151500,631,6.75
2020-04,Bibirevo,SVAO,189100,788,6.75
2020-04,Strogino,SZAO,283900,1183,6.75
2020-04,Tagansky,CAO,382200,1593,6.75
2020-04,Kuntsevo,ZAO,268500,1119,6.75
2020-04,Cheryomushki,YuZAO,272900,1137,6.75
2020-04,Severny,SVAO,160700,669,6.75
2020-04,Molzhaninovsky,SAO,159200,663,6.75
2020-04,Butyrsky,SVAO,229700,957,6.75
2020-04,Lomonosovsky,YuZAO,342900,1429,6.75
2020-04,Filyovsky Park,ZAO,308300,1285,6.75
2020-04,Otradnoye,SVAO,201700,840,6.75
2020-04,Filimonkovskoye,NAO,121400,506,6.75
2020-04,Chertanovo Tsentralnoye,YuAO,179400,748,6.75
2020-04,Krasnopakhorskoye,TAO,86300,360,6.75
2020-04,Moskovsky,NAO,157300,656,6.75
2020-04,Bogorodskoye,VAO,198700,828,6.75
2020-04,Preobrazhenskoye,VAO,207700,865,6.75
2020-04,Khoroshyovsky,SAO,283100,1180,6.75
2020-04,Babushkinsky,SVAO,215000,896,6.75
2020-04,Chertanovo Yuzhnoye,YuAO,177500,740,6.75
2020-04,Marushkinskoye,NAO,113600,473,6.75
2020-04,Yasenevo,YuZAO,252800,1053,6.75
2020-04,Lianozovo,SVAO,174600,727,6.75
2020-04,Yaroslavsky,SVAO,183800,766,6.75
2020-04,Khovrino,SAO,196400,818,6.75
2020-04,Donskoy,YuAO,262800,1095,6.75
2020-04,Severnoye Tushino,SZAO,219600,915,6.75
2020-04,Kotlovka,YuZAO,270200,1126,6.75
2020-04,Maryina Roshcha,SVAO,237900,991,6.75
2020-04,Tverskoy,CAO,491200,2047,6.75
2020-04,Mozhaysky,ZAO,250700,1044,6.75
2020-04,Golyanovo,VAO,179900,750,6.75
2020-04,Levoberezhny,SAO,196900,820,6.75
2020-04,Shcherbinka,NAO,142400,593,6.75
2020-04,Zelenograd,ZelAO,123100,513,6.75
2020-04,Pervomayskoye,TAO,81200,338,6.75
2020-04,Nagorny,YuAO,218300,910,6.75
2020-04,Moskvorechye-Saburovo,YuAO,189700,790,6.75
2020-04,Perovo,VAO,192300,801,6.75
2020-04,Solntsevo,ZAO,212200,884,6.75
2020-04,Ivanovskoye,VAO,183300,764,6.75
2020-04,Shchapovskoye,TAO,82000,342,6.75
2020-04,Basmanny,CAO,384700,1603,6.75
2020-04,Kievsky,TAO,74000,308,6.75
2020-04,Novo-Peredelkino,ZAO,210400,877,6.75
2020-04,Timiryazevsky,SAO,223400,931,6.75
2020-04,Koptevo,SAO,210600,877,6.75
2020-04,Kokoshkino,NAO,120400,502,6.75
2020-04,Biryulyovo Vostochnoye,YuAO,162000,675,6.75
2020-04,Khamovniki,CAO,546900,2279,6.75
2020-04,Mitino,SZAO,215000,896,6.75
2020-04,Begovoy,SAO,267300,1114,6.75
2020-04,Beskudnikovsky,SAO,187200,780,6.75
2020-04,Akademichesky,YuZAO,286400,1193,6.75
2020-04,Yuzhnoye Medvedkovo,SVAO,197100,821,6.75
2020-04,Krasnoselsky,CAO,357700,1491,6.75
2020-04,Yuzhnoye Butovo,YuZAO,210300,876,6.75
2020-04,Sokolniki,VAO,224800,937,6.75
2020-04,Orekhovo-Borisovo Yuzhnoye,YuAO,172400,718,6.75
2020-04,Voykovsky,SAO,216400,902,6.75
2020-04,Savyolovsky,SAO,258600,1078,6.75
2020-04,Kosino-Ukhtomsky,VAO,158900,662,6.75
2020-04,Losinoostrovsky,SVAO,184900,770,6.75
2020-04,Prospekt Vernadskogo,ZAO,316300,1318,6.75
2020-04,Danilovsky,YuAO,252000,1050,6.75
2020-04,Ostankinsky,SVAO,229400,956,6.75
2020-04,Krylatskoye,SZAO,300700,1253,6.75
2020-04,Severnoye Medvedkovo,SVAO,189400,789,6.75
2020-04,Zyuzino,YuZAO,264500,1102,6.75
2020-04,Brateyevo,YuAO,167400,698,6.75
2020-04,Presnensky,CAO,460100,1917,6.75
2020-04,Tyoply Stan,YuZAO,225000,938,6.75
2020-04,Sokol,SAO,251500,1048,6.75
2020-04,Chertanovo Severnoye,YuAO,183500,765,6.75
2020-04,Obruchevsky,YuZAO,262300,1093,6.75
2020-04,Gagarinsky,YuZAO,333000,1388,6.75
2020-04,Nagatino-Sadovniki,YuAO,217600,907,6.75
2020-04,Sosenskoye,NAO,155100,646,6.75
2020-04,Vostochnoye Izmaylovo,VAO,200600,836,6.75
2020-04,Zamoskvorechye,CAO,402200,1676,6.75
2020-04,Khoroshyovo-Mnyovniki,SZAO,269700,1124,6.75
2020-04,Dorogomilovo,ZAO,382000,1592,6.75
2020-04,Severnoye Butovo,YuZAO,223500,931,6.75
2020-04,Arbat,CAO,505100,2104,6.75
2020-04,Veshnyaki,VAO,169700,707,6.75
2020-04,Altufyevsky,SVAO,182000,758,6.75
2020-04,Voronovskoye,TAO,79900,333,6.75
2020-04,Sviblovo,SVAO,198300,826,6.75
2020-04,Zyablikovo,YuAO,175600,732,6.75
2020-04,Ryazanovskoye,NAO,122300,509,6.75
2020-04,Metrogorodok,VAO,175800,732,6.75
2020-04,Ramenki,ZAO,344700,1436,6.75
2020-04,Mikhaylovo-Yartsevskoye,TAO,76500,319,6.75
2020-04,Voskresenskoye,NAO,143300,597,6.75
2020-04,Orekhovo-Borisovo Severnoye,YuAO,172400,718,6.75
2020-04,Golovinsky,SAO,200400,835,6.75
2020-04,Pokrovskoye-Streshnevo,SZAO,244100,1017,6.75
2020-04,Severnoye Izmaylovo,VAO,193500,806,6.75
2020-04,Dmitrovsky,SAO,182800,762,6.75
2020-04,Yakimanka,CAO,483400,2014,6.75
2020-04,Tsaritsyno,YuAO,184400,769,6.75
2020-04,Sokolinaya Gora,VAO,192500,802,6.75
2020-04,Kurkino,SZAO,248600,1036,6.75
2020-04,Desyonovskoye,NAO,138100,575,6.75
2020-04,Klyonovskoye,TAO,76600,319,6.75
2020-04,Marfino,SVAO,193500,806,6.75
2020-04,Novogireyevo,VAO,191200,797,6.75
2020-04,Novofyodorovskoye,TAO,72800,303,6.75
2020-04,Aeroport,SAO,243200,1013,6.75
2020-04,Ochakovo-Matveyevskoye,ZAO,260800,1087,6.75
2020-04,Biryulyovo Zapadnoye,YuAO,163400,681,6.75
2020-04,Shchukino,SZAO,277400,1156,6.75
2020-04,Meshchansky,CAO,383200,1597,6.75
2020-04,Nagatinsky Zaton,YuAO,225400,939,6.75
2020-04,Mosrentgen,NAO,154200,642,6.75
2020-04,Vnukovo,ZAO,197600,823,6.75
2020-04,Izmaylovo,VAO,209100,871,6.75
2020-04,Zapadnoye Degunino,SAO,182400,760,6.75
2020-04,Alekseevsky,SVAO,244000,1016,6.75
2020-04,Troparyovo-Nikulino,ZAO,313400,1306,6.75
2020-04,Troitsk,TAO,104500,435,6.75
2020-05,Kuntsevo,ZAO,274300,1143,6.75
2020-05,Dorogomilovo,ZAO,398600,1661,6.75
2020-05,Orekhovo-Borisovo Severnoye,YuAO,179400,747,6.75
2020-05,Yaroslavsky,SVAO,188800,787,6.75
2020-05,Voskresenskoye,NAO,148400,618,6.75
2020-05,Preobrazhenskoye,VAO,211300,880,6.75
2020-05,Molzhaninovsky,SAO,161600,673,6.75
2020-05,Pokrovskoye-Streshnevo,SZAO,243000,1013,6.75
2020-05,Vnukovskoye,NAO,153600,640,6.75
2020-05,Severnoye Tushino,SZAO,227800,949,6.75
2020-05,Mikhaylovo-Yartsevskoye,TAO,79000,329,6.75
2020-05,Novofyodorovskoye,TAO,79000,329,6.75
2020-05,Mozhaysky,ZAO,262800,1095,6.75
2020-05,Levoberezhny,SAO,200800,837,6.75
2020-05,Butyrsky,SVAO,228600,952,6.75
2020-05,Vnukovo,ZAO,203400,847,6.75
2020-05,Nagorny,YuAO,217900,908,6.75
2020-05,Zyablikovo,YuAO,170800,712,6.75
2020-05,Pervomayskoye,TAO,88300,368,6.75
2020-05,Veshnyaki,VAO,177100,738,6.75
2020-05,Yuzhnoye Butovo,YuZAO,214300,893,6.75
2020-05,Bibirevo,SVAO,187000,779,6.75
2020-05,Bogorodskoye,VAO,201700,840,6.75
2020-05,Vostochnoye Izmaylovo,VAO,194600,811,6.75
2020-05,Khamovniki,CAO,517600,2157,6.75
2020-05,Konkovo,YuZAO,258800,1078,6.75
2020-05,Vostochny,VAO,170300,710,6.75
2020-05,Kievsky,TAO,74100,309,6.75
2020-05,Gagarinsky,YuZAO,332500,1385,6.75
2020-05,Filyovsky Park,ZAO,310500,1294,6.75
2020-05,Zamoskvorechye,CAO,418100,1742,6.75
2020-05,Sokol,SAO,276800,1153,6.75
2020-05,Zyuzino,YuZAO,264200,1101,6.75
2020-05,Timiryazevsky,SAO,228700,953,6.75
2020-05,Sokolinaya Gora,VAO,202200,843,6.75
2020-05,Aeroport,SAO,243100,1013,6.75
2020-05,Mitino,SZAO,227600,949,6.75
2020-05,Krasnopakhorskoye,TAO,86700,361,6.75
2020-05,Severnoye Izmaylovo,VAO,196500,819,6.75
2020-05,Ostankinsky,SVAO,237300,989,6.75
2020-05,Otradnoye,SVAO,201800,841,6.75
2020-05,Klyonovskoye,TAO,73900,308,6.75
2020-05,Krasnoselsky,CAO,390900,1629,6.75
2020-05,Akademichesky,YuZAO,298500,1244,6.75
2020-05,Begovoy,SAO,271700,1132,6.75
2020-05,Kokoshkino,NAO,124600,519,6.75
2020-05,Savyolovsky,SAO,258000,1075,6.75
2020-05,Troparyovo-Nikulino,ZAO,291900,1216,6.75
2020-05,Yakimanka,CAO,501700,2091,6.75
2020-05,Desyonovskoye,NAO,147200,614,6.75
2020-05,Sokolniki,VAO,241100,1004,6.75
2020-05,Yasenevo,YuZAO,248500,1036,6.75
2020-05,Marfino,SVAO,199000,829,6.75
2020-05,Mosrentgen,NAO,155000,646,6.75
2020-05,Alekseevsky,SVAO,244300,1018,6.75
2020-05,Meshchansky,CAO,389800,1624,6.75
2020-05,Shchukino,SZAO,275600,1148,6.75
2020-05,Nagatinsky Zaton,YuAO,233500,973,6.75
2020-05,Novogireyevo,VAO,190800,795,6.75
2020-05,Izmaylovo,VAO,208200,868,6.75
2020-05,Biryulyovo Zapadnoye,YuAO,169000,704,6.75
2020-05,Voronovskoye,TAO,84400,352,6.75
2020-05,Ochakovo-Matveyevskoye,ZAO,238600,994,6.75
2020-05,Kurkino,SZAO,262500,1094,6.75
2020-05,Voykovsky,SAO,226100,942,6.75
2020-05,Troitsk,TAO,100300,418,6.75
2020-05,Zapadnoye Degunino,SAO,184700,770,6.75
2020-05,Perovo,VAO,191200,797,6.75
2020-05,Tagansky,CAO,371800,1549,6.75
2020-05,Severny,SVAO,173600,723,6.75
2020-05,Cheryomushki,YuZAO,273400,1139,6.75
2020-05,Lomonosovsky,YuZAO,330700,1378,6.75
2020-05,Moskovsky,NAO,150900,629,6.75
2020-05,Fili-Davydkovo,ZAO,295500,1231,6.75
2020-05,Filimonkovskoye,NAO,127700,532,6.75
2020-05,Chertanovo Tsentralnoye,YuAO,182300,760,6.75
2020-05,Khoroshyovsky,SAO,264400,1102,6.75
2020-05,Babushkinsky,SVAO,195000,812,6.75
2020-05,Tsaritsyno,YuAO,187900,783,6.75
2020-05,Sviblovo,SVAO,194800,812,6.75
2020-05,Arbat,CAO,523500,2181,6.75
2020-05,Altufyevsky,SVAO,184500,769,6.75
2020-05,Ryazanovskoye,NAO,125100,521,6.75
2020-05,Metrogorodok,VAO,179100,746,6.75
2020-05,Severnoye Butovo,YuZAO,229200,955,6.75
2020-05,Khoroshyovo-Mnyovniki,SZAO,272400,1135,6.75
2020-05,Golovinsky,SAO,201500,840,6.75
2020-05,Krylatskoye,SZAO,310300,1293,6.75
2020-05,Kosino-Ukhtomsky,VAO,179100,746,6.75
2020-05,Prospekt Vernadskogo,ZAO,323100,1346,6.75
2020-05,Dmitrovsky,SAO,176000,733,6.75
2020-05,Strogino,SZAO,278800,1162,6.75
2020-05,Presnensky,CAO,489200,2038,6.75
2020-05,Losinoostrovsky,SVAO,192600,803,6.75
2020-05,Danilovsky,YuAO,251300,1047,6.75
2020-05,Severnoye Medvedkovo,SVAO,194000,808,6.75
2020-05,Brateyevo,YuAO,173400,722,6.75
2020-05,Ramenki,ZAO,334500,1394,6.75
2020-05,Chertanovo Severnoye,YuAO,192800,803,6.75
2020-05,Obruchevsky,YuZAO,274600,1144,6.75
2020-05,Nagatino-Sadovniki,YuAO,220000,917,6.75
2020-05,Sosenskoye,NAO,156600,652,6.75
2020-05,Tyoply Stan,YuZAO,240300,1001,6.75
2020-05,Kotlovka,YuZAO,257100,1071,6.75
2020-05,Maryina Roshcha,SVAO,240900,1004,6.75
2020-05,Solntsevo,ZAO,216600,902,6.75
2020-05,Chertanovo Yuzhnoye,YuAO,179100,746,6.75
2020-05,Biryulyovo Vostochnoye,YuAO,172500,719,6.75
2020-05,Donskoy,YuAO,257200,1072,6.75
2020-05,Khovrino,SAO,185400,773,6.75
2020-05,Golyanovo,VAO,175900,733,6.75
2020-05,Beskudnikovsky,SAO,184900,770,6.75
2020-05,Koptevo,SAO,209900,874,6.75
2020-05,Orekhovo-Borisovo Yuzhnoye,YuAO,172700,720,6.75
2020-05,Novo-Peredelkino,ZAO,197800,824,6.75
2020-05,Basmanny,CAO,398100,1659,6.75
2020-05,Ivanovskoye,VAO,182400,760,6.75
2020-05,Yuzhnoye Medvedkovo,SVAO,196400,818,6.75
2020-05,Shcherbinka,NAO,141800,591,6.75
2020-05,Yuzhnoye Tushino,SZAO,230000,958,6.75
2020-05,Zelenograd,ZelAO,120900,504,6.75
2020-05,Moskvorechye-Saburovo,YuAO,186200,776,6.75
2020-05,Rostokino,SVAO,199800,832,6.75
2020-05,Lianozovo,SVAO,171100,713,6.75
2020-05,Rogovskoye,TAO,73400,306,6.75
2020-05,Shchapovskoye,TAO,77800,324,6.75
2020-05,Marushkinskoye,NAO,123700,516,6.75
2020-05,Novokosino,VAO,184700,769,6.75
2020-05,Tverskoy,CAO,475000,1979,6.75
2020-06,Begovoy,SAO,268700,1119,6.75
2020-06,Vnukovo,ZAO,205800,858,6.75
2020-06,Dmitrovsky,SAO,192500,802,6.75
2020-06,Obruchevsky,YuZAO,273300,1139,6.75
2020-06,Ostankinsky,SVAO,250800,1045,6.75
2020-06,Zyuzino,YuZAO,250800,1045,6.75
2020-06,Nagorny,YuAO,225000,938,6.75
2020-06,Kotlovka,YuZAO,274200,1143,6.75
2020-06,Zamoskvorechye,CAO,434900,1812,6.75
2020-06,Metrogorodok,VAO,179700,749,6.75
2020-06,Perovo,VAO,193000,804,6.75
2020-06,Zyablikovo,YuAO,171400,714,6.75
2020-06,Ryazanovskoye,NAO,126100,525,6.75
2020-06,Moskvorechye-Saburovo,YuAO,200300,835,6.75
2020-06,Shcherbinka,NAO,143100,596,6.75
2020-06,Savyolovsky,SAO,260800,1087,6.75
2020-06,Mikhaylovo-Yartsevskoye,TAO,84600,352,6.75
2020-06,Arbat,CAO,515700,2149,6.75
2020-06,Pokrovskoye-Streshnevo,SZAO,251400,1047,6.75
2020-06,Losinoostrovsky,SVAO,205300,855,6.75
2020-06,Maryina Roshcha,SVAO,242200,1009,6.75
2020-06,Severnoye Butovo,YuZAO,217900,908,6.75
2020-06,Kosino-Ukhtomsky,VAO,174900,729,6.75
2020-06,Golovinsky,SAO,196800,820,6.75
2020-06,Krylatskoye,SZAO,307200,1280,6.75
2020-06,Golyanovo,VAO,183200,763,6.75
2020-06,Severnoye Izmaylovo,VAO,201500,840,6.75
2020-06,Levoberezhny,SAO,203900,850,6.75
2020-06,Preobrazhenskoye,VAO,210600,878,6.75
2020-06,Vostochny,VAO,163200,680,6.75
2020-06,Kurkino,SZAO,257600,1073,6.75
2020-06,Voykovsky,SAO,211200,880,6.75
2020-06,Molzhaninovsky,SAO,164500,686,6.75
2020-06,Basmanny,CAO,401800,1674,6.75
2020-06,Zapadnoye Degunino,SAO,188500,785,6.75
2020-06,Marfino,SVAO,204200,851,6.75
2020-06,Novokosino,VAO,188900,787,6.75
2020-06,Cheryomushki,YuZAO,287300,1197,6.75
2020-06,Vostochnoye Izmaylovo,VAO,202100,842,6.75
2020-06,Lomonosovsky,YuZAO,334000,1392,6.75
2020-06,Moskovsky,NAO,161800,674,6.75
2020-06,Butyrsky,SVAO,232000,966,6.75
2020-06,Krasnopakhorskoye,TAO,91600,382,6.75
2020-06,Fili-Davydkovo,ZAO,294000,1225,6.75
2020-06,Konkovo,YuZAO,254000,1058,6.75
2020-06,Filimonkovskoye,NAO,128800,537,6.75
2020-06,Filyovsky Park,ZAO,318100,1325,6.75
2020-06,Shchapovskoye,TAO,78900,329,6.75
2020-06,Lianozovo,SVAO,185000,771,6.75
2020-06,Nagatino-Sadovniki,YuAO,225300,939,6.75
2020-06,Yasenevo,YuZAO,247600,1032,6.75
2020-06,Kokoshkino,NAO,126400,527,6.75
2020-06,Sosenskoye,NAO,159400,664,6.75
2020-06,Yuzhnoye Butovo,YuZAO,207600,865,6.75
2020-06,Tyoply Stan,YuZAO,240800,1003,6.75
2020-06,Ivanovskoye,VAO,188100,784,6.75
2020-06,Mosrentgen,NAO,152600,636,6.75
2020-06,Sviblovo,SVAO,203700,849,6.75
2020-06,Marushkinskoye,NAO,120000,500,6.75
2020-06,Nagatinsky Zaton,YuAO,224800,937,6.75
2020-06,Aeroport,SAO,255700,1065,6.75
2020-06,Beskudnikovsky,SAO,198700,828,6.75
2020-06,Novogireyevo,VAO,200100,834,6.75
2020-06,Izmaylovo,VAO,217900,908,6.75
2020-06,Klyonovskoye,TAO,74700,311,6.75
2020-06,Koptevo,SAO,216900,904,6.75
2020-06,Desyonovskoye,NAO,154900,645,6.75
2020-06,Mitino,SZAO,217800,908,6.75
2020-06,Novofyodorovskoye,TAO,76800,320,6.75
2020-06,Biryulyovo Vostochnoye,YuAO,178400,743,6.75
2020-06,Vnukovskoye,NAO,151700,632,6.75
2020-06,Novo-Peredelkino,ZAO,214000,892,6.75
2020-06,Prospekt Vernadskogo,ZAO,328500,1369,6.75
2020-06,Kuntsevo,ZAO,272900,1137,6.75
2020-06,Bogorodskoye,VAO,197800,824,6.75
2020-06,Yuzhnoye Tushino,SZAO,240000,1000,6.75
2020-06,Rogovskoye,TAO,74400,310,6.75
2020-06,Babushkinsky,SVAO,196400,818,6.75
2020-06,Khoroshyovsky,SAO,293700,1224,6.75
2020-06,Solntsevo,ZAO,220500,919,6.75
2020-06,Chertanovo Tsentralnoye,YuAO,198100,826,6.75
2020-06,Rostokino,SVAO,206200,859,6.75
2020-06,Bibirevo,SVAO,190800,795,6.75
2020-06,Troitsk,TAO,109500,456,6.75
2020-06,Tsaritsyno,YuAO,191100,796,6.75
2020-06,Presnensky,CAO,471900,1966,6.75
2020-06,Sokolinaya Gora,VAO,199500,831,6.75
2020-06,Severny,SVAO,167200,697,6.75
2020-06,Troparyovo-Nikulino,ZAO,295800,1233,6.75
2020-06,Gagarinsky,YuZAO,333400,1389,6.75
2020-06,Kievsky,TAO,76900,320,6.75
2020-06,Sokolniki,VAO,236100,984,6.75
2020-06,Severnoye Tushino,SZAO,237200,988,6.75
2020-06,Pervomayskoye,TAO,82900,345,6.75
2020-06,Yaroslavsky,SVAO,189700,790,6.75
2020-06,Krasnoselsky,CAO,368700,1536,6.75
2020-06,Khoroshyovo-Mnyovniki,SZAO,278900,1162,6.75
2020-06,Mozhaysky,ZAO,255000,1063,6.75
2020-06,Brateyevo,YuAO,165900,691,6.75
2020-06,Zelenograd,ZelAO,128600,536,6.75
2020-06,Timiryazevsky,SAO,240100,1001,6.75
2020-06,Chertanovo Severnoye,YuAO,197500,823,6.75
2020-06,Khamovniki,CAO,534400,2227,6.75
2020-06,Chertanovo Yuzhnoye,YuAO,177800,741,6.75
2020-06,Donskoy,YuAO,265100,1105,6.75
2020-06,Khovrino,SAO,199100,830,6.75
2020-06,Tverskoy,CAO,516300,2151,6.75
2020-06,Yuzhnoye Medvedkovo,SVAO,201300,839,6.75
2020-06,Orekhovo-Borisovo Yuzhnoye,YuAO,187500,781,6.75
2020-06,Otradnoye,SVAO,222500,927,6.75
2020-06,Akademichesky,YuZAO,307400,1281,6.75
2020-06,Severnoye Medvedkovo,SVAO,188500,786,6.75
2020-06,Biryulyovo Zapadnoye,YuAO,174700,728,6.75
2020-06,Alekseevsky,SVAO,256000,1066,6.75
2020-06,Orekhovo-Borisovo Severnoye,YuAO,171800,716,6.75
2020-06,Ochakovo-Matveyevskoye,ZAO,257300,1072,6.75
2020-06,Ramenki,ZAO,337100,1405,6.75
2020-06,Voronovskoye,TAO,83700,349,6.75
2020-06,Danilovsky,YuAO,239600,998,6.75
2020-06,Voskresenskoye,NAO,143300,597,6.75
2020-06,Yakimanka,CAO,483400,2014,6.75
2020-06,Veshnyaki,VAO,181800,757,6.75
2020-06,Altufyevsky,SVAO,183900,766,6.75
2020-06,Meshchansky,CAO,384700,1603,6.75
2020-06,Sokol,SAO,285400,1189,6.75
2020-06,Shchukino,SZAO,283900,1183,6.75
2020-06,Tagansky,CAO,383900,1600,6.75
2020-06,Dorogomilovo,ZAO,387100,1613,6.75
2020-06,Strogino,SZAO,289900,1208,6.75
2020-07,Marushkinskoye,NAO,119100,496,6.75
2020-07,Donskoy,YuAO,266400,1110,6.75
2020-07,Golyanovo,VAO,191200,797,6.75
2020-07,Meshchansky,CAO,411500,1714,6.75
2020-07,Yuzhnoye Butovo,YuZAO,211300,880,6.75
2020-07,Alekseevsky,SVAO,248800,1037,6.75
2020-07,Yuzhnoye Medvedkovo,SVAO,202100,842,6.75
2020-07,Khovrino,SAO,198600,827,6.75
2020-07,Chertanovo Yuzhnoye,YuAO,175500,731,6.75
2020-07,Kotlovka,YuZAO,271100,1130,6.75
2020-07,Solntsevo,ZAO,230600,961,6.75
2020-07,Maryina Roshcha,SVAO,238600,994,6.75
2020-07,Tverskoy,CAO,497200,2072,6.75
2020-07,Perovo,VAO,201600,840,6.75
2020-07,Shcherbinka,NAO,139000,579,6.75
2020-07,Sokolniki,VAO,243500,1015,6.75
2020-07,Nagorny,YuAO,225600,940,6.75
2020-07,Levoberezhny,SAO,207500,864,6.75
2020-07,Chertanovo Severnoye,YuAO,193200,805,6.75
2020-07,Severnoye Tushino,SZAO,225300,939,6.75
2020-07,Nagatino-Sadovniki,YuAO,222700,928,6.75
2020-07,Severnoye Medvedkovo,SVAO,195400,814,6.75
2020-07,Pervomayskoye,TAO,84900,354,6.75
2020-07,Kosino-Ukhtomsky,VAO,179400,748,6.75
2020-07,Golovinsky,SAO,208300,868,6.75
2020-07,Ramenki,ZAO,348300,1451,6.75
2020-07,Obruchevsky,YuZAO,287800,1199,6.75
2020-07,Mozhaysky,ZAO,267600,1115,6.75
2020-07,Khoroshyovo-Mnyovniki,SZAO,279000,1163,6.75
2020-07,Zelenograd,ZelAO,126800,528,6.75
2020-07,Sosenskoye,NAO,165600,690,6.75
2020-07,Moskvorechye-Saburovo,YuAO,198300,826,6.75
2020-07,Nagatinsky Zaton,YuAO,237800,991,6.75
2020-07,Tyoply Stan,YuZAO,233000,971,6.75
2020-07,Mosrentgen,NAO,160800,670,6.75
2020-07,Khoroshyovsky,SAO,296300,1235,6.75
2020-07,Troitsk,TAO,106900,445,6.75
2020-07,Chertanovo Tsentralnoye,YuAO,193800,807,6.75
2020-07,Filimonkovskoye,NAO,129600,540,6.75
2020-07,Voronovskoye,TAO,83200,347,6.75
2020-07,Kurkino,SZAO,262400,1093,6.75
2020-07,Voykovsky,SAO,237400,989,6.75
2020-07,Rostokino,SVAO,193800,807,6.75
2020-07,Strogino,SZAO,284900,1187,6.75
2020-07,Fili-Davydkovo,ZAO,285300,1189,6.75
2020-07,Ivanovskoye,VAO,187100,780,6.75
2020-07,Rogovskoye,TAO,79800,333,6.75
2020-07,Dmitrovsky,SAO,192700,803,6.75
2020-07,Lomonosovsky,YuZAO,331900,1383,6.75
2020-07,Moskovsky,NAO,156200,651,6.75
2020-07,Cheryomushki,YuZAO,271900,1133,6.75
2020-07,Severny,SVAO,180500,752,6.75
2020-07,Zapadnoye Degunino,SAO,196800,820,6.75
2020-07,Marfino,SVAO,198700,828,6.75
2020-07,Tagansky,CAO,376400,1568,6.75
2020-07,Novogireyevo,VAO,209400,872,6.75
2020-07,Orekhovo-Borisovo Yuzhnoye,YuAO,178600,744,6.75
2020-07,Beskudnikovsky,SAO,189600,790,6.75
2020-07,Prospekt Vernadskogo,ZAO,351500,1465,6.75
2020-07,Shchukino,SZAO,282600,1177,6.75
2020-07,Presnensky,CAO,493500,2056,6.75
2020-07,Basmanny,CAO,399700,1665,6.75
2020-07,Koptevo,SAO,210200,876,6.75
2020-07,Danilovsky,YuAO,246700,1028,6.75
2020-07,Biryulyovo Vostochnoye,YuAO,169600,707,6.75
2020-07,Lianozovo,SVAO,188500,785,6.75
2020-07,Novo-Peredelkino,ZAO,214200,892,6.75
2020-07,Losinoostrovsky,SVAO,197700,824,6.75
2020-07,Izmaylovo,VAO,222900,929,6.75
2020-07,Yuzhnoye Tushino,SZAO,232100,967,6.75
2020-07,Novokosino,VAO,184800,770,6.75
2020-07,Biryulyovo Zapadnoye,YuAO,172100,717,6.75
2020-07,Babushkinsky,SVAO,201700,840,6.75
2020-07,Shchapovskoye,TAO,84500,352,6.75
2020-07,Ochakovo-Matveyevskoye,ZAO,261100,1088,6.75
2020-07,Troparyovo-Nikulino,ZAO,313800,1307,6.75
2020-07,Dorogomilovo,ZAO,403900,1683,6.75
2020-07,Severnoye Izmaylovo,VAO,200300,835,6.75
2020-07,Bogorodskoye,VAO,201400,839,6.75
2020-07,Khamovniki,CAO,533700,2224,6.75
2020-07,Sokolinaya Gora,VAO,201100,838,6.75
2020-07,Yakimanka,CAO,483500,2014,6.75
2020-07,Altufyevsky,SVAO,186800,778,6.75
2020-07,Kievsky,TAO,78300,326,6.75
2020-07,Metrogorodok,VAO,184800,770,6.75
2020-07,Filyovsky Park,ZAO,324000,1350,6.75
2020-07,Molzhaninovsky,SAO,167700,699,6.75
2020-07,Sokol,SAO,266700,1111,6.75
2020-07,Orekhovo-Borisovo Severnoye,YuAO,172500,719,6.75
2020-07,Ostankinsky,SVAO,242100,1009,6.75
2020-07,Yasenevo,YuZAO,265600,1106,6.75
2020-07,Konkovo,YuZAO,259400,1081,6.75
2020-07,Gagarinsky,YuZAO,333700,1390,6.75
2020-07,Brateyevo,YuAO,181800,758,6.75
2020-07,Pokrovskoye-Streshnevo,SZAO,236700,986,6.75
2020-07,Zamoskvorechye,CAO,444800,1853,6.75
2020-07,Preobrazhenskoye,VAO,219000,912,6.75
2020-07,Ryazanovskoye,NAO,120600,503,6.75
2020-07,Otradnoye,SVAO,201800,841,6.75
2020-07,Vnukovskoye,NAO,157900,658,6.75
2020-07,Zyuzino,YuZAO,256400,1068,6.75
2020-07,Vnukovo,ZAO,204200,851,6.75
2020-07,Tsaritsyno,YuAO,190800,795,6.75
2020-07,Akademichesky,YuZAO,292700,1220,6.75
2020-07,Butyrsky,SVAO,231400,964,6.75
2020-07,Kuntsevo,ZAO,277200,1155,6.75
2020-07,Krasnopakhorskoye,TAO,91400,381,6.75
2020-07,Mitino,SZAO,229200,955,6.75
2020-07,Arbat,CAO,499300,2081,6.75
2020-07,Savyolovsky,SAO,271600,1131,6.75
2020-07,Begovoy,SAO,275500,1148,6.75
2020-07,Yaroslavsky,SVAO,195400,814,6.75
2020-07,Vostochnoye Izmaylovo,VAO,194600,811,6.75
2020-07,Krasnoselsky,CAO,380000,1583,6.75
2020-07,Krylatskoye,SZAO,316100,1317,6.75
2020-07,Severnoye Butovo,YuZAO,221700,924,6.75
2020-07,Mikhaylovo-Yartsevskoye,TAO,82500,344,6.75
2020-07,Desyonovskoye,NAO,146900,612,6.75
2020-07,Timiryazevsky,SAO,237700,991,6.75
2020-07,Bibirevo,SVAO,193800,807,6.75
2020-07,Zyablikovo,YuAO,178100,742,6.75
2020-07,Kokoshkino,NAO,120800,504,6.75
2020-07,Novofyodorovskoye,TAO,74400,310,6.75
2020-07,Voskresenskoye,NAO,150000,625,6.75
2020-07,Klyonovskoye,TAO,77200,322,6.75
2020-07,Veshnyaki,VAO,179200,747,6.75
2020-07,Aeroport,SAO,253300,1055,6.75
2020-07,Vostochny,VAO,170100,709,6.75
2020-07,Sviblovo,SVAO,196200,817,6.75
2020-08,Sviblovo,SVAO,209000,871,6.75
2020-08,Vnukovo,ZAO,202800,845,6.75
2020-08,Tsaritsyno,YuAO,191300,797,6.75
2020-08,Novofyodorovskoye,TAO,79900,333,6.75
2020-08,Zamoskvorechye,CAO,458600,1911,6.75
2020-08,Troparyovo-Nikulino,ZAO,294100,1225,6.75
2020-08,Zapadnoye Degunino,SAO,192200,801,6.75
2020-08,Khoroshyovsky,SAO,276200,1151,6.75
2020-08,Fili-Davydkovo,ZAO,302800,1261,6.75
2020-08,Marfino,SVAO,216400,902,6.75
2020-08,Tagansky,CAO,403000,1679,6.75
2020-08,Dmitrovsky,SAO,183100,763,6.75
2020-08,Sokol,SAO,283800,1183,6.75
2020-08,Severny,SVAO,172300,718,6.75
2020-08,Aeroport,SAO,249400,1039,6.75
2020-08,Lomonosovsky,YuZAO,363400,1514,6.75
2020-08,Cheryomushki,YuZAO,285700,1190,6.75
2020-08,Bogorodskoye,VAO,200500,835,6.75
2020-08,Sokolinaya Gora,VAO,204800,853,6.75
2020-08,Moskovsky,NAO,155000,646,6.75
2020-08,Mikhaylovo-Yartsevskoye,TAO,82600,344,6.75
2020-08,Dorogomilovo,ZAO,404400,1685,6.75
2020-08,Severnoye Izmaylovo,VAO,201500,840,6.75
2020-08,Gagarinsky,YuZAO,355100,1480,6.75
2020-08,Meshchansky,CAO,389700,1624,6.75
2020-08,Danilovsky,YuAO,268600,1119,6.75
2020-08,Voskresenskoye,NAO,151100,629,6.75
2020-08,Ramenki,ZAO,373500,1556,6.75
2020-08,Mosrentgen,NAO,163500,681,6.75
2020-08,Obruchevsky,YuZAO,289900,1208,6.75
2020-08,Nagatinsky Zaton,YuAO,238200,992,6.75
2020-08,Altufyevsky,SVAO,197600,823,6.75
2020-08,Sosenskoye,NAO,160900,670,6.75
2020-08,Alekseevsky,SVAO,254900,1062,6.75
2020-08,Savyolovsky,SAO,267700,1115,6.75
2020-08,Severnoye Medvedkovo,SVAO,203700,849,6.75
2020-08,Zyablikovo,YuAO,181100,755,6.75
2020-08,Chertanovo Severnoye,YuAO,198300,826,6.75
2020-08,Nagatino-Sadovniki,YuAO,223100,929,6.75
2020-08,Ochakovo-Matveyevskoye,ZAO,259900,1083,6.75
2020-08,Kurkino,SZAO,271400,1131,6.75
2020-08,Rogovskoye,TAO,79900,333,6.75
2020-08,Zyuzino,YuZAO,268400,1118,6.75
2020-08,Strogino,SZAO,302700,1261,6.75
2020-08,Voykovsky,SAO,226400,943,6.75
2020-08,Voronovskoye,TAO,78900,329,6.75
2020-08,Ryazanovskoye,NAO,127900,533,6.75
2020-08,Pokrovskoye-Streshnevo,SZAO,247900,1033,6.75
2020-08,Presnensky,CAO,493900,2058,6.75
2020-08,Orekhovo-Borisovo Severnoye,YuAO,184300,768,6.75
2020-08,Biryulyovo Zapadnoye,YuAO,179900,750,6.75
2020-08,Izmaylovo,VAO,218800,912,6.75
2020-08,Ostankinsky,SVAO,256400,1069,6.75
2020-08,Tyoply Stan,YuZAO,240000,1000,6.75
2020-08,Novogireyevo,VAO,194900,812,6.75
2020-08,Yakimanka,CAO,539400,2248,6.75
2020-08,Shchukino,SZAO,287900,1200,6.75
2020-08,Donskoy,YuAO,265500,1106,6.75
2020-08,Shcherbinka,NAO,149400,623,6.75
2020-08,Solntsevo,ZAO,235900,983,6.75
2020-08,Maryina Roshcha,SVAO,242000,1008,6.75
2020-08,Metrogorodok,VAO,194800,812,6.75
2020-08,Konkovo,YuZAO,248400,1035,6.75
2020-08,Chertanovo Yuzhnoye,YuAO,183000,763,6.75
2020-08,Khamovniki,CAO,546600,2278,6.75
2020-08,Golyanovo,VAO,180900,754,6.75
2020-08,Khoroshyovo-Mnyovniki,SZAO,285300,1189,6.75
2020-08,Moskvorechye-Saburovo,YuAO,193200,805,6.75
2020-08,Filyovsky Park,ZAO,326800,1362,6.75
2020-08,Kievsky,TAO,78000,325,6.75
2020-08,Kotlovka,YuZAO,277300,1155,6.75
2020-08,Khovrino,SAO,200100,834,6.75
2020-08,Tverskoy,CAO,499900,2083,6.75
2020-08,Yasenevo,YuZAO,267300,1114,6.75
2020-08,Pervomayskoye,TAO,84900,354,6.75
2020-08,Marushkinskoye,NAO,121700,507,6.75
2020-08,Veshnyaki,VAO,188900,787,6.75
2020-08,Yaroslavsky,SVAO,195800,816,6.75
2020-08,Severnoye Butovo,YuZAO,232300,968,6.75
2020-08,Kokoshkino,NAO,128700,536,6.75
2020-08,Nagorny,YuAO,214300,893,6.75
2020-08,Sokolniki,VAO,239900,1000,6.75
2020-08,Levoberezhny,SAO,210300,876,6.75
2020-08,Krasnoselsky,CAO,377800,1574,6.75
2020-08,Begovoy,SAO,268300,1118,6.75
2020-08,Severnoye Tushino,SZAO,230400,960,6.75
2020-08,Kosino-Ukhtomsky,VAO,166100,692,6.75
2020-08,Rostokino,SVAO,216400,902,6.75
2020-08,Yuzhnoye Butovo,YuZAO,206700,861,6.75
2020-08,Perovo,VAO,202000,842,6.75
2020-08,Timiryazevsky,SAO,252000,1050,6.75
2020-08,Mozhaysky,ZAO,262900,1096,6.75
2020-08,Golovinsky,SAO,203300,847,6.75
2020-08,Zelenograd,ZelAO,136500,569,6.75
2020-08,Mitino,SZAO,226500,944,6.75
2020-08,Vostochny,VAO,171900,716,6.75
2020-08,Klyonovskoye,TAO,77300,322,6.75
2020-08,Vnukovskoye,NAO,158700,661,6.75
2020-08,Novo-Peredelkino,ZAO,215100,896,6.75
2020-08,Otradnoye,SVAO,213300,889,6.75
2020-08,Krylatskoye,SZAO,331600,1382,6.75
2020-08,Yuzhnoye Tushino,SZAO,239300,997,6.75
2020-08,Novokosino,VAO,194700,811,6.75
2020-08,Molzhaninovsky,SAO,164700,686,6.75
2020-08,Troitsk,TAO,114100,475,6.75
2020-08,Babushkinsky,SVAO,200800,837,6.75
2020-08,Losinoostrovsky,SVAO,197000,821,6.75
2020-08,Ivanovskoye,VAO,190200,792,6.75
2020-08,Arbat,CAO,531700,2215,6.75
2020-08,Shchapovskoye,TAO,82000,342,6.75
2020-08,Vostochnoye Izmaylovo,VAO,214300,893,6.75
2020-08,Chertanovo Tsentralnoye,YuAO,195700,815,6.75
2020-08,Filimonkovskoye,NAO,136700,570,6.75
2020-08,Desyonovskoye,NAO,147800,616,6.75
2020-08,Bibirevo,SVAO,197600,823,6.75
2020-08,Biryulyovo Vostochnoye,YuAO,177700,740,6.75
2020-08,Prospekt Vernadskogo,ZAO,335600,1398,6.75
2020-08,Yuzhnoye Medvedkovo,SVAO,199000,829,6.75
2020-08,Brateyevo,YuAO,174400,727,6.75
2020-08,Kuntsevo,ZAO,283900,1183,6.75
2020-08,Lianozovo,SVAO,196800,820,6.75
2020-08,Butyrsky,SVAO,237400,989,6.75
2020-08,Orekhovo-Borisovo Yuzhnoye,YuAO,190000,792,6.75
2020-08,Beskudnikovsky,SAO,193300,805,6.75
2020-08,Basmanny,CAO,398500,1661,6.75
2020-08,Koptevo,SAO,224400,935,6.75
2020-08,Krasnopakhorskoye,TAO,95500,398,6.75
2020-08,Akademichesky,YuZAO,301000,1254,6.75
2020-08,Preobrazhenskoye,VAO,225100,938,6.75
2020-09,Krylatskoye,SZAO,331700,1382,6.75
2020-09,Losinoostrovsky,SVAO,212900,887,6.75
2020-09,Severnoye Butovo,YuZAO,238700,995,6.75
2020-09,Khoroshyovo-Mnyovniki,SZAO,303900,1266,6.75
2020-09,Dmitrovsky,SAO,194400,810,6.75
2020-09,Prospekt Vernadskogo,ZAO,355700,1482,6.75
2020-09,Altufyevsky,SVAO,197600,823,6.75
2020-09,Sviblovo,SVAO,209900,875,6.75
2020-09,Kosino-Ukhtomsky,VAO,183700,766,6.75
2020-09,Marushkinskoye,NAO,123300,514,6.75
2020-09,Ryazanovskoye,NAO,123900,516,6.75
2020-09,Vnukovskoye,NAO,171900,716,6.75
2020-09,Yuzhnoye Butovo,YuZAO,208900,870,6.75
2020-09,Severnoye Tushino,SZAO,237500,990,6.75
2020-09,Levoberezhny,SAO,208800,870,6.75
2020-09,Otradnoye,SVAO,215800,899,6.75
2020-09,Kokoshkino,NAO,128100,534,6.75
2020-09,Yaroslavsky,SVAO,205200,855,6.75
2020-09,Timiryazevsky,SAO,240300,1001,6.75
2020-09,Vostochny,VAO,177200,739,6.75
2020-09,Mitino,SZAO,218900,912,6.75
2020-09,Maryina Roshcha,SVAO,241500,1006,6.75
2020-09,Filyovsky Park,ZAO,338700,1411,6.75
2020-09,Yasenevo,YuZAO,265000,1104,6.75
2020-09,Kuntsevo,ZAO,297600,1240,6.75
2020-09,Butyrsky,SVAO,240200,1001,6.75
2020-09,Mozhaysky,ZAO,283400,1181,6.75
2020-09,Molzhaninovsky,SAO,174500,727,6.75
2020-09,Vostochnoye Izmaylovo,VAO,204300,851,6.75
2020-09,Desyonovskoye,NAO,156000,650,6.75
2020-09,Bogorodskoye,VAO,213500,889,6.75
2020-09,Bibirevo,SVAO,202200,842,6.75
2020-09,Sokol,SAO,270500,1127,6.75
2020-09,Vnukovo,ZAO,208100,867,6.75
2020-09,Troparyovo-Nikulino,ZAO,314600,1311,6.75
2020-09,Pokrovskoye-Streshnevo,SZAO,262300,1093,6.75
2020-09,Dorogomilovo,ZAO,428700,1786,6.75
2020-09,Ostankinsky,SVAO,261800,1091,6.75
2020-09,Voskresenskoye,NAO,151000,629,6.75
2020-09,Savyolovsky,SAO,258700,1078,6.75
2020-09,Veshnyaki,VAO,190900,796,6.75
2020-09,Rostokino,SVAO,213800,891,6.75
2020-09,Alekseevsky,SVAO,256000,1067,6.75
2020-09,Mosrentgen,NAO,164500,685,6.75
2020-09,Ramenki,ZAO,345300,1439,6.75
2020-09,Strogino,SZAO,287400,1198,6.75
2020-09,Shchukino,SZAO,287200,1197,6.75
2020-09,Ochakovo-Matveyevskoye,ZAO,262100,1092,6.75
2020-09,Izmaylovo,VAO,231400,964,6.75
2020-09,Kurkino,SZAO,276700,1153,6.75
2020-09,Zapadnoye Degunino,SAO,202300,843,6.75
2020-09,Moskovsky,NAO,170700,711,6.75
2020-09,Severny,SVAO,173100,721,6.75
2020-09,Khoroshyovsky,SAO,302900,1262,6.75
2020-09,Marfino,SVAO,215500,898,6.75
2020-09,Fili-Davydkovo,ZAO,323700,1349,6.75
2020-09,Severnoye Medvedkovo,SVAO,213700,890,6.75
2020-09,Ivanovskoye,VAO,202000,842,6.75
2020-09,Babushkinsky,SVAO,213100,888,6.75
2020-09,Yuzhnoye Tushino,SZAO,237800,991,6.75
2020-09,Novo-Peredelkino,ZAO,224600,936,6.75
2020-09,Cheryomushki,YuZAO,292100,1217,6.75
2020-09,Koptevo,SAO,226000,942,6.75
2020-09,Lianozovo,SVAO,194000,808,6.75
2020-09,Yuzhnoye Medvedkovo,SVAO,197700,824,6.75
2020-09,Khovrino,SAO,194400,810,6.75
2020-09,Golyanovo,VAO,183600,765,6.75
2020-09,Tyoply Stan,YuZAO,250800,1045,6.75
2020-09,Solntsevo,ZAO,227200,947,6.75
2020-09,Zelenograd,ZelAO,133100,555,6.75
2020-09,Novokosino,VAO,188700,786,6.75
2020-09,Filimonkovskoye,NAO,142300,593,6.75
2020-09,Basmanny,CAO,407200,1697,6.75
2020-09,Konkovo,YuZAO,260900,1087,6.75
2020-09,Zyuzino,YuZAO,276200,1151,6.75
2020-09,Sosenskoye,NAO,163800,683,6.75
2020-09,Obruchevsky,YuZAO,298400,1244,6.75
2020-09,Voronovskoye,TAO,83300,347,6.75
2020-09,Tverskoy,CAO,509300,2122,6.75
2020-09,Mikhaylovo-Yartsevskoye,TAO,84500,352,6.75
2020-09,Severnoye Izmaylovo,VAO,207700,865,6.75
2020-09,Lomonosovsky,YuZAO,330300,1376,6.75
2020-09,Begovoy,SAO,289300,1206,6.75
2020-09,Meshchansky,CAO,419200,1746,6.75
2020-09,Rogovskoye,TAO,79200,330,6.75
2020-09,Tagansky,CAO,396000,1650,6.75
2020-09,Kievsky,TAO,73200,305,6.75
2020-09,Krasnoselsky,CAO,388600,1619,6.75
2020-09,Shchapovskoye,TAO,81700,341,6.75
2020-09,Chertanovo Severnoye,YuAO,205100,855,6.75
2020-09,Metrogorodok,VAO,186300,776,6.75
2020-09,Brateyevo,YuAO,185600,774,6.75
2020-09,Danilovsky,YuAO,269100,1121,6.75
2020-09,Nagatino-Sadovniki,YuAO,235900,983,6.75
2020-09,Biryulyovo Vostochnoye,YuAO,175700,732,6.75
2020-09,Voykovsky,SAO,238000,992,6.75
2020-09,Nagatinsky Zaton,YuAO,238500,994,6.75
2020-09,Akademichesky,YuZAO,307100,1280,6.75
2020-09,Pervomayskoye,TAO,88200,367,6.75
2020-09,Biryulyovo Zapadnoye,YuAO,182600,761,6.75
2020-09,Moskvorechye-Saburovo,YuAO,208600,869,6.75
2020-09,Presnensky,CAO,506000,2108,6.75
2020-09,Khamovniki,CAO,579400,2414,6.75
2020-09,Preobrazhenskoye,VAO,226800,945,6.75
2020-09,Aeroport,SAO,273500,1139,6.75
2020-09,Zyablikovo,YuAO,183500,765,6.75
2020-09,Krasnopakhorskoye,TAO,96900,404,6.75
2020-09,Novofyodorovskoye,TAO,83100,346,6.75
2020-09,Novogireyevo,VAO,223200,930,6.75
2020-09,Orekhovo-Borisovo Severnoye,YuAO,185400,773,6.75
2020-09,Nagorny,YuAO,235700,982,6.75
2020-09,Arbat,CAO,530700,2211,6.75
2020-09,Chertanovo Tsentralnoye,YuAO,193000,804,6.75
2020-09,Yakimanka,CAO,510900,2129,6.75
2020-09,Beskudnikovsky,SAO,197600,823,6.75
2020-09,Perovo,VAO,201200,838,6.75
2020-09,Shcherbinka,NAO,151200,630,6.75
2020-09,Sokolniki,VAO,257900,1074,6.75
2020-09,Golovinsky,SAO,213700,891,6.75
2020-09,Donskoy,YuAO,271500,1131,6.75
2020-09,Klyonovskoye,TAO,78900,329,6.75
2020-09,Sokolinaya Gora,VAO,213300,889,6.75
2020-09,Orekhovo-Borisovo Yuzhnoye,YuAO,178700,745,6.75
2020-09,Tsaritsyno,YuAO,201900,841,6.75
2020-09,Gagarinsky,YuZAO,362400,1510,6.75
2020-09,Chertanovo Yuzhnoye,YuAO,190300,793,6.75
2020-09,Zamoskvorechye,CAO,459200,1913,6.75
2020-09,Troitsk,TAO,111800,466,6.75
2020-09,Kotlovka,YuZAO,276500,1152,6.75
2020-10,Novofyodorovskoye,TAO,84000,350,6.75
2020-10,Marushkinskoye,NAO,124400,518,6.75
2020-10,Meshchansky,CAO,411200,1714,6.75
2020-10,Kotlovka,YuZAO,283700,1182,6.75
2020-10,Yuzhnoye Butovo,YuZAO,220300,918,6.75
2020-10,Perovo,VAO,203000,846,6.75
2020-10,Moskovsky,NAO,156300,651,6.75
2020-10,Krasnopakhorskoye,TAO,94200,393,6.75
2020-10,Otradnoye,SVAO,206000,858,6.75
2020-10,Lomonosovsky,YuZAO,347400,1448,6.75
2020-10,Ramenki,ZAO,358200,1492,6.75
2020-10,Preobrazhenskoye,VAO,238700,995,6.75
2020-10,Klyonovskoye,TAO,79600,332,6.75
2020-10,Khamovniki,CAO,569400,2373,6.75
2020-10,Yuzhnoye Medvedkovo,SVAO,228900,954,6.75
2020-10,Shcherbinka,NAO,153400,639,6.75
2020-10,Basmanny,CAO,405300,1689,6.75
2020-10,Pervomayskoye,TAO,86600,361,6.75
2020-10,Molzhaninovsky,SAO,174300,726,6.75
2020-10,Nagatinsky Zaton,YuAO,238700,995,6.75
2020-10,Sviblovo,SVAO,211900,883,6.75
2020-10,Kuntsevo,ZAO,291700,1216,6.75
2020-10,Akademichesky,YuZAO,320200,1334,6.75
2020-10,Tyoply Stan,YuZAO,257900,1075,6.75
2020-10,Golyanovo,VAO,197700,824,6.75
2020-10,Zamoskvorechye,CAO,459900,1916,6.75
2020-10,Rostokino,SVAO,211200,880,6.75
2020-10,Ochakovo-Matveyevskoye,ZAO,260500,1085,6.75
2020-10,Zyablikovo,YuAO,189100,788,6.75
2020-10,Vostochny,VAO,180600,753,6.75
2020-10,Timiryazevsky,SAO,250100,1042,6.75
2020-10,Tverskoy,CAO,525700,2190,6.75
2020-10,Cheryomushki,YuZAO,271000,1129,6.75
2020-10,Begovoy,SAO,293200,1222,6.75
2020-10,Strogino,SZAO,298100,1242,6.75
2020-10,Kokoshkino,NAO,133100,554,6.75
2020-10,Altufyevsky,SVAO,196500,819,6.75
2020-10,Ostankinsky,SVAO,259700,1082,6.75
2020-10,Kievsky,TAO,80100,334,6.75
2020-10,Koptevo,SAO,217600,907,6.75
2020-10,Troparyovo-Nikulino,ZAO,321900,1341,6.75
2020-10,Butyrsky,SVAO,246600,1028,6.75
2020-10,Marfino,SVAO,224100,934,6.75
2020-10,Krasnoselsky,CAO,405000,1687,6.75
2020-10,Yaroslavsky,SVAO,214800,895,6.75
2020-10,Shchapovskoye,TAO,86200,359,6.75
2020-10,Mozhaysky,ZAO,271200,1130,6.75
2020-10,Zelenograd,ZelAO,133000,554,6.75
2020-10,Yasenevo,YuZAO,273800,1141,6.75
2020-10,Filimonkovskoye,NAO,139200,580,6.75
2020-10,Fili-Davydkovo,ZAO,320400,1335,6.75
2020-10,Tsaritsyno,YuAO,196400,818,6.75
2020-10,Konkovo,YuZAO,276700,1153,6.75
2020-10,Lianozovo,SVAO,197900,825,6.75
2020-10,Ivanovskoye,VAO,193200,805,6.75
2020-10,Khovrino,SAO,206100,859,6.75
2020-10,Kurkino,SZAO,287600,1198,6.75
2020-10,Voronovskoye,TAO,84900,354,6.75
2020-10,Biryulyovo Zapadnoye,YuAO,178100,742,6.75
2020-10,Shchukino,SZAO,294300,1226,6.75
2020-10,Levoberezhny,SAO,222300,926,6.75
2020-10,Sokolniki,VAO,254600,1061,6.75
2020-10,Chertanovo Yuzhnoye,YuAO,192500,802,6.75
2020-10,Beskudnikovsky,SAO,202000,842,6.75
2020-10,Novokosino,VAO,209000,871,6.75
2020-10,Orekhovo-Borisovo Severnoye,YuAO,186600,778,6.75
2020-10,Savyolovsky,SAO,276600,1152,6.75
2020-10,Severnoye Izmaylovo,VAO,201300,839,6.75
2020-10,Obruchevsky,YuZAO,294700,1228,6.75
2020-10,Sosenskoye,NAO,163700,682,6.75
2020-10,Pokrovskoye-Streshnevo,SZAO,260500,1085,6.75
2020-10,Zyuzino,YuZAO,273700,1140,6.75
2020-10,Donskoy,YuAO,268600,1119,6.75
2020-10,Gagarinsky,YuZAO,370500,1544,6.75
2020-10,Voskresenskoye,NAO,168400,701,6.75
2020-10,Krylatskoye,SZAO,342500,1427,6.75
2020-10,Khoroshyovo-Mnyovniki,SZAO,293700,1224,6.75
2020-10,Mosrentgen,NAO,173100,721,6.75
2020-10,Filyovsky Park,ZAO,343700,1432,6.75
2020-10,Losinoostrovsky,SVAO,214200,893,6.75
2020-10,Yuzhnoye Tushino,SZAO,241600,1007,6.75
2020-10,Vnukovo,ZAO,219900,916,6.75
2020-10,Nagorny,YuAO,231600,965,6.75
2020-10,Chertanovo Severnoye,YuAO,203300,847,6.75
2020-10,Sokol,SAO,281200,1172,6.75
2020-10,Veshnyaki,VAO,189700,790,6.75
2020-10,Metrogorodok,VAO,186000,775,6.75
2020-10,Dmitrovsky,SAO,187700,782,6.75
2020-10,Orekhovo-Borisovo Yuzhnoye,YuAO,200000,833,6.75
2020-10,Sokolinaya Gora,VAO,207400,864,6.75
2020-10,Arbat,CAO,551200,2297,6.75
2020-10,Bibirevo,SVAO,210100,875,6.75
2020-10,Severnoye Butovo,YuZAO,237100,988,6.75
2020-10,Golovinsky,SAO,213000,888,6.75
2020-10,Maryina Roshcha,SVAO,254400,1060,6.75
2020-10,Prospekt Vernadskogo,ZAO,346300,1443,6.75
2020-10,Tagansky,CAO,411200,1713,6.75
2020-10,Rogovskoye,TAO,81100,338,6.75
2020-10,Kosino-Ukhtomsky,VAO,176400,735,6.75
2020-10,Mitino,SZAO,237300,989,6.75
2020-10,Bogorodskoye,VAO,216300,901,6.75
2020-10,Novogireyevo,VAO,214200,892,6.75
2020-10,Biryulyovo Vostochnoye,YuAO,177200,738,6.75
2020-10,Vnukovskoye,NAO,164600,686,6.75
2020-10,Dorogomilovo,ZAO,430500,1794,6.75
2020-10,Brateyevo,YuAO,181400,756,6.75
2020-10,Severny,SVAO,177700,741,6.75
2020-10,Mikhaylovo-Yartsevskoye,TAO,84300,351,6.75
2020-10,Khoroshyovsky,SAO,301100,1254,6.75
2020-10,Chertanovo Tsentralnoye,YuAO,206700,861,6.75
2020-10,Voykovsky,SAO,238500,994,6.75
2020-10,Desyonovskoye,NAO,156500,652,6.75
2020-10,Danilovsky,YuAO,264800,1103,6.75
2020-10,Moskvorechye-Saburovo,YuAO,200400,835,6.75
2020-10,Yakimanka,CAO,514600,2144,6.75
2020-10,Izmaylovo,VAO,226900,946,6.75
2020-10,Ryazanovskoye,NAO,135100,563,6.75
2020-10,Vostochnoye Izmaylovo,VAO,210800,878,6.75
2020-10,Alekseevsky,SVAO,246000,1025,6.75
2020-10,Presnensky,CAO,519800,2166,6.75
2020-10,Babushkinsky,SVAO,220300,918,6.75
2020-10,Zapadnoye Degunino,SAO,206800,862,6.75
2020-10,Troitsk,TAO,110400,460,6.75
2020-10,Solntsevo,ZAO,243800,1016,6.75
2020-10,Severnoye Tushino,SZAO,244000,1017,6.75
2020-10,Aeroport,SAO,260500,1086,6.75
2020-10,Nagatino-Sadovniki,YuAO,234100,976,6.75
2020-10,Novo-Peredelkino,ZAO,221800,924,6.75
2020-10,Severnoye Medvedkovo,SVAO,206300,859,6.75
2020-11,Fili-Davydkovo,ZAO,302500,1260,6.75
2020-11,Shchapovskoye,TAO,85000,354,6.75
2020-11,Klyonovskoye,TAO,83900,349,6.75
2020-11,Prospekt Vernadskogo,ZAO,358700,1495,6.75
2020-11,Voskresenskoye,NAO,152600,636,6.75
2020-11,Mikhaylovo-Yartsevskoye,TAO,87500,365,6.75
2020-11,Dorogomilovo,ZAO,429900,1791,6.75
2020-11,Presnensky,CAO,508800,2120,6.75
2020-11,Sokolniki,VAO,249300,1039,6.75
2020-11,Levoberezhny,SAO,222300,926,6.75
2020-11,Shcherbinka,NAO,154900,646,6.75
2020-11,Perovo,VAO,210400,877,6.75
2020-11,Gagarinsky,YuZAO,358800,1495,6.75
2020-11,Tsaritsyno,YuAO,201200,838,6.75
2020-11,Yuzhnoye Butovo,YuZAO,221600,923,6.75
2020-11,Yakimanka,CAO,518900,2162,6.75
2020-11,Maryina Roshcha,SVAO,258600,1078,6.75
2020-11,Zamoskvorechye,CAO,465400,1939,6.75
2020-11,Troitsk,TAO,112700,470,6.75
2020-11,Otradnoye,SVAO,213900,891,6.75
2020-11,Molzhaninovsky,SAO,175500,731,6.75
2020-11,Basmanny,CAO,425000,1771,6.75
2020-11,Vnukovo,ZAO,215400,897,6.75
2020-11,Alekseevsky,SVAO,270500,1127,6.75
2020-11,Yasenevo,YuZAO,264100,1100,6.75
2020-11,Novofyodorovskoye,TAO,82100,342,6.75
2020-11,Krasnopakhorskoye,TAO,94000,392,6.75
2020-11,Aeroport,SAO,282500,1177,6.75
2020-11,Preobrazhenskoye,VAO,238000,992,6.75
2020-11,Butyrsky,SVAO,242200,1009,6.75
2020-11,Desyonovskoye,NAO,161600,673,6.75
2020-11,Nagorny,YuAO,245300,1022,6.75
2020-11,Khamovniki,CAO,568400,2368,6.75
2020-11,Kuntsevo,ZAO,295100,1230,6.75
2020-11,Vnukovskoye,NAO,170600,711,6.75
2020-11,Sviblovo,SVAO,213100,888,6.75
2020-11,Severnoye Medvedkovo,SVAO,213800,891,6.75
2020-11,Brateyevo,YuAO,182500,760,6.75
2020-11,Moskvorechye-Saburovo,YuAO,211900,883,6.75
2020-11,Zyuzino,YuZAO,276400,1152,6.75
2020-11,Akademichesky,YuZAO,328600,1369,6.75
2020-11,Vostochnoye Izmaylovo,VAO,218000,908,6.75
2020-11,Timiryazevsky,SAO,247200,1030,6.75
2020-11,Yaroslavsky,SVAO,205500,856,6.75
2020-11,Veshnyaki,VAO,197600,823,6.75
2020-11,Troparyovo-Nikulino,ZAO,319400,1331,6.75
2020-11,Bibirevo,SVAO,212400,885,6.75
2020-11,Vostochny,VAO,175800,732,6.75
2020-11,Filyovsky Park,ZAO,336200,1401,6.75
2020-11,Altufyevsky,SVAO,198200,826,6.75
2020-11,Chertanovo Severnoye,YuAO,215300,897,6.75
2020-11,Kokoshkino,NAO,133600,557,6.75
2020-11,Mitino,SZAO,241600,1006,6.75
2020-11,Sokol,SAO,293200,1222,6.75
2020-11,Begovoy,SAO,285300,1189,6.75
2020-11,Bogorodskoye,VAO,222500,927,6.75
2020-11,Sokolinaya Gora,VAO,218900,912,6.75
2020-11,Savyolovsky,SAO,296200,1234,6.75
2020-11,Severnoye Izmaylovo,VAO,220700,919,6.75
2020-11,Khoroshyovo-Mnyovniki,SZAO,294700,1228,6.75
2020-11,Kievsky,TAO,77700,324,6.75
2020-11,Lianozovo,SVAO,197200,822,6.75
2020-11,Konkovo,YuZAO,273800,1141,6.75
2020-11,Yuzhnoye Medvedkovo,SVAO,214600,894,6.75
2020-11,Izmaylovo,VAO,236800,987,6.75
2020-11,Novogireyevo,VAO,219400,914,6.75
2020-11,Danilovsky,YuAO,276600,1153,6.75
2020-11,Biryulyovo Vostochnoye,YuAO,184700,770,6.75
2020-11,Voykovsky,SAO,237200,988,6.75
2020-11,Nagatino-Sadovniki,YuAO,232400,968,6.75
2020-11,Zapadnoye Degunino,SAO,199400,831,6.75
2020-11,Zyablikovo,YuAO,182300,760,6.75
2020-11,Tyoply Stan,YuZAO,254100,1059,6.75
2020-11,Ochakovo-Matveyevskoye,ZAO,268200,1118,6.75
2020-11,Rostokino,SVAO,225600,940,6.75
2020-11,Nagatinsky Zaton,YuAO,239500,998,6.75
2020-11,Pervomayskoye,TAO,88800,370,6.75
2020-11,Novo-Peredelkino,ZAO,224900,937,6.75
2020-11,Moskovsky,NAO,166600,694,6.75
2020-11,Lomonosovsky,YuZAO,348800,1453,6.75
2020-11,Kurkino,SZAO,283500,1181,6.75
2020-11,Filimonkovskoye,NAO,144300,601,6.75
2020-11,Voronovskoye,TAO,87200,363,6.75
2020-11,Khovrino,SAO,204000,850,6.75
2020-11,Ivanovskoye,VAO,203300,847,6.75
2020-11,Novokosino,VAO,199700,832,6.75
2020-11,Tverskoy,CAO,508400,2118,6.75
2020-11,Cheryomushki,YuZAO,288600,1202,6.75
2020-11,Strogino,SZAO,310400,1294,6.75
2020-11,Ostankinsky,SVAO,262100,1092,6.75
2020-11,Orekhovo-Borisovo Yuzhnoye,YuAO,188000,783,6.75
2020-11,Severny,SVAO,182300,760,6.75
2020-11,Ryazanovskoye,NAO,133900,558,6.75
2020-11,Khoroshyovsky,SAO,287900,1200,6.75
2020-11,Chertanovo Tsentralnoye,YuAO,204900,854,6.75
2020-11,Solntsevo,ZAO,244900,1020,6.75
2020-11,Krylatskoye,SZAO,355600,1482,6.75
2020-11,Donskoy,YuAO,280500,1169,6.75
2020-11,Kosino-Ukhtomsky,VAO,191700,799,6.75
2020-11,Golovinsky,SAO,215800,899,6.75
2020-11,Arbat,CAO,565400,2356,6.75
2020-11,Metrogorodok,VAO,183400,764,6.75
2020-11,Dmitrovsky,SAO,196800,820,6.75
2020-11,Golyanovo,VAO,190200,792,6.75
2020-11,Tagansky,CAO,417100,1738,6.75
2020-11,Severnoye Butovo,YuZAO,241700,1007,6.75
2020-11,Rogovskoye,TAO,82400,343,6.75
2020-11,Pokrovskoye-Streshnevo,SZAO,252900,1054,6.75
2020-11,Losinoostrovsky,SVAO,208700,870,6.75
2020-11,Obruchevsky,YuZAO,304500,1269,6.75
2020-11,Sosenskoye,NAO,156800,653,6.75
2020-11,Orekhovo-Borisovo Severnoye,YuAO,188000,783,6.75
2020-11,Mosrentgen,NAO,166300,693,6.75
2020-11,Yuzhnoye Tushino,SZAO,261200,1089,6.75
2020-11,Babushkinsky,SVAO,213800,891,6.75
2020-11,Severnoye Tushino,SZAO,242000,1008,6.75
2020-11,Koptevo,SAO,231600,965,6.75
2020-11,Meshchansky,CAO,429800,1791,6.75
2020-11,Zelenograd,ZelAO,144600,602,6.75
2020-11,Biryulyovo Zapadnoye,YuAO,183600,765,6.75
2020-11,Mozhaysky,ZAO,280400,1168,6.75
2020-11,Krasnoselsky,CAO,400600,1669,6.75
2020-11,Ramenki,ZAO,378600,1577,6.75
2020-11,Marfino,SVAO,213000,888,6.75
2020-11,Shchukino,SZAO,302200,1259,6.75
2020-11,Marushkinskoye,NAO,131600,548,6.75
2020-11,Kotlovka,YuZAO,291800,1216,6.75
2020-11,Beskudnikovsky,SAO,203600,848,6.75
2020-11,Chertanovo Yuzhnoye,YuAO,185900,774,6.75
2020-12,Severnoye Tushino,SZAO,251000,1046,6.75
2020-12,Severnoye Butovo,YuZAO,243000,1013,6.75
2020-12,Perovo,VAO,213300,889,6.75
2020-12,Nagorny,YuAO,243400,1014,6.75
2020-12,Ramenki,ZAO,364600,1519,6.75
2020-12,Rogovskoye,TAO,80500,336,6.75
2020-12,Savyolovsky,SAO,282800,1178,6.75
2020-12,Losinoostrovsky,SVAO,214700,895,6.75
2020-12,Sokolinaya Gora,VAO,216600,902,6.75
2020-12,Zelenograd,ZelAO,144900,604,6.75
2020-12,Pokrovskoye-Streshnevo,SZAO,266200,1109,6.75
2020-12,Khoroshyovo-Mnyovniki,SZAO,298500,1244,6.75
2020-12,Alekseevsky,SVAO,247700,1032,6.75
2020-12,Sokolniki,VAO,267000,1112,6.75
2020-12,Novo-Peredelkino,ZAO,226400,943,6.75
2020-12,Tsaritsyno,YuAO,208700,870,6.75
2020-12,Danilovsky,YuAO,274100,1142,6.75
2020-12,Novogireyevo,VAO,226900,946,6.75
2020-12,Vnukovskoye,NAO,166200,693,6.75
2020-12,Chertanovo Yuzhnoye,YuAO,191200,797,6.75
2020-12,Aeroport,SAO,265900,1108,6.75
2020-12,Orekhovo-Borisovo Severnoye,YuAO,199700,832,6.75
2020-12,Levoberezhny,SAO,219200,914,6.75
2020-12,Mosrentgen,NAO,172800,720,6.75
2020-12,Otradnoye,SVAO,222100,926,6.75
2020-12,Krasnopakhorskoye,TAO,97600,407,6.75
2020-12,Chertanovo Severnoye,YuAO,209400,873,6.75
2020-12,Babushkinsky,SVAO,223000,929,6.75
2020-12,Yuzhnoye Tushino,SZAO,267900,1116,6.75
2020-12,Vnukovo,ZAO,225100,938,6.75
2020-12,Orekhovo-Borisovo Yuzhnoye,YuAO,193800,808,6.75
2020-12,Sosenskoye,NAO,177400,739,6.75
2020-12,Yakimanka,CAO,547000,2279,6.75
2020-12,Kosino-Ukhtomsky,VAO,191200,797,6.75
2020-12,Gagarinsky,YuZAO,368000,1533,6.75
2020-12,Severny,SVAO,189300,789,6.75
2020-12,Biryulyovo Zapadnoye,YuAO,193900,808,6.75
2020-12,Zamoskvorechye,CAO,485000,2021,6.75
2020-12,Krylatskoye,SZAO,358000,1492,6.75
2020-12,Maryina Roshcha,SVAO,268400,1118,6.75
2020-12,Troitsk,TAO,120200,501,6.75
2020-12,Chertanovo Tsentralnoye,YuAO,198100,826,6.75
2020-12,Voskresenskoye,NAO,155600,648,6.75
2020-12,Kotlovka,YuZAO,303100,1263,6.75
2020-12,Obruchevsky,YuZAO,305500,1273,6.75
2020-12,Solntsevo,ZAO,233400,973,6.75
2020-12,Khoroshyovsky,SAO,311200,1297,6.75
2020-12,Dorogomilovo,ZAO,443600,1848,6.75
2020-12,Mikhaylovo-Yartsevskoye,TAO,84600,353,6.75
2020-12,Golyanovo,VAO,196600,819,6.75
2020-12,Ryazanovskoye,NAO,127200,530,6.75
2020-12,Fili-Davydkovo,ZAO,321400,1339,6.75
2020-12,Bibirevo,SVAO,216400,902,6.75
2020-12,Severnoye Izmaylovo,VAO,216000,900,6.75
2020-12,Marushkinskoye,NAO,124600,519,6.75
2020-12,Izmaylovo,VAO,235700,982,6.75
2020-12,Mitino,SZAO,245400,1022,6.75
2020-12,Filyovsky Park,ZAO,338600,1411,6.75
2020-12,Ostankinsky,SVAO,270600,1127,6.75
2020-12,Dmitrovsky,SAO,199700,832,6.75
2020-12,Veshnyaki,VAO,200800,837,6.75
2020-12,Tagansky,CAO,421000,1754,6.75
2020-12,Bogorodskoye,VAO,220600,919,6.75
2020-12,Sokol,SAO,291500,1215,6.75
2020-12,Metrogorodok,VAO,205900,858,6.75
2020-12,Prospekt Vernadskogo,ZAO,365200,1522,6.75
2020-12,Yuzhnoye Butovo,YuZAO,224700,936,6.75
2020-12,Arbat,CAO,522200,2176,6.75
2020-12,Meshchansky,CAO,429200,1788,6.75
2020-12,Golovinsky,SAO,220900,920,6.75
2020-12,Presnensky,CAO,495700,2065,6.75
2020-12,Zyablikovo,YuAO,196100,817,6.75
2020-12,Kurkino,SZAO,277400,1156,6.75
2020-12,Filimonkovskoye,NAO,137500,573,6.75
2020-12,Kievsky,TAO,86000,358,6.75
2020-12,Yaroslavsky,SVAO,207300,864,6.75
2020-12,Yasenevo,YuZAO,270800,1128,6.75
2020-12,Novofyodorovskoye,TAO,86600,361,6.75
2020-12,Moskovsky,NAO,171600,715,6.75
2020-12,Basmanny,CAO,441100,1838,6.75
2020-12,Ochakovo-Matveyevskoye,ZAO,289500,1206,6.75
2020-12,Voronovskoye,TAO,86400,360,6.75
2020-12,Preobrazhenskoye,VAO,240700,1003,6.75
2020-12,Lomonosovsky,YuZAO,363000,1513,6.75
2020-12,Yuzhnoye Medvedkovo,SVAO,212200,884,6.75
2020-12,Mozhaysky,ZAO,273700,1140,6.75
2020-12,Pervomayskoye,TAO,95900,400,6.75
2020-12,Molzhaninovsky,SAO,174100,726,6.75
2020-12,Butyrsky,SVAO,249100,1038,6.75
2020-12,Nagatinsky Zaton,YuAO,257800,1074,6.75
2020-12,Shcherbinka,NAO,158100,659,6.75
2020-12,Lianozovo,SVAO,210200,876,6.75
2020-12,Timiryazevsky,SAO,256600,1069,6.75
2020-12,Kokoshkino,NAO,134800,562,6.75
2020-12,Strogino,SZAO,311000,1296,6.75
2020-12,Beskudnikovsky,SAO,203700,849,6.75
2020-12,Tverskoy,CAO,556400,2319,6.75
2020-12,Begovoy,SAO,289600,1207,6.75
2020-12,Cheryomushki,YuZAO,293200,1221,6.75
2020-12,Vostochny,VAO,185000,771,6.75
2020-12,Biryulyovo Vostochnoye,YuAO,183100,763,6.75
2020-12,Novokosino,VAO,200000,833,6.75
2020-12,Koptevo,SAO,228700,953,6.75
2020-12,Altufyevsky,SVAO,205900,858,6.75
2020-12,Ivanovskoye,VAO,204000,850,6.75
2020-12,Shchukino,SZAO,303500,1265,6.75
2020-12,Konkovo,YuZAO,263900,1100,6.75
2020-12,Khovrino,SAO,210200,876,6.75
2020-12,Troparyovo-Nikulino,ZAO,325900,1358,6.75
2020-12,Khamovniki,CAO,592600,2469,6.75
2020-12,Desyonovskoye,NAO,155700,649,6.75
2020-12,Nagatino-Sadovniki,YuAO,232800,970,6.75
2020-12,Voykovsky,SAO,244000,1017,6.75
2020-12,Marfino,SVAO,214700,894,6.75
2020-12,Moskvorechye-Saburovo,YuAO,212500,885,6.75
2020-12,Klyonovskoye,TAO,84900,354,6.75
2020-12,Zyuzino,YuZAO,294200,1226,6.75
2020-12,Akademichesky,YuZAO,317300,1322,6.75
2020-12,Zapadnoye Degunino,SAO,200100,834,6.75
2020-12,Vostochnoye Izmaylovo,VAO,199800,833,6.75
2020-12,Shchapovskoye,TAO,88200,367,6.75
2020-12,Brateyevo,YuAO,195600,815,6.75
2020-12,Tyoply Stan,YuZAO,242600,1011,6.75
2020-12,Severnoye Medvedkovo,SVAO,215000,896,6.75
2020-12,Donskoy,YuAO,279500,1165,6.75
2020-12,Kuntsevo,ZAO,311100,1296,6.75
2020-12,Rostokino,SVAO,227200,947,6.75
2020-12,Sviblovo,SVAO,222900,929,6.75
2020-12,Krasnoselsky,CAO,426500,1777,6.75
2021-01,Mikhaylovo-Yartsevskoye,TAO,91400,381,6.75
2021-01,Sokolniki,VAO,259800,1082,6.75
2021-01,Chertanovo Severnoye,YuAO,209600,873,6.75
2021-01,Novo-Peredelkino,ZAO,230400,960,6.75
2021-01,Klyonovskoye,TAO,80800,337,6.75
2021-01,Orekhovo-Borisovo Severnoye,YuAO,197600,823,6.75
2021-01,Zelenograd,ZelAO,140900,587,6.75
2021-01,Shchukino,SZAO,317400,1323,6.75
2021-01,Akademichesky,YuZAO,326600,1361,6.75
2021-01,Chertanovo Tsentralnoye,YuAO,206000,858,6.75
2021-01,Tverskoy,CAO,522300,2176,6.75
2021-01,Khoroshyovsky,SAO,310200,1292,6.75
2021-01,Mozhaysky,ZAO,276300,1151,6.75
2021-01,Severny,SVAO,187100,780,6.75
2021-01,Vnukovskoye,NAO,171300,714,6.75
2021-01,Kuntsevo,ZAO,319800,1332,6.75
2021-01,Butyrsky,SVAO,254600,1061,6.75
2021-01,Moskvorechye-Saburovo,YuAO,212700,886,6.75
2021-01,Pokrovskoye-Streshnevo,SZAO,274800,1145,6.75
2021-01,Biryulyovo Vostochnoye,YuAO,190500,794,6.75
2021-01,Timiryazevsky,SAO,249000,1038,6.75
2021-01,Sokolinaya Gora,VAO,224300,935,6.75
2021-01,Pervomayskoye,TAO,93600,390,6.75
2021-01,Ostankinsky,SVAO,269700,1124,6.75
2021-01,Filyovsky Park,ZAO,342500,1427,6.75
2021-01,Ochakovo-Matveyevskoye,ZAO,276500,1152,6.75
2021-01,Khamovniki,CAO,582100,2426,6.75
2021-01,Khovrino,SAO,206900,862,6.75
2021-01,Severnoye Medvedkovo,SVAO,214200,893,6.75
2021-01,Biryulyovo Zapadnoye,YuAO,184600,769,6.75
2021-01,Tagansky,CAO,418200,1743,6.75
2021-01,Sokol,SAO,295100,1230,6.75
2021-01,Alekseevsky,SVAO,279100,1163,6.75
2021-01,Zyablikovo,YuAO,190300,793,6.75
2021-01,Yaroslavsky,SVAO,207400,864,6.75
2021-01,Yuzhnoye Medvedkovo,SVAO,208700,870,6.75
2021-01,Troparyovo-Nikulino,ZAO,333500,1389,6.75
2021-01,Rogovskoye,TAO,89100,371,6.75
2021-01,Zamoskvorechye,CAO,469500,1956,6.75
2021-01,Presnensky,CAO,526600,2194,6.75
2021-01,Bogorodskoye,VAO,225300,939,6.75
2021-01,Yuzhnoye Tushino,SZAO,268200,1117,6.75
2021-01,Chertanovo Yuzhnoye,YuAO,189800,791,6.75
2021-01,Novofyodorovskoye,TAO,86400,360,6.75
2021-01,Ramenki,ZAO,370800,1545,6.75
2021-01,Levoberezhny,SAO,220300,918,6.75
2021-01,Perovo,VAO,230500,961,6.75
2021-01,Yuzhnoye Butovo,YuZAO,232300,968,6.75
2021-01,Fili-Davydkovo,ZAO,325400,1356,6.75
2021-01,Golyanovo,VAO,204000,850,6.75
2021-01,Kotlovka,YuZAO,299500,1248,6.75
2021-01,Meshchansky,CAO,446500,1861,6.75
2021-01,Marushkinskoye,NAO,133800,557,6.75
2021-01,Tsaritsyno,YuAO,215500,898,6.75
2021-01,Marfino,SVAO,218100,909,6.75
2021-01,Otradnoye,SVAO,217600,907,6.75
2021-01,Filimonkovskoye,NAO,141200,588,6.75
2021-01,Cheryomushki,YuZAO,307600,1282,6.75
2021-01,Krasnoselsky,CAO,423300,1764,6.75
2021-01,Koptevo,SAO,237800,991,6.75
2021-01,Beskudnikovsky,SAO,200400,835,6.75
2021-01,Strogino,SZAO,316100,1317,6.75
2021-01,Shchapovskoye,TAO,89000,371,6.75
2021-01,Altufyevsky,SVAO,208200,868,6.75
2021-01,Vostochny,VAO,191300,797,6.75
2021-01,Lianozovo,SVAO,201000,837,6.75
2021-01,Kokoshkino,NAO,133300,555,6.75
2021-01,Begovoy,SAO,306600,1277,6.75
2021-01,Shcherbinka,NAO,164500,686,6.75
2021-01,Konkovo,YuZAO,285200,1188,6.75
2021-01,Yasenevo,YuZAO,270600,1128,6.75
2021-01,Kievsky,TAO,84700,353,6.75
2021-01,Preobrazhenskoye,VAO,233300,972,6.75
2021-01,Molzhaninovsky,SAO,189200,788,6.75
2021-01,Basmanny,CAO,443000,1846,6.75
2021-01,Brateyevo,YuAO,196300,818,6.75
2021-01,Sviblovo,SVAO,222800,928,6.75
2021-01,Babushkinsky,SVAO,229700,957,6.75
2021-01,Ryazanovskoye,NAO,135600,565,6.75
2021-01,Solntsevo,ZAO,242100,1009,6.75
2021-01,Obruchevsky,YuZAO,290600,1211,6.75
2021-01,Krylatskoye,SZAO,348900,1454,6.75
2021-01,Golovinsky,SAO,228100,950,6.75
2021-01,Kosino-Ukhtomsky,VAO,193700,807,6.75
2021-01,Metrogorodok,VAO,199600,832,6.75
2021-01,Dmitrovsky,SAO,202700,845,6.75
2021-01,Arbat,CAO,579900,2416,6.75
2021-01,Orekhovo-Borisovo Yuzhnoye,YuAO,191700,799,6.75
2021-01,Severnoye Butovo,YuZAO,250800,1045,6.75
2021-01,Severnoye Tushino,SZAO,239800,999,6.75
2021-01,Losinoostrovsky,SVAO,229200,955,6.75
2021-01,Mosrentgen,NAO,167900,700,6.75
2021-01,Sosenskoye,NAO,170800,712,6.75
2021-01,Maryina Roshcha,SVAO,264500,1102,6.75
2021-01,Lomonosovsky,YuZAO,362400,1510,6.75
2021-01,Izmaylovo,VAO,236900,987,6.75
2021-01,Danilovsky,YuAO,276300,1151,6.75
2021-01,Voykovsky,SAO,245400,1022,6.75
2021-01,Nagatino-Sadovniki,YuAO,245300,1022,6.75
2021-01,Zapadnoye Degunino,SAO,221000,921,6.75
2021-01,Tyoply Stan,YuZAO,261800,1091,6.75
2021-01,Novogireyevo,VAO,220300,918,6.75
2021-01,Rostokino,SVAO,215300,897,6.75
2021-01,Nagatinsky Zaton,YuAO,258800,1078,6.75
2021-01,Voronovskoye,TAO,89000,371,6.75
2021-01,Moskovsky,NAO,178400,743,6.75
2021-01,Ivanovskoye,VAO,197600,823,6.75
2021-01,Kurkino,SZAO,301900,1258,6.75
2021-01,Novokosino,VAO,208300,868,6.75
2021-01,Krasnopakhorskoye,TAO,95700,399,6.75
2021-01,Vostochnoye Izmaylovo,VAO,216400,902,6.75
2021-01,Troitsk,TAO,115200,480,6.75
2021-01,Prospekt Vernadskogo,ZAO,364100,1517,6.75
2021-01,Donskoy,YuAO,288600,1203,6.75
2021-01,Voskresenskoye,NAO,157100,655,6.75
2021-01,Severnoye Izmaylovo,VAO,219000,913,6.75
2021-01,Zyuzino,YuZAO,294000,1225,6.75
2021-01,Vnukovo,ZAO,216300,901,6.75
2021-01,Nagorny,YuAO,246300,1026,6.75
2021-01,Khoroshyovo-Mnyovniki,SZAO,309700,1291,6.75
2021-01,Yakimanka,CAO,541000,2254,6.75
2021-01,Mitino,SZAO,249800,1041,6.75
2021-01,Dorogomilovo,ZAO,426400,1777,6.75
2021-01,Veshnyaki,VAO,197300,822,6.75
2021-01,Savyolovsky,SAO,294200,1226,6.75
2021-01,Gagarinsky,YuZAO,389600,1623,6.75
2021-01,Aeroport,SAO,295200,1230,6.75
2021-01,Bibirevo,SVAO,203100,846,6.75
2021-01,Desyonovskoye,NAO,153700,641,6.75
2021-02,Pervomayskoye,TAO,97400,406,6.75
2021-02,Rostokino,SVAO,225300,939,6.75
2021-02,Novogireyevo,VAO,239800,999,6.75
2021-02,Mitino,SZAO,239600,998,6.75
2021-02,Tyoply Stan,YuZAO,270200,1126,6.75
2021-02,Voykovsky,SAO,245300,1022,6.75
2021-02,Veshnyaki,VAO,206500,860,6.75
2021-02,Zapadnoye Degunino,SAO,214100,892,6.75
2021-02,Sosenskoye,NAO,175000,729,6.75
2021-02,Filyovsky Park,ZAO,356900,1487,6.75
2021-02,Danilovsky,YuAO,290500,1210,6.75
2021-02,Khoroshyovo-Mnyovniki,SZAO,313600,1307,6.75
2021-02,Ryazanovskoye,NAO,140000,583,6.75
2021-02,Troparyovo-Nikulino,ZAO,359000,1496,6.75
2021-02,Sviblovo,SVAO,213400,889,6.75
2021-02,Ochakovo-Matveyevskoye,ZAO,297600,1240,6.75
2021-02,Tverskoy,CAO,523200,2180,6.75
2021-02,Savyolovsky,SAO,299400,1247,6.75
2021-02,Kurkino,SZAO,291800,1216,6.75
2021-02,Novokosino,VAO,201800,841,6.75
2021-02,Kotlovka,YuZAO,299200,1247,6.75
2021-02,Nagatinsky Zaton,YuAO,250300,1043,6.75
2021-02,Ivanovskoye,VAO,210300,876,6.75
2021-02,Bogorodskoye,VAO,221000,921,6.75
2021-02,Khovrino,SAO,219600,915,6.75
2021-02,Moskovsky,NAO,175000,729,6.75
2021-02,Severnoye Izmaylovo,VAO,222900,929,6.75
2021-02,Voronovskoye,TAO,85200,355,6.75
2021-02,Yuzhnoye Medvedkovo,SVAO,225900,941,6.75
2021-02,Krasnoselsky,CAO,422100,1759,6.75
2021-02,Golovinsky,SAO,221800,924,6.75
2021-02,Presnensky,CAO,545300,2272,6.75
2021-02,Dmitrovsky,SAO,210400,877,6.75
2021-02,Voskresenskoye,NAO,158900,662,6.75
2021-02,Metrogorodok,VAO,201700,840,6.75
2021-02,Severny,SVAO,191500,798,6.75
2021-02,Yakimanka,CAO,547200,2280,6.75
2021-02,Kosino-Ukhtomsky,VAO,190800,795,6.75
2021-02,Chertanovo Tsentralnoye,YuAO,223200,930,6.75
2021-02,Mikhaylovo-Yartsevskoye,TAO,89900,375,6.75
2021-02,Orekhovo-Borisovo Yuzhnoye,YuAO,203600,848,6.75
2021-02,Krylatskoye,SZAO,376600,1569,6.75
2021-02,Ostankinsky,SVAO,281400,1173,6.75
2021-02,Tagansky,CAO,427200,1780,6.75
2021-02,Obruchevsky,YuZAO,306300,1276,6.75
2021-02,Dorogomilovo,ZAO,438800,1828,6.75
2021-02,Solntsevo,ZAO,244300,1018,6.75
2021-02,Khoroshyovsky,SAO,316900,1321,6.75
2021-02,Maryina Roshcha,SVAO,264200,1101,6.75
2021-02,Arbat,CAO,584900,2437,6.75
2021-02,Biryulyovo Vostochnoye,YuAO,185200,772,6.75
2021-02,Bibirevo,SVAO,209300,872,6.75
2021-02,Izmaylovo,VAO,244300,1018,6.75
2021-02,Zyablikovo,YuAO,192700,803,6.75
2021-02,Sokol,SAO,299400,1247,6.75
2021-02,Rogovskoye,TAO,82300,343,6.75
2021-02,Yuzhnoye Tushino,SZAO,262900,1095,6.75
2021-02,Lomonosovsky,YuZAO,387200,1614,6.75
2021-02,Babushkinsky,SVAO,225400,939,6.75
2021-02,Nagatino-Sadovniki,YuAO,238900,996,6.75
2021-02,Prospekt Vernadskogo,ZAO,371500,1548,6.75
2021-02,Mosrentgen,NAO,184700,769,6.75
2021-02,Gagarinsky,YuZAO,380100,1584,6.75
2021-02,Losinoostrovsky,SVAO,215700,899,6.75
2021-02,Severnoye Butovo,YuZAO,251200,1046,6.75
2021-02,Severnoye Tushino,SZAO,262100,1092,6.75
2021-02,Novo-Peredelkino,ZAO,240000,1000,6.75
2021-02,Pokrovskoye-Streshnevo,SZAO,281400,1173,6.75
2021-02,Konkovo,YuZAO,291900,1216,6.75
2021-02,Timiryazevsky,SAO,262900,1096,6.75
2021-02,Desyonovskoye,NAO,167200,697,6.75
2021-02,Vostochny,VAO,184400,768,6.75
2021-02,Donskoy,YuAO,298500,1244,6.75
2021-02,Klyonovskoye,TAO,88300,368,6.75
2021-02,Lianozovo,SVAO,215400,897,6.75
2021-02,Altufyevsky,SVAO,207100,863,6.75
2021-02,Yaroslavsky,SVAO,217200,905,6.75
2021-02,Begovoy,SAO,297900,1241,6.75
2021-02,Kokoshkino,NAO,142300,593,6.75
2021-02,Tsaritsyno,YuAO,218600,911,6.75
2021-02,Strogino,SZAO,311900,1300,6.75
2021-02,Shchapovskoye,TAO,88500,369,6.75
2021-02,Vnukovskoye,NAO,172300,718,6.75
2021-02,Levoberezhny,SAO,229300,956,6.75
2021-02,Perovo,VAO,220000,917,6.75
2021-02,Sokolniki,VAO,267500,1115,6.75
2021-02,Biryulyovo Zapadnoye,YuAO,185400,773,6.75
2021-02,Moskvorechye-Saburovo,YuAO,209000,871,6.75
2021-02,Khamovniki,CAO,628900,2620,6.75
2021-02,Severnoye Medvedkovo,SVAO,219900,916,6.75
2021-02,Basmanny,CAO,433900,1808,6.75
2021-02,Kuntsevo,ZAO,321800,1341,6.75
2021-02,Orekhovo-Borisovo Severnoye,YuAO,194000,808,6.75
2021-02,Butyrsky,SVAO,254100,1059,6.75
2021-02,Brateyevo,YuAO,192300,801,6.75
2021-02,Molzhaninovsky,SAO,180800,753,6.75
2021-02,Aeroport,SAO,288200,1201,6.75
2021-02,Preobrazhenskoye,VAO,233400,972,6.75
2021-02,Kievsky,TAO,86600,361,6.75
2021-02,Yasenevo,YuZAO,293000,1221,6.75
2021-02,Vostochnoye Izmaylovo,VAO,219700,915,6.75
2021-02,Novofyodorovskoye,TAO,88400,368,6.75
2021-02,Shcherbinka,NAO,158000,658,6.75
2021-02,Zyuzino,YuZAO,292100,1217,6.75
2021-02,Akademichesky,YuZAO,322100,1342,6.75
2021-02,Otradnoye,SVAO,234100,976,6.75
2021-02,Golyanovo,VAO,207500,865,6.75
2021-02,Vnukovo,ZAO,231300,964,6.75
2021-02,Ramenki,ZAO,391100,1629,6.75
2021-02,Marfino,SVAO,223400,931,6.75
2021-02,Chertanovo Yuzhnoye,YuAO,202500,844,6.75
2021-02,Troitsk,TAO,115000,479,6.75
2021-02,Alekseevsky,SVAO,274500,1144,6.75
2021-02,Filimonkovskoye,NAO,140100,584,6.75
2021-02,Chertanovo Severnoye,YuAO,214200,892,6.75
2021-02,Cheryomushki,YuZAO,317500,1323,6.75
2021-02,Sokolinaya Gora,VAO,225100,938,6.75
2021-02,Mozhaysky,ZAO,304100,1267,6.75
2021-02,Koptevo,SAO,239900,1000,6.75
2021-02,Nagorny,YuAO,259800,1082,6.75
2021-02,Zamoskvorechye,CAO,468800,1953,6.75
2021-02,Shchukino,SZAO,304400,1269,6.75
2021-02,Beskudnikovsky,SAO,216000,900,6.75
2021-02,Krasnopakhorskoye,TAO,97800,408,6.75
2021-02,Yuzhnoye Butovo,YuZAO,232900,970,6.75
2021-02,Meshchansky,CAO,437700,1824,6.75
2021-02,Fili-Davydkovo,ZAO,336600,1403,6.75
2021-02,Zelenograd,ZelAO,151600,631,6.75
2021-02,Marushkinskoye,NAO,137200,572,6.75
2021-03,Kievsky,TAO,84200,351,6.75
2021-03,Strogino,SZAO,331300,1380,6.75
2021-03,Krasnoselsky,CAO,417300,1739,6.75
2021-03,Bibirevo,SVAO,212200,884,6.75
2021-03,Brateyevo,YuAO,200600,836,6.75
2021-03,Khoroshyovo-Mnyovniki,SZAO,312000,1300,6.75
2021-03,Chertanovo Severnoye,YuAO,233500,973,6.75
2021-03,Meshchansky,CAO,437300,1822,6.75
2021-03,Orekhovo-Borisovo Severnoye,YuAO,198700,828,6.75
2021-03,Severnoye Medvedkovo,SVAO,222900,929,6.75
2021-03,Tagansky,CAO,442400,1844,6.75
2021-03,Ochakovo-Matveyevskoye,ZAO,297300,1239,6.75
2021-03,Sviblovo,SVAO,224000,933,6.75
2021-03,Shchukino,SZAO,319100,1330,6.75
2021-03,Solntsevo,ZAO,248000,1033,6.75
2021-03,Troparyovo-Nikulino,ZAO,330500,1377,6.75
2021-03,Otradnoye,SVAO,234200,976,6.75
2021-03,Troitsk,TAO,119300,497,6.75
2021-03,Prospekt Vernadskogo,ZAO,384700,1603,6.75
2021-03,Ramenki,ZAO,399700,1665,6.75
2021-03,Presnensky,CAO,537500,2240,6.75
2021-03,Voronovskoye,TAO,91400,381,6.75
2021-03,Tsaritsyno,YuAO,213500,890,6.75
2021-03,Severnoye Tushino,SZAO,253400,1056,6.75
2021-03,Orekhovo-Borisovo Yuzhnoye,YuAO,197200,822,6.75
2021-03,Biryulyovo Zapadnoye,YuAO,197700,824,6.75
2021-03,Rostokino,SVAO,226700,945,6.75
2021-03,Rogovskoye,TAO,85800,358,6.75
2021-03,Babushkinsky,SVAO,228600,953,6.75
2021-03,Alekseevsky,SVAO,274000,1142,6.75
2021-03,Danilovsky,YuAO,273800,1141,6.75
2021-03,Donskoy,YuAO,303500,1265,6.75
2021-03,Altufyevsky,SVAO,212900,887,6.75
2021-03,Mikhaylovo-Yartsevskoye,TAO,92500,385,6.75
2021-03,Filyovsky Park,ZAO,348000,1450,6.75
2021-03,Metrogorodok,VAO,200300,835,6.75
2021-03,Gagarinsky,YuZAO,378000,1575,6.75
2021-03,Ryazanovskoye,NAO,139100,579,6.75
2021-03,Marushkinskoye,NAO,136300,568,6.75
2021-03,Voskresenskoye,NAO,165500,689,6.75
2021-03,Yakimanka,CAO,563000,2346,6.75
2021-03,Dorogomilovo,ZAO,439900,1833,6.75
2021-03,Maryina Roshcha,SVAO,275800,1149,6.75
2021-03,Kosino-Ukhtomsky,VAO,184900,770,6.75
2021-03,Golyanovo,VAO,202400,843,6.75
2021-03,Marfino,SVAO,224400,935,6.75
2021-03,Golovinsky,SAO,232400,968,6.75
2021-03,Sokol,SAO,309700,1290,6.75
2021-03,Filimonkovskoye,NAO,147400,614,6.75
2021-03,Fili-Davydkovo,ZAO,351200,1463,6.75
2021-03,Bogorodskoye,VAO,227900,950,6.75
2021-03,Cheryomushki,YuZAO,319300,1331,6.75
2021-03,Sokolinaya Gora,VAO,223200,930,6.75
2021-03,Obruchevsky,YuZAO,310500,1294,6.75
2021-03,Zyablikovo,YuAO,199800,832,6.75
2021-03,Koptevo,SAO,229700,957,6.75
2021-03,Akademichesky,YuZAO,334900,1395,6.75
2021-03,Beskudnikovsky,SAO,220300,918,6.75
2021-03,Kurkino,SZAO,303500,1265,6.75
2021-03,Krylatskoye,SZAO,382300,1593,6.75
2021-03,Novokosino,VAO,213600,890,6.75
2021-03,Kotlovka,YuZAO,305900,1274,6.75
2021-03,Vnukovskoye,NAO,177800,741,6.75
2021-03,Desyonovskoye,NAO,167900,699,6.75
2021-03,Shcherbinka,NAO,169000,704,6.75
2021-03,Yasenevo,YuZAO,297800,1241,6.75
2021-03,Preobrazhenskoye,VAO,254100,1059,6.75
2021-03,Kokoshkino,NAO,137400,572,6.75
2021-03,Molzhaninovsky,SAO,185400,773,6.75
2021-03,Basmanny,CAO,436400,1818,6.75
2021-03,Vostochny,VAO,182600,761,6.75
2021-03,Lianozovo,SVAO,212200,884,6.75
2021-03,Dmitrovsky,SAO,211900,883,6.75
2021-03,Zyuzino,YuZAO,318000,1325,6.75
2021-03,Begovoy,SAO,314400,1310,6.75
2021-03,Moskvorechye-Saburovo,YuAO,223900,933,6.75
2021-03,Vostochnoye Izmaylovo,VAO,223900,933,6.75
2021-03,Mosrentgen,NAO,176700,736,6.75
2021-03,Levoberezhny,SAO,239400,997,6.75
2021-03,Aeroport,SAO,289100,1204,6.75
2021-03,Krasnopakhorskoye,TAO,106000,442,6.75
2021-03,Shchapovskoye,TAO,90300,376,6.75
2021-03,Vnukovo,ZAO,238800,995,6.75
2021-03,Nagorny,YuAO,250000,1042,6.75
2021-03,Perovo,VAO,228800,953,6.75
2021-03,Savyolovsky,SAO,290600,1211,6.75
2021-03,Yuzhnoye Butovo,YuZAO,245700,1024,6.75
2021-03,Severnoye Izmaylovo,VAO,231900,966,6.75
2021-03,Konkovo,YuZAO,294200,1226,6.75
2021-03,Veshnyaki,VAO,201000,837,6.75
2021-03,Mitino,SZAO,261800,1091,6.75
2021-03,Zapadnoye Degunino,SAO,215500,898,6.75
2021-03,Nagatinsky Zaton,YuAO,259100,1080,6.75
2021-03,Sokolniki,VAO,268200,1118,6.75
2021-03,Severnoye Butovo,YuZAO,250300,1043,6.75
2021-03,Novogireyevo,VAO,224200,934,6.75
2021-03,Zelenograd,ZelAO,147300,614,6.75
2021-03,Chertanovo Tsentralnoye,YuAO,221300,922,6.75
2021-03,Chertanovo Yuzhnoye,YuAO,208100,867,6.75
2021-03,Mozhaysky,ZAO,289600,1207,6.75
2021-03,Tyoply Stan,YuZAO,258500,1077,6.75
2021-03,Zamoskvorechye,CAO,481100,2005,6.75
2021-03,Losinoostrovsky,SVAO,226300,943,6.75
2021-03,Novo-Peredelkino,ZAO,231600,965,6.75
2021-03,Yuzhnoye Tushino,SZAO,252500,1052,6.75
2021-03,Ivanovskoye,VAO,209500,873,6.75
2021-03,Yuzhnoye Medvedkovo,SVAO,225900,941,6.75
2021-03,Sosenskoye,NAO,179300,747,6.75
2021-03,Tverskoy,CAO,563200,2347,6.75
2021-03,Khovrino,SAO,218600,911,6.75
2021-03,Izmaylovo,VAO,247800,1033,6.75
2021-03,Voykovsky,SAO,261200,1088,6.75
2021-03,Pervomayskoye,TAO,92300,385,6.75
2021-03,Biryulyovo Vostochnoye,YuAO,193900,808,6.75
2021-03,Nagatino-Sadovniki,YuAO,245200,1021,6.75
2021-03,Pokrovskoye-Streshnevo,SZAO,277600,1157,6.75
2021-03,Arbat,CAO,593100,2471,6.75
2021-03,Khamovniki,CAO,595600,2481,6.75
2021-03,Kuntsevo,ZAO,311000,1296,6.75
2021-03,Moskovsky,NAO,182200,759,6.75
2021-03,Khoroshyovsky,SAO,323500,1348,6.75
2021-03,Ostankinsky,SVAO,273400,1139,6.75
2021-03,Butyrsky,SVAO,275500,1148,6.75
2021-03,Novofyodorovskoye,TAO,85000,354,6.75
2021-03,Timiryazevsky,SAO,278500,1160,6.75
2021-03,Severny,SVAO,189000,787,6.75
2021-03,Klyonovskoye,TAO,87100,363,6.75
2021-03,Yaroslavsky,SVAO,213800,891,6.75
2021-03,Lomonosovsky,YuZAO,388600,1619,6.75
2021-04,Lomonosovsky,YuZAO,383500,1598,11
2021-04,Babushkinsky,SVAO,231400,964,11
2021-04,Altufyevsky,SVAO,210100,875,11
2021-04,Perovo,VAO,226500,944,11
2021-04,Begovoy,SAO,309400,1289,11
2021-04,Metrogorodok,VAO,209100,871,11
2021-04,Tsaritsyno,YuAO,220000,917,11
2021-04,Lianozovo,SVAO,215600,899,11
2021-04,Shchapovskoye,TAO,92400,385,11
2021-04,Yuzhnoye Butovo,YuZAO,245400,1022,11
2021-04,Izmaylovo,VAO,256700,1070,11
2021-04,Danilovsky,YuAO,291900,1216,11
2021-04,Severnoye Butovo,YuZAO,256700,1070,11
2021-04,Arbat,CAO,607600,2532,11
2021-04,Vostochny,VAO,195700,815,11
2021-04,Kokoshkino,NAO,144200,601,11
2021-04,Levoberezhny,SAO,246500,1027,11
2021-04,Nagatino-Sadovniki,YuAO,250200,1043,11
2021-04,Rostokino,SVAO,243300,1014,11
2021-04,Kotlovka,YuZAO,308000,1284,11
2021-04,Ivanovskoye,VAO,212400,885,11
2021-04,Novokosino,VAO,217300,905,11
2021-04,Moskovsky,NAO,184900,770,11
2021-04,Kurkino,SZAO,300300,1251,11
2021-04,Beskudnikovsky,SAO,224600,936,11
2021-04,Losinoostrovsky,SVAO,218800,912,11
2021-04,Strogino,SZAO,327300,1364,11
2021-04,Koptevo,SAO,239100,996,11
2021-04,Voronovskoye,TAO,90800,378,11
2021-04,Severnoye Tushino,SZAO,258200,1076,11
2021-04,Orekhovo-Borisovo Yuzhnoye,YuAO,203700,849,11
2021-04,Nagatinsky Zaton,YuAO,260000,1083,11
2021-04,Cheryomushki,YuZAO,313500,1306,11
2021-04,Voykovsky,SAO,258200,1076,11
2021-04,Filimonkovskoye,NAO,150300,626,11
2021-04,Ramenki,ZAO,392300,1635,11
2021-04,Novogireyevo,VAO,225800,941,11
2021-04,Golyanovo,VAO,211200,880,11
2021-04,Tyoply Stan,YuZAO,265000,1104,11
2021-04,Marfino,SVAO,236000,983,11
2021-04,Marushkinskoye,NAO,134900,562,11
2021-04,Zapadnoye Degunino,SAO,216300,901,11
2021-04,Krasnoselsky,CAO,439500,1831,11
2021-04,Sosenskoye,NAO,175100,730,11
2021-04,Fili-Davydkovo,ZAO,327600,1365,11
2021-04,Konkovo,YuZAO,282500,1177,11
2021-04,Meshchansky,CAO,427900,1783,11
2021-04,Solntsevo,ZAO,251400,1048,11
2021-04,Sokolniki,VAO,272700,1136,11
2021-04,Novofyodorovskoye,TAO,90900,379,11
2021-04,Biryulyovo Zapadnoye,YuAO,201000,837,11
2021-04,Yaroslavsky,SVAO,213300,889,11
2021-04,Ochakovo-Matveyevskoye,ZAO,289700,1207,11
2021-04,Timiryazevsky,SAO,293400,1223,11
2021-04,Kuntsevo,ZAO,306000,1275,11
2021-04,Severnoye Medvedkovo,SVAO,228900,954,11
2021-04,Khamovniki,CAO,650300,2709,11
2021-04,Butyrsky,SVAO,274400,1143,11
2021-04,Zelenograd,ZelAO,152100,634,11
2021-04,Orekhovo-Borisovo Severnoye,YuAO,204600,852,11
2021-04,Krylatskoye,SZAO,370300,1543,11
2021-04,Donskoy,YuAO,310300,1293,11
2021-04,Chertanovo Severnoye,YuAO,225100,938,11
2021-04,Vnukovskoye,NAO,179200,747,11
2021-04,Klyonovskoye,TAO,86800,362,11
2021-04,Obruchevsky,YuZAO,330000,1375,11
2021-04,Akademichesky,YuZAO,345000,1438,11
2021-04,Zyablikovo,YuAO,200000,833,11
2021-04,Rogovskoye,TAO,91100,379,11
2021-04,Ostankinsky,SVAO,279600,1165,11
2021-04,Khoroshyovsky,SAO,324100,1350,11
2021-04,Tagansky,CAO,429800,1791,11
2021-04,Severny,SVAO,204700,853,11
2021-04,Otradnoye,SVAO,236200,984,11
2021-04,Pokrovskoye-Streshnevo,SZAO,298900,1246,11
2021-04,Novo-Peredelkino,ZAO,249600,1040,11
2021-04,Chertanovo Tsentralnoye,YuAO,219200,913,11
2021-04,Biryulyovo Vostochnoye,YuAO,196600,819,11
2021-04,Yuzhnoye Tushino,SZAO,271100,1129,11
2021-04,Zyuzino,YuZAO,296400,1235,11
2021-04,Troparyovo-Nikulino,ZAO,349700,1457,11
2021-04,Pervomayskoye,TAO,95300,397,11
2021-04,Khovrino,SAO,221700,924,11
2021-04,Tverskoy,CAO,583900,2433,11
2021-04,Yuzhnoye Medvedkovo,SVAO,217800,907,11
2021-04,Shchukino,SZAO,306700,1278,11
2021-04,Zamoskvorechye,CAO,527400,2197,11
2021-04,Mozhaysky,ZAO,298100,1242,11
2021-04,Chertanovo Yuzhnoye,YuAO,202700,845,11
2021-04,Kievsky,TAO,86900,362,11
2021-04,Savyolovsky,SAO,299800,1249,11
2021-04,Nagorny,YuAO,252600,1053,11
2021-04,Vnukovo,ZAO,235000,979,11
2021-04,Krasnopakhorskoye,TAO,106000,442,11
2021-04,Troitsk,TAO,120700,503,11
2021-04,Aeroport,SAO,280200,1167,11
2021-04,Desyonovskoye,NAO,165000,687,11
2021-04,Vostochnoye Izmaylovo,VAO,243400,1014,11
2021-04,Ryazanovskoye,NAO,144000,600,11
2021-04,Alekseevsky,SVAO,275500,1148,11
2021-04,Sviblovo,SVAO,239100,996,11
2021-04,Moskvorechye-Saburovo,YuAO,235100,980,11
2021-04,Dmitrovsky,SAO,215100,896,11
2021-04,Preobrazhenskoye,VAO,250800,1045,11
2021-04,Basmanny,CAO,459500,1914,11
2021-04,Molzhaninovsky,SAO,182700,761,11
2021-04,Brateyevo,YuAO,208500,869,11
2021-04,Yasenevo,YuZAO,300700,1253,11
2021-04,Shcherbinka,NAO,171200,713,11
2021-04,Veshnyaki,VAO,205600,857,11
2021-04,Sokolinaya Gora,VAO,229800,957,11
2021-04,Golovinsky,SAO,235100,980,11
2021-04,Bibirevo,SVAO,217200,905,11
2021-04,Bogorodskoye,VAO,238500,994,11
2021-04,Sokol,SAO,311700,1299,11
2021-04,Presnensky,CAO,549800,2291,11
2021-04,Filyovsky Park,ZAO,359800,1499,11
2021-04,Kosino-Ukhtomsky,VAO,199600,832,11
2021-04,Maryina Roshcha,SVAO,279600,1165,11
2021-04,Mikhaylovo-Yartsevskoye,TAO,91100,380,11
2021-04,Dorogomilovo,ZAO,457100,1905,11
2021-04,Yakimanka,CAO,557100,2321,11
2021-04,Voskresenskoye,NAO,163500,681,11
2021-04,Gagarinsky,YuZAO,399900,1666,11
2021-04,Mosrentgen,NAO,176500,735,11
2021-04,Mitino,SZAO,256600,1069,11
2021-04,Prospekt Vernadskogo,ZAO,381600,1590,11
2021-04,Severnoye Izmaylovo,VAO,228900,954,11
2021-04,Khoroshyovo-Mnyovniki,SZAO,316900,1320,11
2021-05,Krylatskoye,SZAO,383800,1599,11
2021-05,Losinoostrovsky,SVAO,227600,949,11
2021-05,Severnoye Tushino,SZAO,270900,1129,11
2021-05,Otradnoye,SVAO,241200,1005,11
2021-05,Nagorny,YuAO,260900,1087,11
2021-05,Ostankinsky,SVAO,296400,1235,11
2021-05,Pokrovskoye-Streshnevo,SZAO,292400,1218,11
2021-05,Troparyovo-Nikulino,ZAO,336100,1401,11
2021-05,Zamoskvorechye,CAO,499700,2082,11
2021-05,Butyrsky,SVAO,277800,1157,11
2021-05,Orekhovo-Borisovo Severnoye,YuAO,216700,903,11
2021-05,Donskoy,YuAO,303000,1262,11
2021-05,Klyonovskoye,TAO,89900,375,11
2021-05,Zyablikovo,YuAO,204300,851,11
2021-05,Bibirevo,SVAO,224500,935,11
2021-05,Filyovsky Park,ZAO,376100,1567,11
2021-05,Maryina Roshcha,SVAO,284700,1186,11
2021-05,Yuzhnoye Medvedkovo,SVAO,224400,935,11
2021-05,Arbat,CAO,604300,2518,11
2021-05,Mitino,SZAO,262100,1092,11
2021-05,Kievsky,TAO,90400,377,11
2021-05,Moskvorechye-Saburovo,YuAO,230400,960,11
2021-05,Basmanny,CAO,491200,2046,11
2021-05,Lianozovo,SVAO,210700,878,11
2021-05,Fili-Davydkovo,ZAO,342000,1425,11
2021-05,Marfino,SVAO,243300,1014,11
2021-05,Shchapovskoye,TAO,95600,398,11
2021-05,Kurkino,SZAO,312400,1302,11
2021-05,Nagatinsky Zaton,YuAO,269500,1123,11
2021-05,Krasnoselsky,CAO,437800,1824,11
2021-05,Nagatino-Sadovniki,YuAO,248200,1034,11
2021-05,Zapadnoye Degunino,SAO,226200,942,11
2021-05,Vnukovo,ZAO,238500,994,11
2021-05,Tverskoy,CAO,578400,2410,11
2021-05,Khovrino,SAO,216900,904,11
2021-05,Pervomayskoye,TAO,102300,426,11
2021-05,Krasnopakhorskoye,TAO,104700,436,11
2021-05,Aeroport,SAO,283400,1181,11
2021-05,Yuzhnoye Tushino,SZAO,269700,1124,11
2021-05,Biryulyovo Vostochnoye,YuAO,196600,819,11
2021-05,Beskudnikovsky,SAO,221500,923,11
2021-05,Desyonovskoye,NAO,167200,697,11
2021-05,Chertanovo Tsentralnoye,YuAO,219900,916,11
2021-05,Novo-Peredelkino,ZAO,245400,1023,11
2021-05,Vostochnoye Izmaylovo,VAO,234000,975,11
2021-05,Severnoye Butovo,YuZAO,271100,1130,11
2021-05,Koptevo,SAO,250200,1043,11
2021-05,Severny,SVAO,195800,816,11
2021-05,Tagansky,CAO,449200,1871,11
2021-05,Khoroshyovsky,SAO,311700,1299,11
2021-05,Preobrazhenskoye,VAO,254000,1058,11
2021-05,Metrogorodok,VAO,211000,879,11
2021-05,Rogovskoye,TAO,90900,379,11
2021-05,Molzhaninovsky,SAO,189800,791,11
2021-05,Shchukino,SZAO,317500,1323,11
2021-05,Biryulyovo Zapadnoye,YuAO,184800,770,11
2021-05,Yasenevo,YuZAO,303400,1264,11
2021-05,Ochakovo-Matveyevskoye,ZAO,290700,1211,11
2021-05,Zyuzino,YuZAO,307100,1279,11
2021-05,Dmitrovsky,SAO,207100,863,11
2021-05,Severnoye Medvedkovo,SVAO,227400,947,11
2021-05,Severnoye Izmaylovo,VAO,227700,949,11
2021-05,Izmaylovo,VAO,250900,1046,11
2021-05,Sokol,SAO,311000,1296,11
2021-05,Bogorodskoye,VAO,229400,956,11
2021-05,Sokolinaya Gora,VAO,227600,948,11
2021-05,Mikhaylovo-Yartsevskoye,TAO,96400,402,11
2021-05,Voykovsky,SAO,247200,1030,11
2021-05,Dorogomilovo,ZAO,470900,1962,11
2021-05,Yakimanka,CAO,608100,2534,11
2021-05,Akademichesky,YuZAO,353900,1475,11
2021-05,Voskresenskoye,NAO,163700,682,11
2021-05,Vnukovskoye,NAO,180300,751,11
2021-05,Khamovniki,CAO,661500,2756,11
2021-05,Kuntsevo,ZAO,320300,1335,11
2021-05,Ivanovskoye,VAO,220900,921,11
2021-05,Tyoply Stan,YuZAO,275100,1146,11
2021-05,Timiryazevsky,SAO,278400,1160,11
2021-05,Veshnyaki,VAO,206300,860,11
2021-05,Yaroslavsky,SVAO,218400,910,11
2021-05,Novofyodorovskoye,TAO,88700,370,11
2021-05,Lomonosovsky,YuZAO,394200,1643,11
2021-05,Sokolniki,VAO,285900,1191,11
2021-05,Moskovsky,NAO,185300,772,11
2021-05,Savyolovsky,SAO,305400,1273,11
2021-05,Gagarinsky,YuZAO,386900,1612,11
2021-05,Zelenograd,ZelAO,156100,650,11
2021-05,Chertanovo Yuzhnoye,YuAO,209900,874,11
2021-05,Mozhaysky,ZAO,301400,1256,11
2021-05,Sosenskoye,NAO,176300,735,11
2021-05,Altufyevsky,SVAO,206300,860,11
2021-05,Khoroshyovo-Mnyovniki,SZAO,322700,1344,11
2021-05,Troitsk,TAO,126300,526,11
2021-05,Novogireyevo,VAO,224000,933,11
2021-05,Kosino-Ukhtomsky,VAO,199000,829,11
2021-05,Babushkinsky,SVAO,234500,977,11
2021-05,Yuzhnoye Butovo,YuZAO,245200,1022,11
2021-05,Sviblovo,SVAO,234500,977,11
2021-05,Brateyevo,YuAO,205000,854,11
2021-05,Levoberezhny,SAO,249800,1041,11
2021-05,Golovinsky,SAO,235700,982,11
2021-05,Tsaritsyno,YuAO,222700,928,11
2021-05,Kotlovka,YuZAO,318400,1327,11
2021-05,Perovo,VAO,226600,944,11
2021-05,Konkovo,YuZAO,293900,1224,11
2021-05,Meshchansky,CAO,455600,1898,11
2021-05,Ramenki,ZAO,389900,1624,11
2021-05,Danilovsky,YuAO,284700,1186,11
2021-05,Novokosino,VAO,213000,888,11
2021-05,Voronovskoye,TAO,94200,392,11
2021-05,Obruchevsky,YuZAO,334700,1395,11
2021-05,Cheryomushki,YuZAO,327000,1362,11
2021-05,Rostokino,SVAO,243400,1014,11
2021-05,Strogino,SZAO,335100,1396,11
2021-05,Marushkinskoye,NAO,140100,584,11
2021-05,Chertanovo Severnoye,YuAO,227700,949,11
2021-05,Vostochny,VAO,191500,798,11
2021-05,Alekseevsky,SVAO,274800,1145,11
2021-05,Kokoshkino,NAO,144100,600,11
2021-05,Golyanovo,VAO,206100,859,11
2021-05,Mosrentgen,NAO,184600,769,11
2021-05,Begovoy,SAO,318500,1327,11
2021-05,Shcherbinka,NAO,180200,751,11
2021-05,Presnensky,CAO,551600,2299,11
2021-05,Solntsevo,ZAO,259600,1082,11
2021-05,Prospekt Vernadskogo,ZAO,393800,1641,11
2021-05,Ryazanovskoye,NAO,140200,584,11
2021-05,Orekhovo-Borisovo Yuzhnoye,YuAO,201700,840,11
2021-05,Filimonkovskoye,NAO,157700,657,11
2021-06,Filyovsky Park,ZAO,375600,1565,11
2021-06,Nagatinsky Zaton,YuAO,283100,1180,11
2021-06,Sosenskoye,NAO,186500,777,11
2021-06,Voykovsky,SAO,264500,1102,11
2021-06,Otradnoye,SVAO,241100,1004,11
2021-06,Severnoye Izmaylovo,VAO,249900,1041,11
2021-06,Maryina Roshcha,SVAO,299900,1250,11
2021-06,Moskovsky,NAO,181700,757,11
2021-06,Filimonkovskoye,NAO,150400,626,11
2021-06,Golyanovo,VAO,217500,906,11
2021-06,Fili-Davydkovo,ZAO,346300,1443,11
2021-06,Mitino,SZAO,253900,1058,11
2021-06,Voskresenskoye,NAO,169000,704,11
2021-06,Mikhaylovo-Yartsevskoye,TAO,95100,396,11
2021-06,Ivanovskoye,VAO,230500,960,11
2021-06,Yakimanka,CAO,591500,2465,11
2021-06,Marfino,SVAO,246300,1026,11
2021-06,Dorogomilovo,ZAO,474300,1976,11
2021-06,Desyonovskoye,NAO,173100,721,11
2021-06,Tyoply Stan,YuZAO,273400,1139,11
2021-06,Zyuzino,YuZAO,311600,1298,11
2021-06,Kokoshkino,NAO,149800,624,11
2021-06,Molzhaninovsky,SAO,189500,790,11
2021-06,Vostochny,VAO,206400,860,11
2021-06,Yasenevo,YuZAO,295500,1231,11
2021-06,Cheryomushki,YuZAO,339800,1416,11
2021-06,Shchapovskoye,TAO,94400,393,11
2021-06,Basmanny,CAO,464600,1936,11
2021-06,Preobrazhenskoye,VAO,247000,1029,11
2021-06,Zapadnoye Degunino,SAO,227000,946,11
2021-06,Lianozovo,SVAO,213700,890,11
2021-06,Vostochnoye Izmaylovo,VAO,235600,982,11
2021-06,Begovoy,SAO,320700,1336,11
2021-06,Novokosino,VAO,223400,931,11
2021-06,Yuzhnoye Butovo,YuZAO,244400,1018,11
2021-06,Aeroport,SAO,298400,1243,11
2021-06,Levoberezhny,SAO,245800,1024,11
2021-06,Krasnopakhorskoye,TAO,106500,444,11
2021-06,Novogireyevo,VAO,239200,997,11
2021-06,Perovo,VAO,238000,992,11
2021-06,Vnukovo,ZAO,248100,1034,11
2021-06,Shcherbinka,NAO,173800,724,11
2021-06,Gagarinsky,YuZAO,397800,1657,11
2021-06,Konkovo,YuZAO,311100,1296,11
2021-06,Savyolovsky,SAO,306500,1277,11
2021-06,Koptevo,SAO,246600,1027,11
2021-06,Veshnyaki,VAO,207500,864,11
2021-06,Mosrentgen,NAO,186100,776,11
2021-06,Kievsky,TAO,89000,371,11
2021-06,Kosino-Ukhtomsky,VAO,208900,871,11
2021-06,Troitsk,TAO,125500,523,11
2021-06,Khoroshyovo-Mnyovniki,SZAO,348900,1454,11
2021-06,Prospekt Vernadskogo,ZAO,395800,1649,11
2021-06,Presnensky,CAO,569900,2374,11
2021-06,Alekseevsky,SVAO,292600,1219,11
2021-06,Bibirevo,SVAO,232300,968,11
2021-06,Chertanovo Severnoye,YuAO,223700,932,11
2021-06,Donskoy,YuAO,313600,1307,11
2021-06,Sviblovo,SVAO,247900,1033,11
2021-06,Orekhovo-Borisovo Severnoye,YuAO,215200,897,11
2021-06,Ryazanovskoye,NAO,150600,627,11
2021-06,Severnoye Medvedkovo,SVAO,238100,992,11
2021-06,Losinoostrovsky,SVAO,225500,940,11
2021-06,Ochakovo-Matveyevskoye,ZAO,294400,1227,11
2021-06,Biryulyovo Zapadnoye,YuAO,199100,830,11
2021-06,Shchukino,SZAO,317700,1324,11
2021-06,Rogovskoye,TAO,91300,381,11
2021-06,Troparyovo-Nikulino,ZAO,364100,1517,11
2021-06,Voronovskoye,TAO,98600,411,11
2021-06,Krylatskoye,SZAO,379200,1580,11
2021-06,Solntsevo,ZAO,278000,1158,11
2021-06,Severnoye Tushino,SZAO,269500,1123,11
2021-06,Orekhovo-Borisovo Yuzhnoye,YuAO,212600,886,11
2021-06,Marushkinskoye,NAO,143700,599,11
2021-06,Babushkinsky,SVAO,243700,1015,11
2021-06,Obruchevsky,YuZAO,334400,1393,11
2021-06,Danilovsky,YuAO,293900,1225,11
2021-06,Krasnoselsky,CAO,447700,1865,11
2021-06,Sokol,SAO,321900,1341,11
2021-06,Strogino,SZAO,334100,1392,11
2021-06,Rostokino,SVAO,235900,983,11
2021-06,Golovinsky,SAO,241900,1008,11
2021-06,Ramenki,ZAO,399800,1666,11
2021-06,Meshchansky,CAO,476200,1984,11
2021-06,Altufyevsky,SVAO,221400,922,11
2021-06,Tsaritsyno,YuAO,228500,952,11
2021-06,Beskudnikovsky,SAO,229200,955,11
2021-06,Brateyevo,YuAO,203300,847,11
2021-06,Klyonovskoye,TAO,88500,369,11
2021-06,Lomonosovsky,YuZAO,395900,1649,11
2021-06,Sokolniki,VAO,277000,1154,11
2021-06,Novofyodorovskoye,TAO,92200,384,11
2021-06,Timiryazevsky,SAO,282300,1176,11
2021-06,Yaroslavsky,SVAO,234300,976,11
2021-06,Kotlovka,YuZAO,330200,1376,11
2021-06,Kuntsevo,ZAO,340900,1421,11
2021-06,Khamovniki,CAO,646000,2692,11
2021-06,Butyrsky,SVAO,268500,1119,11
2021-06,Vnukovskoye,NAO,185200,772,11
2021-06,Ostankinsky,SVAO,292800,1220,11
2021-06,Arbat,CAO,605100,2521,11
2021-06,Sokolinaya Gora,VAO,241400,1006,11
2021-06,Zyablikovo,YuAO,211600,881,11
2021-06,Moskvorechye-Saburovo,YuAO,226100,942,11
2021-06,Nagatino-Sadovniki,YuAO,251700,1049,11
2021-06,Nagorny,YuAO,271500,1131,11
2021-06,Bogorodskoye,VAO,239200,997,11
2021-06,Izmaylovo,VAO,257400,1072,11
2021-06,Akademichesky,YuZAO,345300,1439,11
2021-06,Zelenograd,ZelAO,154500,644,11
2021-06,Dmitrovsky,SAO,221200,922,11
2021-06,Khoroshyovsky,SAO,339100,1413,11
2021-06,Tagansky,CAO,460200,1918,11
2021-06,Severny,SVAO,207600,865,11
2021-06,Pokrovskoye-Streshnevo,SZAO,295600,1232,11
2021-06,Metrogorodok,VAO,216400,902,11
2021-06,Novo-Peredelkino,ZAO,251700,1049,11
2021-06,Chertanovo Tsentralnoye,YuAO,224700,936,11
2021-06,Severnoye Butovo,YuZAO,255800,1066,11
2021-06,Biryulyovo Vostochnoye,YuAO,192200,801,11
2021-06,Yuzhnoye Tushino,SZAO,282000,1175,11
2021-06,Pervomayskoye,TAO,98800,412,11
2021-06,Khovrino,SAO,235400,981,11
2021-06,Yuzhnoye Medvedkovo,SVAO,237200,988,11
2021-06,Zamoskvorechye,CAO,519800,2166,11
2021-06,Tverskoy,CAO,592300,2468,11
2021-06,Kurkino,SZAO,318100,1325,11
2021-06,Mozhaysky,ZAO,308000,1283,11
2021-06,Chertanovo Yuzhnoye,YuAO,204600,853,11
2021-07,Fili-Davydkovo,ZAO,362300,1510,11
2021-07,Kotlovka,YuZAO,334300,1393,11
2021-07,Ivanovskoye,VAO,228700,953,11
2021-07,Novogireyevo,VAO,246900,1029,11
2021-07,Tyoply Stan,YuZAO,271400,1131,11
2021-07,Nagatino-Sadovniki,YuAO,259900,1083,11
2021-07,Izmaylovo,VAO,258900,1079,11
2021-07,Maryina Roshcha,SVAO,305400,1273,11
2021-07,Lomonosovsky,YuZAO,406500,1694,11
2021-07,Metrogorodok,VAO,212600,886,11
2021-07,Severnoye Butovo,YuZAO,276700,1153,11
2021-07,Kosino-Ukhtomsky,VAO,211900,883,11
2021-07,Obruchevsky,YuZAO,328200,1368,11
2021-07,Krylatskoye,SZAO,385500,1606,11
2021-07,Chertanovo Severnoye,YuAO,235600,982,11
2021-07,Chertanovo Yuzhnoye,YuAO,205400,856,11
2021-07,Sokolniki,VAO,282700,1178,11
2021-07,Mozhaysky,ZAO,292800,1220,11
2021-07,Yuzhnoye Medvedkovo,SVAO,239100,996,11
2021-07,Biryulyovo Vostochnoye,YuAO,210100,875,11
2021-07,Chertanovo Tsentralnoye,YuAO,221000,921,11
2021-07,Novo-Peredelkino,ZAO,258900,1079,11
2021-07,Severny,SVAO,201500,839,11
2021-07,Ostankinsky,SVAO,294100,1225,11
2021-07,Troparyovo-Nikulino,ZAO,362600,1511,11
2021-07,Ochakovo-Matveyevskoye,ZAO,292000,1217,11
2021-07,Severnoye Medvedkovo,SVAO,237100,988,11
2021-07,Biryulyovo Zapadnoye,YuAO,202200,842,11
2021-07,Yaroslavsky,SVAO,225100,938,11
2021-07,Orekhovo-Borisovo Severnoye,YuAO,216300,901,11
2021-07,Donskoy,YuAO,314200,1309,11
2021-07,Prospekt Vernadskogo,ZAO,420900,1754,11
2021-07,Sviblovo,SVAO,239300,997,11
2021-07,Brateyevo,YuAO,215400,897,11
2021-07,Tsaritsyno,YuAO,216000,900,11
2021-07,Ramenki,ZAO,415200,1730,11
2021-07,Rostokino,SVAO,242700,1011,11
2021-07,Danilovsky,YuAO,300700,1253,11
2021-07,Orekhovo-Borisovo Yuzhnoye,YuAO,211200,880,11
2021-07,Solntsevo,ZAO,273400,1139,11
2021-07,Otradnoye,SVAO,244700,1020,11
2021-07,Vostochnoye Izmaylovo,VAO,246600,1027,11
2021-07,Moskvorechye-Saburovo,YuAO,235900,983,11
2021-07,Cheryomushki,YuZAO,322500,1344,11
2021-07,Golyanovo,VAO,212200,884,11
2021-07,Marfino,SVAO,247500,1031,11
2021-07,Novokosino,VAO,222200,926,11
2021-07,Konkovo,YuZAO,301300,1255,11
2021-07,Perovo,VAO,238300,993,11
2021-07,Yuzhnoye Butovo,YuZAO,258700,1078,11
2021-07,Vostochny,VAO,199000,829,11
2021-07,Zyuzino,YuZAO,309200,1288,11
2021-07,Yasenevo,YuZAO,296600,1236,11
2021-07,Preobrazhenskoye,VAO,265800,1108,11
2021-07,Nagatinsky Zaton,YuAO,267300,1114,11
2021-07,Vnukovo,ZAO,251100,1046,11
2021-07,Gagarinsky,YuZAO,400000,1667,11
2021-07,Veshnyaki,VAO,217600,907,11
2021-07,Severnoye Izmaylovo,VAO,251400,1047,11
2021-07,Dorogomilovo,ZAO,491600,2048,11
2021-07,Filyovsky Park,ZAO,381200,1588,11
2021-07,Akademichesky,YuZAO,359100,1496,11
2021-07,Bogorodskoye,VAO,233300,972,11
2021-07,Nagorny,YuAO,267900,1116,11
2021-07,Zyablikovo,YuAO,221500,923,11
2021-07,Sokolinaya Gora,VAO,235700,982,11
2021-07,Kuntsevo,ZAO,327900,1366,11
2021-07,Mosrentgen,NAO,186900,779,11
2021-07,Dmitrovsky,SAO,216500,902,11
2021-07,Filimonkovskoye,NAO,149500,623,11
2021-07,Butyrsky,SVAO,279900,1166,11
2021-07,Levoberezhny,SAO,243700,1016,11
2021-07,Kurkino,SZAO,318700,1328,11
2021-07,Moskovsky,NAO,194400,810,11
2021-07,Golovinsky,SAO,235800,983,11
2021-07,Ryazanovskoye,NAO,151400,631,11
2021-07,Kokoshkino,NAO,147200,613,11
2021-07,Yuzhnoye Tushino,SZAO,276400,1152,11
2021-07,Savyolovsky,SAO,326500,1360,11
2021-07,Krasnopakhorskoye,TAO,112800,470,11
2021-07,Alekseevsky,SVAO,290500,1211,11
2021-07,Zamoskvorechye,CAO,537900,2241,11
2021-07,Rogovskoye,TAO,90200,376,11
2021-07,Shchapovskoye,TAO,98500,410,11
2021-07,Tagansky,CAO,465800,1941,11
2021-07,Beskudnikovsky,SAO,228900,954,11
2021-07,Pokrovskoye-Streshnevo,SZAO,297800,1241,11
2021-07,Lianozovo,SVAO,228700,953,11
2021-07,Khoroshyovsky,SAO,341300,1422,11
2021-07,Shchukino,SZAO,322600,1344,11
2021-07,Mikhaylovo-Yartsevskoye,TAO,99600,415,11
2021-07,Yakimanka,CAO,607900,2533,11
2021-07,Khovrino,SAO,229200,955,11
2021-07,Severnoye Tushino,SZAO,271700,1132,11
2021-07,Zapadnoye Degunino,SAO,229300,955,11
2021-07,Molzhaninovsky,SAO,191900,800,11
2021-07,Koptevo,SAO,251600,1048,11
2021-07,Voskresenskoye,NAO,177100,738,11
2021-07,Marushkinskoye,NAO,137200,572,11
2021-07,Bibirevo,SVAO,233000,971,11
2021-07,Novofyodorovskoye,TAO,96800,403,11
2021-07,Shcherbinka,NAO,161400,672,11
2021-07,Begovoy,SAO,335800,1399,11
2021-07,Sokol,SAO,329900,1374,11
2021-07,Timiryazevsky,SAO,277800,1157,11
2021-07,Presnensky,CAO,561400,2339,11
2021-07,Altufyevsky,SVAO,230900,962,11
2021-07,Sosenskoye,NAO,196100,817,11
2021-07,Troitsk,TAO,131600,548,11
2021-07,Aeroport,SAO,291600,1215,11
2021-07,Pervomayskoye,TAO,103000,429,11
2021-07,Khamovniki,CAO,632800,2637,11
2021-07,Tverskoy,CAO,618000,2575,11
2021-07,Strogino,SZAO,333700,1391,11
2021-07,Khoroshyovo-Mnyovniki,SZAO,322800,1345,11
2021-07,Voykovsky,SAO,262200,1092,11
2021-07,Babushkinsky,SVAO,247400,1031,11
2021-07,Arbat,CAO,617200,2572,11
2021-07,Losinoostrovsky,SVAO,244700,1020,11
2021-07,Meshchansky,CAO,484900,2020,11
2021-07,Basmanny,CAO,490000,2042,11
2021-07,Mitino,SZAO,272900,1137,11
2021-07,Klyonovskoye,TAO,90200,376,11
2021-07,Krasnoselsky,CAO,423700,1765,11
2021-07,Desyonovskoye,NAO,172800,720,11
2021-07,Voronovskoye,TAO,96400,402,11
2021-07,Vnukovskoye,NAO,183100,763,11
2021-07,Zelenograd,ZelAO,153400,639,11
2021-07,Kievsky,TAO,92900,387,11
2021-08,Zyablikovo,YuAO,215700,899,11
2021-08,Chertanovo Severnoye,YuAO,233400,973,11
2021-08,Yuzhnoye Tushino,SZAO,294400,1226,11
2021-08,Novo-Peredelkino,ZAO,257800,1074,11
2021-08,Lomonosovsky,YuZAO,409000,1704,11
2021-08,Zapadnoye Degunino,SAO,226400,943,11
2021-08,Yuzhnoye Butovo,YuZAO,259300,1080,11
2021-08,Basmanny,CAO,500700,2086,11
2021-08,Rogovskoye,TAO,88900,370,11
2021-08,Nagorny,YuAO,259200,1080,11
2021-08,Yaroslavsky,SVAO,219500,915,11
2021-08,Timiryazevsky,SAO,287800,1199,11
2021-08,Sosenskoye,NAO,193400,806,11
2021-08,Perovo,VAO,239800,999,11
2021-08,Begovoy,SAO,326300,1360,11
2021-08,Zelenograd,ZelAO,162100,676,11
2021-08,Filyovsky Park,ZAO,387800,1616,11
2021-08,Voykovsky,SAO,268400,1118,11
2021-08,Tagansky,CAO,476500,1985,11
2021-08,Ivanovskoye,VAO,231600,965,11
2021-08,Yakimanka,CAO,582200,2426,11
2021-08,Mozhaysky,ZAO,303000,1262,11
2021-08,Butyrsky,SVAO,285200,1189,11
2021-08,Krasnopakhorskoye,TAO,112300,468,11
2021-08,Biryulyovo Zapadnoye,YuAO,205500,856,11
2021-08,Konkovo,YuZAO,310900,1296,11
2021-08,Mikhaylovo-Yartsevskoye,TAO,100900,421,11
2021-08,Pokrovskoye-Streshnevo,SZAO,293800,1224,11
2021-08,Yuzhnoye Medvedkovo,SVAO,236100,984,11
2021-08,Khovrino,SAO,238200,992,11
2021-08,Ostankinsky,SVAO,291500,1215,11
2021-08,Kievsky,TAO,96500,402,11
2021-08,Izmaylovo,VAO,270600,1127,11
2021-08,Solntsevo,ZAO,274700,1145,11
2021-08,Severnoye Medvedkovo,SVAO,241100,1005,11
2021-08,Alekseevsky,SVAO,285200,1189,11
2021-08,Meshchansky,CAO,480500,2002,11
2021-08,Moskovsky,NAO,191000,796,11
2021-08,Khoroshyovo-Mnyovniki,SZAO,338500,1411,11
2021-08,Donskoy,YuAO,316100,1317,11
2021-08,Prospekt Vernadskogo,ZAO,424900,1770,11
2021-08,Babushkinsky,SVAO,250400,1043,11
2021-08,Golyanovo,VAO,219800,916,11
2021-08,Voronovskoye,TAO,96500,402,11
2021-08,Ryazanovskoye,NAO,146200,609,11
2021-08,Krasnoselsky,CAO,459600,1915,11
2021-08,Strogino,SZAO,349400,1456,11
2021-08,Rostokino,SVAO,248800,1037,11
2021-08,Danilovsky,YuAO,304300,1268,11
2021-08,Metrogorodok,VAO,221300,922,11
2021-08,Sviblovo,SVAO,238300,993,11
2021-08,Severnoye Izmaylovo,VAO,248200,1034,11
2021-08,Altufyevsky,SVAO,227700,949,11
2021-08,Zyuzino,YuZAO,320200,1334,11
2021-08,Orekhovo-Borisovo Yuzhnoye,YuAO,221800,924,11
2021-08,Gagarinsky,YuZAO,395300,1647,11
2021-08,Ramenki,ZAO,408700,1703,11
2021-08,Severnoye Tushino,SZAO,273200,1138,11
2021-08,Troparyovo-Nikulino,ZAO,348000,1450,11
2021-08,Troitsk,TAO,128900,537,11
2021-08,Klyonovskoye,TAO,95600,398,11
2021-08,Zamoskvorechye,CAO,525200,2188,11
2021-08,Levoberezhny,SAO,244500,1019,11
2021-08,Severny,SVAO,208600,869,11
2021-08,Khoroshyovsky,SAO,335600,1398,11
2021-08,Marushkinskoye,NAO,144400,602,11
2021-08,Bibirevo,SVAO,234500,977,11
2021-08,Kokoshkino,NAO,153400,639,11
2021-08,Obruchevsky,YuZAO,336700,1403,11
2021-08,Koptevo,SAO,260500,1085,11
2021-08,Presnensky,CAO,556700,2319,11
2021-08,Brateyevo,YuAO,218700,911,11
2021-08,Otradnoye,SVAO,261000,1088,11
2021-08,Shchukino,SZAO,348700,1453,11
2021-08,Ochakovo-Matveyevskoye,ZAO,318700,1328,11
2021-08,Tsaritsyno,YuAO,224200,934,11
2021-08,Beskudnikovsky,SAO,221500,923,11
2021-08,Cheryomushki,YuZAO,339200,1413,11
2021-08,Orekhovo-Borisovo Severnoye,YuAO,215700,899,11
2021-08,Filimonkovskoye,NAO,161300,672,11
2021-08,Novokosino,VAO,235200,980,11
2021-08,Golovinsky,SAO,253300,1055,11
2021-08,Fili-Davydkovo,ZAO,377400,1572,11
2021-08,Molzhaninovsky,SAO,199800,833,11
2021-08,Nagatino-Sadovniki,YuAO,265000,1104,11
2021-08,Novofyodorovskoye,TAO,91600,382,11
2021-08,Biryulyovo Vostochnoye,YuAO,204900,854,11
2021-08,Severnoye Butovo,YuZAO,274600,1144,11
2021-08,Lianozovo,SVAO,221400,923,11
2021-08,Marfino,SVAO,241700,1007,11
2021-08,Tyoply Stan,YuZAO,282600,1178,11
2021-08,Aeroport,SAO,310400,1293,11
2021-08,Mitino,SZAO,271000,1129,11
2021-08,Shchapovskoye,TAO,99300,414,11
2021-08,Moskvorechye-Saburovo,YuAO,229700,957,11
2021-08,Kuntsevo,ZAO,316600,1319,11
2021-08,Vnukovskoye,NAO,190800,795,11
2021-08,Savyolovsky,SAO,318700,1328,11
2021-08,Yasenevo,YuZAO,307100,1280,11
2021-08,Veshnyaki,VAO,228200,951,11
2021-08,Sokolniki,VAO,289300,1205,11
2021-08,Chertanovo Yuzhnoye,YuAO,213600,890,11
2021-08,Vnukovo,ZAO,249800,1041,11
2021-08,Sokolinaya Gora,VAO,249000,1038,11
2021-08,Novogireyevo,VAO,231500,964,11
2021-08,Losinoostrovsky,SVAO,229700,957,11
2021-08,Arbat,CAO,640700,2669,11
2021-08,Krylatskoye,SZAO,398500,1660,11
2021-08,Shcherbinka,NAO,182400,760,11
2021-08,Kurkino,SZAO,316700,1319,11
2021-08,Dorogomilovo,ZAO,485900,2025,11
2021-08,Dmitrovsky,SAO,227100,946,11
2021-08,Bogorodskoye,VAO,245800,1024,11
2021-08,Sokol,SAO,319100,1330,11
2021-08,Vostochnoye Izmaylovo,VAO,239900,1000,11
2021-08,Vostochny,VAO,204000,850,11
2021-08,Mosrentgen,NAO,190900,796,11
2021-08,Kosino-Ukhtomsky,VAO,222800,928,11
2021-08,Nagatinsky Zaton,YuAO,277500,1156,11
2021-08,Kotlovka,YuZAO,332100,1384,11
2021-08,Tverskoy,CAO,629200,2622,11
2021-08,Voskresenskoye,NAO,185200,772,11
2021-08,Pervomayskoye,TAO,104500,435,11
2021-08,Maryina Roshcha,SVAO,280300,1168,11
2021-08,Chertanovo Tsentralnoye,YuAO,229400,956,11
2021-08,Akademichesky,YuZAO,376300,1568,11
2021-08,Desyonovskoye,NAO,180800,753,11
2021-08,Khamovniki,CAO,659200,2746,11
2021-08,Preobrazhenskoye,VAO,262900,1096,11
2021-09,Beskudnikovsky,SAO,238800,995,11
2021-09,Severnoye Butovo,YuZAO,287000,1196,11
2021-09,Sokolniki,VAO,297500,1240,11
2021-09,Cheryomushki,YuZAO,341600,1423,11
2021-09,Orekhovo-Borisovo Severnoye,YuAO,222700,928,11
2021-09,Golovinsky,SAO,247800,1033,11
2021-09,Ryazanovskoye,NAO,154600,644,11
2021-09,Koptevo,SAO,255600,1065,11
2021-09,Severny,SVAO,220400,918,11
2021-09,Dorogomilovo,ZAO,476100,1984,11
2021-09,Dmitrovsky,SAO,224200,934,11
2021-09,Bibirevo,SVAO,233700,974,11
2021-09,Khoroshyovsky,SAO,350900,1462,11
2021-09,Desyonovskoye,NAO,182200,759,11
2021-09,Kokoshkino,NAO,152300,635,11
2021-09,Obruchevsky,YuZAO,339300,1414,11
2021-09,Marfino,SVAO,258700,1078,11
2021-09,Tsaritsyno,YuAO,243600,1015,11
2021-09,Kotlovka,YuZAO,335000,1396,11
2021-09,Severnoye Tushino,SZAO,273900,1141,11
2021-09,Otradnoye,SVAO,251600,1048,11
2021-09,Shchukino,SZAO,346300,1443,11
2021-09,Veshnyaki,VAO,214800,895,11
2021-09,Brateyevo,YuAO,221700,924,11
2021-09,Yasenevo,YuZAO,311800,1299,11
2021-09,Ochakovo-Matveyevskoye,ZAO,305200,1272,11
2021-09,Krasnoselsky,CAO,464800,1937,11
2021-09,Novofyodorovskoye,TAO,88800,370,11
2021-09,Voronovskoye,TAO,99000,413,11
2021-09,Kievsky,TAO,98900,412,11
2021-09,Tyoply Stan,YuZAO,294300,1226,11
2021-09,Nagatino-Sadovniki,YuAO,269500,1123,11
2021-09,Krylatskoye,SZAO,382200,1593,11
2021-09,Rostokino,SVAO,256100,1067,11
2021-09,Khamovniki,CAO,645400,2689,11
2021-09,Danilovsky,YuAO,305600,1273,11
2021-09,Sviblovo,SVAO,252500,1052,11
2021-09,Golyanovo,VAO,230800,962,11
2021-09,Metrogorodok,VAO,217200,905,11
2021-09,Shcherbinka,NAO,174000,725,11
2021-09,Zyuzino,YuZAO,335200,1397,11
2021-09,Molzhaninovsky,SAO,206500,860,11
2021-09,Altufyevsky,SVAO,222000,925,11
2021-09,Orekhovo-Borisovo Yuzhnoye,YuAO,224200,934,11
2021-09,Vostochnoye Izmaylovo,VAO,233800,974,11
2021-09,Gagarinsky,YuZAO,423000,1763,11
2021-09,Strogino,SZAO,345100,1438,11
2021-09,Ramenki,ZAO,441000,1838,11
2021-09,Meshchansky,CAO,462700,1928,11
2021-09,Filimonkovskoye,NAO,155500,648,11
2021-09,Izmaylovo,VAO,273700,1140,11
2021-09,Preobrazhenskoye,VAO,273600,1140,11
2021-09,Savyolovsky,SAO,322200,1342,11
2021-09,Solntsevo,ZAO,278400,1160,11
2021-09,Severnoye Medvedkovo,SVAO,256100,1067,11
2021-09,Zapadnoye Degunino,SAO,232400,969,11
2021-09,Novokosino,VAO,232800,970,11
2021-09,Chertanovo Yuzhnoye,YuAO,219700,915,11
2021-09,Alekseevsky,SVAO,296800,1237,11
2021-09,Kurkino,SZAO,325300,1355,11
2021-09,Khoroshyovo-Mnyovniki,SZAO,344400,1435,11
2021-09,Vnukovo,ZAO,246300,1026,11
2021-09,Arbat,CAO,635900,2650,11
2021-09,Donskoy,YuAO,330000,1375,11
2021-09,Losinoostrovsky,SVAO,249000,1037,11
2021-09,Prospekt Vernadskogo,ZAO,411300,1714,11
2021-09,Babushkinsky,SVAO,252800,1053,11
2021-09,Voskresenskoye,NAO,178100,742,11
2021-09,Moskovsky,NAO,193600,807,11
2021-09,Severnoye Izmaylovo,VAO,245000,1021,11
2021-09,Biryulyovo Vostochnoye,YuAO,221500,923,11
2021-09,Moskvorechye-Saburovo,YuAO,238400,993,11
2021-09,Novo-Peredelkino,ZAO,255600,1065,11
2021-09,Sosenskoye,NAO,182800,762,11
2021-09,Chertanovo Tsentralnoye,YuAO,235600,982,11
2021-09,Yuzhnoye Tushino,SZAO,285800,1191,11
2021-09,Chertanovo Severnoye,YuAO,236500,985,11
2021-09,Maryina Roshcha,SVAO,280700,1170,11
2021-09,Voykovsky,SAO,271700,1132,11
2021-09,Mitino,SZAO,280600,1169,11
2021-09,Shchapovskoye,TAO,98900,412,11
2021-09,Ivanovskoye,VAO,239100,996,11
2021-09,Sokolinaya Gora,VAO,250900,1046,11
2021-09,Perovo,VAO,237800,991,11
2021-09,Nagorny,YuAO,273100,1138,11
2021-09,Konkovo,YuZAO,322700,1345,11
2021-09,Zyablikovo,YuAO,210900,879,11
2021-09,Yakimanka,CAO,589100,2455,11
2021-09,Bogorodskoye,VAO,244800,1020,11
2021-09,Kuntsevo,ZAO,338900,1412,11
2021-09,Khovrino,SAO,230400,960,11
2021-09,Ostankinsky,SVAO,308100,1284,11
2021-09,Sokol,SAO,328600,1369,11
2021-09,Begovoy,SAO,330800,1378,11
2021-09,Mikhaylovo-Yartsevskoye,TAO,96800,403,11
2021-09,Lianozovo,SVAO,232300,968,11
2021-09,Zelenograd,ZelAO,157700,657,11
2021-09,Pokrovskoye-Streshnevo,SZAO,297500,1240,11
2021-09,Filyovsky Park,ZAO,382400,1593,11
2021-09,Pervomayskoye,TAO,104600,436,11
2021-09,Yuzhnoye Medvedkovo,SVAO,235100,980,11
2021-09,Novogireyevo,VAO,250300,1043,11
2021-09,Basmanny,CAO,498100,2075,11
2021-09,Marushkinskoye,NAO,149000,621,11
2021-09,Levoberezhny,SAO,250200,1042,11
2021-09,Butyrsky,SVAO,274400,1143,11
2021-09,Lomonosovsky,YuZAO,400600,1669,11
2021-09,Akademichesky,YuZAO,357600,1490,11
2021-09,Mozhaysky,ZAO,308300,1285,11
2021-09,Troitsk,TAO,124300,518,11
2021-09,Tagansky,CAO,499500,2081,11
2021-09,Zamoskvorechye,CAO,515200,2147,11
2021-09,Tverskoy,CAO,594000,2475,11
2021-09,Klyonovskoye,TAO,94400,393,11
2021-09,Mosrentgen,NAO,189100,788,11
2021-09,Krasnopakhorskoye,TAO,112100,467,11
2021-09,Vostochny,VAO,201700,840,11
2021-09,Troparyovo-Nikulino,ZAO,371600,1548,11
2021-09,Vnukovskoye,NAO,193600,807,11
2021-09,Rogovskoye,TAO,94400,393,11
2021-09,Fili-Davydkovo,ZAO,374200,1559,11
2021-09,Presnensky,CAO,611900,2549,11
2021-09,Aeroport,SAO,303200,1263,11
2021-09,Biryulyovo Zapadnoye,YuAO,202400,843,11
2021-09,Yaroslavsky,SVAO,243400,1014,11
2021-09,Kosino-Ukhtomsky,VAO,206300,860,11
2021-09,Nagatinsky Zaton,YuAO,290700,1211,11
2021-09,Yuzhnoye Butovo,YuZAO,262600,1094,11
2021-09,Timiryazevsky,SAO,285500,1189,11
2021-10,Novofyodorovskoye,TAO,92400,385,11
2021-10,Ramenki,ZAO,441400,1839,11
2021-10,Rogovskoye,TAO,97100,405,11
2021-10,Voskresenskoye,NAO,183500,765,11
2021-10,Chertanovo Severnoye,YuAO,243000,1013,11
2021-10,Begovoy,SAO,328500,1369,11
2021-10,Metrogorodok,VAO,213200,888,11
2021-10,Kosino-Ukhtomsky,VAO,220800,920,11
2021-10,Vostochny,VAO,213300,889,11
2021-10,Tagansky,CAO,462500,1927,11
2021-10,Strogino,SZAO,351300,1464,11
2021-10,Molzhaninovsky,SAO,206800,861,11
2021-10,Vostochnoye Izmaylovo,VAO,247300,1030,11
2021-10,Orekhovo-Borisovo Yuzhnoye,YuAO,222600,927,11
2021-10,Altufyevsky,SVAO,221900,925,11
2021-10,Yaroslavsky,SVAO,237100,988,11
2021-10,Timiryazevsky,SAO,301400,1256,11
2021-10,Biryulyovo Vostochnoye,YuAO,204500,852,11
2021-10,Perovo,VAO,255900,1066,11
2021-10,Zyuzino,YuZAO,330300,1376,11
2021-10,Shcherbinka,NAO,177000,738,11
2021-10,Sviblovo,SVAO,232900,971,11
2021-10,Khamovniki,CAO,667300,2780,11
2021-10,Danilovsky,YuAO,311400,1298,11
2021-10,Kuntsevo,ZAO,354900,1479,11
2021-10,Golyanovo,VAO,215500,898,11
2021-10,Voronovskoye,TAO,97400,406,11
2021-10,Zelenograd,ZelAO,163000,679,11
2021-10,Presnensky,CAO,613000,2554,11
2021-10,Yuzhnoye Tushino,SZAO,303500,1264,11
2021-10,Izmaylovo,VAO,266000,1108,11
2021-10,Ochakovo-Matveyevskoye,ZAO,320600,1336,11
2021-10,Brateyevo,YuAO,220600,919,11
2021-10,Veshnyaki,VAO,233200,972,11
2021-10,Chertanovo Tsentralnoye,YuAO,234100,975,11
2021-10,Novo-Peredelkino,ZAO,259800,1083,11
2021-10,Yuzhnoye Butovo,YuZAO,276900,1154,11
2021-10,Shchukino,SZAO,343400,1431,11
2021-10,Levoberezhny,SAO,258800,1078,11
2021-10,Tsaritsyno,YuAO,232700,969,11
2021-10,Kokoshkino,NAO,147300,614,11
2021-10,Yasenevo,YuZAO,324900,1354,11
2021-10,Vnukovskoye,NAO,203500,848,11
2021-10,Sokolinaya Gora,VAO,248900,1037,11
2021-10,Mosrentgen,NAO,191900,799,11
2021-10,Desyonovskoye,NAO,179100,746,11
2021-10,Khoroshyovsky,SAO,363500,1514,11
2021-10,Dmitrovsky,SAO,232900,970,11
2021-10,Tverskoy,CAO,598600,2494,11
2021-10,Troitsk,TAO,137100,571,11
2021-10,Obruchevsky,YuZAO,333100,1388,11
2021-10,Dorogomilovo,ZAO,502200,2093,11
2021-10,Severny,SVAO,222500,927,11
2021-10,Ryazanovskoye,NAO,145800,607,11
2021-10,Akademichesky,YuZAO,386500,1610,11
2021-10,Pervomayskoye,TAO,99700,415,11
2021-10,Mozhaysky,ZAO,319300,1331,11
2021-10,Khoroshyovo-Mnyovniki,SZAO,349000,1454,11
2021-10,Vnukovo,ZAO,252400,1052,11
2021-10,Biryulyovo Zapadnoye,YuAO,215200,897,11
2021-10,Meshchansky,CAO,483300,2014,11
2021-10,Severnoye Izmaylovo,VAO,253400,1056,11
2021-10,Alekseevsky,SVAO,305700,1274,11
2021-10,Mikhaylovo-Yartsevskoye,TAO,101900,425,11
2021-10,Chertanovo Yuzhnoye,YuAO,224300,934,11
2021-10,Tyoply Stan,YuZAO,296500,1235,11
2021-10,Prospekt Vernadskogo,ZAO,430000,1792,11
2021-10,Yuzhnoye Medvedkovo,SVAO,243200,1013,11
2021-10,Severnoye Medvedkovo,SVAO,246900,1029,11
2021-10,Savyolovsky,SAO,327300,1364,11
2021-10,Sokol,SAO,343700,1432,11
2021-10,Severnoye Butovo,YuZAO,273900,1141,11
2021-10,Khovrino,SAO,238500,994,11
2021-10,Golovinsky,SAO,257300,1072,11
2021-10,Konkovo,YuZAO,333000,1387,11
2021-10,Yakimanka,CAO,604200,2517,11
2021-10,Bogorodskoye,VAO,255300,1064,11
2021-10,Sokolniki,VAO,307200,1280,11
2021-10,Aeroport,SAO,316000,1317,11
2021-10,Donskoy,YuAO,331700,1382,11
2021-10,Novokosino,VAO,223600,932,11
2021-10,Zyablikovo,YuAO,218700,911,11
2021-10,Severnoye Tushino,SZAO,291100,1213,11
2021-10,Krasnopakhorskoye,TAO,113900,475,11
2021-10,Sosenskoye,NAO,196100,817,11
2021-10,Zapadnoye Degunino,SAO,227800,949,11
2021-10,Otradnoye,SVAO,261100,1088,11
2021-10,Nagorny,YuAO,284300,1185,11
2021-10,Kurkino,SZAO,329200,1372,11
2021-10,Butyrsky,SVAO,288000,1200,11
2021-10,Krasnoselsky,CAO,483700,2015,11
2021-10,Solntsevo,ZAO,285900,1191,11
2021-10,Preobrazhenskoye,VAO,265500,1106,11
2021-10,Zamoskvorechye,CAO,531000,2212,11
2021-10,Lomonosovsky,YuZAO,404500,1685,11
2021-10,Novogireyevo,VAO,256200,1068,11
2021-10,Lianozovo,SVAO,235000,979,11
2021-10,Voykovsky,SAO,279100,1163,11
2021-10,Ivanovskoye,VAO,222000,925,11
2021-10,Marushkinskoye,NAO,146800,612,11
2021-10,Babushkinsky,SVAO,247600,1032,11
2021-10,Cheryomushki,YuZAO,348900,1454,11
2021-10,Filyovsky Park,ZAO,383200,1597,11
2021-10,Moskovsky,NAO,192100,801,11
2021-10,Pokrovskoye-Streshnevo,SZAO,312900,1304,11
2021-10,Bibirevo,SVAO,239200,997,11
2021-10,Marfino,SVAO,252300,1051,11
2021-10,Moskvorechye-Saburovo,YuAO,244800,1020,11
2021-10,Orekhovo-Borisovo Severnoye,YuAO,220500,919,11
2021-10,Beskudnikovsky,SAO,236400,985,11
2021-10,Shchapovskoye,TAO,98900,412,11
2021-10,Arbat,CAO,651900,2716,11
2021-10,Nagatino-Sadovniki,YuAO,273800,1141,11
2021-10,Kievsky,TAO,93800,391,11
2021-10,Rostokino,SVAO,246100,1026,11
2021-10,Ostankinsky,SVAO,314600,1311,11
2021-10,Nagatinsky Zaton,YuAO,280300,1168,11
2021-10,Filimonkovskoye,NAO,167200,697,11
2021-10,Losinoostrovsky,SVAO,235400,981,11
2021-10,Gagarinsky,YuZAO,418600,1744,11
2021-10,Troparyovo-Nikulino,ZAO,378800,1578,11
2021-10,Kotlovka,YuZAO,339700,1415,11
2021-10,Krylatskoye,SZAO,405600,1690,11
2021-10,Maryina Roshcha,SVAO,299600,1248,11
2021-10,Basmanny,CAO,491200,2047,11
2021-10,Fili-Davydkovo,ZAO,375500,1565,11
2021-10,Koptevo,SAO,271300,1130,11
2021-10,Klyonovskoye,TAO,92100,384,11
2021-10,Mitino,SZAO,277400,1156,11
2021-11,Chertanovo Yuzhnoye,YuAO,226900,945,11
2021-11,Orekhovo-Borisovo Severnoye,YuAO,218400,910,11
2021-11,Marushkinskoye,NAO,148900,621,11
2021-11,Basmanny,CAO,497400,2072,11
2021-11,Presnensky,CAO,608500,2535,11
2021-11,Yuzhnoye Medvedkovo,SVAO,237200,988,11
2021-11,Tagansky,CAO,456300,1901,11
2021-11,Ryazanovskoye,NAO,155400,648,11
2021-11,Sosenskoye,NAO,195700,815,11
2021-11,Troparyovo-Nikulino,ZAO,377900,1575,11
2021-11,Savyolovsky,SAO,329400,1372,11
2021-11,Yaroslavsky,SVAO,234100,976,11
2021-11,Cheryomushki,YuZAO,341700,1424,11
2021-11,Severnoye Medvedkovo,SVAO,253000,1054,11
2021-11,Filyovsky Park,ZAO,377900,1574,11
2021-11,Zelenograd,ZelAO,160100,667,11
2021-11,Kotlovka,YuZAO,332400,1385,11
2021-11,Solntsevo,ZAO,302000,1258,11
2021-11,Timiryazevsky,SAO,281400,1172,11
2021-11,Zamoskvorechye,CAO,559500,2331,11
2021-11,Veshnyaki,VAO,219500,915,11
2021-11,Khoroshyovsky,SAO,353800,1474,11
2021-11,Sokolniki,VAO,300100,1250,11
2021-11,Kokoshkino,NAO,155600,648,11
2021-11,Voskresenskoye,NAO,186500,777,11
2021-11,Vnukovo,ZAO,255800,1066,11
2021-11,Mikhaylovo-Yartsevskoye,TAO,99600,415,11
2021-11,Begovoy,SAO,359300,1497,11
2021-11,Losinoostrovsky,SVAO,242800,1012,11
2021-11,Rogovskoye,TAO,95000,396,11
2021-11,Biryulyovo Zapadnoye,YuAO,212200,884,11
2021-11,Severny,SVAO,210200,876,11
2021-11,Ramenki,ZAO,419200,1747,11
2021-11,Lomonosovsky,YuZAO,401200,1672,11
2021-11,Troitsk,TAO,141400,589,11
2021-11,Krasnopakhorskoye,TAO,113900,475,11
2021-11,Arbat,CAO,636800,2653,11
2021-11,Kurkino,SZAO,328800,1370,11
2021-11,Bibirevo,SVAO,232600,969,11
2021-11,Obruchevsky,YuZAO,341000,1421,11
2021-11,Voykovsky,SAO,287900,1199,11
2021-11,Beskudnikovsky,SAO,240000,1000,11
2021-11,Nagorny,YuAO,276600,1153,11
2021-11,Ivanovskoye,VAO,232300,968,11
2021-11,Maryina Roshcha,SVAO,305100,1271,11
2021-11,Izmaylovo,VAO,266300,1110,11
2021-11,Yasenevo,YuZAO,321000,1337,11
2021-11,Chertanovo Severnoye,YuAO,251700,1049,11
2021-11,Ochakovo-Matveyevskoye,ZAO,295300,1230,11
2021-11,Golovinsky,SAO,263000,1096,11
2021-11,Koptevo,SAO,270200,1126,11
2021-11,Levoberezhny,SAO,252400,1052,11
2021-11,Brateyevo,YuAO,224900,937,11
2021-11,Butyrsky,SVAO,286000,1192,11
2021-11,Otradnoye,SVAO,258800,1078,11
2021-11,Severnoye Tushino,SZAO,297800,1241,11
2021-11,Shchukino,SZAO,339200,1413,11
2021-11,Mozhaysky,ZAO,319600,1332,11
2021-11,Zyuzino,YuZAO,330100,1376,11
2021-11,Nagatinsky Zaton,YuAO,301300,1255,11
2021-11,Zyablikovo,YuAO,218500,911,11
2021-11,Klyonovskoye,TAO,99800,416,11
2021-11,Novogireyevo,VAO,251500,1048,11
2021-11,Novo-Peredelkino,ZAO,271300,1131,11
2021-11,Bogorodskoye,VAO,259700,1082,11
2021-11,Metrogorodok,VAO,233200,972,11
2021-11,Aeroport,SAO,313600,1307,11
2021-11,Krasnoselsky,CAO,477500,1990,11
2021-11,Altufyevsky,SVAO,236900,987,11
2021-11,Desyonovskoye,NAO,189300,789,11
2021-11,Vostochnoye Izmaylovo,VAO,255500,1065,11
2021-11,Nagatino-Sadovniki,YuAO,276800,1154,11
2021-11,Moskovsky,NAO,194600,811,11
2021-11,Sviblovo,SVAO,251800,1049,11
2021-11,Lianozovo,SVAO,228900,954,11
2021-11,Vostochny,VAO,212600,886,11
2021-11,Tyoply Stan,YuZAO,294300,1226,11
2021-11,Severnoye Butovo,YuZAO,282700,1178,11
2021-11,Mosrentgen,NAO,193300,805,11
2021-11,Novofyodorovskoye,TAO,97300,406,11
2021-11,Dorogomilovo,ZAO,474200,1976,11
2021-11,Yuzhnoye Tushino,SZAO,308500,1286,11
2021-11,Tverskoy,CAO,657100,2738,11
2021-11,Strogino,SZAO,341100,1421,11
2021-11,Shchapovskoye,TAO,103300,430,11
2021-11,Yakimanka,CAO,631300,2630,11
2021-11,Filimonkovskoye,NAO,167900,699,11
2021-11,Zapadnoye Degunino,SAO,234400,977,11
2021-11,Sokol,SAO,354300,1476,11
2021-11,Sokolinaya Gora,VAO,258000,1075,11
2021-11,Konkovo,YuZAO,335000,1396,11
2021-11,Khamovniki,CAO,683200,2847,11
2021-11,Vnukovskoye,NAO,193300,805,11
2021-11,Fili-Davydkovo,ZAO,380900,1587,11
2021-11,Gagarinsky,YuZAO,439300,1830,11
2021-11,Molzhaninovsky,SAO,206700,861,11
2021-11,Chertanovo Tsentralnoye,YuAO,240900,1004,11
2021-11,Donskoy,YuAO,340300,1418,11
2021-11,Prospekt Vernadskogo,ZAO,415800,1732,11
2021-11,Babushkinsky,SVAO,250000,1041,11
2021-11,Biryulyovo Vostochnoye,YuAO,222200,926,11
2021-11,Perovo,VAO,247700,1032,11
2021-11,Krylatskoye,SZAO,390800,1629,11
2021-11,Novokosino,VAO,243500,1015,11
2021-11,Khoroshyovo-Mnyovniki,SZAO,351200,1463,11
2021-11,Kuntsevo,ZAO,333400,1389,11
2021-11,Preobrazhenskoye,VAO,283600,1182,11
2021-11,Meshchansky,CAO,500100,2084,11
2021-11,Pokrovskoye-Streshnevo,SZAO,317700,1324,11
2021-11,Orekhovo-Borisovo Yuzhnoye,YuAO,230900,962,11
2021-11,Tsaritsyno,YuAO,234100,976,11
2021-11,Kosino-Ukhtomsky,VAO,214700,895,11
2021-11,Severnoye Izmaylovo,VAO,253600,1056,11
2021-11,Marfino,SVAO,251700,1049,11
2021-11,Alekseevsky,SVAO,303100,1263,11
2021-11,Khovrino,SAO,239600,998,11
2021-11,Rostokino,SVAO,246800,1028,11
2021-11,Yuzhnoye Butovo,YuZAO,260200,1084,11
2021-11,Golyanovo,VAO,224500,935,11
2021-11,Pervomayskoye,TAO,113100,471,11
2021-11,Dmitrovsky,SAO,234500,977,11
2021-11,Ostankinsky,SVAO,308900,1287,11
2021-11,Voronovskoye,TAO,101400,423,11
2021-11,Kievsky,TAO,97900,408,11
2021-11,Moskvorechye-Saburovo,YuAO,245900,1025,11
2021-11,Akademichesky,YuZAO,366600,1528,11
2021-11,Danilovsky,YuAO,323900,1350,11
2021-11,Shcherbinka,NAO,184900,770,11
2021-11,Mitino,SZAO,276600,1152,11
2021-12,Yuzhnoye Medvedkovo,SVAO,255200,1063,11
2021-12,Krasnopakhorskoye,TAO,122700,511,11
2021-12,Novofyodorovskoye,TAO,99800,416,11
2021-12,Nagorny,YuAO,281600,1174,11
2021-12,Basmanny,CAO,520500,2169,11
2021-12,Konkovo,YuZAO,331900,1383,11
2021-12,Klyonovskoye,TAO,96600,402,11
2021-12,Aeroport,SAO,322900,1345,11
2021-12,Biryulyovo Zapadnoye,YuAO,212800,887,11
2021-12,Khovrino,SAO,248800,1037,11
2021-12,Yasenevo,YuZAO,325600,1357,11
2021-12,Pokrovskoye-Streshnevo,SZAO,309000,1288,11
2021-12,Yuzhnoye Tushino,SZAO,302500,1261,11
2021-12,Ostankinsky,SVAO,307100,1279,11
2021-12,Bogorodskoye,VAO,261500,1089,11
2021-12,Kuntsevo,ZAO,354100,1476,11
2021-12,Perovo,VAO,270700,1128,11
2021-12,Biryulyovo Vostochnoye,YuAO,208800,870,11
2021-12,Mitino,SZAO,292600,1219,11
2021-12,Akademichesky,YuZAO,381900,1591,11
2021-12,Moskvorechye-Saburovo,YuAO,247000,1029,11
2021-12,Dmitrovsky,SAO,230000,958,11
2021-12,Pervomayskoye,TAO,109000,454,11
2021-12,Preobrazhenskoye,VAO,274600,1144,11
2021-12,Sokol,SAO,346800,1445,11
2021-12,Lianozovo,SVAO,224100,934,11
2021-12,Maryina Roshcha,SVAO,308400,1285,11
2021-12,Desyonovskoye,NAO,184400,768,11
2021-12,Novogireyevo,VAO,261900,1091,11
2021-12,Mosrentgen,NAO,194500,810,11
2021-12,Nagatinsky Zaton,YuAO,293800,1224,11
2021-12,Chertanovo Tsentralnoye,YuAO,239400,997,11
2021-12,Fili-Davydkovo,ZAO,370900,1546,11
2021-12,Zapadnoye Degunino,SAO,233700,974,11
2021-12,Tverskoy,CAO,644000,2683,11
2021-12,Dorogomilovo,ZAO,500100,2084,11
2021-12,Shchapovskoye,TAO,102800,428,11
2021-12,Vnukovskoye,NAO,205200,855,11
2021-12,Veshnyaki,VAO,234700,978,11
2021-12,Kurkino,SZAO,347000,1446,11
2021-12,Rogovskoye,TAO,98000,408,11
2021-12,Begovoy,SAO,340800,1420,11
2021-12,Mikhaylovo-Yartsevskoye,TAO,100900,420,11
2021-12,Mozhaysky,ZAO,328900,1370,11
2021-12,Sokolniki,VAO,305900,1275,11
2021-12,Butyrsky,SVAO,289300,1205,11
2021-12,Voykovsky,SAO,287400,1198,11
2021-12,Filyovsky Park,ZAO,396500,1652,11
2021-12,Chertanovo Severnoye,YuAO,252600,1053,11
2021-12,Ivanovskoye,VAO,231200,963,11
2021-12,Levoberezhny,SAO,254100,1059,11
2021-12,Timiryazevsky,SAO,302000,1258,11
2021-12,Kotlovka,YuZAO,352900,1471,11
2021-12,Zelenograd,ZelAO,170300,709,11
2021-12,Ramenki,ZAO,425100,1771,11
2021-12,Yaroslavsky,SVAO,249600,1040,11
2021-12,Savyolovsky,SAO,337100,1404,11
2021-12,Sosenskoye,NAO,200200,834,11
2021-12,Tagansky,CAO,482100,2009,11
2021-12,Vostochny,VAO,210100,875,11
2021-12,Kosino-Ukhtomsky,VAO,233800,974,11
2021-12,Marfino,SVAO,257300,1072,11
2021-12,Tyoply Stan,YuZAO,304300,1268,11
2021-12,Beskudnikovsky,SAO,236700,986,11
2021-12,Voronovskoye,TAO,101700,424,11
2021-12,Ochakovo-Matveyevskoye,ZAO,332400,1385,11
2021-12,Koptevo,SAO,273000,1138,11
2021-12,Golyanovo,VAO,239100,996,11
2021-12,Rostokino,SVAO,266100,1109,11
2021-12,Brateyevo,YuAO,231600,965,11
2021-12,Otradnoye,SVAO,261700,1091,11
2021-12,Shchukino,SZAO,373200,1555,11
2021-12,Voskresenskoye,NAO,182800,762,11
2021-12,Kokoshkino,NAO,157300,655,11
2021-12,Yakimanka,CAO,613200,2555,11
2021-12,Losinoostrovsky,SVAO,256000,1067,11
2021-12,Sviblovo,SVAO,256200,1067,11
2021-12,Danilovsky,YuAO,312700,1303,11
2021-12,Khoroshyovsky,SAO,363600,1515,11
2021-12,Lomonosovsky,YuZAO,424100,1767,11
2021-12,Vostochnoye Izmaylovo,VAO,251600,1048,11
2021-12,Krasnoselsky,CAO,487400,2031,11
2021-12,Metrogorodok,VAO,241300,1005,11
2021-12,Zamoskvorechye,CAO,561100,2338,11
2021-12,Troitsk,TAO,137600,573,11
2021-12,Severnoye Medvedkovo,SVAO,258200,1076,11
2021-12,Alekseevsky,SVAO,312800,1303,11
2021-12,Shcherbinka,NAO,181200,755,11
2021-12,Severnoye Izmaylovo,VAO,252000,1050,11
2021-12,Orekhovo-Borisovo Yuzhnoye,YuAO,227300,947,11
2021-12,Cheryomushki,YuZAO,352800,1470,11
2021-12,Donskoy,YuAO,319700,1332,11
2021-12,Ryazanovskoye,NAO,158000,658,11
2021-12,Sokolinaya Gora,VAO,250200,1043,11
2021-12,Meshchansky,CAO,496100,2067,11
2021-12,Severnoye Tushino,SZAO,284900,1187,11
2021-12,Zyablikovo,YuAO,228300,951,11
2021-12,Khoroshyovo-Mnyovniki,SZAO,387100,1613,11
2021-12,Zyuzino,YuZAO,314600,1311,11
2021-12,Solntsevo,ZAO,288300,1201,11
2021-12,Krylatskoye,SZAO,393400,1639,11
2021-12,Chertanovo Yuzhnoye,YuAO,219500,915,11
2021-12,Golovinsky,SAO,258900,1079,11
2021-12,Babushkinsky,SVAO,268200,1118,11
2021-12,Prospekt Vernadskogo,ZAO,437000,1821,11
2021-12,Novokosino,VAO,235900,983,11
2021-12,Kievsky,TAO,98400,410,11
2021-12,Orekhovo-Borisovo Severnoye,YuAO,223600,932,11
2021-12,Arbat,CAO,656800,2737,11
2021-12,Presnensky,CAO,601600,2507,11
2021-12,Molzhaninovsky,SAO,211300,880,11
2021-12,Nagatino-Sadovniki,YuAO,288300,1201,11
2021-12,Khamovniki,CAO,710000,2958,11
2021-12,Tsaritsyno,YuAO,240900,1004,11
2021-12,Strogino,SZAO,357300,1489,11
2021-12,Severnoye Butovo,YuZAO,297100,1238,11
2021-12,Moskovsky,NAO,201100,838,11
2021-12,Altufyevsky,SVAO,228800,953,11
2021-12,Troparyovo-Nikulino,ZAO,380500,1585,11
2021-12,Gagarinsky,YuZAO,440900,1837,11
2021-12,Bibirevo,SVAO,246000,1025,11
2021-12,Marushkinskoye,NAO,154900,645,11
2021-12,Filimonkovskoye,NAO,164500,686,11
2021-12,Yuzhnoye Butovo,YuZAO,267000,1112,11
2021-12,Obruchevsky,YuZAO,361100,1504,11
2021-12,Novo-Peredelkino,ZAO,266500,1110,11
2021-12,Vnukovo,ZAO,266400,1110,11
2021-12,Izmaylovo,VAO,269500,1123,11
2021-12,Severny,SVAO,210300,876,11
2022-01,Biryulyovo Vostochnoye,YuAO,211300,880,22.5
2022-01,Babushkinsky,SVAO,247900,1033,22.5
2022-01,Khoroshyovo-Mnyovniki,SZAO,336400,1402,22.5
2022-01,Sosenskoye,NAO,204500,852,22.5
2022-01,Molzhaninovsky,SAO,214700,895,22.5
2022-01,Novogireyevo,VAO,258600,1077,22.5
2022-01,Dmitrovsky,SAO,237500,990,22.5
2022-01,Akademichesky,YuZAO,378900,1579,22.5
2022-01,Marfino,SVAO,279400,1164,22.5
2022-01,Strogino,SZAO,382900,1595,22.5
2022-01,Zapadnoye Degunino,SAO,254000,1059,22.5
2022-01,Kuntsevo,ZAO,352100,1467,22.5
2022-01,Dorogomilovo,ZAO,509100,2121,22.5
2022-01,Novokosino,VAO,235000,979,22.5
2022-01,Meshchansky,CAO,492800,2053,22.5
2022-01,Ryazanovskoye,NAO,165600,690,22.5
2022-01,Sokolniki,VAO,297400,1239,22.5
2022-01,Maryina Roshcha,SVAO,313200,1305,22.5
2022-01,Ramenki,ZAO,437600,1823,22.5
2022-01,Shchapovskoye,TAO,106700,445,22.5
2022-01,Desyonovskoye,NAO,188500,785,22.5
2022-01,Vnukovskoye,NAO,207800,866,22.5
2022-01,Alekseevsky,SVAO,312200,1301,22.5
2022-01,Kosino-Ukhtomsky,VAO,220700,920,22.5
2022-01,Zyablikovo,YuAO,228200,951,22.5
2022-01,Donskoy,YuAO,341900,1425,22.5
2022-01,Tyoply Stan,YuZAO,298500,1244,22.5
2022-01,Krasnoselsky,CAO,490700,2045,22.5
2022-01,Vostochnoye Izmaylovo,VAO,251700,1049,22.5
2022-01,Mosrentgen,NAO,215800,899,22.5
2022-01,Bogorodskoye,VAO,262100,1092,22.5
2022-01,Metrogorodok,VAO,234200,976,22.5
2022-01,Gagarinsky,YuZAO,435600,1815,22.5
2022-01,Danilovsky,YuAO,324000,1350,22.5
2022-01,Lianozovo,SVAO,242300,1009,22.5
2022-01,Nagatinsky Zaton,YuAO,300900,1254,22.5
2022-01,Sviblovo,SVAO,254300,1060,22.5
2022-01,Sokol,SAO,368600,1536,22.5
2022-01,Preobrazhenskoye,VAO,288900,1204,22.5
2022-01,Altufyevsky,SVAO,231200,963,22.5
2022-01,Orekhovo-Borisovo Severnoye,YuAO,234500,977,22.5
2022-01,Golyanovo,VAO,234700,978,22.5
2022-01,Filimonkovskoye,NAO,166300,693,22.5
2022-01,Chertanovo Tsentralnoye,YuAO,249800,1041,22.5
2022-01,Rostokino,SVAO,263700,1099,22.5
2022-01,Nagatino-Sadovniki,YuAO,295700,1232,22.5
2022-01,Pervomayskoye,TAO,107600,448,22.5
2022-01,Voronovskoye,TAO,104600,436,22.5
2022-01,Moskvorechye-Saburovo,YuAO,262800,1095,22.5
2022-01,Moskovsky,NAO,206600,861,22.5
2022-01,Khamovniki,CAO,698800,2912,22.5
2022-01,Fili-Davydkovo,ZAO,397000,1654,22.5
2022-01,Kievsky,TAO,96700,403,22.5
2022-01,Perovo,VAO,256200,1068,22.5
2022-01,Prospekt Vernadskogo,ZAO,418000,1742,22.5
2022-01,Tverskoy,CAO,651100,2713,22.5
2022-01,Mitino,SZAO,291400,1214,22.5
2022-01,Krylatskoye,SZAO,396400,1652,22.5
2022-01,Kokoshkino,NAO,163900,683,22.5
2022-01,Begovoy,SAO,344300,1435,22.5
2022-01,Kurkino,SZAO,321700,1340,22.5
2022-01,Aeroport,SAO,323800,1349,22.5
2022-01,Rogovskoye,TAO,96900,404,22.5
2022-01,Khoroshyovsky,SAO,379000,1579,22.5
2022-01,Lomonosovsky,YuZAO,454600,1894,22.5
2022-01,Nagorny,YuAO,291700,1215,22.5
2022-01,Troitsk,TAO,141600,590,22.5
2022-01,Mozhaysky,ZAO,338900,1412,22.5
2022-01,Zamoskvorechye,CAO,585200,2439,22.5
2022-01,Ostankinsky,SVAO,311200,1297,22.5
2022-01,Otradnoye,SVAO,248600,1036,22.5
2022-01,Voskresenskoye,NAO,190200,792,22.5
2022-01,Butyrsky,SVAO,288600,1203,22.5
2022-01,Voykovsky,SAO,285500,1189,22.5
2022-01,Yuzhnoye Butovo,YuZAO,272100,1134,22.5
2022-01,Koptevo,SAO,270200,1126,22.5
2022-01,Yasenevo,YuZAO,325600,1357,22.5
2022-01,Novo-Peredelkino,ZAO,270400,1127,22.5
2022-01,Marushkinskoye,NAO,150000,625,22.5
2022-01,Yuzhnoye Tushino,SZAO,304000,1267,22.5
2022-01,Pokrovskoye-Streshnevo,SZAO,341300,1422,22.5
2022-01,Beskudnikovsky,SAO,247200,1030,22.5
2022-01,Tsaritsyno,YuAO,243400,1014,22.5
2022-01,Krasnopakhorskoye,TAO,112400,468,22.5
2022-01,Vnukovo,ZAO,266200,1109,22.5
2022-01,Troparyovo-Nikulino,ZAO,392100,1634,22.5
2022-01,Yuzhnoye Medvedkovo,SVAO,262900,1095,22.5
2022-01,Ochakovo-Matveyevskoye,ZAO,321500,1339,22.5
2022-01,Obruchevsky,YuZAO,358700,1494,22.5
2022-01,Severny,SVAO,218300,909,22.5
2022-01,Biryulyovo Zapadnoye,YuAO,216500,902,22.5
2022-01,Khovrino,SAO,246300,1026,22.5
2022-01,Bibirevo,SVAO,250900,1045,22.5
2022-01,Klyonovskoye,TAO,96900,404,22.5
2022-01,Shchukino,SZAO,352300,1468,22.5
2022-01,Levoberezhny,SAO,270900,1129,22.5
2022-01,Zyuzino,YuZAO,332200,1384,22.5
2022-01,Ivanovskoye,VAO,245000,1021,22.5
2022-01,Basmanny,CAO,509800,2124,22.5
2022-01,Severnoye Medvedkovo,SVAO,256300,1068,22.5
2022-01,Severnoye Tushino,SZAO,285400,1189,22.5
2022-01,Presnensky,CAO,642200,2676,22.5
2022-01,Izmaylovo,VAO,287700,1199,22.5
2022-01,Sokolinaya Gora,VAO,252600,1052,22.5
2022-01,Arbat,CAO,667200,2780,22.5
2022-01,Yaroslavsky,SVAO,241100,1005,22.5
2022-01,Chertanovo Yuzhnoye,YuAO,235100,979,22.5
2022-01,Orekhovo-Borisovo Yuzhnoye,YuAO,221600,923,22.5
2022-01,Savyolovsky,SAO,352700,1470,22.5
2022-01,Vostochny,VAO,219600,915,22.5
2022-01,Severnoye Izmaylovo,VAO,259600,1082,22.5
2022-01,Tagansky,CAO,487000,2029,22.5
2022-01,Cheryomushki,YuZAO,347200,1447,22.5
2022-01,Losinoostrovsky,SVAO,265600,1107,22.5
2022-01,Zelenograd,ZelAO,158900,662,22.5
2022-01,Filyovsky Park,ZAO,388400,1618,22.5
2022-01,Konkovo,YuZAO,335900,1399,22.5
2022-01,Chertanovo Severnoye,YuAO,250100,1042,22.5
2022-01,Yakimanka,CAO,620300,2584,22.5
2022-01,Mikhaylovo-Yartsevskoye,TAO,105500,440,22.5
2022-01,Solntsevo,ZAO,289100,1204,22.5
2022-01,Shcherbinka,NAO,193800,808,22.5
2022-01,Veshnyaki,VAO,234700,978,22.5
2022-01,Severnoye Butovo,YuZAO,284400,1185,22.5
2022-01,Novofyodorovskoye,TAO,98200,409,22.5
2022-01,Golovinsky,SAO,257800,1074,22.5
2022-01,Kotlovka,YuZAO,352400,1468,22.5
2022-01,Timiryazevsky,SAO,320900,1337,22.5
2022-01,Brateyevo,YuAO,219200,913,22.5
2022-02,Rogovskoye,TAO,100100,417,22.5
2022-02,Yasenevo,YuZAO,317500,1323,22.5
2022-02,Arbat,CAO,671300,2797,22.5
2022-02,Desyonovskoye,NAO,184200,768,22.5
2022-02,Aeroport,SAO,325100,1355,22.5
2022-02,Khamovniki,CAO,690500,2877,22.5
2022-02,Novofyodorovskoye,TAO,99100,413,22.5
2022-02,Preobrazhenskoye,VAO,274900,1146,22.5
2022-02,Nagatino-Sadovniki,YuAO,293000,1221,22.5
2022-02,Shcherbinka,NAO,194200,809,22.5
2022-02,Losinoostrovsky,SVAO,254500,1060,22.5
2022-02,Savyolovsky,SAO,333900,1391,22.5
2022-02,Sokolinaya Gora,VAO,252100,1050,22.5
2022-02,Sokolniki,VAO,296300,1235,22.5
2022-02,Marfino,SVAO,263100,1096,22.5
2022-02,Chertanovo Yuzhnoye,YuAO,230300,960,22.5
2022-02,Dmitrovsky,SAO,236300,985,22.5
2022-02,Severnoye Butovo,YuZAO,298100,1242,22.5
2022-02,Veshnyaki,VAO,232600,969,22.5
2022-02,Krylatskoye,SZAO,411700,1716,22.5
2022-02,Sosenskoye,NAO,205200,855,22.5
2022-02,Voskresenskoye,NAO,187000,779,22.5
2022-02,Tyoply Stan,YuZAO,295500,1231,22.5
2022-02,Perovo,VAO,253500,1056,22.5
2022-02,Zapadnoye Degunino,SAO,247000,1029,22.5
2022-02,Molzhaninovsky,SAO,218800,912,22.5
2022-02,Kurkino,SZAO,334100,1392,22.5
2022-02,Vostochnoye Izmaylovo,VAO,246000,1025,22.5
2022-02,Kotlovka,YuZAO,336600,1402,22.5
2022-02,Tverskoy,CAO,613000,2554,22.5
2022-02,Vnukovo,ZAO,268900,1120,22.5
2022-02,Zamoskvorechye,CAO,553900,2308,22.5
2022-02,Severnoye Tushino,SZAO,288500,1202,22.5
2022-02,Severnoye Medvedkovo,SVAO,250600,1044,22.5
2022-02,Solntsevo,ZAO,292600,1219,22.5
2022-02,Golovinsky,SAO,270900,1129,22.5
2022-02,Yakimanka,CAO,647400,2698,22.5
2022-02,Brateyevo,YuAO,227100,946,22.5
2022-02,Ochakovo-Matveyevskoye,ZAO,337500,1406,22.5
2022-02,Otradnoye,SVAO,251500,1048,22.5
2022-02,Kokoshkino,NAO,159200,663,22.5
2022-02,Troitsk,TAO,140500,585,22.5
2022-02,Nagorny,YuAO,282000,1175,22.5
2022-02,Lomonosovsky,YuZAO,440400,1835,22.5
2022-02,Khoroshyovsky,SAO,384600,1602,22.5
2022-02,Severnoye Izmaylovo,VAO,271000,1129,22.5
2022-02,Shchukino,SZAO,357400,1489,22.5
2022-02,Bibirevo,SVAO,244000,1016,22.5
2022-02,Severny,SVAO,212800,887,22.5
2022-02,Troparyovo-Nikulino,ZAO,392300,1635,22.5
2022-02,Tsaritsyno,YuAO,232400,969,22.5
2022-02,Marushkinskoye,NAO,151600,632,22.5
2022-02,Obruchevsky,YuZAO,355400,1481,22.5
2022-02,Novo-Peredelkino,ZAO,279100,1163,22.5
2022-02,Yuzhnoye Butovo,YuZAO,276100,1151,22.5
2022-02,Presnensky,CAO,622300,2593,22.5
2022-02,Zyablikovo,YuAO,231200,963,22.5
2022-02,Konkovo,YuZAO,334200,1392,22.5
2022-02,Beskudnikovsky,SAO,234600,978,22.5
2022-02,Golyanovo,VAO,231300,964,22.5
2022-02,Ramenki,ZAO,437500,1823,22.5
2022-02,Strogino,SZAO,364400,1518,22.5
2022-02,Filimonkovskoye,NAO,164100,684,22.5
2022-02,Koptevo,SAO,263300,1097,22.5
2022-02,Moskovsky,NAO,192900,804,22.5
2022-02,Metrogorodok,VAO,245700,1024,22.5
2022-02,Altufyevsky,SVAO,236400,985,22.5
2022-02,Orekhovo-Borisovo Severnoye,YuAO,224200,934,22.5
2022-02,Gagarinsky,YuZAO,441300,1839,22.5
2022-02,Krasnoselsky,CAO,464900,1937,22.5
2022-02,Danilovsky,YuAO,307700,1282,22.5
2022-02,Novokosino,VAO,247700,1032,22.5
2022-02,Sviblovo,SVAO,263900,1100,22.5
2022-02,Shchapovskoye,TAO,106600,444,22.5
2022-02,Rostokino,SVAO,242400,1010,22.5
2022-02,Voronovskoye,TAO,106500,444,22.5
2022-02,Ryazanovskoye,NAO,160900,670,22.5
2022-02,Prospekt Vernadskogo,ZAO,447300,1864,22.5
2022-02,Kievsky,TAO,99500,415,22.5
2022-02,Babushkinsky,SVAO,260100,1084,22.5
2022-02,Meshchansky,CAO,474300,1976,22.5
2022-02,Alekseevsky,SVAO,310600,1294,22.5
2022-02,Donskoy,YuAO,342600,1427,22.5
2022-02,Cheryomushki,YuZAO,358800,1495,22.5
2022-02,Khoroshyovo-Mnyovniki,SZAO,357600,1490,22.5
2022-02,Orekhovo-Borisovo Yuzhnoye,YuAO,220400,919,22.5
2022-02,Akademichesky,YuZAO,383800,1599,22.5
2022-02,Ivanovskoye,VAO,230700,961,22.5
2022-02,Basmanny,CAO,514200,2142,22.5
2022-02,Yaroslavsky,SVAO,238800,995,22.5
2022-02,Vostochny,VAO,213000,887,22.5
2022-02,Tagansky,CAO,475900,1983,22.5
2022-02,Zelenograd,ZelAO,166900,695,22.5
2022-02,Kosino-Ukhtomsky,VAO,220800,920,22.5
2022-02,Maryina Roshcha,SVAO,315500,1315,22.5
2022-02,Biryulyovo Vostochnoye,YuAO,229000,954,22.5
2022-02,Zyuzino,YuZAO,327800,1366,22.5
2022-02,Kuntsevo,ZAO,366500,1527,22.5
2022-02,Mitino,SZAO,289900,1208,22.5
2022-02,Krasnopakhorskoye,TAO,115600,482,22.5
2022-02,Pervomayskoye,TAO,107700,449,22.5
2022-02,Moskvorechye-Saburovo,YuAO,243000,1012,22.5
2022-02,Mosrentgen,NAO,209700,874,22.5
2022-02,Mikhaylovo-Yartsevskoye,TAO,105200,438,22.5
2022-02,Sokol,SAO,345300,1439,22.5
2022-02,Lianozovo,SVAO,239000,996,22.5
2022-02,Bogorodskoye,VAO,259700,1082,22.5
2022-02,Chertanovo Tsentralnoye,YuAO,242300,1009,22.5
2022-02,Fili-Davydkovo,ZAO,396200,1651,22.5
2022-02,Novogireyevo,VAO,254900,1062,22.5
2022-02,Dorogomilovo,ZAO,494800,2062,22.5
2022-02,Vnukovskoye,NAO,198200,826,22.5
2022-02,Khovrino,SAO,256800,1070,22.5
2022-02,Biryulyovo Zapadnoye,YuAO,218800,912,22.5
2022-02,Klyonovskoye,TAO,97100,404,22.5
2022-02,Begovoy,SAO,329900,1375,22.5
2022-02,Levoberezhny,SAO,245400,1022,22.5
2022-02,Yuzhnoye Medvedkovo,SVAO,255700,1065,22.5
2022-02,Mozhaysky,ZAO,334400,1393,22.5
2022-02,Yuzhnoye Tushino,SZAO,285900,1191,22.5
2022-02,Pokrovskoye-Streshnevo,SZAO,314500,1310,22.5
2022-02,Voykovsky,SAO,293500,1223,22.5
2022-02,Butyrsky,SVAO,283200,1180,22.5
2022-02,Nagatinsky Zaton,YuAO,301300,1255,22.5
2022-02,Chertanovo Severnoye,YuAO,259000,1079,22.5
2022-02,Izmaylovo,VAO,270500,1127,22.5
2022-02,Filyovsky Park,ZAO,411700,1715,22.5
2022-02,Ostankinsky,SVAO,300700,1253,22.5
2022-02,Timiryazevsky,SAO,316900,1320,22.5
2022-03,Moskovsky,NAO,192600,803,22.5
2022-03,Nagatino-Sadovniki,YuAO,278500,1160,22.5
2022-03,Yuzhnoye Butovo,YuZAO,266700,1111,22.5
2022-03,Marushkinskoye,NAO,150800,628,22.5
2022-03,Shcherbinka,NAO,177000,738,22.5
2022-03,Desyonovskoye,NAO,179800,749,22.5
2022-03,Preobrazhenskoye,VAO,267500,1114,22.5
2022-03,Koptevo,SAO,250500,1044,22.5
2022-03,Gagarinsky,YuZAO,426900,1779,22.5
2022-03,Krasnopakhorskoye,TAO,118300,493,22.5
2022-03,Mikhaylovo-Yartsevskoye,TAO,104000,433,22.5
2022-03,Golyanovo,VAO,233600,973,22.5
2022-03,Yasenevo,YuZAO,303900,1266,22.5
2022-03,Levoberezhny,SAO,255400,1064,22.5
2022-03,Zyuzino,YuZAO,335300,1397,22.5
2022-03,Cheryomushki,YuZAO,357800,1491,22.5
2022-03,Tyoply Stan,YuZAO,295400,1231,22.5
2022-03,Aeroport,SAO,304700,1270,22.5
2022-03,Ivanovskoye,VAO,227400,947,22.5
2022-03,Sokolinaya Gora,VAO,239700,999,22.5
2022-03,Zapadnoye Degunino,SAO,229900,958,22.5
2022-03,Severnoye Izmaylovo,VAO,245100,1021,22.5
2022-03,Vostochny,VAO,211700,882,22.5
2022-03,Izmaylovo,VAO,265800,1108,22.5
2022-03,Yakimanka,CAO,584200,2434,22.5
2022-03,Akademichesky,YuZAO,384800,1603,22.5
2022-03,Kokoshkino,NAO,150700,628,22.5
2022-03,Yuzhnoye Medvedkovo,SVAO,242800,1012,22.5
2022-03,Nagorny,YuAO,278200,1159,22.5
2022-03,Severny,SVAO,217100,905,22.5
2022-03,Lomonosovsky,YuZAO,425700,1774,22.5
2022-03,Tsaritsyno,YuAO,242600,1011,22.5
2022-03,Obruchevsky,YuZAO,341700,1424,22.5
2022-03,Zamoskvorechye,CAO,527900,2200,22.5
2022-03,Bibirevo,SVAO,242200,1009,22.5
2022-03,Novo-Peredelkino,ZAO,257700,1074,22.5
2022-03,Presnensky,CAO,623100,2596,22.5
2022-03,Pokrovskoye-Streshnevo,SZAO,299600,1248,22.5
2022-03,Troparyovo-Nikulino,ZAO,366500,1527,22.5
2022-03,Konkovo,YuZAO,312900,1304,22.5
2022-03,Zyablikovo,YuAO,222900,929,22.5
2022-03,Khovrino,SAO,235700,982,22.5
2022-03,Yuzhnoye Tushino,SZAO,297900,1241,22.5
2022-03,Shchukino,SZAO,343100,1430,22.5
2022-03,Beskudnikovsky,SAO,249200,1038,22.5
2022-03,Biryulyovo Zapadnoye,YuAO,216500,902,22.5
2022-03,Begovoy,SAO,342100,1425,22.5
2022-03,Rogovskoye,TAO,96600,402,22.5
2022-03,Mozhaysky,ZAO,325400,1356,22.5
2022-03,Chertanovo Severnoye,YuAO,241100,1005,22.5
2022-03,Klyonovskoye,TAO,97800,408,22.5
2022-03,Voykovsky,SAO,283600,1182,22.5
2022-03,Butyrsky,SVAO,291500,1214,22.5
2022-03,Timiryazevsky,SAO,286300,1193,22.5
2022-03,Yaroslavsky,SVAO,243600,1015,22.5
2022-03,Nagatinsky Zaton,YuAO,293700,1224,22.5
2022-03,Filyovsky Park,ZAO,391700,1632,22.5
2022-03,Tagansky,CAO,469500,1956,22.5
2022-03,Khoroshyovo-Mnyovniki,SZAO,339700,1415,22.5
2022-03,Filimonkovskoye,NAO,167400,698,22.5
2022-03,Metrogorodok,VAO,223600,932,22.5
2022-03,Ramenki,ZAO,439200,1830,22.5
2022-03,Altufyevsky,SVAO,235600,982,22.5
2022-03,Strogino,SZAO,343900,1433,22.5
2022-03,Orekhovo-Borisovo Severnoye,YuAO,211100,880,22.5
2022-03,Danilovsky,YuAO,319700,1332,22.5
2022-03,Sviblovo,SVAO,242100,1009,22.5
2022-03,Krasnoselsky,CAO,464900,1937,22.5
2022-03,Novokosino,VAO,236500,985,22.5
2022-03,Voronovskoye,TAO,105100,438,22.5
2022-03,Ryazanovskoye,NAO,154800,645,22.5
2022-03,Rostokino,SVAO,246400,1027,22.5
2022-03,Prospekt Vernadskogo,ZAO,423100,1763,22.5
2022-03,Alekseevsky,SVAO,295000,1229,22.5
2022-03,Ostankinsky,SVAO,312500,1302,22.5
2022-03,Babushkinsky,SVAO,257500,1073,22.5
2022-03,Orekhovo-Borisovo Yuzhnoye,YuAO,232600,969,22.5
2022-03,Severnoye Medvedkovo,SVAO,253700,1057,22.5
2022-03,Donskoy,YuAO,317900,1325,22.5
2022-03,Meshchansky,CAO,505000,2104,22.5
2022-03,Severnoye Tushino,SZAO,288100,1201,22.5
2022-03,Brateyevo,YuAO,218900,912,22.5
2022-03,Golovinsky,SAO,256500,1069,22.5
2022-03,Solntsevo,ZAO,276000,1150,22.5
2022-03,Kievsky,TAO,95000,396,22.5
2022-03,Ochakovo-Matveyevskoye,ZAO,334300,1393,22.5
2022-03,Otradnoye,SVAO,249900,1041,22.5
2022-03,Troitsk,TAO,134700,561,22.5
2022-03,Khoroshyovsky,SAO,359000,1496,22.5
2022-03,Kotlovka,YuZAO,350200,1459,22.5
2022-03,Fili-Davydkovo,ZAO,375200,1563,22.5
2022-03,Bogorodskoye,VAO,240900,1004,22.5
2022-03,Chertanovo Tsentralnoye,YuAO,248200,1034,22.5
2022-03,Shchapovskoye,TAO,100100,417,22.5
2022-03,Novogireyevo,VAO,243700,1015,22.5
2022-03,Dorogomilovo,ZAO,506700,2111,22.5
2022-03,Vnukovskoye,NAO,203700,849,22.5
2022-03,Tverskoy,CAO,606200,2526,22.5
2022-03,Sokolniki,VAO,302000,1258,22.5
2022-03,Dmitrovsky,SAO,227600,948,22.5
2022-03,Kurkino,SZAO,340000,1417,22.5
2022-03,Savyolovsky,SAO,325700,1357,22.5
2022-03,Veshnyaki,VAO,236800,987,22.5
2022-03,Marfino,SVAO,256200,1068,22.5
2022-03,Sosenskoye,NAO,199000,829,22.5
2022-03,Novofyodorovskoye,TAO,95100,396,22.5
2022-03,Vnukovo,ZAO,250500,1044,22.5
2022-03,Arbat,CAO,636200,2651,22.5
2022-03,Voskresenskoye,NAO,176600,736,22.5
2022-03,Losinoostrovsky,SVAO,249100,1038,22.5
2022-03,Chertanovo Yuzhnoye,YuAO,213000,887,22.5
2022-03,Severnoye Butovo,YuZAO,287200,1197,22.5
2022-03,Perovo,VAO,256500,1069,22.5
2022-03,Krylatskoye,SZAO,399800,1666,22.5
2022-03,Molzhaninovsky,SAO,204900,854,22.5
2022-03,Vostochnoye Izmaylovo,VAO,258500,1077,22.5
2022-03,Khamovniki,CAO,636200,2651,22.5
2022-03,Sokol,SAO,332700,1386,22.5
2022-03,Pervomayskoye,TAO,106100,442,22.5
2022-03,Biryulyovo Vostochnoye,YuAO,220000,917,22.5
2022-03,Mosrentgen,NAO,190800,795,22.5
2022-03,Moskvorechye-Saburovo,YuAO,238400,993,22.5
2022-03,Mitino,SZAO,286000,1192,22.5
2022-03,Kuntsevo,ZAO,368700,1536,22.5
2022-03,Zelenograd,ZelAO,163300,681,22.5
2022-03,Basmanny,CAO,505200,2105,22.5
2022-03,Kosino-Ukhtomsky,VAO,214100,892,22.5
2022-03,Lianozovo,SVAO,243500,1015,22.5
2022-03,Maryina Roshcha,SVAO,303300,1264,22.5
2022-04,Klyonovskoye,TAO,90900,379,12
2022-04,Sosenskoye,NAO,191700,799,12
2022-04,Ivanovskoye,VAO,220800,920,12
2022-04,Cheryomushki,YuZAO,345400,1439,12
2022-04,Severnoye Tushino,SZAO,274500,1144,12
2022-04,Maryina Roshcha,SVAO,297800,1241,12
2022-04,Aeroport,SAO,296100,1234,12
2022-04,Butyrsky,SVAO,272600,1136,12
2022-04,Zapadnoye Degunino,SAO,233900,975,12
2022-04,Babushkinsky,SVAO,261700,1091,12
2022-04,Rostokino,SVAO,245300,1022,12
2022-04,Gagarinsky,YuZAO,440600,1836,12
2022-04,Losinoostrovsky,SVAO,242400,1010,12
2022-04,Donskoy,YuAO,327500,1365,12
2022-04,Krasnoselsky,CAO,463800,1932,12
2022-04,Tyoply Stan,YuZAO,277200,1155,12
2022-04,Novokosino,VAO,226400,943,12
2022-04,Nagatinsky Zaton,YuAO,274700,1145,12
2022-04,Orekhovo-Borisovo Severnoye,YuAO,216400,902,12
2022-04,Ramenki,ZAO,428600,1786,12
2022-04,Koptevo,SAO,256600,1069,12
2022-04,Krylatskoye,SZAO,388600,1619,12
2022-04,Kotlovka,YuZAO,335900,1400,12
2022-04,Filyovsky Park,ZAO,382000,1592,12
2022-04,Basmanny,CAO,512600,2136,12
2022-04,Marushkinskoye,NAO,140700,586,12
2022-04,Troparyovo-Nikulino,ZAO,380900,1587,12
2022-04,Fili-Davydkovo,ZAO,350200,1459,12
2022-04,Moskvorechye-Saburovo,YuAO,240900,1004,12
2022-04,Pokrovskoye-Streshnevo,SZAO,313500,1306,12
2022-04,Bibirevo,SVAO,246800,1028,12
2022-04,Zyablikovo,YuAO,204100,850,12
2022-04,Preobrazhenskoye,VAO,262400,1093,12
2022-04,Shchapovskoye,TAO,104700,436,12
2022-04,Zamoskvorechye,CAO,520800,2170,12
2022-04,Beskudnikovsky,SAO,232500,969,12
2022-04,Novogireyevo,VAO,245400,1022,12
2022-04,Marfino,SVAO,239800,999,12
2022-04,Arbat,CAO,615500,2565,12
2022-04,Nagorny,YuAO,273200,1138,12
2022-04,Krasnopakhorskoye,TAO,112600,469,12
2022-04,Lomonosovsky,YuZAO,418700,1744,12
2022-04,Otradnoye,SVAO,250900,1046,12
2022-04,Kievsky,TAO,94700,395,12
2022-04,Kurkino,SZAO,321300,1339,12
2022-04,Ostankinsky,SVAO,300100,1251,12
2022-04,Solntsevo,ZAO,273600,1140,12
2022-04,Orekhovo-Borisovo Yuzhnoye,YuAO,211900,883,12
2022-04,Nagatino-Sadovniki,YuAO,261300,1089,12
2022-04,Voykovsky,SAO,278700,1161,12
2022-04,Lianozovo,SVAO,221500,923,12
2022-04,Mitino,SZAO,268900,1121,12
2022-04,Chertanovo Severnoye,YuAO,244900,1020,12
2022-04,Biryulyovo Vostochnoye,YuAO,201600,840,12
2022-04,Tagansky,CAO,459200,1914,12
2022-04,Kosino-Ukhtomsky,VAO,215700,899,12
2022-04,Yasenevo,YuZAO,301700,1257,12
2022-04,Yaroslavsky,SVAO,233500,973,12
2022-04,Vostochny,VAO,208400,868,12
2022-04,Voskresenskoye,NAO,170000,708,12
2022-04,Akademichesky,YuZAO,393900,1641,12
2022-04,Izmaylovo,VAO,255100,1063,12
2022-04,Timiryazevsky,SAO,291100,1213,12
2022-04,Kuntsevo,ZAO,347000,1446,12
2022-04,Mozhaysky,ZAO,316600,1319,12
2022-04,Chertanovo Yuzhnoye,YuAO,213900,891,12
2022-04,Severnoye Butovo,YuZAO,272800,1137,12
2022-04,Levoberezhny,SAO,262100,1092,12
2022-04,Rogovskoye,TAO,98000,409,12
2022-04,Begovoy,SAO,326500,1360,12
2022-04,Sokolinaya Gora,VAO,239600,998,12
2022-04,Yuzhnoye Medvedkovo,SVAO,236900,987,12
2022-04,Yuzhnoye Tushino,SZAO,291300,1214,12
2022-04,Chertanovo Tsentralnoye,YuAO,234100,975,12
2022-04,Savyolovsky,SAO,313000,1304,12
2022-04,Dmitrovsky,SAO,226500,944,12
2022-04,Sokolniki,VAO,302200,1259,12
2022-04,Tverskoy,CAO,625900,2608,12
2022-04,Veshnyaki,VAO,225700,940,12
2022-04,Vnukovskoye,NAO,195000,813,12
2022-04,Desyonovskoye,NAO,181600,757,12
2022-04,Dorogomilovo,ZAO,468800,1953,12
2022-04,Shcherbinka,NAO,180100,750,12
2022-04,Khovrino,SAO,227000,946,12
2022-04,Bogorodskoye,VAO,244700,1020,12
2022-04,Novofyodorovskoye,TAO,94700,394,12
2022-04,Zyuzino,YuZAO,331700,1382,12
2022-04,Mikhaylovo-Yartsevskoye,TAO,96200,401,12
2022-04,Sokol,SAO,336300,1401,12
2022-04,Pervomayskoye,TAO,99400,414,12
2022-04,Mosrentgen,NAO,199900,833,12
2022-04,Vnukovo,ZAO,252100,1051,12
2022-04,Zelenograd,ZelAO,164100,684,12
2022-04,Voronovskoye,TAO,101700,424,12
2022-04,Golovinsky,SAO,250100,1042,12
2022-04,Biryulyovo Zapadnoye,YuAO,222800,928,12
2022-04,Meshchansky,CAO,480900,2004,12
2022-04,Severnoye Medvedkovo,SVAO,243600,1015,12
2022-04,Severnoye Izmaylovo,VAO,247100,1030,12
2022-04,Khamovniki,CAO,663500,2764,12
2022-04,Khoroshyovo-Mnyovniki,SZAO,336700,1403,12
2022-04,Alekseevsky,SVAO,282600,1177,12
2022-04,Prospekt Vernadskogo,ZAO,430100,1792,12
2022-04,Brateyevo,YuAO,208100,867,12
2022-04,Ryazanovskoye,NAO,148600,619,12
2022-04,Sviblovo,SVAO,245800,1024,12
2022-04,Golyanovo,VAO,223600,932,12
2022-04,Danilovsky,YuAO,309800,1291,12
2022-04,Strogino,SZAO,351200,1463,12
2022-04,Yakimanka,CAO,609000,2538,12
2022-04,Moskovsky,NAO,196800,820,12
2022-04,Altufyevsky,SVAO,221000,921,12
2022-04,Metrogorodok,VAO,214600,894,12
2022-04,Severny,SVAO,217300,905,12
2022-04,Yuzhnoye Butovo,YuZAO,261600,1090,12
2022-04,Perovo,VAO,247900,1033,12
2022-04,Novo-Peredelkino,ZAO,272300,1135,12
2022-04,Obruchevsky,YuZAO,327000,1363,12
2022-04,Presnensky,CAO,608400,2535,12
2022-04,Konkovo,YuZAO,306700,1278,12
2022-04,Tsaritsyno,YuAO,241700,1007,12
2022-04,Shchukino,SZAO,328600,1369,12
2022-04,Khoroshyovsky,SAO,353400,1472,12
2022-04,Troitsk,TAO,131000,546,12
2022-04,Ochakovo-Matveyevskoye,ZAO,311300,1297,12
2022-04,Filimonkovskoye,NAO,148700,619,12
2022-04,Molzhaninovsky,SAO,216800,903,12
2022-04,Vostochnoye Izmaylovo,VAO,243700,1015,12
2022-04,Kokoshkino,NAO,150300,626,12
2022-05,Tagansky,CAO,486700,2028,12
2022-05,Metrogorodok,VAO,218500,911,12
2022-05,Kotlovka,YuZAO,337200,1405,12
2022-05,Severnoye Butovo,YuZAO,280100,1167,12
2022-05,Perovo,VAO,249600,1040,12
2022-05,Dmitrovsky,SAO,214200,893,12
2022-05,Sosenskoye,NAO,192400,802,12
2022-05,Begovoy,SAO,331300,1380,12
2022-05,Moskovsky,NAO,204800,853,12
2022-05,Novokosino,VAO,227000,946,12
2022-05,Ryazanovskoye,NAO,153600,640,12
2022-05,Golovinsky,SAO,257500,1073,12
2022-05,Lomonosovsky,YuZAO,436300,1818,12
2022-05,Filimonkovskoye,NAO,159300,664,12
2022-05,Obruchevsky,YuZAO,360400,1501,12
2022-05,Konkovo,YuZAO,312200,1301,12
2022-05,Novogireyevo,VAO,250100,1042,12
2022-05,Beskudnikovsky,SAO,241300,1005,12
2022-05,Voykovsky,SAO,278100,1159,12
2022-05,Izmaylovo,VAO,265500,1106,12
2022-05,Kosino-Ukhtomsky,VAO,210400,877,12
2022-05,Mosrentgen,NAO,199700,832,12
2022-05,Zyuzino,YuZAO,329700,1374,12
2022-05,Shcherbinka,NAO,179000,746,12
2022-05,Tverskoy,CAO,636400,2652,12
2022-05,Biryulyovo Vostochnoye,YuAO,206400,860,12
2022-05,Rostokino,SVAO,266300,1110,12
2022-05,Kuntsevo,ZAO,327400,1364,12
2022-05,Zelenograd,ZelAO,164300,685,12
2022-05,Severnoye Tushino,SZAO,285200,1188,12
2022-05,Babushkinsky,SVAO,242200,1009,12
2022-05,Pervomayskoye,TAO,108100,451,12
2022-05,Donskoy,YuAO,309500,1290,12
2022-05,Sokol,SAO,343800,1433,12
2022-05,Bogorodskoye,VAO,242100,1009,12
2022-05,Solntsevo,ZAO,283000,1179,12
2022-05,Chertanovo Tsentralnoye,YuAO,227800,949,12
2022-05,Kievsky,TAO,96000,400,12
2022-05,Dorogomilovo,ZAO,489300,2039,12
2022-05,Vnukovskoye,NAO,188600,786,12
2022-05,Krasnoselsky,CAO,478800,1995,12
2022-05,Otradnoye,SVAO,244100,1017,12
2022-05,Sokolniki,VAO,288400,1202,12
2022-05,Nagorny,YuAO,264800,1103,12
2022-05,Savyolovsky,SAO,329000,1371,12
2022-05,Zamoskvorechye,CAO,544800,2270,12
2022-05,Pokrovskoye-Streshnevo,SZAO,305900,1274,12
2022-05,Novofyodorovskoye,TAO,96300,401,12
2022-05,Bibirevo,SVAO,238500,994,12
2022-05,Vnukovo,ZAO,251000,1046,12
2022-05,Voskresenskoye,NAO,179500,748,12
2022-05,Chertanovo Yuzhnoye,YuAO,228400,952,12
2022-05,Troparyovo-Nikulino,ZAO,369800,1541,12
2022-05,Zyablikovo,YuAO,222300,926,12
2022-05,Molzhaninovsky,SAO,193900,808,12
2022-05,Vostochnoye Izmaylovo,VAO,251900,1049,12
2022-05,Voronovskoye,TAO,99900,416,12
2022-05,Ochakovo-Matveyevskoye,ZAO,323900,1350,12
2022-05,Brateyevo,YuAO,207600,865,12
2022-05,Troitsk,TAO,135200,563,12
2022-05,Meshchansky,CAO,477300,1989,12
2022-05,Khoroshyovsky,SAO,332100,1384,12
2022-05,Shchukino,SZAO,335600,1398,12
2022-05,Severny,SVAO,219900,916,12
2022-05,Tsaritsyno,YuAO,236700,986,12
2022-05,Severnoye Medvedkovo,SVAO,246500,1027,12
2022-05,Novo-Peredelkino,ZAO,255300,1064,12
2022-05,Orekhovo-Borisovo Yuzhnoye,YuAO,215900,899,12
2022-05,Khoroshyovo-Mnyovniki,SZAO,347500,1448,12
2022-05,Alekseevsky,SVAO,292100,1217,12
2022-05,Presnensky,CAO,605500,2523,12
2022-05,Prospekt Vernadskogo,ZAO,413100,1721,12
2022-05,Veshnyaki,VAO,234100,975,12
2022-05,Biryulyovo Zapadnoye,YuAO,220800,920,12
2022-05,Sviblovo,SVAO,246400,1027,12
2022-05,Khovrino,SAO,230300,960,12
2022-05,Yuzhnoye Medvedkovo,SVAO,240600,1003,12
2022-05,Danilovsky,YuAO,310300,1293,12
2022-05,Yuzhnoye Tushino,SZAO,291800,1216,12
2022-05,Strogino,SZAO,352400,1468,12
2022-05,Altufyevsky,SVAO,233900,975,12
2022-05,Rogovskoye,TAO,93900,391,12
2022-05,Mozhaysky,ZAO,303600,1265,12
2022-05,Chertanovo Severnoye,YuAO,237800,991,12
2022-05,Timiryazevsky,SAO,293300,1222,12
2022-05,Orekhovo-Borisovo Severnoye,YuAO,219100,913,12
2022-05,Yaroslavsky,SVAO,226000,942,12
2022-05,Ramenki,ZAO,423400,1764,12
2022-05,Yuzhnoye Butovo,YuZAO,255500,1065,12
2022-05,Cheryomushki,YuZAO,342000,1425,12
2022-05,Basmanny,CAO,514700,2145,12
2022-05,Mikhaylovo-Yartsevskoye,TAO,96300,401,12
2022-05,Arbat,CAO,635600,2648,12
2022-05,Levoberezhny,SAO,262500,1094,12
2022-05,Vostochny,VAO,208500,869,12
2022-05,Maryina Roshcha,SVAO,308100,1284,12
2022-05,Mitino,SZAO,278100,1159,12
2022-05,Akademichesky,YuZAO,362200,1509,12
2022-05,Moskvorechye-Saburovo,YuAO,245400,1023,12
2022-05,Gagarinsky,YuZAO,441600,1840,12
2022-05,Lianozovo,SVAO,227800,949,12
2022-05,Tyoply Stan,YuZAO,284900,1187,12
2022-05,Kokoshkino,NAO,156200,651,12
2022-05,Koptevo,SAO,273400,1139,12
2022-05,Nagatino-Sadovniki,YuAO,273200,1138,12
2022-05,Fili-Davydkovo,ZAO,363900,1516,12
2022-05,Krasnopakhorskoye,TAO,115100,480,12
2022-05,Ostankinsky,SVAO,300000,1250,12
2022-05,Kurkino,SZAO,327900,1366,12
2022-05,Severnoye Izmaylovo,VAO,251900,1050,12
2022-05,Golyanovo,VAO,227100,946,12
2022-05,Shchapovskoye,TAO,103300,430,12
2022-05,Yakimanka,CAO,601200,2505,12
2022-05,Marfino,SVAO,251000,1046,12
2022-05,Preobrazhenskoye,VAO,269900,1124,12
2022-05,Yasenevo,YuZAO,325000,1354,12
2022-05,Zapadnoye Degunino,SAO,239600,998,12
2022-05,Khamovniki,CAO,685000,2854,12
2022-05,Desyonovskoye,NAO,178900,745,12
2022-05,Aeroport,SAO,310100,1292,12
2022-05,Butyrsky,SVAO,283900,1183,12
2022-05,Krylatskoye,SZAO,394000,1642,12
2022-05,Sokolinaya Gora,VAO,254000,1059,12
2022-05,Nagatinsky Zaton,YuAO,284500,1186,12
2022-05,Filyovsky Park,ZAO,383500,1598,12
2022-05,Klyonovskoye,TAO,95300,397,12
2022-05,Ivanovskoye,VAO,233400,972,12
2022-05,Losinoostrovsky,SVAO,242800,1012,12
2022-05,Marushkinskoye,NAO,148900,621,12
2022-06,Brateyevo,YuAO,221900,925,12
2022-06,Kurkino,SZAO,322600,1344,12
2022-06,Marfino,SVAO,243800,1016,12
2022-06,Danilovsky,YuAO,318200,1326,12
2022-06,Strogino,SZAO,363300,1514,12
2022-06,Nagatino-Sadovniki,YuAO,274800,1145,12
2022-06,Ochakovo-Matveyevskoye,ZAO,323900,1349,12
2022-06,Ryazanovskoye,NAO,152300,634,12
2022-06,Novogireyevo,VAO,250500,1044,12
2022-06,Meshchansky,CAO,488100,2034,12
2022-06,Kotlovka,YuZAO,348800,1453,12
2022-06,Krylatskoye,SZAO,406000,1692,12
2022-06,Sviblovo,SVAO,249500,1040,12
2022-06,Orekhovo-Borisovo Yuzhnoye,YuAO,207100,863,12
2022-06,Prospekt Vernadskogo,ZAO,408900,1704,12
2022-06,Severnoye Medvedkovo,SVAO,239700,999,12
2022-06,Sosenskoye,NAO,202400,843,12
2022-06,Arbat,CAO,625900,2608,12
2022-06,Alekseevsky,SVAO,300000,1250,12
2022-06,Losinoostrovsky,SVAO,257600,1073,12
2022-06,Khoroshyovo-Mnyovniki,SZAO,340800,1420,12
2022-06,Pokrovskoye-Streshnevo,SZAO,316100,1317,12
2022-06,Filyovsky Park,ZAO,386300,1610,12
2022-06,Nagorny,YuAO,267700,1116,12
2022-06,Otradnoye,SVAO,261700,1090,12
2022-06,Lomonosovsky,YuZAO,437300,1822,12
2022-06,Nagatinsky Zaton,YuAO,284300,1184,12
2022-06,Butyrsky,SVAO,287100,1196,12
2022-06,Tyoply Stan,YuZAO,282200,1176,12
2022-06,Zamoskvorechye,CAO,527600,2198,12
2022-06,Kievsky,TAO,93700,390,12
2022-06,Klyonovskoye,TAO,95500,398,12
2022-06,Bibirevo,SVAO,239800,999,12
2022-06,Mitino,SZAO,284800,1187,12
2022-06,Voykovsky,SAO,273500,1140,12
2022-06,Troparyovo-Nikulino,ZAO,365600,1523,12
2022-06,Ostankinsky,SVAO,294100,1226,12
2022-06,Beskudnikovsky,SAO,236000,983,12
2022-06,Zyablikovo,YuAO,208000,867,12
2022-06,Rostokino,SVAO,256400,1068,12
2022-06,Shchapovskoye,TAO,103300,430,12
2022-06,Voronovskoye,TAO,101800,424,12
2022-06,Metrogorodok,VAO,224900,937,12
2022-06,Krasnoselsky,CAO,471700,1965,12
2022-06,Orekhovo-Borisovo Severnoye,YuAO,223700,932,12
2022-06,Fili-Davydkovo,ZAO,370700,1545,12
2022-06,Novokosino,VAO,231300,964,12
2022-06,Ramenki,ZAO,433700,1807,12
2022-06,Altufyevsky,SVAO,221900,925,12
2022-06,Lianozovo,SVAO,225200,938,12
2022-06,Severnoye Tushino,SZAO,284000,1183,12
2022-06,Moskvorechye-Saburovo,YuAO,245300,1022,12
2022-06,Babushkinsky,SVAO,257000,1071,12
2022-06,Maryina Roshcha,SVAO,290600,1211,12
2022-06,Solntsevo,ZAO,287600,1198,12
2022-06,Donskoy,YuAO,332500,1386,12
2022-06,Basmanny,CAO,504600,2103,12
2022-06,Veshnyaki,VAO,223800,933,12
2022-06,Yasenevo,YuZAO,324800,1353,12
2022-06,Sokolinaya Gora,VAO,249700,1041,12
2022-06,Khamovniki,CAO,642500,2677,12
2022-06,Vostochnoye Izmaylovo,VAO,256600,1069,12
2022-06,Perovo,VAO,244700,1019,12
2022-06,Molzhaninovsky,SAO,200700,836,12
2022-06,Severnoye Butovo,YuZAO,282300,1176,12
2022-06,Chertanovo Yuzhnoye,YuAO,221500,923,12
2022-06,Voskresenskoye,NAO,182800,762,12
2022-06,Vnukovo,ZAO,251600,1048,12
2022-06,Novofyodorovskoye,TAO,94100,392,12
2022-06,Desyonovskoye,NAO,183800,766,12
2022-06,Dmitrovsky,SAO,228300,951,12
2022-06,Savyolovsky,SAO,329400,1373,12
2022-06,Sokolniki,VAO,295700,1232,12
2022-06,Tverskoy,CAO,616400,2568,12
2022-06,Vnukovskoye,NAO,193100,805,12
2022-06,Dorogomilovo,ZAO,498300,2076,12
2022-06,Chertanovo Tsentralnoye,YuAO,239100,996,12
2022-06,Bogorodskoye,VAO,249700,1041,12
2022-06,Sokol,SAO,339200,1413,12
2022-06,Pervomayskoye,TAO,106500,444,12
2022-06,Mosrentgen,NAO,195300,814,12
2022-06,Golyanovo,VAO,224700,936,12
2022-06,Zapadnoye Degunino,SAO,241100,1005,12
2022-06,Preobrazhenskoye,VAO,273700,1140,12
2022-06,Ivanovskoye,VAO,227600,948,12
2022-06,Marushkinskoye,NAO,148400,618,12
2022-06,Cheryomushki,YuZAO,351200,1464,12
2022-06,Gagarinsky,YuZAO,440000,1833,12
2022-06,Koptevo,SAO,267000,1112,12
2022-06,Krasnopakhorskoye,TAO,112600,469,12
2022-06,Moskovsky,NAO,190400,794,12
2022-06,Aeroport,SAO,312400,1302,12
2022-06,Yakimanka,CAO,642900,2679,12
2022-06,Golovinsky,SAO,271300,1130,12
2022-06,Severnoye Izmaylovo,VAO,248000,1033,12
2022-06,Kokoshkino,NAO,152700,636,12
2022-06,Yuzhnoye Butovo,YuZAO,264300,1101,12
2022-06,Akademichesky,YuZAO,377200,1572,12
2022-06,Vostochny,VAO,203100,846,12
2022-06,Izmaylovo,VAO,269000,1121,12
2022-06,Levoberezhny,SAO,252900,1054,12
2022-06,Mikhaylovo-Yartsevskoye,TAO,99300,414,12
2022-06,Zyuzino,YuZAO,323400,1347,12
2022-06,Shcherbinka,NAO,177600,740,12
2022-06,Tsaritsyno,YuAO,249500,1039,12
2022-06,Kosino-Ukhtomsky,VAO,215500,898,12
2022-06,Timiryazevsky,SAO,285800,1191,12
2022-06,Shchukino,SZAO,344900,1437,12
2022-06,Yuzhnoye Tushino,SZAO,300100,1250,12
2022-06,Mozhaysky,ZAO,314800,1312,12
2022-06,Severny,SVAO,203800,849,12
2022-06,Rogovskoye,TAO,92700,386,12
2022-06,Novo-Peredelkino,ZAO,270900,1129,12
2022-06,Chertanovo Severnoye,YuAO,246700,1028,12
2022-06,Obruchevsky,YuZAO,333700,1391,12
2022-06,Yuzhnoye Medvedkovo,SVAO,244400,1018,12
2022-06,Begovoy,SAO,339700,1416,12
2022-06,Konkovo,YuZAO,310200,1293,12
2022-06,Presnensky,CAO,602400,2510,12
2022-06,Khovrino,SAO,245400,1023,12
2022-06,Biryulyovo Zapadnoye,YuAO,206400,860,12
2022-06,Tagansky,CAO,478400,1994,12
2022-06,Zelenograd,ZelAO,158200,659,12
2022-06,Kuntsevo,ZAO,351700,1465,12
2022-06,Biryulyovo Vostochnoye,YuAO,213600,890,12
2022-06,Troitsk,TAO,134700,561,12
2022-06,Khoroshyovsky,SAO,352300,1468,12
2022-06,Filimonkovskoye,NAO,158500,660,12
2022-06,Yaroslavsky,SVAO,243600,1015,12
2022-07,Yakimanka,CAO,602100,2509,12
2022-07,Orekhovo-Borisovo Yuzhnoye,YuAO,220500,919,12
2022-07,Biryulyovo Zapadnoye,YuAO,212500,885,12
2022-07,Presnensky,CAO,589700,2457,12
2022-07,Krasnopakhorskoye,TAO,111300,464,12
2022-07,Tsaritsyno,YuAO,233700,974,12
2022-07,Akademichesky,YuZAO,390100,1625,12
2022-07,Moskvorechye-Saburovo,YuAO,254600,1061,12
2022-07,Pervomayskoye,TAO,111100,463,12
2022-07,Troitsk,TAO,137000,571,12
2022-07,Konkovo,YuZAO,321100,1338,12
2022-07,Shchapovskoye,TAO,103800,433,12
2022-07,Severnoye Izmaylovo,VAO,250000,1042,12
2022-07,Preobrazhenskoye,VAO,270200,1126,12
2022-07,Nagatino-Sadovniki,YuAO,276600,1152,12
2022-07,Kotlovka,YuZAO,340600,1419,12
2022-07,Aeroport,SAO,329100,1371,12
2022-07,Gagarinsky,YuZAO,432800,1804,12
2022-07,Brateyevo,YuAO,217200,905,12
2022-07,Meshchansky,CAO,490200,2043,12
2022-07,Filimonkovskoye,NAO,160600,669,12
2022-07,Arbat,CAO,643500,2681,12
2022-07,Chertanovo Yuzhnoye,YuAO,224100,934,12
2022-07,Biryulyovo Vostochnoye,YuAO,222400,927,12
2022-07,Chertanovo Tsentralnoye,YuAO,235900,983,12
2022-07,Donskoy,YuAO,322300,1343,12
2022-07,Tagansky,CAO,476400,1985,12
2022-07,Kievsky,TAO,97300,405,12
2022-07,Nagorny,YuAO,280700,1170,12
2022-07,Izmaylovo,VAO,263000,1096,12
2022-07,Tverskoy,CAO,620600,2586,12
2022-07,Sokolniki,VAO,306800,1278,12
2022-07,Novokosino,VAO,242900,1012,12
2022-07,Zamoskvorechye,CAO,574400,2393,12
2022-07,Novofyodorovskoye,TAO,91300,380,12
2022-07,Orekhovo-Borisovo Severnoye,YuAO,225600,940,12
2022-07,Chertanovo Severnoye,YuAO,253400,1056,12
2022-07,Krasnoselsky,CAO,473400,1973,12
2022-07,Zyuzino,YuZAO,335700,1399,12
2022-07,Voronovskoye,TAO,103100,430,12
2022-07,Perovo,VAO,246600,1028,12
2022-07,Beskudnikovsky,SAO,254400,1060,12
2022-07,Rogovskoye,TAO,92100,384,12
2022-07,Zyablikovo,YuAO,217900,908,12
2022-07,Khamovniki,CAO,671600,2798,12
2022-07,Sokolinaya Gora,VAO,251300,1047,12
2022-07,Danilovsky,YuAO,312800,1303,12
2022-07,Klyonovskoye,TAO,94300,393,12
2022-07,Nagatinsky Zaton,YuAO,291400,1214,12
2022-07,Mikhaylovo-Yartsevskoye,TAO,100100,417,12
2022-07,Begovoy,SAO,334600,1394,12
2022-07,Basmanny,CAO,507800,2116,12
2022-07,Shcherbinka,NAO,184700,770,12
2022-07,Voskresenskoye,NAO,191200,797,12
2022-07,Fili-Davydkovo,ZAO,384700,1603,12
2022-07,Ostankinsky,SVAO,309200,1288,12
2022-07,Ochakovo-Matveyevskoye,ZAO,307800,1282,12
2022-07,Yuzhnoye Tushino,SZAO,300700,1253,12
2022-07,Marushkinskoye,NAO,152200,634,12
2022-07,Cheryomushki,YuZAO,339800,1416,12
2022-07,Obruchevsky,YuZAO,332600,1386,12
2022-07,Altufyevsky,SVAO,230200,959,12
2022-07,Koptevo,SAO,273300,1139,12
2022-07,Marfino,SVAO,257600,1073,12
2022-07,Troparyovo-Nikulino,ZAO,373900,1558,12
2022-07,Vnukovo,ZAO,251600,1048,12
2022-07,Mozhaysky,ZAO,340700,1420,12
2022-07,Golovinsky,SAO,261000,1088,12
2022-07,Metrogorodok,VAO,229900,958,12
2022-07,Bibirevo,SVAO,247300,1030,12
2022-07,Prospekt Vernadskogo,ZAO,418300,1743,12
2022-07,Golyanovo,VAO,230900,962,12
2022-07,Pokrovskoye-Streshnevo,SZAO,305600,1273,12
2022-07,Otradnoye,SVAO,265200,1105,12
2022-07,Strogino,SZAO,371500,1548,12
2022-07,Ryazanovskoye,NAO,159400,664,12
2022-07,Kokoshkino,NAO,157700,657,12
2022-07,Yuzhnoye Butovo,YuZAO,274300,1143,12
2022-07,Kosino-Ukhtomsky,VAO,220900,921,12
2022-07,Filyovsky Park,ZAO,397500,1656,12
2022-07,Kuntsevo,ZAO,339600,1415,12
2022-07,Zelenograd,ZelAO,165800,691,12
2022-07,Maryina Roshcha,SVAO,295500,1231,12
2022-07,Savyolovsky,SAO,327600,1365,12
2022-07,Khovrino,SAO,233700,974,12
2022-07,Veshnyaki,VAO,228900,954,12
2022-07,Yuzhnoye Medvedkovo,SVAO,253400,1056,12
2022-07,Severnoye Butovo,YuZAO,287900,1200,12
2022-07,Dmitrovsky,SAO,228400,951,12
2022-07,Mosrentgen,NAO,199200,830,12
2022-07,Sviblovo,SVAO,253300,1056,12
2022-07,Moskovsky,NAO,200700,836,12
2022-07,Tyoply Stan,YuZAO,293000,1221,12
2022-07,Zapadnoye Degunino,SAO,235900,983,12
2022-07,Butyrsky,SVAO,286200,1192,12
2022-07,Mitino,SZAO,273300,1139,12
2022-07,Kurkino,SZAO,330600,1378,12
2022-07,Vnukovskoye,NAO,210700,878,12
2022-07,Dorogomilovo,ZAO,484100,2017,12
2022-07,Ivanovskoye,VAO,224000,933,12
2022-07,Lianozovo,SVAO,238900,995,12
2022-07,Ramenki,ZAO,428600,1786,12
2022-07,Shchukino,SZAO,343100,1430,12
2022-07,Desyonovskoye,NAO,186400,777,12
2022-07,Yasenevo,YuZAO,319200,1330,12
2022-07,Levoberezhny,SAO,258500,1077,12
2022-07,Vostochny,VAO,216400,902,12
2022-07,Losinoostrovsky,SVAO,242400,1010,12
2022-07,Sokol,SAO,331500,1381,12
2022-07,Bogorodskoye,VAO,260900,1087,12
2022-07,Lomonosovsky,YuZAO,417100,1738,12
2022-07,Molzhaninovsky,SAO,209400,872,12
2022-07,Alekseevsky,SVAO,301400,1256,12
2022-07,Vostochnoye Izmaylovo,VAO,264000,1100,12
2022-07,Severny,SVAO,224500,936,12
2022-07,Khoroshyovsky,SAO,342500,1427,12
2022-07,Novo-Peredelkino,ZAO,277500,1156,12
2022-07,Solntsevo,ZAO,290300,1210,12
2022-07,Rostokino,SVAO,259000,1079,12
2022-07,Khoroshyovo-Mnyovniki,SZAO,356900,1487,12
2022-07,Krylatskoye,SZAO,401500,1673,12
2022-07,Severnoye Medvedkovo,SVAO,251600,1048,12
2022-07,Yaroslavsky,SVAO,253800,1057,12
2022-07,Novogireyevo,VAO,240300,1001,12
2022-07,Severnoye Tushino,SZAO,290700,1211,12
2022-07,Voykovsky,SAO,277000,1154,12
2022-07,Babushkinsky,SVAO,258000,1075,12
2022-07,Sosenskoye,NAO,186900,779,12
2022-07,Timiryazevsky,SAO,294700,1228,12
2022-08,Rogovskoye,TAO,100200,418,12
2022-08,Klyonovskoye,TAO,94700,395,12
2022-08,Tyoply Stan,YuZAO,300700,1253,12
2022-08,Khamovniki,CAO,684500,2852,12
2022-08,Zapadnoye Degunino,SAO,241200,1005,12
2022-08,Babushkinsky,SVAO,264800,1104,12
2022-08,Meshchansky,CAO,495300,2064,12
2022-08,Donskoy,YuAO,328400,1368,12
2022-08,Preobrazhenskoye,VAO,281300,1172,12
2022-08,Mitino,SZAO,290000,1208,12
2022-08,Novofyodorovskoye,TAO,103300,430,12
2022-08,Ramenki,ZAO,437000,1821,12
2022-08,Butyrsky,SVAO,294800,1228,12
2022-08,Filyovsky Park,ZAO,401800,1674,12
2022-08,Tagansky,CAO,476000,1983,12
2022-08,Basmanny,CAO,529000,2204,12
2022-08,Biryulyovo Zapadnoye,YuAO,220800,920,12
2022-08,Sokolinaya Gora,VAO,246300,1026,12
2022-08,Alekseevsky,SVAO,301500,1256,12
2022-08,Zyuzino,YuZAO,322800,1345,12
2022-08,Khovrino,SAO,242400,1010,12
2022-08,Savyolovsky,SAO,336700,1403,12
2022-08,Izmaylovo,VAO,285200,1188,12
2022-08,Moskovsky,NAO,207100,863,12
2022-08,Solntsevo,ZAO,297100,1238,12
2022-08,Shcherbinka,NAO,192600,803,12
2022-08,Veshnyaki,VAO,239200,996,12
2022-08,Nagatinsky Zaton,YuAO,304700,1270,12
2022-08,Yuzhnoye Medvedkovo,SVAO,250500,1044,12
2022-08,Yasenevo,YuZAO,336300,1401,12
2022-08,Kuntsevo,ZAO,360800,1503,12
2022-08,Krasnoselsky,CAO,490400,2043,12
2022-08,Desyonovskoye,NAO,182000,758,12
2022-08,Aeroport,SAO,328400,1368,12
2022-08,Severnoye Izmaylovo,VAO,254700,1061,12
2022-08,Bibirevo,SVAO,241100,1005,12
2022-08,Vostochny,VAO,223400,931,12
2022-08,Yakimanka,CAO,622200,2592,12
2022-08,Prospekt Vernadskogo,ZAO,433600,1807,12
2022-08,Molzhaninovsky,SAO,200300,835,12
2022-08,Golyanovo,VAO,240400,1002,12
2022-08,Akademichesky,YuZAO,391800,1633,12
2022-08,Pokrovskoye-Streshnevo,SZAO,324800,1354,12
2022-08,Chertanovo Yuzhnoye,YuAO,228200,951,12
2022-08,Zamoskvorechye,CAO,550400,2293,12
2022-08,Voskresenskoye,NAO,184400,768,12
2022-08,Timiryazevsky,SAO,300300,1251,12
2022-08,Severnoye Medvedkovo,SVAO,253900,1058,12
2022-08,Orekhovo-Borisovo Yuzhnoye,YuAO,233100,971,12
2022-08,Otradnoye,SVAO,259100,1079,12
2022-08,Nagorny,YuAO,281400,1173,12
2022-08,Rostokino,SVAO,266700,1111,12
2022-08,Kokoshkino,NAO,156700,653,12
2022-08,Chertanovo Severnoye,YuAO,246300,1026,12
2022-08,Yuzhnoye Butovo,YuZAO,270500,1127,12
2022-08,Yaroslavsky,SVAO,246800,1028,12
2022-08,Ivanovskoye,VAO,232600,969,12
2022-08,Khoroshyovo-Mnyovniki,SZAO,345900,1441,12
2022-08,Biryulyovo Vostochnoye,YuAO,220300,918,12
2022-08,Severnoye Tushino,SZAO,297000,1237,12
2022-08,Mozhaysky,ZAO,323400,1347,12
2022-08,Marushkinskoye,NAO,147200,613,12
2022-08,Zyablikovo,YuAO,222800,928,12
2022-08,Mikhaylovo-Yartsevskoye,TAO,101700,424,12
2022-08,Ostankinsky,SVAO,321400,1339,12
2022-08,Gagarinsky,YuZAO,448300,1868,12
2022-08,Orekhovo-Borisovo Severnoye,YuAO,211500,881,12
2022-08,Vostochnoye Izmaylovo,VAO,251000,1046,12
2022-08,Kievsky,TAO,96300,401,12
2022-08,Cheryomushki,YuZAO,357600,1490,12
2022-08,Yuzhnoye Tushino,SZAO,302200,1259,12
2022-08,Koptevo,SAO,261000,1087,12
2022-08,Troparyovo-Nikulino,ZAO,366300,1526,12
2022-08,Levoberezhny,SAO,258600,1077,12
2022-08,Krasnopakhorskoye,TAO,111000,462,12
2022-08,Vnukovo,ZAO,257700,1074,12
2022-08,Arbat,CAO,685100,2855,12
2022-08,Tsaritsyno,YuAO,236100,984,12
2022-08,Presnensky,CAO,595900,2483,12
2022-08,Dorogomilovo,ZAO,516500,2152,12
2022-08,Lianozovo,SVAO,240500,1002,12
2022-08,Vnukovskoye,NAO,199400,831,12
2022-08,Nagatino-Sadovniki,YuAO,278500,1160,12
2022-08,Begovoy,SAO,344800,1437,12
2022-08,Moskvorechye-Saburovo,YuAO,235100,980,12
2022-08,Strogino,SZAO,371800,1549,12
2022-08,Lomonosovsky,YuZAO,404600,1686,12
2022-08,Novo-Peredelkino,ZAO,273100,1138,12
2022-08,Voronovskoye,TAO,107700,449,12
2022-08,Kurkino,SZAO,334500,1394,12
2022-08,Voykovsky,SAO,279300,1164,12
2022-08,Beskudnikovsky,SAO,240200,1001,12
2022-08,Kosino-Ukhtomsky,VAO,219300,914,12
2022-08,Bogorodskoye,VAO,251500,1048,12
2022-08,Konkovo,YuZAO,326200,1359,12
2022-08,Metrogorodok,VAO,240800,1003,12
2022-08,Golovinsky,SAO,266400,1110,12
2022-08,Filimonkovskoye,NAO,169200,705,12
2022-08,Chertanovo Tsentralnoye,YuAO,232900,970,12
2022-08,Pervomayskoye,TAO,106100,442,12
2022-08,Shchapovskoye,TAO,106400,444,12
2022-08,Marfino,SVAO,257300,1072,12
2022-08,Khoroshyovsky,SAO,352100,1467,12
2022-08,Brateyevo,YuAO,237900,991,12
2022-08,Obruchevsky,YuZAO,354200,1476,12
2022-08,Altufyevsky,SVAO,243000,1013,12
2022-08,Novokosino,VAO,240800,1003,12
2022-08,Troitsk,TAO,131700,549,12
2022-08,Danilovsky,YuAO,314900,1312,12
2022-08,Ryazanovskoye,NAO,156700,653,12
2022-08,Ochakovo-Matveyevskoye,ZAO,319100,1330,12
2022-08,Fili-Davydkovo,ZAO,386500,1610,12
2022-08,Krylatskoye,SZAO,377800,1574,12
2022-08,Tverskoy,CAO,654000,2725,12
2022-08,Shchukino,SZAO,341400,1422,12
2022-08,Losinoostrovsky,SVAO,254200,1059,12
2022-08,Novogireyevo,VAO,267800,1116,12
2022-08,Kotlovka,YuZAO,347100,1446,12
2022-08,Sviblovo,SVAO,254800,1062,12
2022-08,Severny,SVAO,215400,897,12
2022-08,Perovo,VAO,255200,1063,12
2022-08,Maryina Roshcha,SVAO,312600,1302,12
2022-08,Severnoye Butovo,YuZAO,290700,1211,12
2022-08,Zelenograd,ZelAO,165500,690,12
2022-08,Sosenskoye,NAO,199200,830,12
2022-08,Dmitrovsky,SAO,243700,1015,12
2022-08,Sokolniki,VAO,296700,1236,12
2022-08,Sokol,SAO,344400,1435,12
2022-08,Mosrentgen,NAO,203500,848,12
2022-09,Severnoye Izmaylovo,VAO,261300,1089,12
2022-09,Sviblovo,SVAO,256200,1068,12
2022-09,Yasenevo,YuZAO,319400,1331,12
2022-09,Novokosino,VAO,231800,966,12
2022-09,Kotlovka,YuZAO,332200,1384,12
2022-09,Rostokino,SVAO,263800,1099,12
2022-09,Pokrovskoye-Streshnevo,SZAO,321500,1339,12
2022-09,Sosenskoye,NAO,201800,841,12
2022-09,Desyonovskoye,NAO,189600,790,12
2022-09,Ryazanovskoye,NAO,157200,655,12
2022-09,Losinoostrovsky,SVAO,254200,1059,12
2022-09,Vostochnoye Izmaylovo,VAO,260100,1084,12
2022-09,Severnoye Medvedkovo,SVAO,254300,1060,12
2022-09,Prospekt Vernadskogo,ZAO,436700,1819,12
2022-09,Yakimanka,CAO,621000,2588,12
2022-09,Metrogorodok,VAO,234400,977,12
2022-09,Sokolinaya Gora,VAO,246100,1025,12
2022-09,Severny,SVAO,214600,894,12
2022-09,Golyanovo,VAO,237700,990,12
2022-09,Timiryazevsky,SAO,302200,1259,12
2022-09,Shchapovskoye,TAO,108500,452,12
2022-09,Koptevo,SAO,262400,1093,12
2022-09,Orekhovo-Borisovo Yuzhnoye,YuAO,227800,949,12
2022-09,Khoroshyovsky,SAO,363900,1516,12
2022-09,Tagansky,CAO,478800,1995,12
2022-09,Danilovsky,YuAO,326700,1361,12
2022-09,Chertanovo Yuzhnoye,YuAO,229400,956,12
2022-09,Novo-Peredelkino,ZAO,283700,1182,12
2022-09,Molzhaninovsky,SAO,211300,880,12
2022-09,Filyovsky Park,ZAO,400900,1671,12
2022-09,Akademichesky,YuZAO,380100,1584,12
2022-09,Lomonosovsky,YuZAO,418300,1743,12
2022-09,Vostochny,VAO,221900,925,12
2022-09,Solntsevo,ZAO,287300,1197,12
2022-09,Sokol,SAO,341500,1423,12
2022-09,Fili-Davydkovo,ZAO,403400,1681,12
2022-09,Khoroshyovo-Mnyovniki,SZAO,336200,1401,12
2022-09,Bogorodskoye,VAO,250100,1042,12
2022-09,Levoberezhny,SAO,272600,1136,12
2022-09,Voykovsky,SAO,294300,1226,12
2022-09,Kievsky,TAO,97100,405,12
2022-09,Mikhaylovo-Yartsevskoye,TAO,100900,420,12
2022-09,Otradnoye,SVAO,274100,1142,12
2022-09,Beskudnikovsky,SAO,248900,1037,12
2022-09,Yaroslavsky,SVAO,246700,1028,12
2022-09,Nagorny,YuAO,285400,1189,12
2022-09,Kokoshkino,NAO,155000,646,12
2022-09,Tsaritsyno,YuAO,240700,1003,12
2022-09,Khamovniki,CAO,699200,2913,12
2022-09,Strogino,SZAO,378500,1577,12
2022-09,Nagatino-Sadovniki,YuAO,293100,1221,12
2022-09,Krylatskoye,SZAO,423900,1766,12
2022-09,Yuzhnoye Butovo,YuZAO,278100,1159,12
2022-09,Donskoy,YuAO,340500,1419,12
2022-09,Babushkinsky,SVAO,263700,1099,12
2022-09,Shchukino,SZAO,357400,1489,12
2022-09,Chertanovo Severnoye,YuAO,262900,1095,12
2022-09,Zamoskvorechye,CAO,545600,2273,12
2022-09,Alekseevsky,SVAO,299400,1248,12
2022-09,Severnoye Tushino,SZAO,303200,1263,12
2022-09,Arbat,CAO,683100,2846,12
2022-09,Novogireyevo,VAO,261000,1088,12
2022-09,Savyolovsky,SAO,344000,1433,12
2022-09,Zapadnoye Degunino,SAO,245200,1022,12
2022-09,Rogovskoye,TAO,95100,396,12
2022-09,Butyrsky,SVAO,301000,1254,12
2022-09,Brateyevo,YuAO,222800,929,12
2022-09,Zelenograd,ZelAO,171300,714,12
2022-09,Troitsk,TAO,144100,600,12
2022-09,Izmaylovo,VAO,287500,1198,12
2022-09,Preobrazhenskoye,VAO,282300,1176,12
2022-09,Altufyevsky,SVAO,239900,1000,12
2022-09,Novofyodorovskoye,TAO,95200,397,12
2022-09,Khovrino,SAO,237800,991,12
2022-09,Meshchansky,CAO,473700,1974,12
2022-09,Moskvorechye-Saburovo,YuAO,242800,1012,12
2022-09,Mitino,SZAO,277900,1158,12
2022-09,Begovoy,SAO,347500,1448,12
2022-09,Maryina Roshcha,SVAO,321200,1338,12
2022-09,Zyuzino,YuZAO,357000,1487,12
2022-09,Kosino-Ukhtomsky,VAO,222200,926,12
2022-09,Nagatinsky Zaton,YuAO,303800,1266,12
2022-09,Veshnyaki,VAO,230700,961,12
2022-09,Severnoye Butovo,YuZAO,294400,1227,12
2022-09,Yuzhnoye Medvedkovo,SVAO,254500,1061,12
2022-09,Tverskoy,CAO,669500,2790,12
2022-09,Shcherbinka,NAO,186200,776,12
2022-09,Mosrentgen,NAO,206200,859,12
2022-09,Aeroport,SAO,322300,1343,12
2022-09,Vnukovskoye,NAO,201500,840,12
2022-09,Moskovsky,NAO,196100,817,12
2022-09,Voronovskoye,TAO,100400,418,12
2022-09,Kurkino,SZAO,345100,1438,12
2022-09,Tyoply Stan,YuZAO,299500,1248,12
2022-09,Kuntsevo,ZAO,346500,1444,12
2022-09,Perovo,VAO,256600,1069,12
2022-09,Orekhovo-Borisovo Severnoye,YuAO,235600,982,12
2022-09,Klyonovskoye,TAO,96700,403,12
2022-09,Marfino,SVAO,265600,1107,12
2022-09,Dmitrovsky,SAO,241800,1008,12
2022-09,Ivanovskoye,VAO,242800,1012,12
2022-09,Biryulyovo Zapadnoye,YuAO,218800,912,12
2022-09,Yuzhnoye Tushino,SZAO,305100,1271,12
2022-09,Krasnoselsky,CAO,494000,2058,12
2022-09,Vnukovo,ZAO,251400,1048,12
2022-09,Basmanny,CAO,502700,2095,12
2022-09,Sokolniki,VAO,292800,1220,12
2022-09,Konkovo,YuZAO,325000,1354,12
2022-09,Troparyovo-Nikulino,ZAO,392100,1634,12
2022-09,Pervomayskoye,TAO,113600,473,12
2022-09,Krasnopakhorskoye,TAO,112100,467,12
2022-09,Filimonkovskoye,NAO,166400,693,12
2022-09,Chertanovo Tsentralnoye,YuAO,246800,1028,12
2022-09,Golovinsky,SAO,254400,1060,12
2022-09,Voskresenskoye,NAO,192200,801,12
2022-09,Bibirevo,SVAO,252500,1052,12
2022-09,Biryulyovo Vostochnoye,YuAO,223300,930,12
2022-09,Presnensky,CAO,591500,2464,12
2022-09,Lianozovo,SVAO,241000,1004,12
2022-09,Mozhaysky,ZAO,311600,1298,12
2022-09,Zyablikovo,YuAO,221000,921,12
2022-09,Dorogomilovo,ZAO,517700,2157,12
2022-09,Ramenki,ZAO,443300,1847,12
2022-09,Marushkinskoye,NAO,155400,648,12
2022-09,Ochakovo-Matveyevskoye,ZAO,335000,1396,12
2022-09,Ostankinsky,SVAO,314700,1311,12
2022-09,Gagarinsky,YuZAO,444900,1854,12
2022-09,Obruchevsky,YuZAO,344400,1435,12
2022-09,Cheryomushki,YuZAO,358300,1493,12
2022-10,Savyolovsky,SAO,334900,1395,10
2022-10,Sokolniki,VAO,304900,1271,10
2022-10,Babushkinsky,SVAO,258200,1076,10
2022-10,Sokol,SAO,357000,1487,10
2022-10,Krasnoselsky,CAO,490800,2045,10
2022-10,Tverskoy,CAO,642800,2678,10
2022-10,Zelenograd,ZelAO,163000,679,10
2022-10,Cheryomushki,YuZAO,366400,1527,10
2022-10,Severnoye Tushino,SZAO,304100,1267,10
2022-10,Voskresenskoye,NAO,192800,803,10
2022-10,Chertanovo Tsentralnoye,YuAO,242700,1011,10
2022-10,Rostokino,SVAO,265000,1104,10
2022-10,Pervomayskoye,TAO,110400,460,10
2022-10,Danilovsky,YuAO,314800,1312,10
2022-10,Vnukovo,ZAO,260000,1083,10
2022-10,Biryulyovo Vostochnoye,YuAO,230400,960,10
2022-10,Chertanovo Yuzhnoye,YuAO,229900,958,10
2022-10,Ramenki,ZAO,432400,1802,10
2022-10,Dorogomilovo,ZAO,514300,2143,10
2022-10,Strogino,SZAO,356900,1487,10
2022-10,Alekseevsky,SVAO,307100,1279,10
2022-10,Tagansky,CAO,498900,2079,10
2022-10,Sviblovo,SVAO,252900,1054,10
2022-10,Molzhaninovsky,SAO,206700,861,10
2022-10,Vnukovskoye,NAO,202800,845,10
2022-10,Novofyodorovskoye,TAO,98500,411,10
2022-10,Bogorodskoye,VAO,263800,1099,10
2022-10,Prospekt Vernadskogo,ZAO,420800,1753,10
2022-10,Orekhovo-Borisovo Severnoye,YuAO,226700,945,10
2022-10,Kuntsevo,ZAO,360600,1503,10
2022-10,Voronovskoye,TAO,104800,437,10
2022-10,Altufyevsky,SVAO,243100,1013,10
2022-10,Vostochnoye Izmaylovo,VAO,266000,1108,10
2022-10,Veshnyaki,VAO,237100,988,10
2022-10,Basmanny,CAO,522500,2177,10
2022-10,Moskvorechye-Saburovo,YuAO,249200,1038,10
2022-10,Begovoy,SAO,350700,1461,10
2022-10,Mosrentgen,NAO,203200,847,10
2022-10,Filyovsky Park,ZAO,410900,1712,10
2022-10,Brateyevo,YuAO,231400,964,10
2022-10,Kosino-Ukhtomsky,VAO,230300,959,10
2022-10,Severnoye Butovo,YuZAO,284600,1186,10
2022-10,Perovo,VAO,267000,1112,10
2022-10,Kurkino,SZAO,340500,1419,10
2022-10,Troitsk,TAO,143200,597,10
2022-10,Maryina Roshcha,SVAO,315300,1314,10
2022-10,Dmitrovsky,SAO,228900,954,10
2022-10,Biryulyovo Zapadnoye,YuAO,218500,911,10
2022-10,Presnensky,CAO,651500,2714,10
2022-10,Khovrino,SAO,245400,1023,10
2022-10,Zyuzino,YuZAO,353400,1472,10
2022-10,Butyrsky,SVAO,294600,1227,10
2022-10,Izmaylovo,VAO,286500,1194,10
2022-10,Losinoostrovsky,SVAO,248700,1036,10
2022-10,Moskovsky,NAO,197800,824,10
2022-10,Shcherbinka,NAO,185400,773,10
2022-10,Sokolinaya Gora,VAO,254100,1059,10
2022-10,Yuzhnoye Medvedkovo,SVAO,256300,1068,10
2022-10,Aeroport,SAO,325000,1354,10
2022-10,Tyoply Stan,YuZAO,313200,1305,10
2022-10,Rogovskoye,TAO,101700,424,10
2022-10,Ryazanovskoye,NAO,160700,669,10
2022-10,Severny,SVAO,222700,928,10
2022-10,Kotlovka,YuZAO,335500,1398,10
2022-10,Sosenskoye,NAO,217700,907,10
2022-10,Novogireyevo,VAO,259600,1081,10
2022-10,Krylatskoye,SZAO,417300,1739,10
2022-10,Fili-Davydkovo,ZAO,385400,1606,10
2022-10,Novo-Peredelkino,ZAO,263200,1097,10
2022-10,Beskudnikovsky,SAO,244900,1020,10
2022-10,Voykovsky,SAO,299200,1247,10
2022-10,Lomonosovsky,YuZAO,454100,1892,10
2022-10,Arbat,CAO,654200,2726,10
2022-10,Shchukino,SZAO,374800,1562,10
2022-10,Nagatino-Sadovniki,YuAO,290000,1208,10
2022-10,Nagatinsky Zaton,YuAO,308600,1286,10
2022-10,Tsaritsyno,YuAO,240600,1003,10
2022-10,Novokosino,VAO,251300,1047,10
2022-10,Shchapovskoye,TAO,99700,415,10
2022-10,Khoroshyovsky,SAO,361200,1505,10
2022-10,Metrogorodok,VAO,236400,985,10
2022-10,Golovinsky,SAO,269300,1122,10
2022-10,Filimonkovskoye,NAO,170900,712,10
2022-10,Konkovo,YuZAO,324400,1352,10
2022-10,Obruchevsky,YuZAO,357400,1489,10
2022-10,Marfino,SVAO,270300,1126,10
2022-10,Ochakovo-Matveyevskoye,ZAO,327400,1364,10
2022-10,Lianozovo,SVAO,240200,1001,10
2022-10,Golyanovo,VAO,235000,979,10
2022-10,Yaroslavsky,SVAO,252100,1050,10
2022-10,Levoberezhny,SAO,264500,1102,10
2022-10,Severnoye Medvedkovo,SVAO,254000,1058,10
2022-10,Vostochny,VAO,212300,884,10
2022-10,Bibirevo,SVAO,238100,992,10
2022-10,Akademichesky,YuZAO,397500,1656,10
2022-10,Kievsky,TAO,97400,406,10
2022-10,Yakimanka,CAO,642000,2675,10
2022-10,Orekhovo-Borisovo Yuzhnoye,YuAO,229100,955,10
2022-10,Klyonovskoye,TAO,98800,412,10
2022-10,Otradnoye,SVAO,261800,1091,10
2022-10,Koptevo,SAO,259200,1080,10
2022-10,Pokrovskoye-Streshnevo,SZAO,323000,1346,10
2022-10,Timiryazevsky,SAO,313100,1305,10
2022-10,Chertanovo Severnoye,YuAO,256100,1067,10
2022-10,Severnoye Izmaylovo,VAO,265200,1105,10
2022-10,Kokoshkino,NAO,160300,668,10
2022-10,Zamoskvorechye,CAO,580400,2418,10
2022-10,Nagorny,YuAO,290000,1208,10
2022-10,Yuzhnoye Butovo,YuZAO,262200,1093,10
2022-10,Gagarinsky,YuZAO,446600,1861,10
2022-10,Preobrazhenskoye,VAO,277800,1158,10
2022-10,Donskoy,YuAO,343700,1432,10
2022-10,Mitino,SZAO,282100,1175,10
2022-10,Ivanovskoye,VAO,234600,977,10
2022-10,Khamovniki,CAO,702600,2927,10
2022-10,Solntsevo,ZAO,288900,1204,10
2022-10,Mozhaysky,ZAO,315600,1315,10
2022-10,Krasnopakhorskoye,TAO,116800,487,10
2022-10,Zyablikovo,YuAO,228400,952,10
2022-10,Marushkinskoye,NAO,152700,636,10
2022-10,Meshchansky,CAO,508800,2120,10
2022-10,Zapadnoye Degunino,SAO,242100,1009,10
2022-10,Ostankinsky,SVAO,310900,1295,10
2022-10,Yuzhnoye Tushino,SZAO,308300,1285,10
2022-10,Khoroshyovo-Mnyovniki,SZAO,358600,1494,10
2022-10,Mikhaylovo-Yartsevskoye,TAO,104900,437,10
2022-10,Desyonovskoye,NAO,199100,830,10
2022-10,Troparyovo-Nikulino,ZAO,388000,1617,10
2022-10,Yasenevo,YuZAO,339900,1416,10
2022-11,Tsaritsyno,YuAO,249800,1041,10
2022-11,Chertanovo Severnoye,YuAO,256400,1068,10
2022-11,Tagansky,CAO,484800,2020,10
2022-11,Novo-Peredelkino,ZAO,283400,1181,10
2022-11,Khoroshyovo-Mnyovniki,SZAO,359000,1496,10
2022-11,Ochakovo-Matveyevskoye,ZAO,336800,1403,10
2022-11,Yaroslavsky,SVAO,251200,1047,10
2022-11,Zelenograd,ZelAO,163900,683,10
2022-11,Kuntsevo,ZAO,364300,1518,10
2022-11,Rogovskoye,TAO,96200,401,10
2022-11,Meshchansky,CAO,536000,2233,10
2022-11,Yuzhnoye Medvedkovo,SVAO,259900,1083,10
2022-11,Mozhaysky,ZAO,325200,1355,10
2022-11,Severny,SVAO,230300,960,10
2022-11,Biryulyovo Zapadnoye,YuAO,225000,938,10
2022-11,Troitsk,TAO,146400,610,10
2022-11,Yuzhnoye Tushino,SZAO,314500,1310,10
2022-11,Severnoye Medvedkovo,SVAO,252300,1051,10
2022-11,Khovrino,SAO,242200,1009,10
2022-11,Khoroshyovsky,SAO,352900,1470,10
2022-11,Brateyevo,YuAO,224000,933,10
2022-11,Prospekt Vernadskogo,ZAO,431100,1796,10
2022-11,Orekhovo-Borisovo Yuzhnoye,YuAO,237900,991,10
2022-11,Biryulyovo Vostochnoye,YuAO,225200,938,10
2022-11,Sviblovo,SVAO,248900,1037,10
2022-11,Presnensky,CAO,669800,2791,10
2022-11,Timiryazevsky,SAO,315800,1316,10
2022-11,Alekseevsky,SVAO,309600,1290,10
2022-11,Pervomayskoye,TAO,113100,471,10
2022-11,Shchukino,SZAO,368600,1536,10
2022-11,Preobrazhenskoye,VAO,285900,1191,10
2022-11,Dmitrovsky,SAO,245700,1024,10
2022-11,Maryina Roshcha,SVAO,319300,1330,10
2022-11,Basmanny,CAO,542900,2262,10
2022-11,Zyuzino,YuZAO,351500,1465,10
2022-11,Butyrsky,SVAO,303400,1264,10
2022-11,Izmaylovo,VAO,285500,1189,10
2022-11,Moskovsky,NAO,203300,847,10
2022-11,Shcherbinka,NAO,191500,798,10
2022-11,Nagatinsky Zaton,YuAO,295500,1231,10
2022-11,Aeroport,SAO,341700,1424,10
2022-11,Tyoply Stan,YuZAO,297200,1238,10
2022-11,Klyonovskoye,TAO,102900,429,10
2022-11,Zapadnoye Degunino,SAO,245100,1021,10
2022-11,Troparyovo-Nikulino,ZAO,393400,1639,10
2022-11,Kurkino,SZAO,331900,1383,10
2022-11,Ivanovskoye,VAO,246900,1029,10
2022-11,Mitino,SZAO,287600,1198,10
2022-11,Zyablikovo,YuAO,223900,933,10
2022-11,Marushkinskoye,NAO,155000,646,10
2022-11,Gagarinsky,YuZAO,447000,1862,10
2022-11,Cheryomushki,YuZAO,355500,1481,10
2022-11,Ostankinsky,SVAO,308300,1284,10
2022-11,Krasnopakhorskoye,TAO,119500,498,10
2022-11,Bibirevo,SVAO,264300,1101,10
2022-11,Yakimanka,CAO,631000,2629,10
2022-11,Golyanovo,VAO,236900,987,10
2022-11,Koptevo,SAO,282300,1176,10
2022-11,Pokrovskoye-Streshnevo,SZAO,328900,1370,10
2022-11,Kokoshkino,NAO,166300,693,10
2022-11,Metrogorodok,VAO,231400,964,10
2022-11,Sosenskoye,NAO,203500,848,10
2022-11,Losinoostrovsky,SVAO,268600,1119,10
2022-11,Kotlovka,YuZAO,346700,1444,10
2022-11,Novogireyevo,VAO,258200,1076,10
2022-11,Krylatskoye,SZAO,414300,1726,10
2022-11,Fili-Davydkovo,ZAO,388700,1619,10
2022-11,Beskudnikovsky,SAO,236500,986,10
2022-11,Voykovsky,SAO,307900,1283,10
2022-11,Lomonosovsky,YuZAO,447900,1866,10
2022-11,Arbat,CAO,696600,2903,10
2022-11,Nagatino-Sadovniki,YuAO,288100,1200,10
2022-11,Ryazanovskoye,NAO,159600,665,10
2022-11,Novokosino,VAO,256900,1071,10
2022-11,Shchapovskoye,TAO,109500,456,10
2022-11,Strogino,SZAO,356700,1486,10
2022-11,Konkovo,YuZAO,331800,1383,10
2022-11,Obruchevsky,YuZAO,359200,1497,10
2022-11,Marfino,SVAO,270700,1128,10
2022-11,Golovinsky,SAO,274200,1142,10
2022-11,Lianozovo,SVAO,246800,1028,10
2022-11,Filimonkovskoye,NAO,169100,705,10
2022-11,Moskvorechye-Saburovo,YuAO,260100,1084,10
2022-11,Begovoy,SAO,357800,1491,10
2022-11,Filyovsky Park,ZAO,402900,1679,10
2022-11,Mosrentgen,NAO,210200,876,10
2022-11,Kosino-Ukhtomsky,VAO,232200,967,10
2022-11,Severnoye Butovo,YuZAO,295700,1232,10
2022-11,Perovo,VAO,269100,1121,10
2022-11,Sokolinaya Gora,VAO,260200,1084,10
2022-11,Mikhaylovo-Yartsevskoye,TAO,104900,437,10
2022-11,Ramenki,ZAO,462800,1928,10
2022-11,Vnukovo,ZAO,266000,1108,10
2022-11,Donskoy,YuAO,359600,1498,10
2022-11,Khamovniki,CAO,731500,3048,10
2022-11,Yasenevo,YuZAO,337200,1405,10
2022-11,Voskresenskoye,NAO,189300,789,10
2022-11,Voronovskoye,TAO,108100,451,10
2022-11,Tverskoy,CAO,649900,2708,10
2022-11,Savyolovsky,SAO,336800,1403,10
2022-11,Desyonovskoye,NAO,188400,785,10
2022-11,Babushkinsky,SVAO,252300,1051,10
2022-11,Vostochnoye Izmaylovo,VAO,268100,1117,10
2022-11,Molzhaninovsky,SAO,211900,883,10
2022-11,Severnoye Tushino,SZAO,291300,1214,10
2022-11,Rostokino,SVAO,274300,1143,10
2022-11,Krasnoselsky,CAO,479200,1997,10
2022-11,Severnoye Izmaylovo,VAO,256000,1067,10
2022-11,Chertanovo Yuzhnoye,YuAO,233200,971,10
2022-11,Sokolniki,VAO,313600,1307,10
2022-11,Altufyevsky,SVAO,242800,1012,10
2022-11,Orekhovo-Borisovo Severnoye,YuAO,226100,942,10
2022-11,Yuzhnoye Butovo,YuZAO,283700,1182,10
2022-11,Nagorny,YuAO,293200,1222,10
2022-11,Zamoskvorechye,CAO,566000,2358,10
2022-11,Sokol,SAO,357200,1488,10
2022-11,Novofyodorovskoye,TAO,102600,428,10
2022-11,Bogorodskoye,VAO,265300,1106,10
2022-11,Dorogomilovo,ZAO,511500,2131,10
2022-11,Chertanovo Tsentralnoye,YuAO,247200,1030,10
2022-11,Solntsevo,ZAO,313400,1306,10
2022-11,Kievsky,TAO,98300,410,10
2022-11,Akademichesky,YuZAO,401600,1673,10
2022-11,Vostochny,VAO,215500,898,10
2022-11,Levoberezhny,SAO,272400,1135,10
2022-11,Otradnoye,SVAO,281000,1171,10
2022-11,Danilovsky,YuAO,318200,1326,10
2022-11,Vnukovskoye,NAO,206000,858,10
2022-11,Veshnyaki,VAO,228400,952,10
2022-12,Khoroshyovo-Mnyovniki,SZAO,361900,1508,10
2022-12,Khoroshyovsky,SAO,377300,1572,10
2022-12,Marfino,SVAO,273200,1138,10
2022-12,Orekhovo-Borisovo Severnoye,YuAO,222800,928,10
2022-12,Arbat,CAO,677900,2825,10
2022-12,Lianozovo,SVAO,257200,1072,10
2022-12,Krasnoselsky,CAO,485000,2021,10
2022-12,Voronovskoye,TAO,110900,462,10
2022-12,Shchapovskoye,TAO,110000,458,10
2022-12,Nagatino-Sadovniki,YuAO,288100,1200,10
2022-12,Kurkino,SZAO,357900,1491,10
2022-12,Prospekt Vernadskogo,ZAO,456400,1902,10
2022-12,Sviblovo,SVAO,255000,1062,10
2022-12,Krylatskoye,SZAO,417400,1739,10
2022-12,Danilovsky,YuAO,334100,1392,10
2022-12,Fili-Davydkovo,ZAO,393900,1641,10
2022-12,Losinoostrovsky,SVAO,258700,1078,10
2022-12,Strogino,SZAO,371500,1548,10
2022-12,Sosenskoye,NAO,217200,905,10
2022-12,Troitsk,TAO,144600,603,10
2022-12,Pokrovskoye-Streshnevo,SZAO,332300,1385,10
2022-12,Nagorny,YuAO,288700,1203,10
2022-12,Orekhovo-Borisovo Yuzhnoye,YuAO,231000,962,10
2022-12,Solntsevo,ZAO,291100,1213,10
2022-12,Zamoskvorechye,CAO,596000,2484,10
2022-12,Bibirevo,SVAO,261600,1090,10
2022-12,Kievsky,TAO,106500,444,10
2022-12,Ostankinsky,SVAO,317700,1324,10
2022-12,Zyablikovo,YuAO,247100,1029,10
2022-12,Mitino,SZAO,280100,1167,10
2022-12,Otradnoye,SVAO,267400,1114,10
2022-12,Severnoye Medvedkovo,SVAO,265600,1107,10
2022-12,Troparyovo-Nikulino,ZAO,409900,1708,10
2022-12,Donskoy,YuAO,344600,1436,10
2022-12,Meshchansky,CAO,520900,2171,10
2022-12,Moskvorechye-Saburovo,YuAO,265400,1106,10
2022-12,Klyonovskoye,TAO,101600,423,10
2022-12,Basmanny,CAO,531300,2214,10
2022-12,Nagatinsky Zaton,YuAO,306900,1279,10
2022-12,Babushkinsky,SVAO,276400,1152,10
2022-12,Butyrsky,SVAO,307700,1282,10
2022-12,Severnoye Tushino,SZAO,297900,1241,10
2022-12,Maryina Roshcha,SVAO,304200,1267,10
2022-12,Alekseevsky,SVAO,316400,1318,10
2022-12,Rostokino,SVAO,261500,1090,10
2022-12,Brateyevo,YuAO,236400,985,10
2022-12,Ramenki,ZAO,443100,1846,10
2022-12,Ochakovo-Matveyevskoye,ZAO,328000,1367,10
2022-12,Filyovsky Park,ZAO,434500,1810,10
2022-12,Altufyevsky,SVAO,238900,995,10
2022-12,Biryulyovo Vostochnoye,YuAO,230300,959,10
2022-12,Chertanovo Tsentralnoye,YuAO,251800,1049,10
2022-12,Dorogomilovo,ZAO,518900,2162,10
2022-12,Cheryomushki,YuZAO,359500,1498,10
2022-12,Gagarinsky,YuZAO,446400,1860,10
2022-12,Bogorodskoye,VAO,267600,1115,10
2022-12,Sokol,SAO,342600,1428,10
2022-12,Marushkinskoye,NAO,149900,624,10
2022-12,Pervomayskoye,TAO,114200,476,10
2022-12,Preobrazhenskoye,VAO,295900,1233,10
2022-12,Ivanovskoye,VAO,251500,1048,10
2022-12,Zapadnoye Degunino,SAO,254200,1059,10
2022-12,Zelenograd,ZelAO,172500,719,10
2022-12,Kuntsevo,ZAO,368400,1535,10
2022-12,Golyanovo,VAO,237000,987,10
2022-12,Tyoply Stan,YuZAO,306800,1278,10
2022-12,Aeroport,SAO,321000,1338,10
2022-12,Tagansky,CAO,526300,2193,10
2022-12,Shcherbinka,NAO,193800,808,10
2022-12,Moskovsky,NAO,207000,862,10
2022-12,Izmaylovo,VAO,289300,1206,10
2022-12,Zyuzino,YuZAO,353400,1473,10
2022-12,Yaroslavsky,SVAO,245200,1021,10
2022-12,Chertanovo Severnoye,YuAO,258400,1077,10
2022-12,Timiryazevsky,SAO,313500,1306,10
2022-12,Dmitrovsky,SAO,247000,1029,10
2022-12,Severnoye Butovo,YuZAO,306600,1277,10
2022-12,Levoberezhny,SAO,271000,1129,10
2022-12,Molzhaninovsky,SAO,218900,912,10
2022-12,Vostochnoye Izmaylovo,VAO,270800,1128,10
2022-12,Chertanovo Yuzhnoye,YuAO,227700,949,10
2022-12,Sokolinaya Gora,VAO,254100,1059,10
2022-12,Voskresenskoye,NAO,184600,769,10
2022-12,Vnukovo,ZAO,270900,1129,10
2022-12,Yasenevo,YuZAO,318600,1327,10
2022-12,Khamovniki,CAO,757900,3158,10
2022-12,Mikhaylovo-Yartsevskoye,TAO,104600,436,10
2022-12,Desyonovskoye,NAO,194600,811,10
2022-12,Veshnyaki,VAO,237400,989,10
2022-12,Novofyodorovskoye,TAO,98900,412,10
2022-12,Severny,SVAO,241200,1005,10
2022-12,Akademichesky,YuZAO,395100,1646,10
2022-12,Tverskoy,CAO,644500,2685,10
2022-12,Savyolovsky,SAO,350400,1460,10
2022-12,Vostochny,VAO,217500,906,10
2022-12,Sokolniki,VAO,312300,1301,10
2022-12,Yuzhnoye Butovo,YuZAO,275000,1146,10
2022-12,Severnoye Izmaylovo,VAO,257300,1072,10
2022-12,Kokoshkino,NAO,169600,707,10
2022-12,Koptevo,SAO,268600,1119,10
2022-12,Vnukovskoye,NAO,218200,909,10
2022-12,Yakimanka,CAO,640900,2670,10
2022-12,Krasnopakhorskoye,TAO,118000,492,10
2022-12,Konkovo,YuZAO,321200,1338,10
2022-12,Novogireyevo,VAO,270500,1127,10
2022-12,Shchukino,SZAO,365000,1521,10
2022-12,Filimonkovskoye,NAO,168800,703,10
2022-12,Golovinsky,SAO,275100,1146,10
2022-12,Yuzhnoye Medvedkovo,SVAO,254600,1061,10
2022-12,Beskudnikovsky,SAO,255400,1064,10
2022-12,Voykovsky,SAO,299800,1249,10
2022-12,Obruchevsky,YuZAO,378800,1578,10
2022-12,Biryulyovo Zapadnoye,YuAO,229300,955,10
2022-12,Lomonosovsky,YuZAO,431900,1799,10
2022-12,Metrogorodok,VAO,238900,995,10
2022-12,Rogovskoye,TAO,97000,404,10
2022-12,Novokosino,VAO,248800,1037,10
2022-12,Perovo,VAO,276300,1151,10
2022-12,Ryazanovskoye,NAO,161100,671,10
2022-12,Presnensky,CAO,616700,2569,10
2022-12,Khovrino,SAO,254200,1059,10
2022-12,Kosino-Ukhtomsky,VAO,229900,958,10
2022-12,Tsaritsyno,YuAO,243400,1014,10
2022-12,Begovoy,SAO,345900,1441,10
2022-12,Mozhaysky,ZAO,338900,1412,10
2022-12,Novo-Peredelkino,ZAO,277600,1157,10
2022-12,Kotlovka,YuZAO,349300,1456,10
2022-12,Mosrentgen,NAO,215000,896,10
2022-12,Yuzhnoye Tushino,SZAO,320400,1335,10
2023-01,Severnoye Izmaylovo,VAO,276300,1151,10
2023-01,Losinoostrovsky,SVAO,271900,1133,10
2023-01,Lomonosovsky,YuZAO,440200,1834,10
2023-01,Vostochnoye Izmaylovo,VAO,274500,1144,10
2023-01,Vostochny,VAO,218800,912,10
2023-01,Nagorny,YuAO,292500,1219,10
2023-01,Yuzhnoye Butovo,YuZAO,265300,1105,10
2023-01,Arbat,CAO,685900,2858,10
2023-01,Sosenskoye,NAO,207500,865,10
2023-01,Voykovsky,SAO,305600,1273,10
2023-01,Lianozovo,SVAO,250400,1043,10
2023-01,Pokrovskoye-Streshnevo,SZAO,342800,1428,10
2023-01,Ryazanovskoye,NAO,169100,705,10
2023-01,Kokoshkino,NAO,167500,698,10
2023-01,Koptevo,SAO,271200,1130,10
2023-01,Severny,SVAO,228500,952,10
2023-01,Molzhaninovsky,SAO,221200,922,10
2023-01,Metrogorodok,VAO,249500,1040,10
2023-01,Novogireyevo,VAO,261700,1091,10
2023-01,Khamovniki,CAO,732400,3052,10
2023-01,Donskoy,YuAO,338900,1412,10
2023-01,Mikhaylovo-Yartsevskoye,TAO,110300,460,10
2023-01,Fili-Davydkovo,ZAO,393900,1641,10
2023-01,Beskudnikovsky,SAO,256100,1067,10
2023-01,Otradnoye,SVAO,267700,1115,10
2023-01,Yasenevo,YuZAO,340400,1418,10
2023-01,Babushkinsky,SVAO,265800,1107,10
2023-01,Ramenki,ZAO,457200,1905,10
2023-01,Desyonovskoye,NAO,200500,835,10
2023-01,Levoberezhny,SAO,272900,1137,10
2023-01,Kotlovka,YuZAO,371400,1548,10
2023-01,Sokolinaya Gora,VAO,265700,1107,10
2023-01,Akademichesky,YuZAO,388600,1619,10
2023-01,Kievsky,TAO,107400,448,10
2023-01,Zamoskvorechye,CAO,590900,2462,10
2023-01,Krylatskoye,SZAO,423900,1766,10
2023-01,Filyovsky Park,ZAO,404100,1684,10
2023-01,Tyoply Stan,YuZAO,314100,1309,10
2023-01,Filimonkovskoye,NAO,172700,720,10
2023-01,Klyonovskoye,TAO,100500,419,10
2023-01,Basmanny,CAO,546100,2275,10
2023-01,Aeroport,SAO,332300,1385,10
2023-01,Nagatinsky Zaton,YuAO,297600,1240,10
2023-01,Shcherbinka,NAO,197100,821,10
2023-01,Moskvorechye-Saburovo,YuAO,268700,1120,10
2023-01,Begovoy,SAO,350400,1460,10
2023-01,Moskovsky,NAO,216000,900,10
2023-01,Golovinsky,SAO,270700,1128,10
2023-01,Izmaylovo,VAO,297200,1238,10
2023-01,Mosrentgen,NAO,209300,872,10
2023-01,Butyrsky,SVAO,308500,1285,10
2023-01,Zyuzino,YuZAO,346700,1445,10
2023-01,Maryina Roshcha,SVAO,327500,1365,10
2023-01,Kosino-Ukhtomsky,VAO,242500,1011,10
2023-01,Dmitrovsky,SAO,249400,1039,10
2023-01,Severnoye Butovo,YuZAO,302300,1259,10
2023-01,Kurkino,SZAO,354200,1476,10
2023-01,Perovo,VAO,262500,1094,10
2023-01,Gagarinsky,YuZAO,449300,1872,10
2023-01,Yakimanka,CAO,649700,2707,10
2023-01,Krasnopakhorskoye,TAO,115900,483,10
2023-01,Nagatino-Sadovniki,YuAO,300800,1253,10
2023-01,Bibirevo,SVAO,246500,1027,10
2023-01,Shchapovskoye,TAO,113600,473,10
2023-01,Golyanovo,VAO,242600,1011,10
2023-01,Ostankinsky,SVAO,307100,1280,10
2023-01,Cheryomushki,YuZAO,363200,1513,10
2023-01,Novokosino,VAO,247800,1032,10
2023-01,Konkovo,YuZAO,357800,1491,10
2023-01,Solntsevo,ZAO,309000,1288,10
2023-01,Marushkinskoye,NAO,159300,664,10
2023-01,Zyablikovo,YuAO,236800,987,10
2023-01,Mitino,SZAO,293500,1223,10
2023-01,Zapadnoye Degunino,SAO,260200,1084,10
2023-01,Preobrazhenskoye,VAO,295400,1231,10
2023-01,Obruchevsky,YuZAO,363500,1515,10
2023-01,Marfino,SVAO,276200,1151,10
2023-01,Ivanovskoye,VAO,249600,1040,10
2023-01,Troparyovo-Nikulino,ZAO,397400,1656,10
2023-01,Chertanovo Severnoye,YuAO,266600,1111,10
2023-01,Khovrino,SAO,257300,1072,10
2023-01,Novofyodorovskoye,TAO,101000,421,10
2023-01,Presnensky,CAO,693600,2890,10
2023-01,Ochakovo-Matveyevskoye,ZAO,331600,1381,10
2023-01,Strogino,SZAO,380500,1585,10
2023-01,Yaroslavsky,SVAO,256400,1068,10
2023-01,Rogovskoye,TAO,100400,418,10
2023-01,Sokol,SAO,356900,1487,10
2023-01,Brateyevo,YuAO,227600,949,10
2023-01,Bogorodskoye,VAO,260800,1087,10
2023-01,Tverskoy,CAO,647700,2699,10
2023-01,Savyolovsky,SAO,341100,1421,10
2023-01,Sokolniki,VAO,318600,1327,10
2023-01,Krasnoselsky,CAO,535400,2231,10
2023-01,Orekhovo-Borisovo Severnoye,YuAO,230800,962,10
2023-01,Biryulyovo Zapadnoye,YuAO,226000,942,10
2023-01,Timiryazevsky,SAO,320900,1337,10
2023-01,Troitsk,TAO,142900,595,10
2023-01,Dorogomilovo,ZAO,523200,2180,10
2023-01,Voronovskoye,TAO,106600,444,10
2023-01,Chertanovo Tsentralnoye,YuAO,256900,1071,10
2023-01,Meshchansky,CAO,515500,2148,10
2023-01,Danilovsky,YuAO,326500,1360,10
2023-01,Yuzhnoye Medvedkovo,SVAO,247400,1031,10
2023-01,Orekhovo-Borisovo Yuzhnoye,YuAO,230200,959,10
2023-01,Vnukovskoye,NAO,208000,867,10
2023-01,Mozhaysky,ZAO,338600,1411,10
2023-01,Yuzhnoye Tushino,SZAO,309600,1290,10
2023-01,Severnoye Medvedkovo,SVAO,260000,1083,10
2023-01,Altufyevsky,SVAO,229000,954,10
2023-01,Biryulyovo Vostochnoye,YuAO,226400,943,10
2023-01,Novo-Peredelkino,ZAO,276700,1153,10
2023-01,Chertanovo Yuzhnoye,YuAO,244000,1017,10
2023-01,Prospekt Vernadskogo,ZAO,444000,1850,10
2023-01,Tsaritsyno,YuAO,252300,1051,10
2023-01,Severnoye Tushino,SZAO,298400,1243,10
2023-01,Sviblovo,SVAO,255500,1064,10
2023-01,Pervomayskoye,TAO,113200,472,10
2023-01,Khoroshyovsky,SAO,379100,1580,10
2023-01,Voskresenskoye,NAO,192600,803,10
2023-01,Shchukino,SZAO,391600,1632,10
2023-01,Rostokino,SVAO,281000,1171,10
2023-01,Zelenograd,ZelAO,179300,747,10
2023-01,Alekseevsky,SVAO,329000,1371,10
2023-01,Khoroshyovo-Mnyovniki,SZAO,377300,1572,10
2023-01,Veshnyaki,VAO,239100,996,10
2023-01,Kuntsevo,ZAO,358400,1493,10
2023-01,Tagansky,CAO,506900,2112,10
2023-01,Vnukovo,ZAO,278800,1162,10
2023-02,Basmanny,CAO,526900,2195,10
2023-02,Tyoply Stan,YuZAO,312000,1300,10
2023-02,Biryulyovo Vostochnoye,YuAO,231100,963,10
2023-02,Yuzhnoye Tushino,SZAO,312900,1304,10
2023-02,Alekseevsky,SVAO,321400,1339,10
2023-02,Perovo,VAO,261900,1091,10
2023-02,Orekhovo-Borisovo Yuzhnoye,YuAO,235900,983,10
2023-02,Kurkino,SZAO,360800,1503,10
2023-02,Kuntsevo,ZAO,386600,1611,10
2023-02,Yaroslavsky,SVAO,260300,1085,10
2023-02,Severnoye Butovo,YuZAO,304600,1269,10
2023-02,Shcherbinka,NAO,199400,831,10
2023-02,Meshchansky,CAO,527100,2196,10
2023-02,Timiryazevsky,SAO,310100,1292,10
2023-02,Chertanovo Severnoye,YuAO,263300,1097,10
2023-02,Zyuzino,YuZAO,350600,1461,10
2023-02,Izmaylovo,VAO,282100,1176,10
2023-02,Aeroport,SAO,341700,1424,10
2023-02,Tagansky,CAO,498900,2079,10
2023-02,Maryina Roshcha,SVAO,332700,1386,10
2023-02,Dmitrovsky,SAO,249300,1039,10
2023-02,Moskovsky,NAO,215400,898,10
2023-02,Nagatinsky Zaton,YuAO,301000,1254,10
2023-02,Butyrsky,SVAO,313300,1305,10
2023-02,Khoroshyovo-Mnyovniki,SZAO,372300,1551,10
2023-02,Arbat,CAO,684200,2851,10
2023-02,Nagatino-Sadovniki,YuAO,301600,1257,10
2023-02,Metrogorodok,VAO,244200,1018,10
2023-02,Ryazanovskoye,NAO,164700,686,10
2023-02,Khovrino,SAO,260100,1084,10
2023-02,Lianozovo,SVAO,249000,1038,10
2023-02,Krylatskoye,SZAO,427900,1783,10
2023-02,Voykovsky,SAO,301500,1256,10
2023-02,Lomonosovsky,YuZAO,466200,1943,10
2023-02,Shchukino,SZAO,367900,1533,10
2023-02,Shchapovskoye,TAO,109300,456,10
2023-02,Khoroshyovsky,SAO,380000,1584,10
2023-02,Beskudnikovsky,SAO,251500,1048,10
2023-02,Fili-Davydkovo,ZAO,397900,1658,10
2023-02,Sosenskoye,NAO,216500,902,10
2023-02,Tsaritsyno,YuAO,253900,1058,10
2023-02,Novogireyevo,VAO,281600,1173,10
2023-02,Novo-Peredelkino,ZAO,277600,1157,10
2023-02,Kotlovka,YuZAO,359300,1497,10
2023-02,Losinoostrovsky,SVAO,266400,1110,10
2023-02,Severny,SVAO,228200,951,10
2023-02,Marfino,SVAO,281400,1173,10
2023-02,Mozhaysky,ZAO,349200,1455,10
2023-02,Filyovsky Park,ZAO,415300,1731,10
2023-02,Mosrentgen,NAO,207600,865,10
2023-02,Golovinsky,SAO,277600,1157,10
2023-02,Yuzhnoye Medvedkovo,SVAO,264800,1103,10
2023-02,Begovoy,SAO,356500,1485,10
2023-02,Moskvorechye-Saburovo,YuAO,262100,1092,10
2023-02,Filimonkovskoye,NAO,181400,756,10
2023-02,Klyonovskoye,TAO,102200,426,10
2023-02,Troitsk,TAO,145000,604,10
2023-02,Kosino-Ukhtomsky,VAO,238400,994,10
2023-02,Obruchevsky,YuZAO,363500,1515,10
2023-02,Biryulyovo Zapadnoye,YuAO,227700,949,10
2023-02,Severnoye Medvedkovo,SVAO,267100,1113,10
2023-02,Ochakovo-Matveyevskoye,ZAO,349600,1457,10
2023-02,Brateyevo,YuAO,240700,1003,10
2023-02,Konkovo,YuZAO,346600,1444,10
2023-02,Novokosino,VAO,248800,1037,10
2023-02,Rogovskoye,TAO,106500,444,10
2023-02,Presnensky,CAO,656400,2735,10
2023-02,Solntsevo,ZAO,291800,1216,10
2023-02,Sokolniki,VAO,325000,1354,10
2023-02,Savyolovsky,SAO,353700,1474,10
2023-02,Veshnyaki,VAO,236600,986,10
2023-02,Kokoshkino,NAO,168100,701,10
2023-02,Mikhaylovo-Yartsevskoye,TAO,112200,468,10
2023-02,Koptevo,SAO,283900,1183,10
2023-02,Vnukovskoye,NAO,220200,918,10
2023-02,Chertanovo Tsentralnoye,YuAO,262700,1095,10
2023-02,Pokrovskoye-Streshnevo,SZAO,340000,1417,10
2023-02,Khamovniki,CAO,723400,3014,10
2023-02,Yakimanka,CAO,638400,2660,10
2023-02,Vnukovo,ZAO,287100,1196,10
2023-02,Rostokino,SVAO,274900,1145,10
2023-02,Prospekt Vernadskogo,ZAO,470300,1959,10
2023-02,Danilovsky,YuAO,330800,1378,10
2023-02,Babushkinsky,SVAO,287000,1196,10
2023-02,Bibirevo,SVAO,258900,1079,10
2023-02,Yuzhnoye Butovo,YuZAO,285300,1189,10
2023-02,Orekhovo-Borisovo Severnoye,YuAO,241500,1006,10
2023-02,Akademichesky,YuZAO,404800,1687,10
2023-02,Tverskoy,CAO,683000,2846,10
2023-02,Kievsky,TAO,103400,431,10
2023-02,Zamoskvorechye,CAO,560000,2333,10
2023-02,Vostochny,VAO,229200,955,10
2023-02,Levoberezhny,SAO,272300,1135,10
2023-02,Nagorny,YuAO,285500,1190,10
2023-02,Krasnopakhorskoye,TAO,118300,493,10
2023-02,Krasnoselsky,CAO,509800,2124,10
2023-02,Desyonovskoye,NAO,191300,797,10
2023-02,Novofyodorovskoye,TAO,103900,433,10
2023-02,Otradnoye,SVAO,270000,1125,10
2023-02,Severnoye Izmaylovo,VAO,274200,1142,10
2023-02,Altufyevsky,SVAO,242900,1012,10
2023-02,Voronovskoye,TAO,106400,443,10
2023-02,Donskoy,YuAO,350500,1461,10
2023-02,Zapadnoye Degunino,SAO,257700,1074,10
2023-02,Mitino,SZAO,290500,1210,10
2023-02,Vostochnoye Izmaylovo,VAO,258300,1076,10
2023-02,Strogino,SZAO,377400,1573,10
2023-02,Yasenevo,YuZAO,330100,1376,10
2023-02,Marushkinskoye,NAO,157400,656,10
2023-02,Sokol,SAO,371000,1546,10
2023-02,Zyablikovo,YuAO,242100,1009,10
2023-02,Chertanovo Yuzhnoye,YuAO,243100,1013,10
2023-02,Ramenki,ZAO,461800,1924,10
2023-02,Zelenograd,ZelAO,173400,722,10
2023-02,Severnoye Tushino,SZAO,297700,1240,10
2023-02,Molzhaninovsky,SAO,219000,912,10
2023-02,Preobrazhenskoye,VAO,297300,1239,10
2023-02,Sviblovo,SVAO,261200,1088,10
2023-02,Ivanovskoye,VAO,248200,1034,10
2023-02,Troparyovo-Nikulino,ZAO,380700,1586,10
2023-02,Pervomayskoye,TAO,111600,465,10
2023-02,Sokolinaya Gora,VAO,262600,1094,10
2023-02,Golyanovo,VAO,249300,1039,10
2023-02,Voskresenskoye,NAO,201500,840,10
2023-02,Ostankinsky,SVAO,339500,1414,10
2023-02,Dorogomilovo,ZAO,505700,2107,10
2023-02,Cheryomushki,YuZAO,385400,1606,10
2023-02,Bogorodskoye,VAO,261100,1088,10
2023-02,Gagarinsky,YuZAO,458200,1909,10
2023-03,Mikhaylovo-Yartsevskoye,TAO,109900,458,10
2023-03,Sosenskoye,NAO,217300,905,10
2023-03,Tyoply Stan,YuZAO,306900,1279,10
2023-03,Kotlovka,YuZAO,387800,1616,10
2023-03,Krylatskoye,SZAO,447000,1863,10
2023-03,Shchapovskoye,TAO,104000,433,10
2023-03,Novofyodorovskoye,TAO,100200,417,10
2023-03,Fili-Davydkovo,ZAO,399000,1662,10
2023-03,Nagatino-Sadovniki,YuAO,299000,1246,10
2023-03,Novo-Peredelkino,ZAO,288900,1204,10
2023-03,Khoroshyovo-Mnyovniki,SZAO,377800,1574,10
2023-03,Voskresenskoye,NAO,203100,846,10
2023-03,Desyonovskoye,NAO,196400,818,10
2023-03,Chertanovo Yuzhnoye,YuAO,238200,992,10
2023-03,Ramenki,ZAO,456400,1902,10
2023-03,Shchukino,SZAO,370000,1542,10
2023-03,Tsaritsyno,YuAO,241400,1006,10
2023-03,Severnoye Tushino,SZAO,314200,1309,10
2023-03,Vnukovo,ZAO,274500,1144,10
2023-03,Lomonosovsky,YuZAO,440500,1835,10
2023-03,Yasenevo,YuZAO,350600,1461,10
2023-03,Ryazanovskoye,NAO,174000,725,10
2023-03,Gagarinsky,YuZAO,481100,2005,10
2023-03,Krasnopakhorskoye,TAO,121800,508,10
2023-03,Kurkino,SZAO,361200,1505,10
2023-03,Yuzhnoye Tushino,SZAO,321200,1338,10
2023-03,Severnoye Butovo,YuZAO,311200,1296,10
2023-03,Cheryomushki,YuZAO,383400,1598,10
2023-03,Moskovsky,NAO,217700,907,10
2023-03,Dorogomilovo,ZAO,539800,2249,10
2023-03,Zyuzino,YuZAO,359900,1500,10
2023-03,Mitino,SZAO,300600,1252,10
2023-03,Chertanovo Severnoye,YuAO,271300,1130,10
2023-03,Orekhovo-Borisovo Yuzhnoye,YuAO,235800,982,10
2023-03,Kuntsevo,ZAO,372200,1551,10
2023-03,Ochakovo-Matveyevskoye,ZAO,358500,1494,10
2023-03,Marushkinskoye,NAO,163200,680,10
2023-03,Shcherbinka,NAO,204000,850,10
2023-03,Zelenograd,ZelAO,175700,732,10
2023-03,Nagatinsky Zaton,YuAO,315200,1313,10
2023-03,Pervomayskoye,TAO,113500,473,10
2023-03,Klyonovskoye,TAO,103800,433,10
2023-03,Strogino,SZAO,379600,1582,10
2023-03,Troparyovo-Nikulino,ZAO,412300,1718,10
2023-03,Pokrovskoye-Streshnevo,SZAO,346000,1442,10
2023-03,Rogovskoye,TAO,104500,435,10
2023-03,Kievsky,TAO,102400,427,10
2023-03,Konkovo,YuZAO,353400,1472,10
2023-03,Akademichesky,YuZAO,416000,1733,10
2023-03,Nagorny,YuAO,290600,1211,10
2023-03,Yuzhnoye Butovo,YuZAO,284900,1187,10
2023-03,Obruchevsky,YuZAO,372400,1552,10
2023-03,Voronovskoye,TAO,107600,448,10
2023-03,Moskvorechye-Saburovo,YuAO,271000,1129,10
2023-03,Troitsk,TAO,139300,580,10
2023-03,Orekhovo-Borisovo Severnoye,YuAO,238500,994,10
2023-03,Filimonkovskoye,NAO,173900,725,10
2023-03,Vnukovskoye,NAO,217100,904,10
2023-03,Kokoshkino,NAO,166900,695,10
2023-03,Mosrentgen,NAO,212500,885,10
2023-03,Filyovsky Park,ZAO,408700,1703,10
2023-03,Mozhaysky,ZAO,364500,1519,10
2023-03,Chertanovo Tsentralnoye,YuAO,266600,1111,10
2023-03,Solntsevo,ZAO,305900,1275,10
2023-03,Prospekt Vernadskogo,ZAO,468200,1951,10
2023-03,Presnensky,CAO,673700,2807,10
2023-03,Timiryazevsky,SAO,313900,1308,10
2023-03,Bogorodskoye,VAO,276900,1154,10
2023-03,Golyanovo,VAO,257600,1073,10
2023-03,Otradnoye,SVAO,260100,1084,10
2023-03,Severnoye Izmaylovo,VAO,262400,1093,10
2023-03,Koptevo,SAO,278700,1161,10
2023-03,Severny,SVAO,229000,954,10
2023-03,Basmanny,CAO,526800,2195,10
2023-03,Aeroport,SAO,330400,1376,10
2023-03,Krasnoselsky,CAO,498400,2077,10
2023-03,Butyrsky,SVAO,316800,1320,10
2023-03,Meshchansky,CAO,545500,2273,10
2023-03,Golovinsky,SAO,274300,1143,10
2023-03,Levoberezhny,SAO,279900,1166,10
2023-03,Danilovsky,YuAO,330600,1378,10
2023-03,Biryulyovo Zapadnoye,YuAO,238200,992,10
2023-03,Preobrazhenskoye,VAO,283800,1182,10
2023-03,Severnoye Medvedkovo,SVAO,271900,1133,10
2023-03,Ostankinsky,SVAO,329000,1371,10
2023-03,Dmitrovsky,SAO,258900,1079,10
2023-03,Losinoostrovsky,SVAO,270200,1126,10
2023-03,Begovoy,SAO,368000,1533,10
2023-03,Vostochny,VAO,234200,976,10
2023-03,Sviblovo,SVAO,266500,1110,10
2023-03,Sokolinaya Gora,VAO,271500,1131,10
2023-03,Novogireyevo,VAO,287300,1197,10
2023-03,Yakimanka,CAO,649600,2707,10
2023-03,Arbat,CAO,680500,2835,10
2023-03,Brateyevo,YuAO,243000,1012,10
2023-03,Sokolniki,VAO,323800,1349,10
2023-03,Lianozovo,SVAO,255300,1064,10
2023-03,Tagansky,CAO,527700,2199,10
2023-03,Zapadnoye Degunino,SAO,262500,1094,10
2023-03,Veshnyaki,VAO,249200,1038,10
2023-03,Yaroslavsky,SVAO,265100,1104,10
2023-03,Khamovniki,CAO,741900,3091,10
2023-03,Biryulyovo Vostochnoye,YuAO,240800,1003,10
2023-03,Altufyevsky,SVAO,239600,998,10
2023-03,Rostokino,SVAO,270900,1129,10
2023-03,Maryina Roshcha,SVAO,335700,1399,10
2023-03,Donskoy,YuAO,370400,1543,10
2023-03,Voykovsky,SAO,293600,1223,10
2023-03,Savyolovsky,SAO,349700,1457,10
2023-03,Perovo,VAO,271700,1132,10
2023-03,Babushkinsky,SVAO,275600,1148,10
2023-03,Alekseevsky,SVAO,334100,1392,10
2023-03,Izmaylovo,VAO,297100,1238,10
2023-03,Tverskoy,CAO,677500,2823,10
2023-03,Yuzhnoye Medvedkovo,SVAO,268300,1118,10
2023-03,Novokosino,VAO,248700,1036,10
2023-03,Sokol,SAO,362800,1512,10
2023-03,Metrogorodok,VAO,250800,1045,10
2023-03,Zamoskvorechye,CAO,602500,2510,10
2023-03,Zyablikovo,YuAO,247100,1030,10
2023-03,Beskudnikovsky,SAO,257200,1071,10
2023-03,Khovrino,SAO,260800,1087,10
2023-03,Marfino,SVAO,267800,1116,10
2023-03,Bibirevo,SVAO,254500,1060,10
2023-03,Kosino-Ukhtomsky,VAO,235000,979,10
2023-03,Khoroshyovsky,SAO,392300,1634,10
2023-03,Molzhaninovsky,SAO,209300,872,10
2023-03,Vostochnoye Izmaylovo,VAO,272300,1135,10
2023-03,Ivanovskoye,VAO,266200,1109,10
2023-04,Filyovsky Park,ZAO,449600,1873,10
2023-04,Maryina Roshcha,SVAO,324600,1352,10
2023-04,Chertanovo Severnoye,YuAO,264800,1103,10
2023-04,Lomonosovsky,YuZAO,454400,1894,10
2023-04,Kosino-Ukhtomsky,VAO,240200,1001,10
2023-04,Beskudnikovsky,SAO,265500,1106,10
2023-04,Biryulyovo Zapadnoye,YuAO,239800,999,10
2023-04,Filimonkovskoye,NAO,175600,732,10
2023-04,Troparyovo-Nikulino,ZAO,415300,1731,10
2023-04,Veshnyaki,VAO,235400,981,10
2023-04,Yasenevo,YuZAO,345300,1439,10
2023-04,Vnukovo,ZAO,278900,1162,10
2023-04,Danilovsky,YuAO,352100,1467,10
2023-04,Metrogorodok,VAO,253200,1055,10
2023-04,Pervomayskoye,TAO,117200,488,10
2023-04,Tverskoy,CAO,691500,2881,10
2023-04,Yaroslavsky,SVAO,266000,1108,10
2023-04,Rostokino,SVAO,272200,1134,10
2023-04,Donskoy,YuAO,359700,1499,10
2023-04,Novofyodorovskoye,TAO,106600,444,10
2023-04,Ramenki,ZAO,464000,1933,10
2023-04,Khamovniki,CAO,741900,3091,10
2023-04,Orekhovo-Borisovo Severnoye,YuAO,243000,1012,10
2023-04,Mikhaylovo-Yartsevskoye,TAO,113700,474,10
2023-04,Kuntsevo,ZAO,378200,1576,10
2023-04,Khovrino,SAO,258600,1078,10
2023-04,Yuzhnoye Tushino,SZAO,325300,1355,10
2023-04,Ostankinsky,SVAO,337300,1406,10
2023-04,Yakimanka,CAO,655000,2729,10
2023-04,Krasnoselsky,CAO,494500,2060,10
2023-04,Orekhovo-Borisovo Yuzhnoye,YuAO,246800,1028,10
2023-04,Otradnoye,SVAO,279900,1166,10
2023-04,Solntsevo,ZAO,304300,1268,10
2023-04,Bogorodskoye,VAO,269800,1124,10
2023-04,Krasnopakhorskoye,TAO,122100,509,10
2023-04,Aeroport,SAO,350800,1462,10
2023-04,Brateyevo,YuAO,249300,1039,10
2023-04,Dorogomilovo,ZAO,563600,2348,10
2023-04,Shcherbinka,NAO,203800,849,10
2023-04,Tsaritsyno,YuAO,263200,1097,10
2023-04,Begovoy,SAO,359700,1499,10
2023-04,Levoberezhny,SAO,282600,1177,10
2023-04,Pokrovskoye-Streshnevo,SZAO,337100,1405,10
2023-04,Zyuzino,YuZAO,362300,1509,10
2023-04,Bibirevo,SVAO,261600,1090,10
2023-04,Kievsky,TAO,101100,421,10
2023-04,Cheryomushki,YuZAO,373300,1555,10
2023-04,Altufyevsky,SVAO,262400,1093,10
2023-04,Preobrazhenskoye,VAO,314600,1311,10
2023-04,Strogino,SZAO,392600,1636,10
2023-04,Desyonovskoye,NAO,212100,884,10
2023-04,Kokoshkino,NAO,163800,682,10
2023-04,Mitino,SZAO,310000,1292,10
2023-04,Gagarinsky,YuZAO,473200,1972,10
2023-04,Butyrsky,SVAO,320300,1335,10
2023-04,Koptevo,SAO,295900,1233,10
2023-04,Severnoye Izmaylovo,VAO,272200,1134,10
2023-04,Golyanovo,VAO,251500,1048,10
2023-04,Arbat,CAO,730200,3042,10
2023-04,Molzhaninovsky,SAO,220000,917,10
2023-04,Ivanovskoye,VAO,252400,1052,10
2023-04,Perovo,VAO,270400,1126,10
2023-04,Zamoskvorechye,CAO,625200,2605,10
2023-04,Kotlovka,YuZAO,375100,1563,10
2023-04,Voskresenskoye,NAO,197100,821,10
2023-04,Konkovo,YuZAO,343700,1432,10
2023-04,Tyoply Stan,YuZAO,322800,1345,10
2023-04,Savyolovsky,SAO,345500,1440,10
2023-04,Babushkinsky,SVAO,289300,1205,10
2023-04,Severnoye Tushino,SZAO,307700,1282,10
2023-04,Izmaylovo,VAO,295400,1231,10
2023-04,Sokol,SAO,366800,1528,10
2023-04,Novokosino,VAO,249000,1038,10
2023-04,Vnukovskoye,NAO,214600,894,10
2023-04,Mosrentgen,NAO,218400,910,10
2023-04,Sosenskoye,NAO,214800,895,10
2023-04,Alekseevsky,SVAO,333800,1391,10
2023-04,Voykovsky,SAO,304300,1268,10
2023-04,Biryulyovo Vostochnoye,YuAO,228600,952,10
2023-04,Vostochnoye Izmaylovo,VAO,264900,1104,10
2023-04,Marfino,SVAO,276200,1151,10
2023-04,Chertanovo Tsentralnoye,YuAO,267700,1115,10
2023-04,Fili-Davydkovo,ZAO,405800,1691,10
2023-04,Ryazanovskoye,NAO,175400,731,10
2023-04,Golovinsky,SAO,275400,1147,10
2023-04,Timiryazevsky,SAO,322700,1345,10
2023-04,Obruchevsky,YuZAO,388800,1620,10
2023-04,Zelenograd,ZelAO,181600,757,10
2023-04,Sokolniki,VAO,329100,1371,10
2023-04,Novogireyevo,VAO,276600,1152,10
2023-04,Khoroshyovo-Mnyovniki,SZAO,379900,1583,10
2023-04,Dmitrovsky,SAO,257900,1075,10
2023-04,Chertanovo Yuzhnoye,YuAO,249200,1038,10
2023-04,Losinoostrovsky,SVAO,263300,1097,10
2023-04,Krylatskoye,SZAO,432200,1801,10
2023-04,Vostochny,VAO,238500,994,10
2023-04,Severnoye Butovo,YuZAO,304500,1269,10
2023-04,Sokolinaya Gora,VAO,277700,1157,10
2023-04,Shchapovskoye,TAO,113100,471,10
2023-04,Moskovsky,NAO,218000,908,10
2023-04,Lianozovo,SVAO,264500,1102,10
2023-04,Kurkino,SZAO,351000,1463,10
2023-04,Zapadnoye Degunino,SAO,254600,1061,10
2023-04,Akademichesky,YuZAO,410000,1708,10
2023-04,Yuzhnoye Butovo,YuZAO,284600,1186,10
2023-04,Marushkinskoye,NAO,156300,651,10
2023-04,Zyablikovo,YuAO,235100,980,10
2023-04,Severny,SVAO,235900,983,10
2023-04,Tagansky,CAO,522000,2175,10
2023-04,Nagorny,YuAO,297600,1240,10
2023-04,Troitsk,TAO,141700,591,10
2023-04,Voronovskoye,TAO,112000,467,10
2023-04,Moskvorechye-Saburovo,YuAO,256800,1070,10
2023-04,Nagatinsky Zaton,YuAO,321300,1339,10
2023-04,Novo-Peredelkino,ZAO,293200,1222,10
2023-04,Basmanny,CAO,563500,2348,10
2023-04,Yuzhnoye Medvedkovo,SVAO,271400,1131,10
2023-04,Shchukino,SZAO,374700,1561,10
2023-04,Mozhaysky,ZAO,339700,1415,10
2023-04,Rogovskoye,TAO,112100,467,10
2023-04,Nagatino-Sadovniki,YuAO,308500,1285,10
2023-04,Meshchansky,CAO,521400,2172,10
2023-04,Severnoye Medvedkovo,SVAO,270100,1125,10
2023-04,Sviblovo,SVAO,278800,1161,10
2023-04,Prospekt Vernadskogo,ZAO,444900,1854,10
2023-04,Khoroshyovsky,SAO,388200,1618,10
2023-04,Presnensky,CAO,667600,2782,10
2023-04,Klyonovskoye,TAO,101600,423,10
2023-04,Ochakovo-Matveyevskoye,ZAO,344200,1434,10
2023-05,Danilovsky,YuAO,340000,1417,10
2023-05,Lomonosovsky,YuZAO,480000,2000,10
2023-05,Tagansky,CAO,523300,2180,10
2023-05,Yuzhnoye Tushino,SZAO,310500,1294,10
2023-05,Dorogomilovo,ZAO,534600,2227,10
2023-05,Lianozovo,SVAO,255500,1065,10
2023-05,Filimonkovskoye,NAO,182500,761,10
2023-05,Perovo,VAO,271500,1131,10
2023-05,Nagatino-Sadovniki,YuAO,297800,1241,10
2023-05,Novogireyevo,VAO,276800,1153,10
2023-05,Zyablikovo,YuAO,238200,992,10
2023-05,Shchukino,SZAO,376000,1567,10
2023-05,Yakimanka,CAO,674100,2809,10
2023-05,Preobrazhenskoye,VAO,296600,1236,10
2023-05,Yaroslavsky,SVAO,265300,1105,10
2023-05,Moskovsky,NAO,210300,876,10
2023-05,Chertanovo Tsentralnoye,YuAO,250200,1043,10
2023-05,Kuntsevo,ZAO,377300,1572,10
2023-05,Molzhaninovsky,SAO,222800,928,10
2023-05,Savyolovsky,SAO,371500,1548,10
2023-05,Kosino-Ukhtomsky,VAO,246200,1026,10
2023-05,Mikhaylovo-Yartsevskoye,TAO,109700,457,10
2023-05,Sokolinaya Gora,VAO,283100,1180,10
2023-05,Veshnyaki,VAO,244800,1020,10
2023-05,Tyoply Stan,YuZAO,315500,1315,10
2023-05,Rogovskoye,TAO,105800,441,10
2023-05,Novo-Peredelkino,ZAO,291400,1214,10
2023-05,Mitino,SZAO,309300,1289,10
2023-05,Brateyevo,YuAO,239400,998,10
2023-05,Krasnoselsky,CAO,525900,2191,10
2023-05,Khovrino,SAO,263600,1098,10
2023-05,Severnoye Butovo,YuZAO,318500,1327,10
2023-05,Fili-Davydkovo,ZAO,421600,1757,10
2023-05,Tsaritsyno,YuAO,256600,1069,10
2023-05,Ivanovskoye,VAO,259500,1081,10
2023-05,Kotlovka,YuZAO,365000,1521,10
2023-05,Kokoshkino,NAO,169600,707,10
2023-05,Timiryazevsky,SAO,318800,1328,10
2023-05,Krasnopakhorskoye,TAO,125000,521,10
2023-05,Strogino,SZAO,410800,1712,10
2023-05,Bogorodskoye,VAO,278300,1160,10
2023-05,Solntsevo,ZAO,313600,1306,10
2023-05,Losinoostrovsky,SVAO,283200,1180,10
2023-05,Chertanovo Yuzhnoye,YuAO,243300,1014,10
2023-05,Sviblovo,SVAO,278400,1160,10
2023-05,Prospekt Vernadskogo,ZAO,459500,1914,10
2023-05,Mosrentgen,NAO,207300,864,10
2023-05,Aeroport,SAO,352500,1469,10
2023-05,Yasenevo,YuZAO,353800,1474,10
2023-05,Dmitrovsky,SAO,255100,1063,10
2023-05,Shcherbinka,NAO,200000,833,10
2023-05,Begovoy,SAO,378600,1577,10
2023-05,Vostochny,VAO,233400,972,10
2023-05,Troparyovo-Nikulino,ZAO,416100,1734,10
2023-05,Ryazanovskoye,NAO,172000,717,10
2023-05,Nagatinsky Zaton,YuAO,327500,1365,10
2023-05,Otradnoye,SVAO,300000,1250,10
2023-05,Konkovo,YuZAO,344900,1437,10
2023-05,Orekhovo-Borisovo Yuzhnoye,YuAO,247000,1029,10
2023-05,Golovinsky,SAO,277400,1156,10
2023-05,Shchapovskoye,TAO,111400,464,10
2023-05,Ostankinsky,SVAO,340000,1417,10
2023-05,Krylatskoye,SZAO,447600,1865,10
2023-05,Moskvorechye-Saburovo,YuAO,277900,1158,10
2023-05,Voskresenskoye,NAO,204800,853,10
2023-05,Levoberezhny,SAO,291400,1214,10
2023-05,Ochakovo-Matveyevskoye,ZAO,354500,1477,10
2023-05,Sokolniki,VAO,331900,1383,10
2023-05,Biryulyovo Zapadnoye,YuAO,236900,987,10
2023-05,Vnukovo,ZAO,279100,1163,10
2023-05,Obruchevsky,YuZAO,388500,1619,10
2023-05,Novokosino,VAO,265700,1107,10
2023-05,Biryulyovo Vostochnoye,YuAO,234600,977,10
2023-05,Voronovskoye,TAO,116300,485,10
2023-05,Khoroshyovo-Mnyovniki,SZAO,371600,1548,10
2023-05,Kurkino,SZAO,358800,1495,10
2023-05,Rostokino,SVAO,279100,1163,10
2023-05,Pokrovskoye-Streshnevo,SZAO,349100,1455,10
2023-05,Basmanny,CAO,556900,2321,10
2023-05,Khoroshyovsky,SAO,375100,1563,10
2023-05,Zamoskvorechye,CAO,618800,2578,10
2023-05,Donskoy,YuAO,361300,1505,10
2023-05,Sokol,SAO,380900,1587,10
2023-05,Chertanovo Severnoye,YuAO,264100,1101,10
2023-05,Yuzhnoye Butovo,YuZAO,285900,1191,10
2023-05,Filyovsky Park,ZAO,433600,1807,10
2023-05,Novofyodorovskoye,TAO,104000,433,10
2023-05,Yuzhnoye Medvedkovo,SVAO,278600,1161,10
2023-05,Sosenskoye,NAO,219800,916,10
2023-05,Vnukovskoye,NAO,220400,918,10
2023-05,Zyuzino,YuZAO,373700,1557,10
2023-05,Severnoye Izmaylovo,VAO,278800,1162,10
2023-05,Voykovsky,SAO,313200,1305,10
2023-05,Klyonovskoye,TAO,109700,457,10
2023-05,Pervomayskoye,TAO,119000,496,10
2023-05,Presnensky,CAO,653800,2724,10
2023-05,Golyanovo,VAO,252900,1054,10
2023-05,Metrogorodok,VAO,261700,1090,10
2023-05,Izmaylovo,VAO,308900,1287,10
2023-05,Severny,SVAO,228300,951,10
2023-05,Koptevo,SAO,291300,1214,10
2023-05,Arbat,CAO,727700,3032,10
2023-05,Alekseevsky,SVAO,331500,1381,10
2023-05,Nagorny,YuAO,298000,1241,10
2023-05,Tverskoy,CAO,691400,2881,10
2023-05,Bibirevo,SVAO,265600,1107,10
2023-05,Marushkinskoye,NAO,162900,679,10
2023-05,Desyonovskoye,NAO,195700,815,10
2023-05,Mozhaysky,ZAO,350300,1459,10
2023-05,Kievsky,TAO,110200,459,10
2023-05,Severnoye Medvedkovo,SVAO,282200,1176,10
2023-05,Khamovniki,CAO,737100,3071,10
2023-05,Beskudnikovsky,SAO,261800,1091,10
2023-05,Orekhovo-Borisovo Severnoye,YuAO,249800,1041,10
2023-05,Cheryomushki,YuZAO,377100,1571,10
2023-05,Butyrsky,SVAO,326600,1361,10
2023-05,Vostochnoye Izmaylovo,VAO,286900,1196,10
2023-05,Maryina Roshcha,SVAO,332800,1386,10
2023-05,Babushkinsky,SVAO,284500,1185,10
2023-05,Altufyevsky,SVAO,269300,1122,10
2023-05,Zelenograd,ZelAO,182600,761,10
2023-05,Severnoye Tushino,SZAO,309900,1291,10
2023-05,Gagarinsky,YuZAO,471600,1965,10
2023-05,Meshchansky,CAO,534700,2228,10
2023-05,Marfino,SVAO,280800,1170,10
2023-05,Zapadnoye Degunino,SAO,264900,1104,10
2023-05,Ramenki,ZAO,470700,1961,10
2023-05,Troitsk,TAO,148400,618,10
2023-05,Akademichesky,YuZAO,412400,1718,10
2023-06,Klyonovskoye,TAO,105600,440,10
2023-06,Presnensky,CAO,681300,2839,10
2023-06,Biryulyovo Zapadnoye,YuAO,247600,1032,10
2023-06,Lomonosovsky,YuZAO,469400,1956,10
2023-06,Severnoye Medvedkovo,SVAO,274300,1143,10
2023-06,Alekseevsky,SVAO,338600,1411,10
2023-06,Cheryomushki,YuZAO,372800,1553,10
2023-06,Veshnyaki,VAO,254300,1060,10
2023-06,Krasnoselsky,CAO,513500,2140,10
2023-06,Strogino,SZAO,398500,1660,10
2023-06,Kosino-Ukhtomsky,VAO,243800,1016,10
2023-06,Ochakovo-Matveyevskoye,ZAO,352300,1468,10
2023-06,Bogorodskoye,VAO,285800,1191,10
2023-06,Filyovsky Park,ZAO,431400,1798,10
2023-06,Kievsky,TAO,101700,424,10
2023-06,Voykovsky,SAO,319500,1331,10
2023-06,Sosenskoye,NAO,216700,903,10
2023-06,Shcherbinka,NAO,205200,855,10
2023-06,Sokolniki,VAO,322400,1343,10
2023-06,Zyuzino,YuZAO,347900,1450,10
2023-06,Perovo,VAO,277100,1155,10
2023-06,Chertanovo Tsentralnoye,YuAO,258000,1075,10
2023-06,Golovinsky,SAO,289800,1208,10
2023-06,Molzhaninovsky,SAO,224300,935,10
2023-06,Pokrovskoye-Streshnevo,SZAO,356200,1484,10
2023-06,Vostochnoye Izmaylovo,VAO,272600,1136,10
2023-06,Desyonovskoye,NAO,208800,870,10
2023-06,Fili-Davydkovo,ZAO,425900,1774,10
2023-06,Ryazanovskoye,NAO,172600,719,10
2023-06,Troparyovo-Nikulino,ZAO,409100,1705,10
2023-06,Marfino,SVAO,278600,1161,10
2023-06,Filimonkovskoye,NAO,176500,736,10
2023-06,Nagatinsky Zaton,YuAO,314300,1309,10
2023-06,Preobrazhenskoye,VAO,307600,1281,10
2023-06,Chertanovo Severnoye,YuAO,278100,1159,10
2023-06,Beskudnikovsky,SAO,269400,1122,10
2023-06,Voronovskoye,TAO,115000,479,10
2023-06,Rogovskoye,TAO,101800,424,10
2023-06,Begovoy,SAO,363900,1516,10
2023-06,Sviblovo,SVAO,281500,1173,10
2023-06,Obruchevsky,YuZAO,368400,1535,10
2023-06,Khoroshyovo-Mnyovniki,SZAO,381300,1589,10
2023-06,Altufyevsky,SVAO,252900,1054,10
2023-06,Ostankinsky,SVAO,345600,1440,10
2023-06,Timiryazevsky,SAO,330300,1376,10
2023-06,Vnukovo,ZAO,280000,1167,10
2023-06,Maryina Roshcha,SVAO,323200,1347,10
2023-06,Ivanovskoye,VAO,259300,1080,10
2023-06,Biryulyovo Vostochnoye,YuAO,236800,987,10
2023-06,Bibirevo,SVAO,265900,1108,10
2023-06,Yasenevo,YuZAO,351300,1464,10
2023-06,Tsaritsyno,YuAO,271000,1129,10
2023-06,Danilovsky,YuAO,346400,1443,10
2023-06,Kuntsevo,ZAO,396700,1653,10
2023-06,Savyolovsky,SAO,358400,1494,10
2023-06,Mikhaylovo-Yartsevskoye,TAO,116300,485,10
2023-06,Severnoye Butovo,YuZAO,322600,1344,10
2023-06,Khovrino,SAO,274000,1142,10
2023-06,Sokolinaya Gora,VAO,277200,1155,10
2023-06,Yaroslavsky,SVAO,264500,1102,10
2023-06,Tagansky,CAO,524100,2184,10
2023-06,Tyoply Stan,YuZAO,328400,1368,10
2023-06,Lianozovo,SVAO,254100,1059,10
2023-06,Moskovsky,NAO,212700,886,10
2023-06,Zyablikovo,YuAO,242900,1012,10
2023-06,Mitino,SZAO,303000,1263,10
2023-06,Yakimanka,CAO,667700,2782,10
2023-06,Novokosino,VAO,271300,1130,10
2023-06,Shchapovskoye,TAO,116800,487,10
2023-06,Basmanny,CAO,557900,2324,10
2023-06,Vostochny,VAO,241600,1007,10
2023-06,Konkovo,YuZAO,349600,1456,10
2023-06,Moskvorechye-Saburovo,YuAO,277300,1155,10
2023-06,Zelenograd,ZelAO,179300,747,10
2023-06,Novofyodorovskoye,TAO,107600,448,10
2023-06,Yuzhnoye Butovo,YuZAO,301700,1257,10
2023-06,Butyrsky,SVAO,321200,1338,10
2023-06,Sokol,SAO,381500,1590,10
2023-06,Donskoy,YuAO,352300,1468,10
2023-06,Akademichesky,YuZAO,420300,1751,10
2023-06,Ramenki,ZAO,475400,1981,10
2023-06,Mozhaysky,ZAO,359000,1496,10
2023-06,Orekhovo-Borisovo Severnoye,YuAO,245600,1023,10
2023-06,Meshchansky,CAO,536100,2234,10
2023-06,Yuzhnoye Tushino,SZAO,328300,1368,10
2023-06,Severnoye Tushino,SZAO,313600,1306,10
2023-06,Izmaylovo,VAO,298000,1242,10
2023-06,Khamovniki,CAO,741500,3090,10
2023-06,Zapadnoye Degunino,SAO,269300,1122,10
2023-06,Troitsk,TAO,150200,626,10
2023-06,Gagarinsky,YuZAO,468200,1951,10
2023-06,Khoroshyovsky,SAO,406700,1694,10
2023-06,Rostokino,SVAO,292200,1218,10
2023-06,Kurkino,SZAO,383400,1597,10
2023-06,Chertanovo Yuzhnoye,YuAO,244900,1020,10
2023-06,Novogireyevo,VAO,278000,1158,10
2023-06,Novo-Peredelkino,ZAO,299700,1249,10
2023-06,Krasnopakhorskoye,TAO,123600,515,10
2023-06,Shchukino,SZAO,380500,1585,10
2023-06,Prospekt Vernadskogo,ZAO,476500,1985,10
2023-06,Marushkinskoye,NAO,161900,674,10
2023-06,Metrogorodok,VAO,249500,1040,10
2023-06,Solntsevo,ZAO,312400,1301,10
2023-06,Golyanovo,VAO,258500,1077,10
2023-06,Losinoostrovsky,SVAO,282100,1176,10
2023-06,Babushkinsky,SVAO,291500,1215,10
2023-06,Aeroport,SAO,343200,1430,10
2023-06,Pervomayskoye,TAO,118800,495,10
2023-06,Arbat,CAO,750100,3125,10
2023-06,Dmitrovsky,SAO,259000,1079,10
2023-06,Severny,SVAO,237400,989,10
2023-06,Zamoskvorechye,CAO,592300,2468,10
2023-06,Vnukovskoye,NAO,218700,911,10
2023-06,Krylatskoye,SZAO,423900,1766,10
2023-06,Brateyevo,YuAO,246400,1027,10
2023-06,Levoberezhny,SAO,278500,1160,10
2023-06,Otradnoye,SVAO,280900,1171,10
2023-06,Orekhovo-Borisovo Yuzhnoye,YuAO,247400,1031,10
2023-06,Tverskoy,CAO,689000,2871,10
2023-06,Dorogomilovo,ZAO,552000,2300,10
2023-06,Nagatino-Sadovniki,YuAO,310100,1292,10
2023-06,Yuzhnoye Medvedkovo,SVAO,271500,1131,10
2023-06,Nagorny,YuAO,299900,1250,10
2023-06,Koptevo,SAO,289400,1206,10
2023-06,Kotlovka,YuZAO,380300,1585,10
2023-06,Kokoshkino,NAO,170800,712,10
2023-06,Voskresenskoye,NAO,213200,888,10
2023-06,Mosrentgen,NAO,227900,950,10
2023-06,Severnoye Izmaylovo,VAO,290900,1212,10
2023-07,Kurkino,SZAO,373800,1557,15.5
2023-07,Butyrsky,SVAO,316000,1317,15.5
2023-07,Altufyevsky,SVAO,260800,1087,15.5
2023-07,Voykovsky,SAO,319500,1331,15.5
2023-07,Bibirevo,SVAO,278000,1158,15.5
2023-07,Severnoye Izmaylovo,VAO,280200,1168,15.5
2023-07,Arbat,CAO,730000,3042,15.5
2023-07,Severnoye Butovo,YuZAO,313800,1308,15.5
2023-07,Krasnoselsky,CAO,519400,2164,15.5
2023-07,Obruchevsky,YuZAO,372200,1551,15.5
2023-07,Alekseevsky,SVAO,333800,1391,15.5
2023-07,Golyanovo,VAO,254200,1059,15.5
2023-07,Marushkinskoye,NAO,176400,735,15.5
2023-07,Severny,SVAO,234800,978,15.5
2023-07,Biryulyovo Vostochnoye,YuAO,242600,1011,15.5
2023-07,Koptevo,SAO,297500,1240,15.5
2023-07,Meshchansky,CAO,537300,2239,15.5
2023-07,Preobrazhenskoye,VAO,312800,1303,15.5
2023-07,Krylatskoye,SZAO,437000,1821,15.5
2023-07,Novogireyevo,VAO,282700,1178,15.5
2023-07,Golovinsky,SAO,289000,1204,15.5
2023-07,Kokoshkino,NAO,173900,725,15.5
2023-07,Timiryazevsky,SAO,322100,1342,15.5
2023-07,Cheryomushki,YuZAO,395200,1647,15.5
2023-07,Yasenevo,YuZAO,364000,1516,15.5
2023-07,Chertanovo Yuzhnoye,YuAO,247000,1029,15.5
2023-07,Strogino,SZAO,379900,1583,15.5
2023-07,Dmitrovsky,SAO,248300,1035,15.5
2023-07,Ochakovo-Matveyevskoye,ZAO,358600,1494,15.5
2023-07,Sokolniki,VAO,335100,1396,15.5
2023-07,Zamoskvorechye,CAO,607300,2531,15.5
2023-07,Losinoostrovsky,SVAO,259900,1083,15.5
2023-07,Novo-Peredelkino,ZAO,295400,1231,15.5
2023-07,Mosrentgen,NAO,226700,945,15.5
2023-07,Shchapovskoye,TAO,118100,492,15.5
2023-07,Levoberezhny,SAO,282800,1178,15.5
2023-07,Moskovsky,NAO,212300,884,15.5
2023-07,Vostochnoye Izmaylovo,VAO,271600,1132,15.5
2023-07,Marfino,SVAO,281100,1171,15.5
2023-07,Akademichesky,YuZAO,428300,1784,15.5
2023-07,Troitsk,TAO,147900,616,15.5
2023-07,Zelenograd,ZelAO,180600,753,15.5
2023-07,Zapadnoye Degunino,SAO,266400,1110,15.5
2023-07,Gagarinsky,YuZAO,477000,1987,15.5
2023-07,Shchukino,SZAO,377300,1572,15.5
2023-07,Ryazanovskoye,NAO,170900,712,15.5
2023-07,Yuzhnoye Butovo,YuZAO,302400,1260,15.5
2023-07,Chertanovo Tsentralnoye,YuAO,261100,1088,15.5
2023-07,Sokolinaya Gora,VAO,269700,1124,15.5
2023-07,Lianozovo,SVAO,251900,1050,15.5
2023-07,Mitino,SZAO,318400,1327,15.5
2023-07,Nagatinsky Zaton,YuAO,311200,1297,15.5
2023-07,Vostochny,VAO,233900,975,15.5
2023-07,Fili-Davydkovo,ZAO,425700,1774,15.5
2023-07,Moskvorechye-Saburovo,YuAO,279400,1164,15.5
2023-07,Novokosino,VAO,264900,1104,15.5
2023-07,Khovrino,SAO,266600,1111,15.5
2023-07,Nagorny,YuAO,301600,1257,15.5
2023-07,Begovoy,SAO,367300,1531,15.5
2023-07,Kuntsevo,ZAO,396300,1651,15.5
2023-07,Metrogorodok,VAO,249300,1039,15.5
2023-07,Pervomayskoye,TAO,113700,474,15.5
2023-07,Konkovo,YuZAO,347900,1450,15.5
2023-07,Savyolovsky,SAO,360600,1502,15.5
2023-07,Kievsky,TAO,102300,426,15.5
2023-07,Ostankinsky,SVAO,333100,1388,15.5
2023-07,Troparyovo-Nikulino,ZAO,430200,1792,15.5
2023-07,Otradnoye,SVAO,272700,1136,15.5
2023-07,Khamovniki,CAO,754500,3144,15.5
2023-07,Lomonosovsky,YuZAO,481500,2006,15.5
2023-07,Orekhovo-Borisovo Yuzhnoye,YuAO,251600,1048,15.5
2023-07,Filimonkovskoye,NAO,180000,750,15.5
2023-07,Babushkinsky,SVAO,286500,1194,15.5
2023-07,Rogovskoye,TAO,106200,443,15.5
2023-07,Severnoye Medvedkovo,SVAO,275100,1146,15.5
2023-07,Tagansky,CAO,527100,2196,15.5
2023-07,Shcherbinka,NAO,203500,848,15.5
2023-07,Perovo,VAO,283100,1180,15.5
2023-07,Kosino-Ukhtomsky,VAO,236200,984,15.5
2023-07,Yakimanka,CAO,673300,2805,15.5
2023-07,Zyablikovo,YuAO,240100,1001,15.5
2023-07,Bogorodskoye,VAO,280000,1167,15.5
2023-07,Danilovsky,YuAO,353800,1474,15.5
2023-07,Kotlovka,YuZAO,381000,1588,15.5
2023-07,Tyoply Stan,YuZAO,333800,1391,15.5
2023-07,Molzhaninovsky,SAO,228200,951,15.5
2023-07,Voronovskoye,TAO,111100,463,15.5
2023-07,Tsaritsyno,YuAO,263300,1097,15.5
2023-07,Brateyevo,YuAO,237700,990,15.5
2023-07,Prospekt Vernadskogo,ZAO,475000,1979,15.5
2023-07,Yaroslavsky,SVAO,275600,1148,15.5
2023-07,Dorogomilovo,ZAO,561600,2340,15.5
2023-07,Mikhaylovo-Yartsevskoye,TAO,107300,447,15.5
2023-07,Ivanovskoye,VAO,257000,1071,15.5
2023-07,Khoroshyovo-Mnyovniki,SZAO,375600,1565,15.5
2023-07,Basmanny,CAO,547800,2283,15.5
2023-07,Chertanovo Severnoye,YuAO,279500,1165,15.5
2023-07,Izmaylovo,VAO,300000,1250,15.5
2023-07,Solntsevo,ZAO,308600,1286,15.5
2023-07,Yuzhnoye Tushino,SZAO,325000,1354,15.5
2023-07,Sokol,SAO,369900,1541,15.5
2023-07,Zyuzino,YuZAO,361200,1505,15.5
2023-07,Krasnopakhorskoye,TAO,125400,522,15.5
2023-07,Khoroshyovsky,SAO,400600,1669,15.5
2023-07,Pokrovskoye-Streshnevo,SZAO,364400,1518,15.5
2023-07,Novofyodorovskoye,TAO,109400,456,15.5
2023-07,Voskresenskoye,NAO,211300,880,15.5
2023-07,Vnukovo,ZAO,286100,1192,15.5
2023-07,Donskoy,YuAO,375100,1563,15.5
2023-07,Presnensky,CAO,702300,2926,15.5
2023-07,Veshnyaki,VAO,254100,1059,15.5
2023-07,Yuzhnoye Medvedkovo,SVAO,279300,1164,15.5
2023-07,Nagatino-Sadovniki,YuAO,315800,1316,15.5
2023-07,Sviblovo,SVAO,290100,1209,15.5
2023-07,Severnoye Tushino,SZAO,322900,1345,15.5
2023-07,Aeroport,SAO,348900,1454,15.5
2023-07,Vnukovskoye,NAO,216200,901,15.5
2023-07,Filyovsky Park,ZAO,442000,1842,15.5
2023-07,Klyonovskoye,TAO,111100,463,15.5
2023-07,Maryina Roshcha,SVAO,346800,1445,15.5
2023-07,Biryulyovo Zapadnoye,YuAO,249000,1038,15.5
2023-07,Sosenskoye,NAO,223500,931,15.5
2023-07,Beskudnikovsky,SAO,273200,1138,15.5
2023-07,Orekhovo-Borisovo Severnoye,YuAO,243900,1016,15.5
2023-07,Desyonovskoye,NAO,203000,846,15.5
2023-07,Rostokino,SVAO,290900,1212,15.5
2023-07,Mozhaysky,ZAO,349300,1455,15.5
2023-07,Ramenki,ZAO,487000,2029,15.5
2023-07,Tverskoy,CAO,686000,2858,15.5
2023-08,Kurkino,SZAO,373500,1556,15.5
2023-08,Konkovo,YuZAO,369800,1541,15.5
2023-08,Pervomayskoye,TAO,124100,517,15.5
2023-08,Moskvorechye-Saburovo,YuAO,273900,1141,15.5
2023-08,Dmitrovsky,SAO,263500,1098,15.5
2023-08,Strogino,SZAO,409800,1708,15.5
2023-08,Vostochny,VAO,241200,1005,15.5
2023-08,Tverskoy,CAO,690200,2876,15.5
2023-08,Marushkinskoye,NAO,163900,683,15.5
2023-08,Zyablikovo,YuAO,247300,1030,15.5
2023-08,Otradnoye,SVAO,290500,1211,15.5
2023-08,Novogireyevo,VAO,271800,1133,15.5
2023-08,Kokoshkino,NAO,172700,719,15.5
2023-08,Krylatskoye,SZAO,459000,1912,15.5
2023-08,Yuzhnoye Tushino,SZAO,340700,1420,15.5
2023-08,Orekhovo-Borisovo Yuzhnoye,YuAO,254000,1058,15.5
2023-08,Severnoye Tushino,SZAO,328700,1369,15.5
2023-08,Sokol,SAO,378900,1579,15.5
2023-08,Zapadnoye Degunino,SAO,266100,1109,15.5
2023-08,Voronovskoye,TAO,111200,463,15.5
2023-08,Golyanovo,VAO,257700,1074,15.5
2023-08,Ramenki,ZAO,496700,2070,15.5
2023-08,Orekhovo-Borisovo Severnoye,YuAO,245200,1022,15.5
2023-08,Basmanny,CAO,553800,2308,15.5
2023-08,Akademichesky,YuZAO,412600,1719,15.5
2023-08,Khamovniki,CAO,751400,3131,15.5
2023-08,Zamoskvorechye,CAO,622300,2593,15.5
2023-08,Zelenograd,ZelAO,183800,766,15.5
2023-08,Yuzhnoye Butovo,YuZAO,305300,1272,15.5
2023-08,Novofyodorovskoye,TAO,110900,462,15.5
2023-08,Troitsk,TAO,153200,638,15.5
2023-08,Butyrsky,SVAO,329200,1371,15.5
2023-08,Donskoy,YuAO,357100,1488,15.5
2023-08,Rostokino,SVAO,287300,1197,15.5
2023-08,Mozhaysky,ZAO,337400,1406,15.5
2023-08,Yakimanka,CAO,687000,2863,15.5
2023-08,Mitino,SZAO,319500,1331,15.5
2023-08,Moskovsky,NAO,219800,916,15.5
2023-08,Lianozovo,SVAO,257200,1072,15.5
2023-08,Danilovsky,YuAO,360800,1503,15.5
2023-08,Yaroslavsky,SVAO,266200,1109,15.5
2023-08,Sokolinaya Gora,VAO,271200,1130,15.5
2023-08,Tagansky,CAO,519000,2162,15.5
2023-08,Tyoply Stan,YuZAO,337200,1405,15.5
2023-08,Severnoye Butovo,YuZAO,311400,1298,15.5
2023-08,Gagarinsky,YuZAO,467100,1946,15.5
2023-08,Mikhaylovo-Yartsevskoye,TAO,111300,464,15.5
2023-08,Kuntsevo,ZAO,395500,1648,15.5
2023-08,Shchukino,SZAO,391400,1631,15.5
2023-08,Savyolovsky,SAO,370000,1542,15.5
2023-08,Khovrino,SAO,261200,1088,15.5
2023-08,Novokosino,VAO,262000,1092,15.5
2023-08,Nagorny,YuAO,320900,1337,15.5
2023-08,Biryulyovo Zapadnoye,YuAO,245400,1022,15.5
2023-08,Rogovskoye,TAO,113200,472,15.5
2023-08,Chertanovo Tsentralnoye,YuAO,273500,1139,15.5
2023-08,Filimonkovskoye,NAO,182500,760,15.5
2023-08,Nagatinsky Zaton,YuAO,327300,1364,15.5
2023-08,Molzhaninovsky,SAO,223400,931,15.5
2023-08,Severnoye Izmaylovo,VAO,277700,1157,15.5
2023-08,Troparyovo-Nikulino,ZAO,423500,1765,15.5
2023-08,Fili-Davydkovo,ZAO,420800,1753,15.5
2023-08,Presnensky,CAO,670900,2795,15.5
2023-08,Ryazanovskoye,NAO,182400,760,15.5
2023-08,Pokrovskoye-Streshnevo,SZAO,353600,1473,15.5
2023-08,Lomonosovsky,YuZAO,459000,1913,15.5
2023-08,Timiryazevsky,SAO,344900,1437,15.5
2023-08,Severnoye Medvedkovo,SVAO,277500,1156,15.5
2023-08,Begovoy,SAO,389600,1623,15.5
2023-08,Golovinsky,SAO,280600,1169,15.5
2023-08,Preobrazhenskoye,VAO,311400,1298,15.5
2023-08,Vnukovskoye,NAO,220100,917,15.5
2023-08,Ostankinsky,SVAO,346300,1443,15.5
2023-08,Bibirevo,SVAO,256900,1071,15.5
2023-08,Voykovsky,SAO,317600,1323,15.5
2023-08,Sosenskoye,NAO,227000,946,15.5
2023-08,Zyuzino,YuZAO,373600,1557,15.5
2023-08,Alekseevsky,SVAO,337500,1406,15.5
2023-08,Filyovsky Park,ZAO,443800,1849,15.5
2023-08,Veshnyaki,VAO,247500,1031,15.5
2023-08,Biryulyovo Vostochnoye,YuAO,244400,1018,15.5
2023-08,Vnukovo,ZAO,287200,1197,15.5
2023-08,Chertanovo Severnoye,YuAO,270300,1126,15.5
2023-08,Voskresenskoye,NAO,206800,862,15.5
2023-08,Yuzhnoye Medvedkovo,SVAO,286700,1195,15.5
2023-08,Altufyevsky,SVAO,263000,1096,15.5
2023-08,Krasnoselsky,CAO,522900,2179,15.5
2023-08,Obruchevsky,YuZAO,389100,1621,15.5
2023-08,Desyonovskoye,NAO,212100,884,15.5
2023-08,Sviblovo,SVAO,261600,1090,15.5
2023-08,Marfino,SVAO,290900,1212,15.5
2023-08,Beskudnikovsky,SAO,269400,1123,15.5
2023-08,Maryina Roshcha,SVAO,338500,1411,15.5
2023-08,Metrogorodok,VAO,245600,1023,15.5
2023-08,Brateyevo,YuAO,245700,1024,15.5
2023-08,Kosino-Ukhtomsky,VAO,249900,1041,15.5
2023-08,Novo-Peredelkino,ZAO,300000,1250,15.5
2023-08,Mosrentgen,NAO,213000,887,15.5
2023-08,Dorogomilovo,ZAO,537500,2240,15.5
2023-08,Nagatino-Sadovniki,YuAO,307600,1282,15.5
2023-08,Khoroshyovo-Mnyovniki,SZAO,383600,1598,15.5
2023-08,Losinoostrovsky,SVAO,278700,1161,15.5
2023-08,Kievsky,TAO,108400,452,15.5
2023-08,Ivanovskoye,VAO,262800,1095,15.5
2023-08,Meshchansky,CAO,563800,2349,15.5
2023-08,Babushkinsky,SVAO,273900,1141,15.5
2023-08,Aeroport,SAO,347300,1447,15.5
2023-08,Solntsevo,ZAO,323100,1346,15.5
2023-08,Chertanovo Yuzhnoye,YuAO,247800,1032,15.5
2023-08,Krasnopakhorskoye,TAO,123800,516,15.5
2023-08,Koptevo,SAO,303300,1264,15.5
2023-08,Khoroshyovsky,SAO,406800,1695,15.5
2023-08,Arbat,CAO,737800,3074,15.5
2023-08,Tsaritsyno,YuAO,272200,1134,15.5
2023-08,Severny,SVAO,237800,991,15.5
2023-08,Kotlovka,YuZAO,383800,1599,15.5
2023-08,Ochakovo-Matveyevskoye,ZAO,346900,1445,15.5
2023-08,Vostochnoye Izmaylovo,VAO,276800,1153,15.5
2023-08,Yasenevo,YuZAO,361300,1506,15.5
2023-08,Prospekt Vernadskogo,ZAO,458800,1912,15.5
2023-08,Cheryomushki,YuZAO,367800,1533,15.5
2023-08,Perovo,VAO,270200,1126,15.5
2023-08,Izmaylovo,VAO,288200,1201,15.5
2023-08,Levoberezhny,SAO,280000,1167,15.5
2023-08,Sokolniki,VAO,330100,1375,15.5
2023-08,Bogorodskoye,VAO,275100,1146,15.5
2023-08,Shcherbinka,NAO,197300,822,15.5
2023-08,Shchapovskoye,TAO,115000,479,15.5
2023-08,Klyonovskoye,TAO,109000,454,15.5
2023-09,Nagorny,YuAO,305500,1273,15.5
2023-09,Vnukovskoye,NAO,219300,914,15.5
2023-09,Butyrsky,SVAO,333300,1389,15.5
2023-09,Golyanovo,VAO,251000,1046,15.5
2023-09,Klyonovskoye,TAO,105200,438,15.5
2023-09,Izmaylovo,VAO,307800,1283,15.5
2023-09,Koptevo,SAO,293200,1221,15.5
2023-09,Nagatino-Sadovniki,YuAO,314300,1310,15.5
2023-09,Desyonovskoye,NAO,213400,889,15.5
2023-09,Zyuzino,YuZAO,369900,1541,15.5
2023-09,Bibirevo,SVAO,267300,1114,15.5
2023-09,Krasnoselsky,CAO,521400,2173,15.5
2023-09,Molzhaninovsky,SAO,248400,1035,15.5
2023-09,Kotlovka,YuZAO,389800,1624,15.5
2023-09,Pokrovskoye-Streshnevo,SZAO,356000,1483,15.5
2023-09,Severnoye Medvedkovo,SVAO,288500,1202,15.5
2023-09,Preobrazhenskoye,VAO,298300,1243,15.5
2023-09,Novo-Peredelkino,ZAO,288900,1204,15.5
2023-09,Cheryomushki,YuZAO,393900,1641,15.5
2023-09,Ivanovskoye,VAO,266800,1112,15.5
2023-09,Arbat,CAO,716400,2985,15.5
2023-09,Perovo,VAO,275000,1146,15.5
2023-09,Levoberezhny,SAO,299800,1249,15.5
2023-09,Novokosino,VAO,270100,1126,15.5
2023-09,Babushkinsky,SVAO,281600,1173,15.5
2023-09,Altufyevsky,SVAO,266900,1112,15.5
2023-09,Voskresenskoye,NAO,206000,858,15.5
2023-09,Kievsky,TAO,103200,430,15.5
2023-09,Tyoply Stan,YuZAO,326200,1359,15.5
2023-09,Kokoshkino,NAO,180400,752,15.5
2023-09,Konkovo,YuZAO,369100,1538,15.5
2023-09,Strogino,SZAO,404500,1686,15.5
2023-09,Mitino,SZAO,305400,1273,15.5
2023-09,Gagarinsky,YuZAO,486600,2027,15.5
2023-09,Savyolovsky,SAO,364300,1518,15.5
2023-09,Sokol,SAO,392200,1634,15.5
2023-09,Voronovskoye,TAO,110400,460,15.5
2023-09,Severnoye Tushino,SZAO,326200,1359,15.5
2023-09,Zamoskvorechye,CAO,618800,2578,15.5
2023-09,Basmanny,CAO,569400,2372,15.5
2023-09,Yuzhnoye Tushino,SZAO,331000,1379,15.5
2023-09,Alekseevsky,SVAO,337000,1404,15.5
2023-09,Mozhaysky,ZAO,353300,1472,15.5
2023-09,Khoroshyovsky,SAO,402500,1677,15.5
2023-09,Biryulyovo Vostochnoye,YuAO,238200,993,15.5
2023-09,Orekhovo-Borisovo Yuzhnoye,YuAO,254200,1059,15.5
2023-09,Otradnoye,SVAO,283800,1182,15.5
2023-09,Marfino,SVAO,276300,1151,15.5
2023-09,Zyablikovo,YuAO,252000,1050,15.5
2023-09,Yakimanka,CAO,720100,3000,15.5
2023-09,Danilovsky,YuAO,346600,1444,15.5
2023-09,Ryazanovskoye,NAO,179200,747,15.5
2023-09,Nagatinsky Zaton,YuAO,333300,1389,15.5
2023-09,Chertanovo Tsentralnoye,YuAO,268800,1120,15.5
2023-09,Filyovsky Park,ZAO,420000,1750,15.5
2023-09,Timiryazevsky,SAO,330100,1375,15.5
2023-09,Fili-Davydkovo,ZAO,437700,1824,15.5
2023-09,Yaroslavsky,SVAO,259500,1081,15.5
2023-09,Golovinsky,SAO,294500,1227,15.5
2023-09,Mikhaylovo-Yartsevskoye,TAO,118900,496,15.5
2023-09,Ochakovo-Matveyevskoye,ZAO,372400,1552,15.5
2023-09,Kuntsevo,ZAO,391600,1632,15.5
2023-09,Yasenevo,YuZAO,359600,1498,15.5
2023-09,Shchapovskoye,TAO,111000,462,15.5
2023-09,Vostochnoye Izmaylovo,VAO,282500,1177,15.5
2023-09,Khamovniki,CAO,780700,3253,15.5
2023-09,Khovrino,SAO,267700,1115,15.5
2023-09,Sokolniki,VAO,329300,1372,15.5
2023-09,Biryulyovo Zapadnoye,YuAO,243300,1014,15.5
2023-09,Bogorodskoye,VAO,276700,1153,15.5
2023-09,Shcherbinka,NAO,212700,886,15.5
2023-09,Tsaritsyno,YuAO,264400,1101,15.5
2023-09,Lomonosovsky,YuZAO,470200,1959,15.5
2023-09,Brateyevo,YuAO,251500,1048,15.5
2023-09,Ostankinsky,SVAO,326100,1359,15.5
2023-09,Begovoy,SAO,370000,1542,15.5
2023-09,Dorogomilovo,ZAO,564200,2351,15.5
2023-09,Presnensky,CAO,648100,2701,15.5
2023-09,Troparyovo-Nikulino,ZAO,415500,1731,15.5
2023-09,Kosino-Ukhtomsky,VAO,250800,1045,15.5
2023-09,Filimonkovskoye,NAO,183600,765,15.5
2023-09,Khoroshyovo-Mnyovniki,SZAO,399200,1663,15.5
2023-09,Severnoye Izmaylovo,VAO,281700,1174,15.5
2023-09,Rogovskoye,TAO,106200,443,15.5
2023-09,Maryina Roshcha,SVAO,337600,1407,15.5
2023-09,Aeroport,SAO,351400,1464,15.5
2023-09,Beskudnikovsky,SAO,276500,1152,15.5
2023-09,Sviblovo,SVAO,265900,1108,15.5
2023-09,Solntsevo,ZAO,338600,1411,15.5
2023-09,Obruchevsky,YuZAO,392700,1636,15.5
2023-09,Chertanovo Severnoye,YuAO,260300,1085,15.5
2023-09,Vnukovo,ZAO,288300,1201,15.5
2023-09,Krasnopakhorskoye,TAO,127000,529,15.5
2023-09,Veshnyaki,VAO,247700,1032,15.5
2023-09,Sosenskoye,NAO,220200,917,15.5
2023-09,Voykovsky,SAO,317400,1322,15.5
2023-09,Zelenograd,ZelAO,182500,760,15.5
2023-09,Troitsk,TAO,157500,656,15.5
2023-09,Marushkinskoye,NAO,163800,683,15.5
2023-09,Moskovsky,NAO,221700,924,15.5
2023-09,Prospekt Vernadskogo,ZAO,473500,1973,15.5
2023-09,Lianozovo,SVAO,252600,1053,15.5
2023-09,Kurkino,SZAO,373100,1555,15.5
2023-09,Sokolinaya Gora,VAO,285500,1189,15.5
2023-09,Tverskoy,CAO,700300,2918,15.5
2023-09,Moskvorechye-Saburovo,YuAO,268100,1117,15.5
2023-09,Pervomayskoye,TAO,116600,486,15.5
2023-09,Donskoy,YuAO,393200,1638,15.5
2023-09,Rostokino,SVAO,288700,1203,15.5
2023-09,Shchukino,SZAO,391600,1632,15.5
2023-09,Novofyodorovskoye,TAO,107800,449,15.5
2023-09,Metrogorodok,VAO,257100,1071,15.5
2023-09,Severny,SVAO,246700,1028,15.5
2023-09,Zapadnoye Degunino,SAO,268500,1119,15.5
2023-09,Vostochny,VAO,237600,990,15.5
2023-09,Akademichesky,YuZAO,429500,1789,15.5
2023-09,Yuzhnoye Butovo,YuZAO,298700,1244,15.5
2023-09,Novogireyevo,VAO,277300,1155,15.5
2023-09,Mosrentgen,NAO,212800,887,15.5
2023-09,Ramenki,ZAO,480700,2003,15.5
2023-09,Yuzhnoye Medvedkovo,SVAO,278300,1160,15.5
2023-09,Losinoostrovsky,SVAO,271900,1133,15.5
2023-09,Meshchansky,CAO,539100,2246,15.5
2023-09,Chertanovo Yuzhnoye,YuAO,248100,1034,15.5
2023-09,Dmitrovsky,SAO,271800,1133,15.5
2023-09,Tagansky,CAO,551100,2296,15.5
2023-09,Krylatskoye,SZAO,438900,1829,15.5
2023-09,Orekhovo-Borisovo Severnoye,YuAO,251200,1047,15.5
2023-09,Severnoye Butovo,YuZAO,322300,1343,15.5
2023-10,Perovo,VAO,278200,1159,15.5
2023-10,Khovrino,SAO,267100,1113,15.5
2023-10,Bogorodskoye,VAO,291700,1216,15.5
2023-10,Metrogorodok,VAO,259400,1081,15.5
2023-10,Severnoye Izmaylovo,VAO,293400,1222,15.5
2023-10,Nagatino-Sadovniki,YuAO,313600,1307,15.5
2023-10,Solntsevo,ZAO,314300,1310,15.5
2023-10,Nagorny,YuAO,316700,1319,15.5
2023-10,Dorogomilovo,ZAO,567200,2364,15.5
2023-10,Vnukovskoye,NAO,221600,924,15.5
2023-10,Tagansky,CAO,525300,2189,15.5
2023-10,Klyonovskoye,TAO,104400,435,15.5
2023-10,Shcherbinka,NAO,210100,876,15.5
2023-10,Yuzhnoye Medvedkovo,SVAO,281900,1175,15.5
2023-10,Kosino-Ukhtomsky,VAO,261900,1091,15.5
2023-10,Brateyevo,YuAO,259100,1080,15.5
2023-10,Aeroport,SAO,352900,1470,15.5
2023-10,Babushkinsky,SVAO,284300,1185,15.5
2023-10,Izmaylovo,VAO,304200,1268,15.5
2023-10,Prospekt Vernadskogo,ZAO,471000,1962,15.5
2023-10,Orekhovo-Borisovo Severnoye,YuAO,250800,1045,15.5
2023-10,Pervomayskoye,TAO,122300,509,15.5
2023-10,Khoroshyovsky,SAO,399100,1663,15.5
2023-10,Severnoye Tushino,SZAO,315100,1313,15.5
2023-10,Danilovsky,YuAO,361100,1505,15.5
2023-10,Basmanny,CAO,573500,2390,15.5
2023-10,Tverskoy,CAO,679700,2832,15.5
2023-10,Sokol,SAO,369600,1540,15.5
2023-10,Yaroslavsky,SVAO,262200,1093,15.5
2023-10,Konkovo,YuZAO,363200,1513,15.5
2023-10,Khoroshyovo-Mnyovniki,SZAO,384400,1602,15.5
2023-10,Mikhaylovo-Yartsevskoye,TAO,116300,485,15.5
2023-10,Kuntsevo,ZAO,395700,1649,15.5
2023-10,Khamovniki,CAO,782900,3262,15.5
2023-10,Savyolovsky,SAO,378000,1575,15.5
2023-10,Voronovskoye,TAO,108700,453,15.5
2023-10,Ramenki,ZAO,492700,2053,15.5
2023-10,Altufyevsky,SVAO,276700,1153,15.5
2023-10,Yakimanka,CAO,703500,2931,15.5
2023-10,Otradnoye,SVAO,296300,1235,15.5
2023-10,Severnoye Medvedkovo,SVAO,290700,1211,15.5
2023-10,Zyablikovo,YuAO,251400,1048,15.5
2023-10,Donskoy,YuAO,378900,1579,15.5
2023-10,Orekhovo-Borisovo Yuzhnoye,YuAO,254400,1060,15.5
2023-10,Tyoply Stan,YuZAO,337300,1405,15.5
2023-10,Kievsky,TAO,111400,464,15.5
2023-10,Novokosino,VAO,270100,1125,15.5
2023-10,Mozhaysky,ZAO,345800,1441,15.5
2023-10,Yuzhnoye Tushino,SZAO,329300,1372,15.5
2023-10,Krasnopakhorskoye,TAO,122600,511,15.5
2023-10,Novofyodorovskoye,TAO,108200,451,15.5
2023-10,Rostokino,SVAO,281900,1175,15.5
2023-10,Voskresenskoye,NAO,208100,867,15.5
2023-10,Cheryomushki,YuZAO,391300,1630,15.5
2023-10,Kokoshkino,NAO,178500,744,15.5
2023-10,Krylatskoye,SZAO,465300,1939,15.5
2023-10,Dmitrovsky,SAO,263200,1097,15.5
2023-10,Chertanovo Yuzhnoye,YuAO,256800,1070,15.5
2023-10,Meshchansky,CAO,557400,2323,15.5
2023-10,Mosrentgen,NAO,217900,908,15.5
2023-10,Losinoostrovsky,SVAO,280100,1167,15.5
2023-10,Shchukino,SZAO,399100,1663,15.5
2023-10,Sokolniki,VAO,337400,1406,15.5
2023-10,Vostochnoye Izmaylovo,VAO,278700,1161,15.5
2023-10,Novogireyevo,VAO,276200,1151,15.5
2023-10,Shchapovskoye,TAO,108100,451,15.5
2023-10,Yasenevo,YuZAO,369200,1539,15.5
2023-10,Preobrazhenskoye,VAO,301300,1256,15.5
2023-10,Golovinsky,SAO,292800,1220,15.5
2023-10,Fili-Davydkovo,ZAO,416800,1737,15.5
2023-10,Novo-Peredelkino,ZAO,295600,1232,15.5
2023-10,Chertanovo Tsentralnoye,YuAO,261400,1089,15.5
2023-10,Arbat,CAO,738800,3079,15.5
2023-10,Levoberezhny,SAO,290900,1212,15.5
2023-10,Krasnoselsky,CAO,527100,2196,15.5
2023-10,Yuzhnoye Butovo,YuZAO,301300,1256,15.5
2023-10,Butyrsky,SVAO,322100,1342,15.5
2023-10,Severnoye Butovo,YuZAO,313500,1306,15.5
2023-10,Zamoskvorechye,CAO,616600,2569,15.5
2023-10,Troitsk,TAO,162900,679,15.5
2023-10,Koptevo,SAO,309300,1289,15.5
2023-10,Marushkinskoye,NAO,170500,710,15.5
2023-10,Kurkino,SZAO,362300,1510,15.5
2023-10,Zelenograd,ZelAO,176400,735,15.5
2023-10,Vostochny,VAO,236000,983,15.5
2023-10,Akademichesky,YuZAO,439700,1832,15.5
2023-10,Lomonosovsky,YuZAO,499900,2083,15.5
2023-10,Zapadnoye Degunino,SAO,279400,1164,15.5
2023-10,Severny,SVAO,252200,1051,15.5
2023-10,Moskvorechye-Saburovo,YuAO,266800,1112,15.5
2023-10,Gagarinsky,YuZAO,488400,2035,15.5
2023-10,Strogino,SZAO,391700,1632,15.5
2023-10,Sokolinaya Gora,VAO,293300,1222,15.5
2023-10,Lianozovo,SVAO,259500,1081,15.5
2023-10,Moskovsky,NAO,218800,912,15.5
2023-10,Mitino,SZAO,314900,1312,15.5
2023-10,Biryulyovo Zapadnoye,YuAO,248400,1035,15.5
2023-10,Zyuzino,YuZAO,370400,1543,15.5
2023-10,Kotlovka,YuZAO,391400,1631,15.5
2023-10,Vnukovo,ZAO,290100,1209,15.5
2023-10,Chertanovo Severnoye,YuAO,279000,1163,15.5
2023-10,Sviblovo,SVAO,282200,1176,15.5
2023-10,Beskudnikovsky,SAO,266000,1108,15.5
2023-10,Obruchevsky,YuZAO,412800,1720,15.5
2023-10,Maryina Roshcha,SVAO,317200,1322,15.5
2023-10,Rogovskoye,TAO,107800,449,15.5
2023-10,Golyanovo,VAO,262400,1093,15.5
2023-10,Filimonkovskoye,NAO,182600,761,15.5
2023-10,Troparyovo-Nikulino,ZAO,416300,1735,15.5
2023-10,Molzhaninovsky,SAO,235300,980,15.5
2023-10,Presnensky,CAO,702300,2926,15.5
2023-10,Begovoy,SAO,375400,1564,15.5
2023-10,Ostankinsky,SVAO,337200,1405,15.5
2023-10,Tsaritsyno,YuAO,279200,1163,15.5
2023-10,Ivanovskoye,VAO,283900,1183,15.5
2023-10,Pokrovskoye-Streshnevo,SZAO,351800,1466,15.5
2023-10,Timiryazevsky,SAO,333800,1391,15.5
2023-10,Ochakovo-Matveyevskoye,ZAO,350900,1462,15.5
2023-10,Bibirevo,SVAO,264100,1100,15.5
2023-10,Voykovsky,SAO,315200,1314,15.5
2023-10,Alekseevsky,SVAO,343300,1430,15.5
2023-10,Marfino,SVAO,294900,1229,15.5
2023-10,Nagatinsky Zaton,YuAO,311900,1299,15.5
2023-10,Biryulyovo Vostochnoye,YuAO,242800,1012,15.5
2023-10,Ryazanovskoye,NAO,170800,712,15.5
2023-10,Desyonovskoye,NAO,193100,804,15.5
2023-10,Filyovsky Park,ZAO,462800,1928,15.5
2023-10,Sosenskoye,NAO,218000,908,15.5
2023-10,Veshnyaki,VAO,257400,1073,15.5
2023-11,Sokol,SAO,386000,1608,15.5
2023-11,Klyonovskoye,TAO,113200,471,15.5
2023-11,Strogino,SZAO,413000,1721,15.5
2023-11,Lomonosovsky,YuZAO,483000,2013,15.5
2023-11,Severnoye Butovo,YuZAO,329200,1372,15.5
2023-11,Obruchevsky,YuZAO,401100,1671,15.5
2023-11,Zelenograd,ZelAO,186100,775,15.5
2023-11,Shchukino,SZAO,385100,1605,15.5
2023-11,Timiryazevsky,SAO,355100,1479,15.5
2023-11,Metrogorodok,VAO,261100,1088,15.5
2023-11,Kosino-Ukhtomsky,VAO,248000,1033,15.5
2023-11,Yuzhnoye Tushino,SZAO,335200,1397,15.5
2023-11,Alekseevsky,SVAO,351300,1464,15.5
2023-11,Khoroshyovsky,SAO,386000,1608,15.5
2023-11,Kotlovka,YuZAO,399800,1666,15.5
2023-11,Khovrino,SAO,266200,1109,15.5
2023-11,Novogireyevo,VAO,275300,1147,15.5
2023-11,Altufyevsky,SVAO,264600,1102,15.5
2023-11,Khoroshyovo-Mnyovniki,SZAO,394900,1645,15.5
2023-11,Shchapovskoye,TAO,118500,494,15.5
2023-11,Maryina Roshcha,SVAO,347900,1450,15.5
2023-11,Biryulyovo Zapadnoye,YuAO,241100,1005,15.5
2023-11,Beskudnikovsky,SAO,260800,1087,15.5
2023-11,Chertanovo Severnoye,YuAO,273700,1140,15.5
2023-11,Yuzhnoye Medvedkovo,SVAO,280600,1169,15.5
2023-11,Vnukovo,ZAO,301400,1256,15.5
2023-11,Sosenskoye,NAO,225600,940,15.5
2023-11,Veshnyaki,VAO,254500,1060,15.5
2023-11,Izmaylovo,VAO,317000,1321,15.5
2023-11,Filyovsky Park,ZAO,443400,1848,15.5
2023-11,Nagorny,YuAO,309500,1290,15.5
2023-11,Pervomayskoye,TAO,121700,507,15.5
2023-11,Marfino,SVAO,298300,1243,15.5
2023-11,Biryulyovo Vostochnoye,YuAO,250000,1041,15.5
2023-11,Tagansky,CAO,556700,2320,15.5
2023-11,Voykovsky,SAO,324700,1353,15.5
2023-11,Ryazanovskoye,NAO,178900,745,15.5
2023-11,Chertanovo Tsentralnoye,YuAO,249000,1037,15.5
2023-11,Fili-Davydkovo,ZAO,434600,1811,15.5
2023-11,Golovinsky,SAO,283400,1181,15.5
2023-11,Zyablikovo,YuAO,256600,1069,15.5
2023-11,Mozhaysky,ZAO,367500,1531,15.5
2023-11,Yasenevo,YuZAO,376800,1570,15.5
2023-11,Vostochnoye Izmaylovo,VAO,279500,1165,15.5
2023-11,Sokolniki,VAO,338400,1410,15.5
2023-11,Losinoostrovsky,SVAO,284300,1184,15.5
2023-11,Mosrentgen,NAO,224300,935,15.5
2023-11,Chertanovo Yuzhnoye,YuAO,250600,1044,15.5
2023-11,Aeroport,SAO,371200,1547,15.5
2023-11,Ramenki,ZAO,495600,2065,15.5
2023-11,Orekhovo-Borisovo Severnoye,YuAO,250300,1043,15.5
2023-11,Tverskoy,CAO,740000,3083,15.5
2023-11,Kuntsevo,ZAO,410500,1710,15.5
2023-11,Mikhaylovo-Yartsevskoye,TAO,116000,483,15.5
2023-11,Khamovniki,CAO,756200,3151,15.5
2023-11,Yaroslavsky,SVAO,257500,1073,15.5
2023-11,Otradnoye,SVAO,291100,1213,15.5
2023-11,Danilovsky,YuAO,352500,1469,15.5
2023-11,Yakimanka,CAO,677200,2822,15.5
2023-11,Orekhovo-Borisovo Yuzhnoye,YuAO,256500,1069,15.5
2023-11,Basmanny,CAO,584200,2434,15.5
2023-11,Donskoy,YuAO,368600,1536,15.5
2023-11,Krasnopakhorskoye,TAO,128100,534,15.5
2023-11,Presnensky,CAO,681000,2837,15.5
2023-11,Solntsevo,ZAO,309700,1290,15.5
2023-11,Novofyodorovskoye,TAO,109800,458,15.5
2023-11,Rostokino,SVAO,296900,1237,15.5
2023-11,Dorogomilovo,ZAO,558500,2327,15.5
2023-11,Brateyevo,YuAO,249200,1039,15.5
2023-11,Shcherbinka,NAO,204800,853,15.5
2023-11,Bogorodskoye,VAO,269600,1123,15.5
2023-11,Prospekt Vernadskogo,ZAO,493800,2057,15.5
2023-11,Ostankinsky,SVAO,345400,1439,15.5
2023-11,Tsaritsyno,YuAO,268200,1117,15.5
2023-11,Begovoy,SAO,382100,1592,15.5
2023-11,Filimonkovskoye,NAO,179100,746,15.5
2023-11,Troparyovo-Nikulino,ZAO,442900,1845,15.5
2023-11,Desyonovskoye,NAO,208400,868,15.5
2023-11,Gagarinsky,YuZAO,479400,1998,15.5
2023-11,Severny,SVAO,239700,999,15.5
2023-11,Kokoshkino,NAO,175500,731,15.5
2023-11,Troitsk,TAO,152800,637,15.5
2023-11,Cheryomushki,YuZAO,384900,1604,15.5
2023-11,Severnoye Medvedkovo,SVAO,271400,1131,15.5
2023-11,Preobrazhenskoye,VAO,302500,1260,15.5
2023-11,Arbat,CAO,761500,3173,15.5
2023-11,Levoberezhny,SAO,288900,1204,15.5
2023-11,Golyanovo,VAO,256700,1070,15.5
2023-11,Novo-Peredelkino,ZAO,300900,1254,15.5
2023-11,Krasnoselsky,CAO,546200,2276,15.5
2023-11,Bibirevo,SVAO,265600,1107,15.5
2023-11,Mitino,SZAO,311400,1297,15.5
2023-11,Zyuzino,YuZAO,378300,1576,15.5
2023-11,Molzhaninovsky,SAO,234800,978,15.5
2023-11,Pokrovskoye-Streshnevo,SZAO,343600,1432,15.5
2023-11,Perovo,VAO,276100,1151,15.5
2023-11,Savyolovsky,SAO,366200,1526,15.5
2023-11,Nagatino-Sadovniki,YuAO,310600,1294,15.5
2023-11,Babushkinsky,SVAO,281800,1174,15.5
2023-11,Voronovskoye,TAO,114000,475,15.5
2023-11,Tyoply Stan,YuZAO,333200,1388,15.5
2023-11,Voskresenskoye,NAO,210600,878,15.5
2023-11,Konkovo,YuZAO,356900,1487,15.5
2023-11,Ivanovskoye,VAO,267500,1114,15.5
2023-11,Yuzhnoye Butovo,YuZAO,312600,1303,15.5
2023-11,Krylatskoye,SZAO,458700,1911,15.5
2023-11,Rogovskoye,TAO,111800,466,15.5
2023-11,Sviblovo,SVAO,281900,1174,15.5
2023-11,Dmitrovsky,SAO,257400,1073,15.5
2023-11,Lianozovo,SVAO,262500,1094,15.5
2023-11,Vnukovskoye,NAO,238300,993,15.5
2023-11,Novokosino,VAO,280000,1167,15.5
2023-11,Moskovsky,NAO,215700,899,15.5
2023-11,Sokolinaya Gora,VAO,289600,1206,15.5
2023-11,Zapadnoye Degunino,SAO,268900,1121,15.5
2023-11,Severnoye Tushino,SZAO,321400,1339,15.5
2023-11,Koptevo,SAO,298200,1242,15.5
2023-11,Akademichesky,YuZAO,415400,1731,15.5
2023-11,Vostochny,VAO,238500,994,15.5
2023-11,Ochakovo-Matveyevskoye,ZAO,361700,1507,15.5
2023-11,Kurkino,SZAO,374600,1561,15.5
2023-11,Nagatinsky Zaton,YuAO,331000,1379,15.5
2023-11,Meshchansky,CAO,553600,2306,15.5
2023-11,Marushkinskoye,NAO,167800,699,15.5
2023-11,Zamoskvorechye,CAO,607500,2531,15.5
2023-11,Butyrsky,SVAO,336200,1401,15.5
2023-11,Severnoye Izmaylovo,VAO,295200,1230,15.5
2023-11,Moskvorechye-Saburovo,YuAO,284400,1185,15.5
2023-11,Kievsky,TAO,116600,486,15.5
2023-12,Khoroshyovo-Mnyovniki,SZAO,398700,1661,15.5
2023-12,Khoroshyovsky,SAO,389700,1624,15.5
2023-12,Severnoye Medvedkovo,SVAO,287600,1198,15.5
2023-12,Klyonovskoye,TAO,113000,471,15.5
2023-12,Novo-Peredelkino,ZAO,296500,1235,15.5
2023-12,Rostokino,SVAO,294800,1228,15.5
2023-12,Prospekt Vernadskogo,ZAO,475500,1981,15.5
2023-12,Yuzhnoye Medvedkovo,SVAO,297300,1239,15.5
2023-12,Severny,SVAO,243300,1014,15.5
2023-12,Ochakovo-Matveyevskoye,ZAO,356800,1487,15.5
2023-12,Sviblovo,SVAO,276000,1150,15.5
2023-12,Mozhaysky,ZAO,365600,1523,15.5
2023-12,Obruchevsky,YuZAO,385300,1606,15.5
2023-12,Veshnyaki,VAO,260300,1084,15.5
2023-12,Mitino,SZAO,330900,1379,15.5
2023-12,Krylatskoye,SZAO,456400,1902,15.5
2023-12,Lianozovo,SVAO,258200,1076,15.5
2023-12,Izmaylovo,VAO,324400,1352,15.5
2023-12,Yuzhnoye Butovo,YuZAO,300800,1254,15.5
2023-12,Vostochny,VAO,245900,1025,15.5
2023-12,Kurkino,SZAO,367800,1533,15.5
2023-12,Butyrsky,SVAO,331400,1381,15.5
2023-12,Severnoye Butovo,YuZAO,324800,1353,15.5
2023-12,Strogino,SZAO,416000,1733,15.5
2023-12,Losinoostrovsky,SVAO,289300,1205,15.5
2023-12,Cheryomushki,YuZAO,391900,1633,15.5
2023-12,Golyanovo,VAO,264400,1102,15.5
2023-12,Bibirevo,SVAO,279400,1164,15.5
2023-12,Pokrovskoye-Streshnevo,SZAO,355900,1483,15.5
2023-12,Babushkinsky,SVAO,289600,1207,15.5
2023-12,Tyoply Stan,YuZAO,329800,1374,15.5
2023-12,Ivanovskoye,VAO,276000,1150,15.5
2023-12,Severnoye Tushino,SZAO,338200,1409,15.5
2023-12,Altufyevsky,SVAO,272400,1135,15.5
2023-12,Troparyovo-Nikulino,ZAO,414500,1727,15.5
2023-12,Kuntsevo,ZAO,386700,1611,15.5
2023-12,Yaroslavsky,SVAO,270700,1128,15.5
2023-12,Otradnoye,SVAO,291900,1216,15.5
2023-12,Basmanny,CAO,561100,2338,15.5
2023-12,Solntsevo,ZAO,330800,1378,15.5
2023-12,Kosino-Ukhtomsky,VAO,244300,1018,15.5
2023-12,Ostankinsky,SVAO,343100,1430,15.5
2023-12,Dorogomilovo,ZAO,569100,2371,15.5
2023-12,Bogorodskoye,VAO,295800,1232,15.5
2023-12,Ramenki,ZAO,496700,2070,15.5
2023-12,Maryina Roshcha,SVAO,352000,1467,15.5
2023-12,Vnukovo,ZAO,296600,1236,15.5
2023-12,Filyovsky Park,ZAO,458700,1911,15.5
2023-12,Marfino,SVAO,290800,1212,15.5
2023-12,Fili-Davydkovo,ZAO,404600,1686,15.5
2023-12,Yasenevo,YuZAO,375700,1565,15.5
2023-12,Vostochnoye Izmaylovo,VAO,278800,1162,15.5
2023-12,Alekseevsky,SVAO,333800,1391,15.5
2023-12,Sosenskoye,NAO,227700,949,15.5
2023-12,Ryazanovskoye,NAO,175400,731,15.5
2023-12,Tagansky,CAO,545400,2273,15.5
2023-12,Marushkinskoye,NAO,174800,728,15.5
2023-12,Krasnoselsky,CAO,535800,2232,15.5
2023-12,Voykovsky,SAO,314200,1309,15.5
2023-12,Shchapovskoye,TAO,112500,469,15.5
2023-12,Biryulyovo Vostochnoye,YuAO,232300,968,15.5
2023-12,Severnoye Izmaylovo,VAO,281300,1172,15.5
2023-12,Troitsk,TAO,153700,641,15.5
2023-12,Koptevo,SAO,306300,1276,15.5
2023-12,Gagarinsky,YuZAO,504700,2103,15.5
2023-12,Novogireyevo,VAO,274600,1144,15.5
2023-12,Timiryazevsky,SAO,340800,1420,15.5
2023-12,Kokoshkino,NAO,178300,743,15.5
2023-12,Chertanovo Severnoye,YuAO,270600,1127,15.5
2023-12,Biryulyovo Zapadnoye,YuAO,233900,974,15.5
2023-12,Kievsky,TAO,111300,464,15.5
2023-12,Nagatino-Sadovniki,YuAO,319800,1333,15.5
2023-12,Preobrazhenskoye,VAO,317300,1322,15.5
2023-12,Levoberezhny,SAO,301100,1255,15.5
2023-12,Filimonkovskoye,NAO,177800,741,15.5
2023-12,Lomonosovsky,YuZAO,476100,1984,15.5
2023-12,Mosrentgen,NAO,223600,932,15.5
2023-12,Sokolinaya Gora,VAO,290300,1210,15.5
2023-12,Moskovsky,NAO,221800,924,15.5
2023-12,Kotlovka,YuZAO,401900,1675,15.5
2023-12,Sokol,SAO,381000,1587,15.5
2023-12,Zapadnoye Degunino,SAO,268800,1120,15.5
2023-12,Akademichesky,YuZAO,442800,1845,15.5
2023-12,Dmitrovsky,SAO,267600,1115,15.5
2023-12,Chertanovo Yuzhnoye,YuAO,250400,1043,15.5
2023-12,Presnensky,CAO,675000,2812,15.5
2023-12,Zyablikovo,YuAO,254900,1062,15.5
2023-12,Beskudnikovsky,SAO,269200,1122,15.5
2023-12,Vnukovskoye,NAO,223000,929,15.5
2023-12,Rogovskoye,TAO,112400,468,15.5
2023-12,Sokolniki,VAO,334600,1394,15.5
2023-12,Novokosino,VAO,277300,1155,15.5
2023-12,Zamoskvorechye,CAO,592800,2470,15.5
2023-12,Pervomayskoye,TAO,118500,494,15.5
2023-12,Nagorny,YuAO,315600,1315,15.5
2023-12,Golovinsky,SAO,290300,1210,15.5
2023-12,Zelenograd,ZelAO,192600,803,15.5
2023-12,Chertanovo Tsentralnoye,YuAO,263500,1098,15.5
2023-12,Molzhaninovsky,SAO,243200,1013,15.5
2023-12,Shcherbinka,NAO,209700,874,15.5
2023-12,Brateyevo,YuAO,255500,1064,15.5
2023-12,Zyuzino,YuZAO,368900,1537,15.5
2023-12,Savyolovsky,SAO,375300,1564,15.5
2023-12,Danilovsky,YuAO,352500,1469,15.5
2023-12,Nagatinsky Zaton,YuAO,325900,1358,15.5
2023-12,Voskresenskoye,NAO,205600,857,15.5
2023-12,Donskoy,YuAO,363000,1513,15.5
2023-12,Tverskoy,CAO,737100,3071,15.5
2023-12,Perovo,VAO,283800,1183,15.5
2023-12,Arbat,CAO,721100,3005,15.5
2023-12,Metrogorodok,VAO,256000,1066,15.5
2023-12,Orekhovo-Borisovo Yuzhnoye,YuAO,257300,1072,15.5
2023-12,Aeroport,SAO,363400,1514,15.5
2023-12,Konkovo,YuZAO,365200,1522,15.5
2023-12,Yakimanka,CAO,700000,2917,15.5
2023-12,Krasnopakhorskoye,TAO,127700,532,15.5
2023-12,Orekhovo-Borisovo Severnoye,YuAO,247200,1030,15.5
2023-12,Begovoy,SAO,376900,1570,15.5
2023-12,Desyonovskoye,NAO,202600,844,15.5
2023-12,Moskvorechye-Saburovo,YuAO,277800,1157,15.5
2023-12,Novofyodorovskoye,TAO,111400,464,15.5
2023-12,Meshchansky,CAO,580100,2417,15.5
2023-12,Khovrino,SAO,280000,1167,15.5
2023-12,Shchukino,SZAO,406100,1692,15.5
2023-12,Khamovniki,CAO,774500,3227,15.5
2023-12,Voronovskoye,TAO,111600,465,15.5
2023-12,Mikhaylovo-Yartsevskoye,TAO,115400,481,15.5
2023-12,Yuzhnoye Tushino,SZAO,337900,1408,15.5
2023-12,Tsaritsyno,YuAO,268800,1120,15.5
2024-01,Vostochny,VAO,241200,1005,18.5
2024-01,Akademichesky,YuZAO,438800,1828,18.5
2024-01,Arbat,CAO,728500,3035,18.5
2024-01,Zamoskvorechye,CAO,605700,2524,18.5
2024-01,Yuzhnoye Butovo,YuZAO,299200,1247,18.5
2024-01,Perovo,VAO,287900,1200,18.5
2024-01,Babushkinsky,SVAO,291500,1215,18.5
2024-01,Zapadnoye Degunino,SAO,278400,1160,18.5
2024-01,Meshchansky,CAO,566000,2358,18.5
2024-01,Presnensky,CAO,727000,3029,18.5
2024-01,Molzhaninovsky,SAO,226000,942,18.5
2024-01,Pokrovskoye-Streshnevo,SZAO,359300,1497,18.5
2024-01,Gagarinsky,YuZAO,488600,2036,18.5
2024-01,Golyanovo,VAO,257000,1071,18.5
2024-01,Bibirevo,SVAO,273600,1140,18.5
2024-01,Ochakovo-Matveyevskoye,ZAO,353600,1473,18.5
2024-01,Preobrazhenskoye,VAO,308800,1287,18.5
2024-01,Moskvorechye-Saburovo,YuAO,268600,1119,18.5
2024-01,Cheryomushki,YuZAO,400300,1668,18.5
2024-01,Klyonovskoye,TAO,111400,464,18.5
2024-01,Mitino,SZAO,334300,1393,18.5
2024-01,Kokoshkino,NAO,176600,736,18.5
2024-01,Desyonovskoye,NAO,208800,870,18.5
2024-01,Rogovskoye,TAO,106800,445,18.5
2024-01,Koptevo,SAO,309200,1288,18.5
2024-01,Nagatinsky Zaton,YuAO,333000,1388,18.5
2024-01,Zyuzino,YuZAO,364100,1517,18.5
2024-01,Severnoye Izmaylovo,VAO,298800,1245,18.5
2024-01,Butyrsky,SVAO,336300,1401,18.5
2024-01,Levoberezhny,SAO,298000,1242,18.5
2024-01,Sviblovo,SVAO,297200,1238,18.5
2024-01,Kurkino,SZAO,383800,1599,18.5
2024-01,Marushkinskoye,NAO,172900,721,18.5
2024-01,Ostankinsky,SVAO,327600,1365,18.5
2024-01,Beskudnikovsky,SAO,286600,1194,18.5
2024-01,Biryulyovo Zapadnoye,YuAO,246100,1025,18.5
2024-01,Maryina Roshcha,SVAO,346000,1441,18.5
2024-01,Rostokino,SVAO,299800,1249,18.5
2024-01,Troparyovo-Nikulino,ZAO,431800,1799,18.5
2024-01,Filimonkovskoye,NAO,190700,795,18.5
2024-01,Begovoy,SAO,382000,1592,18.5
2024-01,Novofyodorovskoye,TAO,109500,456,18.5
2024-01,Tsaritsyno,YuAO,280000,1166,18.5
2024-01,Bogorodskoye,VAO,280700,1170,18.5
2024-01,Aeroport,SAO,349400,1456,18.5
2024-01,Shcherbinka,NAO,203100,846,18.5
2024-01,Brateyevo,YuAO,251500,1048,18.5
2024-01,Dorogomilovo,ZAO,580000,2417,18.5
2024-01,Donskoy,YuAO,371000,1546,18.5
2024-01,Vnukovo,ZAO,294300,1226,18.5
2024-01,Basmanny,CAO,571700,2382,18.5
2024-01,Tverskoy,CAO,712700,2970,18.5
2024-01,Solntsevo,ZAO,321900,1341,18.5
2024-01,Yakimanka,CAO,713500,2973,18.5
2024-01,Orekhovo-Borisovo Yuzhnoye,YuAO,244400,1018,18.5
2024-01,Krasnopakhorskoye,TAO,128300,534,18.5
2024-01,Orekhovo-Borisovo Severnoye,YuAO,261900,1091,18.5
2024-01,Danilovsky,YuAO,361000,1504,18.5
2024-01,Otradnoye,SVAO,296200,1234,18.5
2024-01,Ramenki,ZAO,508400,2118,18.5
2024-01,Yaroslavsky,SVAO,260300,1085,18.5
2024-01,Khamovniki,CAO,767500,3198,18.5
2024-01,Mikhaylovo-Yartsevskoye,TAO,115000,479,18.5
2024-01,Kuntsevo,ZAO,401800,1674,18.5
2024-01,Nagorny,YuAO,303000,1263,18.5
2024-01,Moskovsky,NAO,223700,932,18.5
2024-01,Lianozovo,SVAO,266400,1110,18.5
2024-01,Krylatskoye,SZAO,443200,1847,18.5
2024-01,Mozhaysky,ZAO,349800,1458,18.5
2024-01,Dmitrovsky,SAO,250100,1042,18.5
2024-01,Chertanovo Yuzhnoye,YuAO,263000,1096,18.5
2024-01,Zyablikovo,YuAO,249400,1039,18.5
2024-01,Mosrentgen,NAO,225600,940,18.5
2024-01,Losinoostrovsky,SVAO,278100,1159,18.5
2024-01,Vostochnoye Izmaylovo,VAO,290900,1212,18.5
2024-01,Sokolniki,VAO,346800,1445,18.5
2024-01,Pervomayskoye,TAO,126700,528,18.5
2024-01,Golovinsky,SAO,291100,1213,18.5
2024-01,Yasenevo,YuZAO,349000,1454,18.5
2024-01,Sokolinaya Gora,VAO,280200,1168,18.5
2024-01,Fili-Davydkovo,ZAO,436700,1820,18.5
2024-01,Chertanovo Tsentralnoye,YuAO,265800,1107,18.5
2024-01,Ryazanovskoye,NAO,172200,717,18.5
2024-01,Yuzhnoye Medvedkovo,SVAO,291800,1216,18.5
2024-01,Voykovsky,SAO,323200,1347,18.5
2024-01,Biryulyovo Vostochnoye,YuAO,233900,975,18.5
2024-01,Marfino,SVAO,286000,1192,18.5
2024-01,Filyovsky Park,ZAO,438100,1826,18.5
2024-01,Tagansky,CAO,545900,2275,18.5
2024-01,Shchapovskoye,TAO,115900,483,18.5
2024-01,Veshnyaki,VAO,245700,1024,18.5
2024-01,Sosenskoye,NAO,230000,958,18.5
2024-01,Prospekt Vernadskogo,ZAO,500500,2086,18.5
2024-01,Chertanovo Severnoye,YuAO,269300,1122,18.5
2024-01,Vnukovskoye,NAO,221600,924,18.5
2024-01,Shchukino,SZAO,398400,1660,18.5
2024-01,Konkovo,YuZAO,353400,1473,18.5
2024-01,Nagatino-Sadovniki,YuAO,305100,1271,18.5
2024-01,Krasnoselsky,CAO,528000,2200,18.5
2024-01,Novo-Peredelkino,ZAO,302200,1259,18.5
2024-01,Sokol,SAO,381900,1591,18.5
2024-01,Ivanovskoye,VAO,260700,1086,18.5
2024-01,Novokosino,VAO,271700,1132,18.5
2024-01,Khoroshyovsky,SAO,407400,1698,18.5
2024-01,Timiryazevsky,SAO,339800,1416,18.5
2024-01,Lomonosovsky,YuZAO,502400,2093,18.5
2024-01,Kievsky,TAO,111800,466,18.5
2024-01,Zelenograd,ZelAO,183600,765,18.5
2024-01,Savyolovsky,SAO,388600,1619,18.5
2024-01,Altufyevsky,SVAO,267700,1115,18.5
2024-01,Metrogorodok,VAO,262200,1093,18.5
2024-01,Kotlovka,YuZAO,397500,1656,18.5
2024-01,Khoroshyovo-Mnyovniki,SZAO,399100,1663,18.5
2024-01,Severny,SVAO,256600,1069,18.5
2024-01,Novogireyevo,VAO,284200,1184,18.5
2024-01,Izmaylovo,VAO,308400,1285,18.5
2024-01,Alekseevsky,SVAO,356500,1486,18.5
2024-01,Troitsk,TAO,150600,628,18.5
2024-01,Khovrino,SAO,265700,1107,18.5
2024-01,Yuzhnoye Tushino,SZAO,343600,1432,18.5
2024-01,Voronovskoye,TAO,118200,493,18.5
2024-01,Obruchevsky,YuZAO,371400,1547,18.5
2024-01,Strogino,SZAO,412400,1718,18.5
2024-01,Severnoye Butovo,YuZAO,331200,1380,18.5
2024-01,Kosino-Ukhtomsky,VAO,250600,1044,18.5
2024-01,Severnoye Tushino,SZAO,332000,1383,18.5
2024-01,Tyoply Stan,YuZAO,340900,1420,18.5
2024-01,Severnoye Medvedkovo,SVAO,290500,1210,18.5
2024-01,Voskresenskoye,NAO,201700,840,18.5
2024-02,Khovrino,SAO,266000,1109,18.5
2024-02,Troitsk,TAO,150800,628,18.5
2024-02,Zapadnoye Degunino,SAO,289000,1204,18.5
2024-02,Severnoye Izmaylovo,VAO,275600,1148,18.5
2024-02,Ryazanovskoye,NAO,178200,743,18.5
2024-02,Kievsky,TAO,114900,479,18.5
2024-02,Filyovsky Park,ZAO,450500,1877,18.5
2024-02,Akademichesky,YuZAO,447100,1863,18.5
2024-02,Sviblovo,SVAO,277500,1156,18.5
2024-02,Aeroport,SAO,347400,1448,18.5
2024-02,Yakimanka,CAO,742600,3094,18.5
2024-02,Presnensky,CAO,698200,2909,18.5
2024-02,Kurkino,SZAO,364400,1518,18.5
2024-02,Butyrsky,SVAO,347200,1447,18.5
2024-02,Altufyevsky,SVAO,270700,1128,18.5
2024-02,Bogorodskoye,VAO,285500,1189,18.5
2024-02,Yuzhnoye Medvedkovo,SVAO,275100,1146,18.5
2024-02,Marfino,SVAO,295700,1232,18.5
2024-02,Vostochny,VAO,238100,992,18.5
2024-02,Vnukovskoye,NAO,231500,965,18.5
2024-02,Voykovsky,SAO,326100,1359,18.5
2024-02,Marushkinskoye,NAO,172200,718,18.5
2024-02,Novo-Peredelkino,ZAO,308700,1286,18.5
2024-02,Orekhovo-Borisovo Yuzhnoye,YuAO,257700,1074,18.5
2024-02,Novokosino,VAO,268700,1120,18.5
2024-02,Rogovskoye,TAO,114100,475,18.5
2024-02,Sokolinaya Gora,VAO,292200,1218,18.5
2024-02,Dorogomilovo,ZAO,577500,2406,18.5
2024-02,Ostankinsky,SVAO,359400,1498,18.5
2024-02,Dmitrovsky,SAO,261400,1089,18.5
2024-02,Yasenevo,YuZAO,347600,1448,18.5
2024-02,Severnoye Medvedkovo,SVAO,272800,1137,18.5
2024-02,Zyablikovo,YuAO,253000,1054,18.5
2024-02,Krasnoselsky,CAO,563900,2350,18.5
2024-02,Chertanovo Yuzhnoye,YuAO,253100,1055,18.5
2024-02,Donskoy,YuAO,372200,1551,18.5
2024-02,Golovinsky,SAO,293600,1223,18.5
2024-02,Sokol,SAO,398200,1659,18.5
2024-02,Strogino,SZAO,413600,1723,18.5
2024-02,Mosrentgen,NAO,222900,929,18.5
2024-02,Losinoostrovsky,SVAO,278300,1159,18.5
2024-02,Severnoye Butovo,YuZAO,335200,1397,18.5
2024-02,Voronovskoye,TAO,117800,491,18.5
2024-02,Pervomayskoye,TAO,117600,490,18.5
2024-02,Brateyevo,YuAO,247700,1032,18.5
2024-02,Vostochnoye Izmaylovo,VAO,289700,1207,18.5
2024-02,Sokolniki,VAO,344900,1437,18.5
2024-02,Lianozovo,SVAO,271900,1133,18.5
2024-02,Yuzhnoye Butovo,YuZAO,306600,1278,18.5
2024-02,Novogireyevo,VAO,297200,1238,18.5
2024-02,Chertanovo Tsentralnoye,YuAO,270800,1128,18.5
2024-02,Zamoskvorechye,CAO,656600,2736,18.5
2024-02,Khoroshyovo-Mnyovniki,SZAO,390600,1627,18.5
2024-02,Kotlovka,YuZAO,393300,1639,18.5
2024-02,Obruchevsky,YuZAO,394200,1643,18.5
2024-02,Solntsevo,ZAO,329300,1372,18.5
2024-02,Shcherbinka,NAO,210400,877,18.5
2024-02,Izmaylovo,VAO,322200,1342,18.5
2024-02,Zelenograd,ZelAO,182900,762,18.5
2024-02,Tverskoy,CAO,714300,2976,18.5
2024-02,Khoroshyovsky,SAO,398700,1661,18.5
2024-02,Basmanny,CAO,587400,2448,18.5
2024-02,Fili-Davydkovo,ZAO,445200,1855,18.5
2024-02,Krylatskoye,SZAO,474700,1978,18.5
2024-02,Moskovsky,NAO,228300,951,18.5
2024-02,Nagorny,YuAO,317000,1321,18.5
2024-02,Mozhaysky,ZAO,366000,1525,18.5
2024-02,Chertanovo Severnoye,YuAO,290100,1209,18.5
2024-02,Yaroslavsky,SVAO,274000,1142,18.5
2024-02,Maryina Roshcha,SVAO,334100,1392,18.5
2024-02,Vnukovo,ZAO,299800,1249,18.5
2024-02,Novofyodorovskoye,TAO,109700,457,18.5
2024-02,Golyanovo,VAO,254300,1060,18.5
2024-02,Arbat,CAO,776200,3234,18.5
2024-02,Savyolovsky,SAO,362400,1510,18.5
2024-02,Pokrovskoye-Streshnevo,SZAO,363700,1515,18.5
2024-02,Krasnopakhorskoye,TAO,130200,543,18.5
2024-02,Levoberezhny,SAO,296800,1237,18.5
2024-02,Mikhaylovo-Yartsevskoye,TAO,115300,481,18.5
2024-02,Ramenki,ZAO,484600,2019,18.5
2024-02,Moskvorechye-Saburovo,YuAO,279700,1165,18.5
2024-02,Preobrazhenskoye,VAO,317400,1323,18.5
2024-02,Begovoy,SAO,390100,1625,18.5
2024-02,Timiryazevsky,SAO,351700,1466,18.5
2024-02,Lomonosovsky,YuZAO,473300,1972,18.5
2024-02,Beskudnikovsky,SAO,273300,1139,18.5
2024-02,Konkovo,YuZAO,363400,1514,18.5
2024-02,Filimonkovskoye,NAO,183600,765,18.5
2024-02,Zyuzino,YuZAO,380400,1585,18.5
2024-02,Ivanovskoye,VAO,271100,1129,18.5
2024-02,Molzhaninovsky,SAO,236200,984,18.5
2024-02,Nagatino-Sadovniki,YuAO,314100,1309,18.5
2024-02,Metrogorodok,VAO,248400,1035,18.5
2024-02,Desyonovskoye,NAO,221100,921,18.5
2024-02,Kosino-Ukhtomsky,VAO,273600,1140,18.5
2024-02,Khamovniki,CAO,773300,3222,18.5
2024-02,Nagatinsky Zaton,YuAO,333700,1391,18.5
2024-02,Severny,SVAO,255700,1065,18.5
2024-02,Ochakovo-Matveyevskoye,ZAO,366800,1529,18.5
2024-02,Bibirevo,SVAO,276200,1151,18.5
2024-02,Prospekt Vernadskogo,ZAO,467200,1946,18.5
2024-02,Shchukino,SZAO,387500,1615,18.5
2024-02,Perovo,VAO,290400,1210,18.5
2024-02,Veshnyaki,VAO,266200,1109,18.5
2024-02,Orekhovo-Borisovo Severnoye,YuAO,253300,1055,18.5
2024-02,Severnoye Tushino,SZAO,316600,1319,18.5
2024-02,Gagarinsky,YuZAO,513600,2140,18.5
2024-02,Kuntsevo,ZAO,395000,1646,18.5
2024-02,Biryulyovo Vostochnoye,YuAO,262200,1093,18.5
2024-02,Shchapovskoye,TAO,114300,476,18.5
2024-02,Tagansky,CAO,573700,2390,18.5
2024-02,Biryulyovo Zapadnoye,YuAO,237800,991,18.5
2024-02,Yuzhnoye Tushino,SZAO,339000,1413,18.5
2024-02,Rostokino,SVAO,304100,1267,18.5
2024-02,Kokoshkino,NAO,181300,755,18.5
2024-02,Tyoply Stan,YuZAO,336000,1400,18.5
2024-02,Otradnoye,SVAO,289100,1205,18.5
2024-02,Mitino,SZAO,316100,1317,18.5
2024-02,Tsaritsyno,YuAO,273300,1139,18.5
2024-02,Babushkinsky,SVAO,296800,1237,18.5
2024-02,Klyonovskoye,TAO,111100,463,18.5
2024-02,Voskresenskoye,NAO,203500,848,18.5
2024-02,Koptevo,SAO,301900,1258,18.5
2024-02,Alekseevsky,SVAO,348200,1451,18.5
2024-02,Meshchansky,CAO,567300,2364,18.5
2024-02,Danilovsky,YuAO,369800,1541,18.5
2024-02,Sosenskoye,NAO,224000,933,18.5
2024-02,Cheryomushki,YuZAO,408400,1702,18.5
2024-02,Troparyovo-Nikulino,ZAO,430200,1793,18.5
2024-03,Brateyevo,YuAO,260700,1086,18.5
2024-03,Shchapovskoye,TAO,114500,477,18.5
2024-03,Voskresenskoye,NAO,203600,848,18.5
2024-03,Sokolniki,VAO,343200,1430,18.5
2024-03,Novofyodorovskoye,TAO,106700,445,18.5
2024-03,Golovinsky,SAO,298400,1243,18.5
2024-03,Yasenevo,YuZAO,366300,1526,18.5
2024-03,Pervomayskoye,TAO,124700,520,18.5
2024-03,Mosrentgen,NAO,231000,963,18.5
2024-03,Yuzhnoye Tushino,SZAO,350500,1460,18.5
2024-03,Rostokino,SVAO,300100,1250,18.5
2024-03,Maryina Roshcha,SVAO,364900,1520,18.5
2024-03,Troparyovo-Nikulino,ZAO,436700,1819,18.5
2024-03,Metrogorodok,VAO,258300,1076,18.5
2024-03,Tagansky,CAO,550800,2295,18.5
2024-03,Sosenskoye,NAO,221100,921,18.5
2024-03,Izmaylovo,VAO,319300,1330,18.5
2024-03,Beskudnikovsky,SAO,277900,1158,18.5
2024-03,Aeroport,SAO,354000,1475,18.5
2024-03,Voykovsky,SAO,322100,1342,18.5
2024-03,Tsaritsyno,YuAO,276900,1154,18.5
2024-03,Veshnyaki,VAO,267200,1113,18.5
2024-03,Novo-Peredelkino,ZAO,298700,1244,18.5
2024-03,Lomonosovsky,YuZAO,482600,2011,18.5
2024-03,Marfino,SVAO,291000,1212,18.5
2024-03,Yuzhnoye Medvedkovo,SVAO,283500,1181,18.5
2024-03,Bogorodskoye,VAO,303500,1265,18.5
2024-03,Biryulyovo Vostochnoye,YuAO,249900,1041,18.5
2024-03,Filyovsky Park,ZAO,482600,2011,18.5
2024-03,Biryulyovo Zapadnoye,YuAO,260700,1086,18.5
2024-03,Alekseevsky,SVAO,350400,1460,18.5
2024-03,Begovoy,SAO,393200,1638,18.5
2024-03,Ryazanovskoye,NAO,177000,737,18.5
2024-03,Basmanny,CAO,558400,2327,18.5
2024-03,Chertanovo Severnoye,YuAO,278400,1160,18.5
2024-03,Timiryazevsky,SAO,336700,1403,18.5
2024-03,Chertanovo Tsentralnoye,YuAO,280400,1168,18.5
2024-03,Vnukovo,ZAO,297100,1238,18.5
2024-03,Khoroshyovo-Mnyovniki,SZAO,397700,1657,18.5
2024-03,Nagorny,YuAO,339400,1414,18.5
2024-03,Prospekt Vernadskogo,ZAO,479300,1997,18.5
2024-03,Nagatino-Sadovniki,YuAO,318500,1327,18.5
2024-03,Fili-Davydkovo,ZAO,433500,1806,18.5
2024-03,Shcherbinka,NAO,213700,891,18.5
2024-03,Filimonkovskoye,NAO,187400,781,18.5
2024-03,Zelenograd,ZelAO,193300,805,18.5
2024-03,Kosino-Ukhtomsky,VAO,252600,1053,18.5
2024-03,Konkovo,YuZAO,374500,1560,18.5
2024-03,Klyonovskoye,TAO,111400,464,18.5
2024-03,Gagarinsky,YuZAO,495000,2063,18.5
2024-03,Voronovskoye,TAO,116000,483,18.5
2024-03,Sviblovo,SVAO,294200,1226,18.5
2024-03,Krasnopakhorskoye,TAO,123800,516,18.5
2024-03,Koptevo,SAO,302300,1259,18.5
2024-03,Severnoye Tushino,SZAO,333400,1389,18.5
2024-03,Severnoye Izmaylovo,VAO,278200,1159,18.5
2024-03,Troitsk,TAO,159600,665,18.5
2024-03,Obruchevsky,YuZAO,389300,1622,18.5
2024-03,Kokoshkino,NAO,177200,738,18.5
2024-03,Butyrsky,SVAO,321500,1340,18.5
2024-03,Molzhaninovsky,SAO,238600,994,18.5
2024-03,Altufyevsky,SVAO,269200,1122,18.5
2024-03,Orekhovo-Borisovo Yuzhnoye,YuAO,255300,1064,18.5
2024-03,Rogovskoye,TAO,108900,454,18.5
2024-03,Khamovniki,CAO,762700,3178,18.5
2024-03,Kurkino,SZAO,395500,1648,18.5
2024-03,Novokosino,VAO,269500,1123,18.5
2024-03,Perovo,VAO,288000,1200,18.5
2024-03,Pokrovskoye-Streshnevo,SZAO,366000,1525,18.5
2024-03,Shchukino,SZAO,415300,1730,18.5
2024-03,Bibirevo,SVAO,273200,1138,18.5
2024-03,Ochakovo-Matveyevskoye,ZAO,377800,1574,18.5
2024-03,Yaroslavsky,SVAO,274300,1143,18.5
2024-03,Golyanovo,VAO,252800,1053,18.5
2024-03,Desyonovskoye,NAO,214400,893,18.5
2024-03,Nagatinsky Zaton,YuAO,347600,1449,18.5
2024-03,Ramenki,ZAO,474000,1975,18.5
2024-03,Levoberezhny,SAO,298400,1243,18.5
2024-03,Savyolovsky,SAO,377200,1572,18.5
2024-03,Preobrazhenskoye,VAO,313400,1306,18.5
2024-03,Marushkinskoye,NAO,170600,711,18.5
2024-03,Danilovsky,YuAO,346400,1443,18.5
2024-03,Moskvorechye-Saburovo,YuAO,280500,1169,18.5
2024-03,Cheryomushki,YuZAO,389300,1622,18.5
2024-03,Ivanovskoye,VAO,271900,1133,18.5
2024-03,Orekhovo-Borisovo Severnoye,YuAO,258600,1077,18.5
2024-03,Severny,SVAO,243700,1016,18.5
2024-03,Mitino,SZAO,318000,1325,18.5
2024-03,Otradnoye,SVAO,299000,1246,18.5
2024-03,Zyuzino,YuZAO,384000,1600,18.5
2024-03,Sokol,SAO,382800,1595,18.5
2024-03,Lianozovo,SVAO,273100,1138,18.5
2024-03,Vnukovskoye,NAO,221700,924,18.5
2024-03,Babushkinsky,SVAO,295200,1230,18.5
2024-03,Krylatskoye,SZAO,480800,2003,18.5
2024-03,Moskovsky,NAO,225600,940,18.5
2024-03,Tyoply Stan,YuZAO,323100,1346,18.5
2024-03,Mozhaysky,ZAO,369800,1541,18.5
2024-03,Ostankinsky,SVAO,339300,1414,18.5
2024-03,Zyablikovo,YuAO,260800,1087,18.5
2024-03,Dmitrovsky,SAO,261400,1089,18.5
2024-03,Khoroshyovsky,SAO,399200,1663,18.5
2024-03,Chertanovo Yuzhnoye,YuAO,260800,1087,18.5
2024-03,Kievsky,TAO,107500,448,18.5
2024-03,Dorogomilovo,ZAO,564900,2354,18.5
2024-03,Strogino,SZAO,424000,1767,18.5
2024-03,Losinoostrovsky,SVAO,288900,1204,18.5
2024-03,Kuntsevo,ZAO,408200,1701,18.5
2024-03,Donskoy,YuAO,383300,1597,18.5
2024-03,Vostochnoye Izmaylovo,VAO,288200,1201,18.5
2024-03,Krasnoselsky,CAO,537700,2240,18.5
2024-03,Severnoye Butovo,YuZAO,326400,1360,18.5
2024-03,Presnensky,CAO,709300,2955,18.5
2024-03,Akademichesky,YuZAO,421700,1757,18.5
2024-03,Yakimanka,CAO,697200,2905,18.5
2024-03,Zapadnoye Degunino,SAO,291600,1215,18.5
2024-03,Arbat,CAO,745000,3104,18.5
2024-03,Mikhaylovo-Yartsevskoye,TAO,112700,470,18.5
2024-03,Meshchansky,CAO,580200,2418,18.5
2024-03,Novogireyevo,VAO,308700,1286,18.5
2024-03,Yuzhnoye Butovo,YuZAO,298500,1244,18.5
2024-03,Khovrino,SAO,286200,1192,18.5
2024-03,Vostochny,VAO,235800,983,18.5
2024-03,Zamoskvorechye,CAO,598000,2492,18.5
2024-03,Tverskoy,CAO,724700,3019,18.5
2024-03,Sokolinaya Gora,VAO,278900,1162,18.5
2024-03,Kotlovka,YuZAO,392900,1637,18.5
2024-03,Solntsevo,ZAO,318900,1329,18.5
2024-03,Severnoye Medvedkovo,SVAO,277800,1157,18.5
2024-04,Kosino-Ukhtomsky,VAO,255000,1063,18.5
2024-04,Danilovsky,YuAO,364800,1520,18.5
2024-04,Yasenevo,YuZAO,376900,1570,18.5
2024-04,Mikhaylovo-Yartsevskoye,TAO,121400,506,18.5
2024-04,Biryulyovo Zapadnoye,YuAO,251200,1047,18.5
2024-04,Ramenki,ZAO,485900,2025,18.5
2024-04,Filimonkovskoye,NAO,194700,811,18.5
2024-04,Novofyodorovskoye,TAO,114000,475,18.5
2024-04,Khamovniki,CAO,802100,3342,18.5
2024-04,Kuntsevo,ZAO,415700,1732,18.5
2024-04,Severnoye Medvedkovo,SVAO,290900,1212,18.5
2024-04,Brateyevo,YuAO,255300,1064,18.5
2024-04,Shcherbinka,NAO,222100,926,18.5
2024-04,Dorogomilovo,ZAO,565800,2358,18.5
2024-04,Khoroshyovo-Mnyovniki,SZAO,397100,1654,18.5
2024-04,Ostankinsky,SVAO,353100,1471,18.5
2024-04,Khoroshyovsky,SAO,444400,1852,18.5
2024-04,Solntsevo,ZAO,329100,1371,18.5
2024-04,Tverskoy,CAO,697600,2907,18.5
2024-04,Yakimanka,CAO,717800,2991,18.5
2024-04,Khovrino,SAO,268500,1119,18.5
2024-04,Aeroport,SAO,353700,1474,18.5
2024-04,Donskoy,YuAO,376700,1569,18.5
2024-04,Yaroslavsky,SVAO,275000,1146,18.5
2024-04,Orekhovo-Borisovo Yuzhnoye,YuAO,254700,1061,18.5
2024-04,Obruchevsky,YuZAO,408600,1702,18.5
2024-04,Bogorodskoye,VAO,283900,1183,18.5
2024-04,Krasnopakhorskoye,TAO,133500,556,18.5
2024-04,Voronovskoye,TAO,120700,503,18.5
2024-04,Shchukino,SZAO,406800,1695,18.5
2024-04,Otradnoye,SVAO,291200,1213,18.5
2024-04,Tsaritsyno,YuAO,261300,1089,18.5
2024-04,Lomonosovsky,YuZAO,500900,2087,18.5
2024-04,Orekhovo-Borisovo Severnoye,YuAO,263400,1098,18.5
2024-04,Basmanny,CAO,596500,2486,18.5
2024-04,Akademichesky,YuZAO,424800,1770,18.5
2024-04,Kokoshkino,NAO,178600,744,18.5
2024-04,Klyonovskoye,TAO,109600,457,18.5
2024-04,Sviblovo,SVAO,276500,1152,18.5
2024-04,Koptevo,SAO,313900,1308,18.5
2024-04,Severnoye Tushino,SZAO,325700,1357,18.5
2024-04,Severnoye Izmaylovo,VAO,291500,1215,18.5
2024-04,Altufyevsky,SVAO,264100,1100,18.5
2024-04,Butyrsky,SVAO,329700,1374,18.5
2024-04,Rogovskoye,TAO,113300,472,18.5
2024-04,Kurkino,SZAO,386600,1611,18.5
2024-04,Marushkinskoye,NAO,174200,726,18.5
2024-04,Vostochny,VAO,247400,1031,18.5
2024-04,Zapadnoye Degunino,SAO,275700,1149,18.5
2024-04,Gagarinsky,YuZAO,493000,2054,18.5
2024-04,Troitsk,TAO,156500,652,18.5
2024-04,Novogireyevo,VAO,277200,1155,18.5
2024-04,Yuzhnoye Butovo,YuZAO,306000,1275,18.5
2024-04,Presnensky,CAO,709900,2958,18.5
2024-04,Sokolinaya Gora,VAO,284200,1184,18.5
2024-04,Kotlovka,YuZAO,395700,1649,18.5
2024-04,Troparyovo-Nikulino,ZAO,429400,1789,18.5
2024-04,Zyablikovo,YuAO,258800,1079,18.5
2024-04,Mozhaysky,ZAO,393400,1639,18.5
2024-04,Krylatskoye,SZAO,478600,1994,18.5
2024-04,Moskovsky,NAO,230700,961,18.5
2024-04,Zamoskvorechye,CAO,634700,2644,18.5
2024-04,Desyonovskoye,NAO,204800,853,18.5
2024-04,Voskresenskoye,NAO,210000,875,18.5
2024-04,Tyoply Stan,YuZAO,337100,1404,18.5
2024-04,Babushkinsky,SVAO,281300,1172,18.5
2024-04,Meshchansky,CAO,552700,2303,18.5
2024-04,Pokrovskoye-Streshnevo,SZAO,372200,1551,18.5
2024-04,Severny,SVAO,250800,1045,18.5
2024-04,Perovo,VAO,299000,1246,18.5
2024-04,Novokosino,VAO,276000,1150,18.5
2024-04,Molzhaninovsky,SAO,231100,963,18.5
2024-04,Konkovo,YuZAO,360500,1502,18.5
2024-04,Zyuzino,YuZAO,376500,1569,18.5
2024-04,Ivanovskoye,VAO,274600,1144,18.5
2024-04,Lianozovo,SVAO,261000,1088,18.5
2024-04,Bibirevo,SVAO,284500,1185,18.5
2024-04,Ochakovo-Matveyevskoye,ZAO,352000,1467,18.5
2024-04,Golyanovo,VAO,263700,1099,18.5
2024-04,Levoberezhny,SAO,274900,1145,18.5
2024-04,Savyolovsky,SAO,381400,1589,18.5
2024-04,Preobrazhenskoye,VAO,321800,1341,18.5
2024-04,Nagatinsky Zaton,YuAO,344600,1436,18.5
2024-04,Cheryomushki,YuZAO,391600,1632,18.5
2024-04,Moskvorechye-Saburovo,YuAO,268200,1118,18.5
2024-04,Mitino,SZAO,333700,1390,18.5
2024-04,Vnukovskoye,NAO,228700,953,18.5
2024-04,Arbat,CAO,729400,3039,18.5
2024-04,Beskudnikovsky,SAO,280800,1170,18.5
2024-04,Chertanovo Tsentralnoye,YuAO,277100,1155,18.5
2024-04,Ryazanovskoye,NAO,183100,763,18.5
2024-04,Izmaylovo,VAO,317000,1321,18.5
2024-04,Strogino,SZAO,416100,1734,18.5
2024-04,Alekseevsky,SVAO,334700,1395,18.5
2024-04,Dmitrovsky,SAO,268900,1120,18.5
2024-04,Yuzhnoye Medvedkovo,SVAO,295200,1230,18.5
2024-04,Filyovsky Park,ZAO,449700,1874,18.5
2024-04,Biryulyovo Vostochnoye,YuAO,257100,1071,18.5
2024-04,Veshnyaki,VAO,268500,1119,18.5
2024-04,Novo-Peredelkino,ZAO,314100,1309,18.5
2024-04,Tagansky,CAO,562900,2346,18.5
2024-04,Marfino,SVAO,299600,1248,18.5
2024-04,Sosenskoye,NAO,231200,963,18.5
2024-04,Chertanovo Severnoye,YuAO,288500,1202,18.5
2024-04,Timiryazevsky,SAO,349000,1454,18.5
2024-04,Nagatino-Sadovniki,YuAO,318900,1329,18.5
2024-04,Vnukovo,ZAO,297300,1239,18.5
2024-04,Prospekt Vernadskogo,ZAO,489100,2038,18.5
2024-04,Begovoy,SAO,389300,1622,18.5
2024-04,Shchapovskoye,TAO,118300,493,18.5
2024-04,Yuzhnoye Tushino,SZAO,335200,1397,18.5
2024-04,Maryina Roshcha,SVAO,363300,1514,18.5
2024-04,Rostokino,SVAO,304100,1267,18.5
2024-04,Metrogorodok,VAO,259200,1080,18.5
2024-04,Pervomayskoye,TAO,122500,510,18.5
2024-04,Sokol,SAO,391000,1629,18.5
2024-04,Chertanovo Yuzhnoye,YuAO,256500,1069,18.5
2024-04,Krasnoselsky,CAO,555400,2314,18.5
2024-04,Kievsky,TAO,111200,463,18.5
2024-04,Losinoostrovsky,SVAO,292400,1218,18.5
2024-04,Vostochnoye Izmaylovo,VAO,299200,1247,18.5
2024-04,Severnoye Butovo,YuZAO,313900,1308,18.5
2024-04,Sokolniki,VAO,346500,1444,18.5
2024-04,Mosrentgen,NAO,217200,905,18.5
2024-04,Voykovsky,SAO,338000,1408,18.5
2024-04,Golovinsky,SAO,301600,1257,18.5
2024-04,Nagorny,YuAO,324700,1353,18.5
2024-04,Zelenograd,ZelAO,189100,788,18.5
2024-04,Fili-Davydkovo,ZAO,444900,1854,18.5
2024-05,Zyablikovo,YuAO,252900,1054,18.5
2024-05,Troitsk,TAO,153900,641,18.5
2024-05,Prospekt Vernadskogo,ZAO,463400,1931,18.5
2024-05,Mozhaysky,ZAO,384700,1603,18.5
2024-05,Severnoye Medvedkovo,SVAO,284300,1185,18.5
2024-05,Voronovskoye,TAO,120800,503,18.5
2024-05,Klyonovskoye,TAO,108900,454,18.5
2024-05,Krasnoselsky,CAO,552400,2302,18.5
2024-05,Meshchansky,CAO,565200,2355,18.5
2024-05,Novofyodorovskoye,TAO,112200,467,18.5
2024-05,Rostokino,SVAO,287900,1200,18.5
2024-05,Severny,SVAO,249300,1039,18.5
2024-05,Nagorny,YuAO,324000,1350,18.5
2024-05,Kuntsevo,ZAO,412100,1717,18.5
2024-05,Pervomayskoye,TAO,126400,527,18.5
2024-05,Yuzhnoye Medvedkovo,SVAO,290100,1209,18.5
2024-05,Nagatino-Sadovniki,YuAO,324000,1350,18.5
2024-05,Presnensky,CAO,677600,2823,18.5
2024-05,Ochakovo-Matveyevskoye,ZAO,370800,1545,18.5
2024-05,Tagansky,CAO,563400,2348,18.5
2024-05,Rogovskoye,TAO,110400,460,18.5
2024-05,Novo-Peredelkino,ZAO,311100,1296,18.5
2024-05,Sviblovo,SVAO,287400,1197,18.5
2024-05,Nagatinsky Zaton,YuAO,339900,1416,18.5
2024-05,Tverskoy,CAO,757600,3157,18.5
2024-05,Losinoostrovsky,SVAO,273100,1138,18.5
2024-05,Donskoy,YuAO,384900,1604,18.5
2024-05,Moskvorechye-Saburovo,YuAO,284500,1185,18.5
2024-05,Chertanovo Yuzhnoye,YuAO,263300,1097,18.5
2024-05,Severnoye Tushino,SZAO,328400,1368,18.5
2024-05,Zapadnoye Degunino,SAO,285300,1189,18.5
2024-05,Akademichesky,YuZAO,439100,1830,18.5
2024-05,Yuzhnoye Butovo,YuZAO,305200,1272,18.5
2024-05,Sokolinaya Gora,VAO,292300,1218,18.5
2024-05,Lianozovo,SVAO,275600,1148,18.5
2024-05,Altufyevsky,SVAO,288200,1201,18.5
2024-05,Novogireyevo,VAO,278300,1160,18.5
2024-05,Krylatskoye,SZAO,467800,1949,18.5
2024-05,Moskovsky,NAO,237400,989,18.5
2024-05,Kotlovka,YuZAO,392800,1637,18.5
2024-05,Zamoskvorechye,CAO,639800,2666,18.5
2024-05,Dmitrovsky,SAO,274300,1143,18.5
2024-05,Vostochny,VAO,244400,1018,18.5
2024-05,Sokol,SAO,393500,1640,18.5
2024-05,Golovinsky,SAO,310400,1293,18.5
2024-05,Vostochnoye Izmaylovo,VAO,299200,1246,18.5
2024-05,Sokolniki,VAO,334500,1394,18.5
2024-05,Mosrentgen,NAO,242200,1009,18.5
2024-05,Yasenevo,YuZAO,359300,1497,18.5
2024-05,Severnoye Butovo,YuZAO,325800,1358,18.5
2024-05,Fili-Davydkovo,ZAO,443300,1847,18.5
2024-05,Voykovsky,SAO,334700,1395,18.5
2024-05,Chertanovo Tsentralnoye,YuAO,275700,1149,18.5
2024-05,Ryazanovskoye,NAO,184700,770,18.5
2024-05,Izmaylovo,VAO,322300,1343,18.5
2024-05,Marfino,SVAO,283800,1182,18.5
2024-05,Novokosino,VAO,269500,1123,18.5
2024-05,Babushkinsky,SVAO,292500,1219,18.5
2024-05,Pokrovskoye-Streshnevo,SZAO,371000,1546,18.5
2024-05,Molzhaninovsky,SAO,241500,1006,18.5
2024-05,Zyuzino,YuZAO,376800,1570,18.5
2024-05,Perovo,VAO,287300,1197,18.5
2024-05,Desyonovskoye,NAO,218400,910,18.5
2024-05,Bibirevo,SVAO,283700,1182,18.5
2024-05,Voskresenskoye,NAO,222400,927,18.5
2024-05,Golyanovo,VAO,263900,1100,18.5
2024-05,Tyoply Stan,YuZAO,370000,1542,18.5
2024-05,Levoberezhny,SAO,295900,1233,18.5
2024-05,Preobrazhenskoye,VAO,307300,1281,18.5
2024-05,Cheryomushki,YuZAO,413400,1722,18.5
2024-05,Zelenograd,ZelAO,193500,806,18.5
2024-05,Mitino,SZAO,326700,1361,18.5
2024-05,Konkovo,YuZAO,370000,1542,18.5
2024-05,Gagarinsky,YuZAO,483000,2012,18.5
2024-05,Kokoshkino,NAO,174500,727,18.5
2024-05,Ivanovskoye,VAO,272200,1134,18.5
2024-05,Savyolovsky,SAO,382500,1594,18.5
2024-05,Koptevo,SAO,292200,1217,18.5
2024-05,Severnoye Izmaylovo,VAO,293300,1222,18.5
2024-05,Butyrsky,SVAO,338200,1409,18.5
2024-05,Vnukovskoye,NAO,221800,924,18.5
2024-05,Kurkino,SZAO,393300,1639,18.5
2024-05,Marushkinskoye,NAO,178000,742,18.5
2024-05,Arbat,CAO,766400,3194,18.5
2024-05,Khovrino,SAO,268200,1118,18.5
2024-05,Biryulyovo Zapadnoye,YuAO,257800,1074,18.5
2024-05,Shchapovskoye,TAO,117400,489,18.5
2024-05,Filimonkovskoye,NAO,189300,789,18.5
2024-05,Strogino,SZAO,415000,1729,18.5
2024-05,Tsaritsyno,YuAO,276800,1153,18.5
2024-05,Bogorodskoye,VAO,276200,1151,18.5
2024-05,Aeroport,SAO,364300,1518,18.5
2024-05,Brateyevo,YuAO,262200,1092,18.5
2024-05,Dorogomilovo,ZAO,597300,2489,18.5
2024-05,Shcherbinka,NAO,215400,898,18.5
2024-05,Ostankinsky,SVAO,346400,1443,18.5
2024-05,Khoroshyovsky,SAO,446500,1860,18.5
2024-05,Solntsevo,ZAO,327300,1364,18.5
2024-05,Khoroshyovo-Mnyovniki,SZAO,400000,1667,18.5
2024-05,Yakimanka,CAO,751600,3132,18.5
2024-05,Obruchevsky,YuZAO,406000,1692,18.5
2024-05,Orekhovo-Borisovo Yuzhnoye,YuAO,257500,1073,18.5
2024-05,Krasnopakhorskoye,TAO,132100,550,18.5
2024-05,Otradnoye,SVAO,292600,1219,18.5
2024-05,Shchukino,SZAO,417400,1739,18.5
2024-05,Ramenki,ZAO,483600,2015,18.5
2024-05,Yaroslavsky,SVAO,268200,1117,18.5
2024-05,Danilovsky,YuAO,359300,1497,18.5
2024-05,Kosino-Ukhtomsky,VAO,259700,1082,18.5
2024-05,Khamovniki,CAO,786400,3277,18.5
2024-05,Mikhaylovo-Yartsevskoye,TAO,117900,491,18.5
2024-05,Orekhovo-Borisovo Severnoye,YuAO,271500,1131,18.5
2024-05,Troparyovo-Nikulino,ZAO,422900,1762,18.5
2024-05,Alekseevsky,SVAO,349100,1455,18.5
2024-05,Chertanovo Severnoye,YuAO,284500,1185,18.5
2024-05,Vnukovo,ZAO,291000,1212,18.5
2024-05,Sosenskoye,NAO,236200,984,18.5
2024-05,Kievsky,TAO,118800,495,18.5
2024-05,Beskudnikovsky,SAO,275000,1146,18.5
2024-05,Begovoy,SAO,391900,1633,18.5
2024-05,Timiryazevsky,SAO,348300,1451,18.5
2024-05,Veshnyaki,VAO,267100,1113,18.5
2024-05,Maryina Roshcha,SVAO,362400,1510,18.5
2024-05,Biryulyovo Vostochnoye,YuAO,245800,1024,18.5
2024-05,Yuzhnoye Tushino,SZAO,335900,1400,18.5
2024-05,Metrogorodok,VAO,260200,1084,18.5
2024-05,Basmanny,CAO,573000,2388,18.5
2024-05,Lomonosovsky,YuZAO,496900,2070,18.5
2024-05,Filyovsky Park,ZAO,452400,1885,18.5
2024-06,Voronovskoye,TAO,119400,497,18.5
2024-06,Alekseevsky,SVAO,352300,1468,18.5
2024-06,Molzhaninovsky,SAO,252400,1052,18.5
2024-06,Voskresenskoye,NAO,208500,869,18.5
2024-06,Zelenograd,ZelAO,188900,787,18.5
2024-06,Shchukino,SZAO,404500,1685,18.5
2024-06,Strogino,SZAO,407700,1699,18.5
2024-06,Severnoye Medvedkovo,SVAO,289400,1206,18.5
2024-06,Sokol,SAO,406100,1692,18.5
2024-06,Khovrino,SAO,275500,1148,18.5
2024-06,Kievsky,TAO,111800,466,18.5
2024-06,Krasnoselsky,CAO,537000,2237,18.5
2024-06,Khoroshyovsky,SAO,429400,1789,18.5
2024-06,Savyolovsky,SAO,394900,1645,18.5
2024-06,Troitsk,TAO,164800,687,18.5
2024-06,Vnukovskoye,NAO,234300,976,18.5
2024-06,Timiryazevsky,SAO,340200,1418,18.5
2024-06,Yuzhnoye Tushino,SZAO,335200,1397,18.5
2024-06,Khoroshyovo-Mnyovniki,SZAO,405300,1689,18.5
2024-06,Altufyevsky,SVAO,268800,1120,18.5
2024-06,Severnoye Tushino,SZAO,336600,1403,18.5
2024-06,Troparyovo-Nikulino,ZAO,441200,1838,18.5
2024-06,Voykovsky,SAO,318400,1327,18.5
2024-06,Ryazanovskoye,NAO,179800,749,18.5
2024-06,Marfino,SVAO,293100,1221,18.5
2024-06,Filyovsky Park,ZAO,440000,1833,18.5
2024-06,Beskudnikovsky,SAO,277400,1156,18.5
2024-06,Tagansky,CAO,558600,2328,18.5
2024-06,Sosenskoye,NAO,222900,929,18.5
2024-06,Begovoy,SAO,383700,1599,18.5
2024-06,Prospekt Vernadskogo,ZAO,497800,2074,18.5
2024-06,Novofyodorovskoye,TAO,113200,472,18.5
2024-06,Rostokino,SVAO,304800,1270,18.5
2024-06,Maryina Roshcha,SVAO,355200,1480,18.5
2024-06,Basmanny,CAO,596000,2483,18.5
2024-06,Fili-Davydkovo,ZAO,457100,1904,18.5
2024-06,Filimonkovskoye,NAO,189200,788,18.5
2024-06,Aeroport,SAO,348300,1451,18.5
2024-06,Ostankinsky,SVAO,350900,1462,18.5
2024-06,Solntsevo,ZAO,329800,1374,18.5
2024-06,Shcherbinka,NAO,212600,886,18.5
2024-06,Yakimanka,CAO,728700,3036,18.5
2024-06,Tverskoy,CAO,721600,3007,18.5
2024-06,Krasnopakhorskoye,TAO,132700,553,18.5
2024-06,Otradnoye,SVAO,297400,1239,18.5
2024-06,Ramenki,ZAO,510800,2128,18.5
2024-06,Khamovniki,CAO,810300,3376,18.5
2024-06,Mikhaylovo-Yartsevskoye,TAO,121100,505,18.5
2024-06,Kurkino,SZAO,404200,1684,18.5
2024-06,Pokrovskoye-Streshnevo,SZAO,353800,1474,18.5
2024-06,Meshchansky,CAO,560600,2336,18.5
2024-06,Desyonovskoye,NAO,208300,868,18.5
2024-06,Levoberezhny,SAO,308900,1287,18.5
2024-06,Bibirevo,SVAO,273900,1141,18.5
2024-06,Ochakovo-Matveyevskoye,ZAO,396700,1653,18.5
2024-06,Mitino,SZAO,312400,1302,18.5
2024-06,Rogovskoye,TAO,109200,455,18.5
2024-06,Sviblovo,SVAO,295200,1230,18.5
2024-06,Kokoshkino,NAO,184400,768,18.5
2024-06,Koptevo,SAO,301700,1257,18.5
2024-06,Butyrsky,SVAO,324100,1350,18.5
2024-06,Babushkinsky,SVAO,317200,1322,18.5
2024-06,Marushkinskoye,NAO,178400,743,18.5
2024-06,Zapadnoye Degunino,SAO,273200,1138,18.5
2024-06,Dmitrovsky,SAO,262900,1095,18.5
2024-06,Presnensky,CAO,703300,2930,18.5
2024-06,Lianozovo,SVAO,274300,1143,18.5
2024-06,Krylatskoye,SZAO,473500,1973,18.5
2024-06,Moskovsky,NAO,227000,946,18.5
2024-06,Zamoskvorechye,CAO,628900,2620,18.5
2024-06,Golovinsky,SAO,287900,1199,18.5
2024-06,Pervomayskoye,TAO,129100,538,18.5
2024-06,Mosrentgen,NAO,231400,964,18.5
2024-06,Losinoostrovsky,SVAO,284900,1187,18.5
2024-06,Konkovo,YuZAO,359700,1499,18.5
2024-06,Veshnyaki,VAO,268000,1117,18.5
2024-06,Zyablikovo,YuAO,259500,1081,18.5
2024-06,Biryulyovo Vostochnoye,YuAO,254500,1060,18.5
2024-06,Kotlovka,YuZAO,371800,1549,18.5
2024-06,Novogireyevo,VAO,295600,1231,18.5
2024-06,Chertanovo Tsentralnoye,YuAO,272900,1137,18.5
2024-06,Novo-Peredelkino,ZAO,310800,1295,18.5
2024-06,Severny,SVAO,243700,1015,18.5
2024-06,Arbat,CAO,736100,3067,18.5
2024-06,Yasenevo,YuZAO,376900,1570,18.5
2024-06,Sokolniki,VAO,353800,1474,18.5
2024-06,Vostochnoye Izmaylovo,VAO,286500,1194,18.5
2024-06,Ivanovskoye,VAO,290800,1212,18.5
2024-06,Chertanovo Yuzhnoye,YuAO,256600,1069,18.5
2024-06,Tyoply Stan,YuZAO,333200,1388,18.5
2024-06,Kosino-Ukhtomsky,VAO,242800,1012,18.5
2024-06,Sokolinaya Gora,VAO,283400,1181,18.5
2024-06,Yuzhnoye Butovo,YuZAO,298300,1243,18.5
2024-06,Vostochny,VAO,248100,1034,18.5
2024-06,Novokosino,VAO,275000,1146,18.5
2024-06,Akademichesky,YuZAO,443400,1848,18.5
2024-06,Mozhaysky,ZAO,390000,1625,18.5
2024-06,Yuzhnoye Medvedkovo,SVAO,294100,1225,18.5
2024-06,Severnoye Izmaylovo,VAO,300500,1252,18.5
2024-06,Cheryomushki,YuZAO,413400,1723,18.5
2024-06,Moskvorechye-Saburovo,YuAO,291600,1215,18.5
2024-06,Preobrazhenskoye,VAO,326400,1360,18.5
2024-06,Gagarinsky,YuZAO,494300,2060,18.5
2024-06,Zyuzino,YuZAO,380300,1585,18.5
2024-06,Golyanovo,VAO,254200,1059,18.5
2024-06,Perovo,VAO,289600,1207,18.5
2024-06,Kuntsevo,ZAO,398100,1659,18.5
2024-06,Yaroslavsky,SVAO,285000,1188,18.5
2024-06,Danilovsky,YuAO,350500,1460,18.5
2024-06,Nagatinsky Zaton,YuAO,352700,1469,18.5
2024-06,Orekhovo-Borisovo Yuzhnoye,YuAO,261300,1089,18.5
2024-06,Nagorny,YuAO,315400,1314,18.5
2024-06,Chertanovo Severnoye,YuAO,285700,1190,18.5
2024-06,Lomonosovsky,YuZAO,489000,2037,18.5
2024-06,Metrogorodok,VAO,274500,1144,18.5
2024-06,Dorogomilovo,ZAO,562700,2345,18.5
2024-06,Brateyevo,YuAO,260900,1087,18.5
2024-06,Bogorodskoye,VAO,297800,1241,18.5
2024-06,Tsaritsyno,YuAO,277600,1157,18.5
2024-06,Nagatino-Sadovniki,YuAO,323000,1346,18.5
2024-06,Orekhovo-Borisovo Severnoye,YuAO,251500,1048,18.5
2024-06,Obruchevsky,YuZAO,415700,1732,18.5
2024-06,Izmaylovo,VAO,314500,1311,18.5
2024-06,Shchapovskoye,TAO,121700,507,18.5
2024-06,Severnoye Butovo,YuZAO,324000,1350,18.5
2024-06,Biryulyovo Zapadnoye,YuAO,255800,1066,18.5
2024-06,Donskoy,YuAO,375000,1562,18.5
2024-06,Klyonovskoye,TAO,103800,432,18.5
2024-06,Vnukovo,ZAO,300100,1250,18.5
2024-07,Tyoply Stan,YuZAO,347200,1447,18.5
2024-07,Pokrovskoye-Streshnevo,SZAO,368600,1536,18.5
2024-07,Babushkinsky,SVAO,299100,1246,18.5
2024-07,Yuzhnoye Butovo,YuZAO,310000,1292,18.5
2024-07,Obruchevsky,YuZAO,405300,1689,18.5
2024-07,Khoroshyovsky,SAO,401600,1673,18.5
2024-07,Khoroshyovo-Mnyovniki,SZAO,400700,1670,18.5
2024-07,Alekseevsky,SVAO,353200,1472,18.5
2024-07,Strogino,SZAO,439600,1832,18.5
2024-07,Ivanovskoye,VAO,294300,1226,18.5
2024-07,Severnoye Tushino,SZAO,326700,1361,18.5
2024-07,Izmaylovo,VAO,328100,1367,18.5
2024-07,Severnoye Butovo,YuZAO,330200,1376,18.5
2024-07,Altufyevsky,SVAO,270800,1128,18.5
2024-07,Meshchansky,CAO,604300,2518,18.5
2024-07,Ostankinsky,SVAO,359500,1498,18.5
2024-07,Filyovsky Park,ZAO,444500,1852,18.5
2024-07,Veshnyaki,VAO,259800,1083,18.5
2024-07,Vnukovo,ZAO,301800,1258,18.5
2024-07,Basmanny,CAO,583200,2430,18.5
2024-07,Maryina Roshcha,SVAO,351000,1462,18.5
2024-07,Troparyovo-Nikulino,ZAO,426600,1778,18.5
2024-07,Bogorodskoye,VAO,297200,1239,18.5
2024-07,Dorogomilovo,ZAO,593600,2473,18.5
2024-07,Marfino,SVAO,307900,1283,18.5
2024-07,Solntsevo,ZAO,339400,1414,18.5
2024-07,Krasnoselsky,CAO,544100,2267,18.5
2024-07,Otradnoye,SVAO,312300,1301,18.5
2024-07,Ramenki,ZAO,486700,2028,18.5
2024-07,Yaroslavsky,SVAO,290300,1210,18.5
2024-07,Kuntsevo,ZAO,409000,1704,18.5
2024-07,Klyonovskoye,TAO,116100,484,18.5
2024-07,Tagansky,CAO,556100,2317,18.5
2024-07,Rostokino,SVAO,281700,1174,18.5
2024-07,Golyanovo,VAO,264800,1103,18.5
2024-07,Bibirevo,SVAO,282300,1176,18.5
2024-07,Mitino,SZAO,318600,1327,18.5
2024-07,Cheryomushki,YuZAO,402200,1676,18.5
2024-07,Troitsk,TAO,155000,646,18.5
2024-07,Butyrsky,SVAO,330600,1377,18.5
2024-07,Kurkino,SZAO,385000,1604,18.5
2024-07,Vostochny,VAO,241000,1004,18.5
2024-07,Moskvorechye-Saburovo,YuAO,288700,1203,18.5
2024-07,Lianozovo,SVAO,291400,1214,18.5
2024-07,Krylatskoye,SZAO,458800,1912,18.5
2024-07,Vostochnoye Izmaylovo,VAO,304500,1269,18.5
2024-07,Yasenevo,YuZAO,376700,1570,18.5
2024-07,Losinoostrovsky,SVAO,296800,1237,18.5
2024-07,Fili-Davydkovo,ZAO,429800,1791,18.5
2024-07,Voronovskoye,TAO,117700,490,18.5
2024-07,Ryazanovskoye,NAO,186600,777,18.5
2024-07,Filimonkovskoye,NAO,194900,812,18.5
2024-07,Biryulyovo Zapadnoye,YuAO,249500,1040,18.5
2024-07,Begovoy,SAO,414300,1726,18.5
2024-07,Sosenskoye,NAO,231800,966,18.5
2024-07,Chertanovo Severnoye,YuAO,294400,1227,18.5
2024-07,Beskudnikovsky,SAO,277400,1156,18.5
2024-07,Biryulyovo Vostochnoye,YuAO,250100,1042,18.5
2024-07,Zyablikovo,YuAO,269800,1124,18.5
2024-07,Tsaritsyno,YuAO,283500,1181,18.5
2024-07,Chertanovo Tsentralnoye,YuAO,289700,1207,18.5
2024-07,Voykovsky,SAO,330100,1375,18.5
2024-07,Mosrentgen,NAO,220300,918,18.5
2024-07,Sokolniki,VAO,347600,1448,18.5
2024-07,Golovinsky,SAO,297600,1240,18.5
2024-07,Zamoskvorechye,CAO,627300,2614,18.5
2024-07,Chertanovo Yuzhnoye,YuAO,262700,1095,18.5
2024-07,Moskovsky,NAO,230200,959,18.5
2024-07,Krasnopakhorskoye,TAO,129500,540,18.5
2024-07,Novofyodorovskoye,TAO,108500,452,18.5
2024-07,Donskoy,YuAO,374600,1561,18.5
2024-07,Tverskoy,CAO,737600,3073,18.5
2024-07,Orekhovo-Borisovo Severnoye,YuAO,256900,1070,18.5
2024-07,Nagorny,YuAO,324000,1350,18.5
2024-07,Mikhaylovo-Yartsevskoye,TAO,116500,485,18.5
2024-07,Danilovsky,YuAO,354600,1477,18.5
2024-07,Khamovniki,CAO,771700,3215,18.5
2024-07,Sokolinaya Gora,VAO,288500,1202,18.5
2024-07,Orekhovo-Borisovo Yuzhnoye,YuAO,260700,1086,18.5
2024-07,Yakimanka,CAO,758400,3160,18.5
2024-07,Pervomayskoye,TAO,123900,516,18.5
2024-07,Shcherbinka,NAO,213100,888,18.5
2024-07,Brateyevo,YuAO,267700,1115,18.5
2024-07,Shchapovskoye,TAO,118400,493,18.5
2024-07,Aeroport,SAO,361800,1507,18.5
2024-07,Zelenograd,ZelAO,197800,824,18.5
2024-07,Novokosino,VAO,265200,1105,18.5
2024-07,Konkovo,YuZAO,371200,1547,18.5
2024-07,Savyolovsky,SAO,389100,1621,18.5
2024-07,Vnukovskoye,NAO,227100,946,18.5
2024-07,Arbat,CAO,740500,3085,18.5
2024-07,Novogireyevo,VAO,309700,1291,18.5
2024-07,Kotlovka,YuZAO,408100,1701,18.5
2024-07,Sokol,SAO,414500,1727,18.5
2024-07,Voskresenskoye,NAO,211300,880,18.5
2024-07,Timiryazevsky,SAO,337500,1406,18.5
2024-07,Kievsky,TAO,114700,478,18.5
2024-07,Yuzhnoye Tushino,SZAO,351700,1465,18.5
2024-07,Metrogorodok,VAO,265500,1106,18.5
2024-07,Lomonosovsky,YuZAO,486200,2026,18.5
2024-07,Nagatinsky Zaton,YuAO,325700,1357,18.5
2024-07,Khovrino,SAO,283400,1181,18.5
2024-07,Shchukino,SZAO,410400,1710,18.5
2024-07,Preobrazhenskoye,VAO,316600,1319,18.5
2024-07,Dmitrovsky,SAO,279400,1164,18.5
2024-07,Presnensky,CAO,738300,3076,18.5
2024-07,Severnoye Izmaylovo,VAO,300400,1252,18.5
2024-07,Akademichesky,YuZAO,442300,1843,18.5
2024-07,Marushkinskoye,NAO,179300,747,18.5
2024-07,Zapadnoye Degunino,SAO,278500,1160,18.5
2024-07,Koptevo,SAO,325300,1356,18.5
2024-07,Kokoshkino,NAO,180500,752,18.5
2024-07,Kosino-Ukhtomsky,VAO,263700,1099,18.5
2024-07,Gagarinsky,YuZAO,485600,2023,18.5
2024-07,Levoberezhny,SAO,288800,1203,18.5
2024-07,Desyonovskoye,NAO,215800,899,18.5
2024-07,Perovo,VAO,300700,1253,18.5
2024-07,Zyuzino,YuZAO,392700,1636,18.5
2024-07,Molzhaninovsky,SAO,232700,969,18.5
2024-07,Rogovskoye,TAO,110700,461,18.5
2024-07,Mozhaysky,ZAO,388100,1617,18.5
2024-07,Prospekt Vernadskogo,ZAO,485900,2025,18.5
2024-07,Severny,SVAO,260500,1085,18.5
2024-07,Novo-Peredelkino,ZAO,304100,1267,18.5
2024-07,Yuzhnoye Medvedkovo,SVAO,288600,1202,18.5
2024-07,Nagatino-Sadovniki,YuAO,325800,1358,18.5
2024-07,Ochakovo-Matveyevskoye,ZAO,377400,1573,18.5
2024-07,Severnoye Medvedkovo,SVAO,292000,1217,18.5
2024-07,Sviblovo,SVAO,287500,1198,18.5
2024-08,Pervomayskoye,TAO,128100,534,18.5
2024-08,Gagarinsky,YuZAO,487600,2032,18.5
2024-08,Preobrazhenskoye,VAO,307700,1282,18.5
2024-08,Kokoshkino,NAO,186100,776,18.5
2024-08,Yakimanka,CAO,735300,3064,18.5
2024-08,Kurkino,SZAO,376200,1568,18.5
2024-08,Prospekt Vernadskogo,ZAO,481500,2006,18.5
2024-08,Vostochny,VAO,238300,993,18.5
2024-08,Dorogomilovo,ZAO,585600,2440,18.5
2024-08,Zapadnoye Degunino,SAO,284700,1186,18.5
2024-08,Ochakovo-Matveyevskoye,ZAO,377300,1572,18.5
2024-08,Yuzhnoye Butovo,YuZAO,318700,1328,18.5
2024-08,Marushkinskoye,NAO,175800,732,18.5
2024-08,Lianozovo,SVAO,258900,1079,18.5
2024-08,Ostankinsky,SVAO,355000,1479,18.5
2024-08,Zyablikovo,YuAO,255900,1066,18.5
2024-08,Akademichesky,YuZAO,422200,1759,18.5
2024-08,Severnoye Izmaylovo,VAO,290600,1211,18.5
2024-08,Krylatskoye,SZAO,471300,1964,18.5
2024-08,Cheryomushki,YuZAO,395400,1648,18.5
2024-08,Danilovsky,YuAO,366300,1526,18.5
2024-08,Khamovniki,CAO,806700,3361,18.5
2024-08,Novokosino,VAO,265100,1105,18.5
2024-08,Voskresenskoye,NAO,206600,861,18.5
2024-08,Krasnoselsky,CAO,560900,2337,18.5
2024-08,Golyanovo,VAO,249700,1040,18.5
2024-08,Bibirevo,SVAO,278600,1161,18.5
2024-08,Molzhaninovsky,SAO,241100,1005,18.5
2024-08,Mitino,SZAO,318800,1328,18.5
2024-08,Orekhovo-Borisovo Yuzhnoye,YuAO,263400,1097,18.5
2024-08,Zyuzino,YuZAO,368700,1536,18.5
2024-08,Perovo,VAO,295700,1232,18.5
2024-08,Desyonovskoye,NAO,206700,861,18.5
2024-08,Solntsevo,ZAO,333700,1391,18.5
2024-08,Levoberezhny,SAO,284700,1186,18.5
2024-08,Troitsk,TAO,167200,697,18.5
2024-08,Krasnopakhorskoye,TAO,130200,542,18.5
2024-08,Koptevo,SAO,301700,1257,18.5
2024-08,Butyrsky,SVAO,352200,1467,18.5
2024-08,Severnoye Medvedkovo,SVAO,280300,1168,18.5
2024-08,Chertanovo Tsentralnoye,YuAO,264000,1100,18.5
2024-08,Voronovskoye,TAO,120500,502,18.5
2024-08,Novo-Peredelkino,ZAO,298700,1245,18.5
2024-08,Ryazanovskoye,NAO,177900,741,18.5
2024-08,Tsaritsyno,YuAO,264500,1102,18.5
2024-08,Marfino,SVAO,298800,1245,18.5
2024-08,Biryulyovo Vostochnoye,YuAO,241500,1006,18.5
2024-08,Beskudnikovsky,SAO,270700,1128,18.5
2024-08,Chertanovo Severnoye,YuAO,286700,1194,18.5
2024-08,Filimonkovskoye,NAO,197100,821,18.5
2024-08,Aeroport,SAO,349900,1458,18.5
2024-08,Filyovsky Park,ZAO,454200,1893,18.5
2024-08,Sosenskoye,NAO,233900,975,18.5
2024-08,Veshnyaki,VAO,258700,1078,18.5
2024-08,Maryina Roshcha,SVAO,357800,1491,18.5
2024-08,Nagatino-Sadovniki,YuAO,335400,1398,18.5
2024-08,Basmanny,CAO,579100,2413,18.5
2024-08,Biryulyovo Zapadnoye,YuAO,247000,1029,18.5
2024-08,Begovoy,SAO,394400,1643,18.5
2024-08,Vnukovo,ZAO,296600,1236,18.5
2024-08,Golovinsky,SAO,301800,1258,18.5
2024-08,Bogorodskoye,VAO,286400,1193,18.5
2024-08,Khoroshyovo-Mnyovniki,SZAO,410300,1710,18.5
2024-08,Dmitrovsky,SAO,270000,1125,18.5
2024-08,Moskovsky,NAO,229800,957,18.5
2024-08,Chertanovo Yuzhnoye,YuAO,253900,1058,18.5
2024-08,Sokolinaya Gora,VAO,286600,1194,18.5
2024-08,Vostochnoye Izmaylovo,VAO,298400,1243,18.5
2024-08,Losinoostrovsky,SVAO,291100,1213,18.5
2024-08,Shcherbinka,NAO,212600,886,18.5
2024-08,Brateyevo,YuAO,258700,1078,18.5
2024-08,Presnensky,CAO,695300,2897,18.5
2024-08,Shchapovskoye,TAO,117400,489,18.5
2024-08,Sokolniki,VAO,341900,1425,18.5
2024-08,Mosrentgen,NAO,226700,944,18.5
2024-08,Zamoskvorechye,CAO,635000,2646,18.5
2024-08,Fili-Davydkovo,ZAO,431400,1798,18.5
2024-08,Troparyovo-Nikulino,ZAO,439800,1832,18.5
2024-08,Yasenevo,YuZAO,379900,1583,18.5
2024-08,Voykovsky,SAO,324100,1350,18.5
2024-08,Severny,SVAO,252900,1054,18.5
2024-08,Zelenograd,ZelAO,195000,812,18.5
2024-08,Mikhaylovo-Yartsevskoye,TAO,122200,509,18.5
2024-08,Tyoply Stan,YuZAO,329300,1372,18.5
2024-08,Mozhaysky,ZAO,375000,1562,18.5
2024-08,Ivanovskoye,VAO,277400,1156,18.5
2024-08,Kotlovka,YuZAO,398300,1659,18.5
2024-08,Strogino,SZAO,420100,1750,18.5
2024-08,Novofyodorovskoye,TAO,116200,484,18.5
2024-08,Khovrino,SAO,286500,1194,18.5
2024-08,Izmaylovo,VAO,323400,1347,18.5
2024-08,Sokol,SAO,400000,1667,18.5
2024-08,Sviblovo,SVAO,300200,1251,18.5
2024-08,Rostokino,SVAO,296200,1234,18.5
2024-08,Yaroslavsky,SVAO,277200,1155,18.5
2024-08,Severnoye Butovo,YuZAO,311500,1298,18.5
2024-08,Orekhovo-Borisovo Severnoye,YuAO,254300,1059,18.5
2024-08,Nagorny,YuAO,314100,1309,18.5
2024-08,Arbat,CAO,751100,3130,18.5
2024-08,Nagatinsky Zaton,YuAO,358400,1493,18.5
2024-08,Severnoye Tushino,SZAO,316000,1317,18.5
2024-08,Kuntsevo,ZAO,411300,1714,18.5
2024-08,Timiryazevsky,SAO,342200,1426,18.5
2024-08,Rogovskoye,TAO,109900,458,18.5
2024-08,Kievsky,TAO,109700,457,18.5
2024-08,Tverskoy,CAO,713400,2973,18.5
2024-08,Lomonosovsky,YuZAO,466400,1943,18.5
2024-08,Altufyevsky,SVAO,259700,1082,18.5
2024-08,Meshchansky,CAO,574000,2392,18.5
2024-08,Metrogorodok,VAO,271300,1130,18.5
2024-08,Donskoy,YuAO,384200,1601,18.5
2024-08,Yuzhnoye Tushino,SZAO,331500,1381,18.5
2024-08,Ramenki,ZAO,490300,2043,18.5
2024-08,Obruchevsky,YuZAO,409500,1706,18.5
2024-08,Klyonovskoye,TAO,115100,480,18.5
2024-08,Yuzhnoye Medvedkovo,SVAO,282900,1179,18.5
2024-08,Otradnoye,SVAO,293600,1223,18.5
2024-08,Vnukovskoye,NAO,235700,982,18.5
2024-08,Shchukino,SZAO,394500,1644,18.5
2024-08,Konkovo,YuZAO,373800,1558,18.5
2024-08,Alekseevsky,SVAO,370700,1545,18.5
2024-08,Novogireyevo,VAO,289800,1208,18.5
2024-08,Moskvorechye-Saburovo,YuAO,292600,1219,18.5
2024-08,Tagansky,CAO,573800,2391,18.5
2024-08,Babushkinsky,SVAO,292700,1219,18.5
2024-08,Savyolovsky,SAO,378500,1577,18.5
2024-08,Kosino-Ukhtomsky,VAO,259900,1083,18.5
2024-08,Khoroshyovsky,SAO,421900,1758,18.5
2024-08,Pokrovskoye-Streshnevo,SZAO,358600,1494,18.5
2024-09,Zamoskvorechye,CAO,632000,2633,18.5
2024-09,Obruchevsky,YuZAO,397300,1655,18.5
2024-09,Lomonosovsky,YuZAO,489300,2039,18.5
2024-09,Fili-Davydkovo,ZAO,432000,1800,18.5
2024-09,Nagatinsky Zaton,YuAO,338400,1410,18.5
2024-09,Veshnyaki,VAO,260100,1084,18.5
2024-09,Kievsky,TAO,106200,442,18.5
2024-09,Mosrentgen,NAO,232700,970,18.5
2024-09,Voronovskoye,TAO,116100,484,18.5
2024-09,Nagatino-Sadovniki,YuAO,313800,1308,18.5
2024-09,Khoroshyovsky,SAO,406600,1694,18.5
2024-09,Khoroshyovo-Mnyovniki,SZAO,414200,1726,18.5
2024-09,Severny,SVAO,243100,1013,18.5
2024-09,Rostokino,SVAO,290600,1211,18.5
2024-09,Metrogorodok,VAO,262700,1094,18.5
2024-09,Golovinsky,SAO,292100,1217,18.5
2024-09,Vnukovo,ZAO,308000,1283,18.5
2024-09,Chertanovo Severnoye,YuAO,291300,1214,18.5
2024-09,Biryulyovo Vostochnoye,YuAO,261800,1091,18.5
2024-09,Shchukino,SZAO,404900,1687,18.5
2024-09,Novo-Peredelkino,ZAO,290400,1210,18.5
2024-09,Basmanny,CAO,606600,2527,18.5
2024-09,Marfino,SVAO,297800,1241,18.5
2024-09,Khovrino,SAO,274100,1142,18.5
2024-09,Ryazanovskoye,NAO,182600,761,18.5
2024-09,Strogino,SZAO,422200,1759,18.5
2024-09,Beskudnikovsky,SAO,290200,1209,18.5
2024-09,Timiryazevsky,SAO,338400,1410,18.5
2024-09,Sosenskoye,NAO,226500,944,18.5
2024-09,Alekseevsky,SVAO,358800,1495,18.5
2024-09,Sokolniki,VAO,345900,1441,18.5
2024-09,Filyovsky Park,ZAO,478700,1995,18.5
2024-09,Izmaylovo,VAO,309300,1289,18.5
2024-09,Chertanovo Tsentralnoye,YuAO,284800,1187,18.5
2024-09,Severnoye Butovo,YuZAO,335700,1399,18.5
2024-09,Sviblovo,SVAO,287700,1199,18.5
2024-09,Kosino-Ukhtomsky,VAO,254900,1062,18.5
2024-09,Voykovsky,SAO,327400,1364,18.5
2024-09,Yasenevo,YuZAO,364500,1519,18.5
2024-09,Cheryomushki,YuZAO,397000,1654,18.5
2024-09,Kokoshkino,NAO,192500,802,18.5
2024-09,Mozhaysky,ZAO,372100,1550,18.5
2024-09,Gagarinsky,YuZAO,528500,2202,18.5
2024-09,Butyrsky,SVAO,342100,1425,18.5
2024-09,Tyoply Stan,YuZAO,329200,1372,18.5
2024-09,Novogireyevo,VAO,298200,1242,18.5
2024-09,Koptevo,SAO,305800,1274,18.5
2024-09,Troitsk,TAO,159900,666,18.5
2024-09,Babushkinsky,SVAO,290800,1212,18.5
2024-09,Desyonovskoye,NAO,213800,891,18.5
2024-09,Vnukovskoye,NAO,229800,958,18.5
2024-09,Perovo,VAO,291200,1213,18.5
2024-09,Pokrovskoye-Streshnevo,SZAO,356300,1484,18.5
2024-09,Preobrazhenskoye,VAO,312600,1302,18.5
2024-09,Zyuzino,YuZAO,370900,1545,18.5
2024-09,Levoberezhny,SAO,287700,1199,18.5
2024-09,Savyolovsky,SAO,373900,1558,18.5
2024-09,Mitino,SZAO,333000,1387,18.5
2024-09,Molzhaninovsky,SAO,244900,1020,18.5
2024-09,Bibirevo,SVAO,292300,1218,18.5
2024-09,Konkovo,YuZAO,365000,1521,18.5
2024-09,Golyanovo,VAO,252000,1050,18.5
2024-09,Yuzhnoye Medvedkovo,SVAO,298400,1243,18.5
2024-09,Voskresenskoye,NAO,206200,859,18.5
2024-09,Novokosino,VAO,285000,1188,18.5
2024-09,Moskvorechye-Saburovo,YuAO,278900,1162,18.5
2024-09,Rogovskoye,TAO,114100,475,18.5
2024-09,Akademichesky,YuZAO,430900,1795,18.5
2024-09,Losinoostrovsky,SVAO,294400,1227,18.5
2024-09,Yuzhnoye Tushino,SZAO,322900,1346,18.5
2024-09,Vostochnoye Izmaylovo,VAO,289700,1207,18.5
2024-09,Sokolinaya Gora,VAO,298900,1246,18.5
2024-09,Chertanovo Yuzhnoye,YuAO,249500,1040,18.5
2024-09,Moskovsky,NAO,224600,936,18.5
2024-09,Altufyevsky,SVAO,270000,1125,18.5
2024-09,Presnensky,CAO,716200,2984,18.5
2024-09,Krylatskoye,SZAO,467300,1947,18.5
2024-09,Dmitrovsky,SAO,274900,1145,18.5
2024-09,Severnoye Izmaylovo,VAO,291400,1214,18.5
2024-09,Severnoye Tushino,SZAO,341000,1421,18.5
2024-09,Arbat,CAO,728400,3035,18.5
2024-09,Meshchansky,CAO,573900,2391,18.5
2024-09,Zyablikovo,YuAO,250100,1042,18.5
2024-09,Lianozovo,SVAO,277300,1155,18.5
2024-09,Zelenograd,ZelAO,187600,782,18.5
2024-09,Marushkinskoye,NAO,177100,738,18.5
2024-09,Ivanovskoye,VAO,278200,1159,18.5
2024-09,Yuzhnoye Butovo,YuZAO,310200,1292,18.5
2024-09,Sokol,SAO,390300,1626,18.5
2024-09,Zapadnoye Degunino,SAO,278900,1162,18.5
2024-09,Prospekt Vernadskogo,ZAO,501300,2089,18.5
2024-09,Kotlovka,YuZAO,392600,1636,18.5
2024-09,Vostochny,VAO,245500,1023,18.5
2024-09,Ochakovo-Matveyevskoye,ZAO,363500,1514,18.5
2024-09,Kurkino,SZAO,377900,1575,18.5
2024-09,Donskoy,YuAO,388300,1618,18.5
2024-09,Aeroport,SAO,366700,1528,18.5
2024-09,Yaroslavsky,SVAO,283300,1180,18.5
2024-09,Mikhaylovo-Yartsevskoye,TAO,118800,495,18.5
2024-09,Krasnoselsky,CAO,555600,2315,18.5
2024-09,Shcherbinka,NAO,212800,887,18.5
2024-09,Solntsevo,ZAO,323200,1347,18.5
2024-09,Krasnopakhorskoye,TAO,132800,553,18.5
2024-09,Yakimanka,CAO,733400,3056,18.5
2024-09,Bogorodskoye,VAO,287400,1198,18.5
2024-09,Tverskoy,CAO,721000,3004,18.5
2024-09,Filimonkovskoye,NAO,191100,796,18.5
2024-09,Khamovniki,CAO,784100,3267,18.5
2024-09,Shchapovskoye,TAO,126900,529,18.5
2024-09,Otradnoye,SVAO,312600,1302,18.5
2024-09,Ramenki,ZAO,496300,2068,18.5
2024-09,Novofyodorovskoye,TAO,110400,460,18.5
2024-09,Severnoye Medvedkovo,SVAO,285600,1190,18.5
2024-09,Tsaritsyno,YuAO,270400,1127,18.5
2024-09,Pervomayskoye,TAO,122400,510,18.5
2024-09,Dorogomilovo,ZAO,576500,2402,18.5
2024-09,Nagorny,YuAO,316600,1319,18.5
2024-09,Ostankinsky,SVAO,358400,1493,18.5
2024-09,Klyonovskoye,TAO,112200,468,18.5
2024-09,Troparyovo-Nikulino,ZAO,423400,1764,18.5
2024-09,Begovoy,SAO,388600,1619,18.5
2024-09,Maryina Roshcha,SVAO,343400,1431,18.5
2024-09,Biryulyovo Zapadnoye,YuAO,256200,1067,18.5
2024-09,Tagansky,CAO,571200,2380,18.5
2024-09,Orekhovo-Borisovo Yuzhnoye,YuAO,260300,1085,18.5
2024-09,Kuntsevo,ZAO,396500,1652,18.5
2024-09,Danilovsky,YuAO,350300,1459,18.5
2024-09,Orekhovo-Borisovo Severnoye,YuAO,259100,1080,18.5
2024-09,Brateyevo,YuAO,243600,1015,18.5
2024-10,Yaroslavsky,SVAO,271600,1132,23.5
2024-10,Mosrentgen,NAO,229900,958,23.5
2024-10,Yakimanka,CAO,714800,2978,23.5
2024-10,Yuzhnoye Tushino,SZAO,336500,1402,23.5
2024-10,Rogovskoye,TAO,115700,482,23.5
2024-10,Kurkino,SZAO,389500,1623,23.5
2024-10,Altufyevsky,SVAO,271800,1133,23.5
2024-10,Vnukovskoye,NAO,225200,938,23.5
2024-10,Golovinsky,SAO,292300,1218,23.5
2024-10,Losinoostrovsky,SVAO,278800,1162,23.5
2024-10,Shcherbinka,NAO,210300,876,23.5
2024-10,Pokrovskoye-Streshnevo,SZAO,367300,1530,23.5
2024-10,Yuzhnoye Medvedkovo,SVAO,284400,1185,23.5
2024-10,Yasenevo,YuZAO,356200,1484,23.5
2024-10,Troparyovo-Nikulino,ZAO,419800,1749,23.5
2024-10,Konkovo,YuZAO,358300,1493,23.5
2024-10,Fili-Davydkovo,ZAO,447100,1863,23.5
2024-10,Kuntsevo,ZAO,400100,1667,23.5
2024-10,Zamoskvorechye,CAO,631300,2631,23.5
2024-10,Kokoshkino,NAO,174800,728,23.5
2024-10,Severny,SVAO,251500,1048,23.5
2024-10,Lomonosovsky,YuZAO,487300,2031,23.5
2024-10,Preobrazhenskoye,VAO,322900,1345,23.5
2024-10,Ochakovo-Matveyevskoye,ZAO,379200,1580,23.5
2024-10,Orekhovo-Borisovo Yuzhnoye,YuAO,249900,1041,23.5
2024-10,Meshchansky,CAO,548700,2286,23.5
2024-10,Ramenki,ZAO,512900,2137,23.5
2024-10,Savyolovsky,SAO,393800,1641,23.5
2024-10,Orekhovo-Borisovo Severnoye,YuAO,247700,1032,23.5
2024-10,Presnensky,CAO,705700,2940,23.5
2024-10,Bogorodskoye,VAO,287500,1198,23.5
2024-10,Novogireyevo,VAO,274600,1144,23.5
2024-10,Krylatskoye,SZAO,494600,2061,23.5
2024-10,Tyoply Stan,YuZAO,342300,1426,23.5
2024-10,Ivanovskoye,VAO,266000,1108,23.5
2024-10,Dmitrovsky,SAO,261300,1089,23.5
2024-10,Mikhaylovo-Yartsevskoye,TAO,115200,480,23.5
2024-10,Sokol,SAO,383000,1596,23.5
2024-10,Yuzhnoye Butovo,YuZAO,299800,1249,23.5
2024-10,Marushkinskoye,NAO,176300,735,23.5
2024-10,Severnoye Izmaylovo,VAO,284200,1184,23.5
2024-10,Brateyevo,YuAO,262600,1094,23.5
2024-10,Dorogomilovo,ZAO,562200,2342,23.5
2024-10,Akademichesky,YuZAO,452200,1884,23.5
2024-10,Ostankinsky,SVAO,345200,1438,23.5
2024-10,Kotlovka,YuZAO,385100,1605,23.5
2024-10,Mozhaysky,ZAO,366700,1528,23.5
2024-10,Lianozovo,SVAO,274200,1142,23.5
2024-10,Chertanovo Yuzhnoye,YuAO,258400,1077,23.5
2024-10,Vostochny,VAO,245100,1021,23.5
2024-10,Timiryazevsky,SAO,348200,1451,23.5
2024-10,Tverskoy,CAO,695000,2896,23.5
2024-10,Babushkinsky,SVAO,288000,1200,23.5
2024-10,Sokolinaya Gora,VAO,295600,1232,23.5
2024-10,Metrogorodok,VAO,270700,1128,23.5
2024-10,Prospekt Vernadskogo,ZAO,480800,2003,23.5
2024-10,Voronovskoye,TAO,116700,486,23.5
2024-10,Otradnoye,SVAO,296300,1235,23.5
2024-10,Vostochnoye Izmaylovo,VAO,295200,1230,23.5
2024-10,Severnoye Tushino,SZAO,314700,1311,23.5
2024-10,Zapadnoye Degunino,SAO,283000,1179,23.5
2024-10,Pervomayskoye,TAO,126200,526,23.5
2024-10,Arbat,CAO,763500,3181,23.5
2024-10,Zyablikovo,YuAO,262000,1092,23.5
2024-10,Nagorny,YuAO,310000,1292,23.5
2024-10,Moskovsky,NAO,221400,922,23.5
2024-10,Zelenograd,ZelAO,179600,748,23.5
2024-10,Shchapovskoye,TAO,113600,473,23.5
2024-10,Maryina Roshcha,SVAO,347600,1448,23.5
2024-10,Voskresenskoye,NAO,210900,879,23.5
2024-10,Sosenskoye,NAO,230600,961,23.5
2024-10,Zyuzino,YuZAO,366500,1527,23.5
2024-10,Novo-Peredelkino,ZAO,316700,1320,23.5
2024-10,Solntsevo,ZAO,322800,1345,23.5
2024-10,Obruchevsky,YuZAO,413800,1724,23.5
2024-10,Bibirevo,SVAO,289800,1207,23.5
2024-10,Veshnyaki,VAO,265600,1107,23.5
2024-10,Desyonovskoye,NAO,212500,885,23.5
2024-10,Koptevo,SAO,298800,1245,23.5
2024-10,Marfino,SVAO,288800,1203,23.5
2024-10,Mitino,SZAO,318700,1328,23.5
2024-10,Tsaritsyno,YuAO,280500,1169,23.5
2024-10,Novokosino,VAO,273600,1140,23.5
2024-10,Troitsk,TAO,164700,686,23.5
2024-10,Nagatino-Sadovniki,YuAO,326000,1358,23.5
2024-10,Rostokino,SVAO,286000,1192,23.5
2024-10,Kosino-Ukhtomsky,VAO,248100,1034,23.5
2024-10,Filimonkovskoye,NAO,184200,767,23.5
2024-10,Klyonovskoye,TAO,108300,451,23.5
2024-10,Chertanovo Severnoye,YuAO,285400,1189,23.5
2024-10,Golyanovo,VAO,258000,1075,23.5
2024-10,Krasnopakhorskoye,TAO,134400,560,23.5
2024-10,Perovo,VAO,280500,1169,23.5
2024-10,Filyovsky Park,ZAO,463100,1930,23.5
2024-10,Khovrino,SAO,281900,1175,23.5
2024-10,Izmaylovo,VAO,314300,1309,23.5
2024-10,Alekseevsky,SVAO,355400,1481,23.5
2024-10,Beskudnikovsky,SAO,277100,1155,23.5
2024-10,Cheryomushki,YuZAO,393000,1638,23.5
2024-10,Biryulyovo Vostochnoye,YuAO,245500,1023,23.5
2024-10,Basmanny,CAO,585200,2438,23.5
2024-10,Shchukino,SZAO,402500,1677,23.5
2024-10,Khoroshyovo-Mnyovniki,SZAO,399500,1665,23.5
2024-10,Vnukovo,ZAO,290400,1210,23.5
2024-10,Butyrsky,SVAO,337200,1405,23.5
2024-10,Danilovsky,YuAO,366700,1528,23.5
2024-10,Chertanovo Tsentralnoye,YuAO,269200,1122,23.5
2024-10,Voykovsky,SAO,322400,1343,23.5
2024-10,Aeroport,SAO,359200,1497,23.5
2024-10,Nagatinsky Zaton,YuAO,336000,1400,23.5
2024-10,Begovoy,SAO,378000,1575,23.5
2024-10,Krasnoselsky,CAO,566300,2360,23.5
2024-10,Biryulyovo Zapadnoye,YuAO,246000,1025,23.5
2024-10,Severnoye Butovo,YuZAO,324400,1352,23.5
2024-10,Levoberezhny,SAO,293000,1221,23.5
2024-10,Donskoy,YuAO,393900,1641,23.5
2024-10,Moskvorechye-Saburovo,YuAO,294400,1227,23.5
2024-10,Kievsky,TAO,107700,449,23.5
2024-10,Sviblovo,SVAO,304300,1268,23.5
2024-10,Strogino,SZAO,394200,1642,23.5
2024-10,Tagansky,CAO,555400,2314,23.5
2024-10,Ryazanovskoye,NAO,180300,751,23.5
2024-10,Severnoye Medvedkovo,SVAO,295700,1232,23.5
2024-10,Novofyodorovskoye,TAO,111600,465,23.5
2024-10,Khoroshyovsky,SAO,397800,1657,23.5
2024-10,Khamovniki,CAO,771000,3212,23.5
2024-10,Sokolniki,VAO,347500,1448,23.5
2024-10,Gagarinsky,YuZAO,495700,2065,23.5
2024-10,Molzhaninovsky,SAO,246900,1029,23.5
2024-11,Cheryomushki,YuZAO,409700,1707,23.5
2024-11,Zyuzino,YuZAO,370300,1543,23.5
2024-11,Klyonovskoye,TAO,115100,480,23.5
2024-11,Levoberezhny,SAO,297200,1238,23.5
2024-11,Yuzhnoye Butovo,YuZAO,306700,1278,23.5
2024-11,Mikhaylovo-Yartsevskoye,TAO,116400,485,23.5
2024-11,Yuzhnoye Medvedkovo,SVAO,278200,1159,23.5
2024-11,Marushkinskoye,NAO,172000,717,23.5
2024-11,Shchapovskoye,TAO,120400,502,23.5
2024-11,Tyoply Stan,YuZAO,342700,1428,23.5
2024-11,Akademichesky,YuZAO,422100,1759,23.5
2024-11,Bibirevo,SVAO,266200,1109,23.5
2024-11,Nagatinsky Zaton,YuAO,329800,1374,23.5
2024-11,Ostankinsky,SVAO,350700,1461,23.5
2024-11,Mitino,SZAO,319100,1330,23.5
2024-11,Gagarinsky,YuZAO,488700,2036,23.5
2024-11,Troitsk,TAO,148600,619,23.5
2024-11,Kurkino,SZAO,382500,1594,23.5
2024-11,Rogovskoye,TAO,107300,447,23.5
2024-11,Moskvorechye-Saburovo,YuAO,279300,1164,23.5
2024-11,Preobrazhenskoye,VAO,311700,1299,23.5
2024-11,Molzhaninovsky,SAO,235500,981,23.5
2024-11,Krasnoselsky,CAO,506200,2109,23.5
2024-11,Pokrovskoye-Streshnevo,SZAO,353600,1473,23.5
2024-11,Vnukovskoye,NAO,217800,907,23.5
2024-11,Kokoshkino,NAO,182500,761,23.5
2024-11,Yaroslavsky,SVAO,283400,1181,23.5
2024-11,Ochakovo-Matveyevskoye,ZAO,348900,1454,23.5
2024-11,Konkovo,YuZAO,373300,1556,23.5
2024-11,Butyrsky,SVAO,334700,1395,23.5
2024-11,Begovoy,SAO,393000,1638,23.5
2024-11,Danilovsky,YuAO,357700,1491,23.5
2024-11,Orekhovo-Borisovo Yuzhnoye,YuAO,250200,1042,23.5
2024-11,Desyonovskoye,NAO,203800,849,23.5
2024-11,Krasnopakhorskoye,TAO,133900,558,23.5
2024-11,Perovo,VAO,285100,1188,23.5
2024-11,Zapadnoye Degunino,SAO,260200,1084,23.5
2024-11,Otradnoye,SVAO,289900,1208,23.5
2024-11,Golyanovo,VAO,259300,1080,23.5
2024-11,Prospekt Vernadskogo,ZAO,459500,1915,23.5
2024-11,Voskresenskoye,NAO,211200,880,23.5
2024-11,Babushkinsky,SVAO,302000,1258,23.5
2024-11,Novogireyevo,VAO,296300,1235,23.5
2024-11,Yakimanka,CAO,676500,2819,23.5
2024-11,Khamovniki,CAO,761100,3171,23.5
2024-11,Vostochny,VAO,247200,1030,23.5
2024-11,Zyablikovo,YuAO,251700,1049,23.5
2024-11,Savyolovsky,SAO,363200,1513,23.5
2024-11,Novokosino,VAO,272900,1137,23.5
2024-11,Koptevo,SAO,293500,1223,23.5
2024-11,Solntsevo,ZAO,315700,1315,23.5
2024-11,Filimonkovskoye,NAO,181500,756,23.5
2024-11,Zamoskvorechye,CAO,622000,2592,23.5
2024-11,Nagatino-Sadovniki,YuAO,311400,1297,23.5
2024-11,Severnoye Medvedkovo,SVAO,278000,1158,23.5
2024-11,Izmaylovo,VAO,305800,1274,23.5
2024-11,Fili-Davydkovo,ZAO,423500,1765,23.5
2024-11,Lomonosovsky,YuZAO,463700,1932,23.5
2024-11,Kosino-Ukhtomsky,VAO,244200,1017,23.5
2024-11,Biryulyovo Zapadnoye,YuAO,244600,1019,23.5
2024-11,Meshchansky,CAO,567900,2366,23.5
2024-11,Chertanovo Severnoye,YuAO,289300,1205,23.5
2024-11,Yasenevo,YuZAO,361800,1507,23.5
2024-11,Sviblovo,SVAO,268100,1117,23.5
2024-11,Mosrentgen,NAO,225700,940,23.5
2024-11,Rostokino,SVAO,280400,1168,23.5
2024-11,Ramenki,ZAO,483100,2013,23.5
2024-11,Severny,SVAO,247700,1032,23.5
2024-11,Yuzhnoye Tushino,SZAO,317500,1323,23.5
2024-11,Filyovsky Park,ZAO,452600,1886,23.5
2024-11,Maryina Roshcha,SVAO,347000,1446,23.5
2024-11,Losinoostrovsky,SVAO,272700,1136,23.5
2024-11,Golovinsky,SAO,282700,1178,23.5
2024-11,Sokolniki,VAO,340700,1419,23.5
2024-11,Kievsky,TAO,108100,450,23.5
2024-11,Novo-Peredelkino,ZAO,300800,1253,23.5
2024-11,Khovrino,SAO,276800,1153,23.5
2024-11,Marfino,SVAO,293800,1224,23.5
2024-11,Tsaritsyno,YuAO,265200,1105,23.5
2024-11,Novofyodorovskoye,TAO,110800,462,23.5
2024-11,Voronovskoye,TAO,115700,482,23.5
2024-11,Strogino,SZAO,394700,1645,23.5
2024-11,Ryazanovskoye,NAO,173300,722,23.5
2024-11,Donskoy,YuAO,370500,1544,23.5
2024-11,Lianozovo,SVAO,256000,1067,23.5
2024-11,Shchukino,SZAO,380600,1586,23.5
2024-11,Basmanny,CAO,553900,2308,23.5
2024-11,Aeroport,SAO,367500,1531,23.5
2024-11,Chertanovo Tsentralnoye,YuAO,277600,1157,23.5
2024-11,Severnoye Butovo,YuZAO,315700,1315,23.5
2024-11,Troparyovo-Nikulino,ZAO,425900,1774,23.5
2024-11,Voykovsky,SAO,327300,1364,23.5
2024-11,Alekseevsky,SVAO,344600,1436,23.5
2024-11,Beskudnikovsky,SAO,281200,1172,23.5
2024-11,Kuntsevo,ZAO,403200,1680,23.5
2024-11,Moskovsky,NAO,233500,973,23.5
2024-11,Dorogomilovo,ZAO,575900,2400,23.5
2024-11,Chertanovo Yuzhnoye,YuAO,236200,984,23.5
2024-11,Severnoye Tushino,SZAO,325900,1358,23.5
2024-11,Khoroshyovsky,SAO,419800,1749,23.5
2024-11,Sokol,SAO,386200,1609,23.5
2024-11,Mozhaysky,ZAO,360400,1502,23.5
2024-11,Dmitrovsky,SAO,271200,1130,23.5
2024-11,Nagorny,YuAO,308800,1287,23.5
2024-11,Severnoye Izmaylovo,VAO,276200,1151,23.5
2024-11,Zelenograd,ZelAO,192600,802,23.5
2024-11,Vnukovo,ZAO,286500,1194,23.5
2024-11,Presnensky,CAO,682000,2842,23.5
2024-11,Pervomayskoye,TAO,121700,507,23.5
2024-11,Bogorodskoye,VAO,289500,1206,23.5
2024-11,Ivanovskoye,VAO,266200,1109,23.5
2024-11,Khoroshyovo-Mnyovniki,SZAO,401900,1674,23.5
2024-11,Krylatskoye,SZAO,454600,1894,23.5
2024-11,Kotlovka,YuZAO,384600,1602,23.5
2024-11,Altufyevsky,SVAO,273600,1140,23.5
2024-11,Sosenskoye,NAO,226900,945,23.5
2024-11,Orekhovo-Borisovo Severnoye,YuAO,257200,1072,23.5
2024-11,Brateyevo,YuAO,250700,1044,23.5
2024-11,Obruchevsky,YuZAO,394400,1643,23.5
2024-11,Shcherbinka,NAO,202700,845,23.5
2024-11,Veshnyaki,VAO,259400,1081,23.5
2024-11,Arbat,CAO,762800,3178,23.5
2024-11,Vostochnoye Izmaylovo,VAO,309400,1289,23.5
2024-11,Tagansky,CAO,541000,2254,23.5
2024-11,Timiryazevsky,SAO,323900,1350,23.5
2024-11,Tverskoy,CAO,716400,2985,23.5
2024-11,Sokolinaya Gora,VAO,280400,1168,23.5
2024-11,Metrogorodok,VAO,259200,1080,23.5
2024-11,Biryulyovo Vostochnoye,YuAO,237200,989,23.5
2024-12,Shchukino,SZAO,387300,1614,23.5
2024-12,Kievsky,TAO,110700,461,23.5
2024-12,Begovoy,SAO,380800,1587,23.5
2024-12,Nagatinsky Zaton,YuAO,334100,1392,23.5
2024-12,Khamovniki,CAO,780500,3252,23.5
2024-12,Novofyodorovskoye,TAO,107900,449,23.5
2024-12,Khoroshyovo-Mnyovniki,SZAO,391700,1632,23.5
2024-12,Alekseevsky,SVAO,335300,1397,23.5
2024-12,Golyanovo,VAO,275500,1148,23.5
2024-12,Voskresenskoye,NAO,213800,891,23.5
2024-12,Khoroshyovsky,SAO,417100,1738,23.5
2024-12,Izmaylovo,VAO,308800,1287,23.5
2024-12,Kosino-Ukhtomsky,VAO,253700,1057,23.5
2024-12,Bibirevo,SVAO,266600,1111,23.5
2024-12,Obruchevsky,YuZAO,388700,1620,23.5
2024-12,Nagatino-Sadovniki,YuAO,303300,1264,23.5
2024-12,Tagansky,CAO,542000,2258,23.5
2024-12,Yuzhnoye Medvedkovo,SVAO,283300,1180,23.5
2024-12,Klyonovskoye,TAO,107700,449,23.5
2024-12,Severnoye Tushino,SZAO,305000,1271,23.5
2024-12,Mozhaysky,ZAO,360500,1502,23.5
2024-12,Nagorny,YuAO,312200,1301,23.5
2024-12,Orekhovo-Borisovo Severnoye,YuAO,243200,1013,23.5
2024-12,Rogovskoye,TAO,107800,449,23.5
2024-12,Altufyevsky,SVAO,272400,1135,23.5
2024-12,Savyolovsky,SAO,367200,1530,23.5
2024-12,Babushkinsky,SVAO,284200,1184,23.5
2024-12,Timiryazevsky,SAO,339100,1413,23.5
2024-12,Metrogorodok,VAO,257600,1073,23.5
2024-12,Yuzhnoye Tushino,SZAO,343200,1430,23.5
2024-12,Tverskoy,CAO,726400,3026,23.5
2024-12,Novogireyevo,VAO,275200,1147,23.5
2024-12,Sokol,SAO,375000,1563,23.5
2024-12,Zelenograd,ZelAO,189600,790,23.5
2024-12,Ivanovskoye,VAO,275100,1146,23.5
2024-12,Otradnoye,SVAO,295300,1231,23.5
2024-12,Tyoply Stan,YuZAO,325700,1357,23.5
2024-12,Kotlovka,YuZAO,380900,1587,23.5
2024-12,Mikhaylovo-Yartsevskoye,TAO,107400,448,23.5
2024-12,Kuntsevo,ZAO,393900,1641,23.5
2024-12,Khovrino,SAO,272800,1137,23.5
2024-12,Moskvorechye-Saburovo,YuAO,273000,1138,23.5
2024-12,Strogino,SZAO,405300,1689,23.5
2024-12,Donskoy,YuAO,354100,1475,23.5
2024-12,Voronovskoye,TAO,113900,474,23.5
2024-12,Molzhaninovsky,SAO,237500,990,23.5
2024-12,Severnoye Butovo,YuZAO,311800,1299,23.5
2024-12,Arbat,CAO,722900,3012,23.5
2024-12,Danilovsky,YuAO,356400,1485,23.5
2024-12,Novokosino,VAO,259000,1079,23.5
2024-12,Konkovo,YuZAO,364900,1520,23.5
2024-12,Yaroslavsky,SVAO,269600,1124,23.5
2024-12,Lomonosovsky,YuZAO,471700,1966,23.5
2024-12,Meshchansky,CAO,533700,2224,23.5
2024-12,Pokrovskoye-Streshnevo,SZAO,350300,1460,23.5
2024-12,Rostokino,SVAO,288500,1202,23.5
2024-12,Sviblovo,SVAO,289200,1205,23.5
2024-12,Vnukovskoye,NAO,234000,975,23.5
2024-12,Ramenki,ZAO,483500,2015,23.5
2024-12,Orekhovo-Borisovo Yuzhnoye,YuAO,258100,1075,23.5
2024-12,Preobrazhenskoye,VAO,315100,1313,23.5
2024-12,Basmanny,CAO,554600,2311,23.5
2024-12,Lianozovo,SVAO,263900,1099,23.5
2024-12,Kokoshkino,NAO,185700,774,23.5
2024-12,Sokolniki,VAO,350700,1461,23.5
2024-12,Ryazanovskoye,NAO,174800,728,23.5
2024-12,Marushkinskoye,NAO,157700,657,23.5
2024-12,Losinoostrovsky,SVAO,276500,1152,23.5
2024-12,Zamoskvorechye,CAO,594600,2477,23.5
2024-12,Aeroport,SAO,357800,1491,23.5
2024-12,Ochakovo-Matveyevskoye,ZAO,349100,1455,23.5
2024-12,Golovinsky,SAO,299200,1247,23.5
2024-12,Marfino,SVAO,284100,1184,23.5
2024-12,Dorogomilovo,ZAO,568600,2369,23.5
2024-12,Severnoye Izmaylovo,VAO,283000,1179,23.5
2024-12,Tsaritsyno,YuAO,258000,1075,23.5
2024-12,Butyrsky,SVAO,321200,1338,23.5
2024-12,Novo-Peredelkino,ZAO,296600,1236,23.5
2024-12,Gagarinsky,YuZAO,476600,1986,23.5
2024-12,Fili-Davydkovo,ZAO,422300,1760,23.5
2024-12,Zapadnoye Degunino,SAO,268500,1119,23.5
2024-12,Mosrentgen,NAO,214600,894,23.5
2024-12,Prospekt Vernadskogo,ZAO,465900,1941,23.5
2024-12,Yuzhnoye Butovo,YuZAO,296700,1236,23.5
2024-12,Yakimanka,CAO,702500,2927,23.5
2024-12,Vostochny,VAO,240100,1000,23.5
2024-12,Biryulyovo Zapadnoye,YuAO,243800,1016,23.5
2024-12,Chertanovo Tsentralnoye,YuAO,267100,1113,23.5
2024-12,Zyablikovo,YuAO,259900,1083,23.5
2024-12,Brateyevo,YuAO,244900,1021,23.5
2024-12,Yasenevo,YuZAO,350800,1461,23.5
2024-12,Severnoye Medvedkovo,SVAO,284400,1185,23.5
2024-12,Akademichesky,YuZAO,410300,1710,23.5
2024-12,Voykovsky,SAO,327500,1365,23.5
2024-12,Severny,SVAO,248500,1035,23.5
2024-12,Krasnoselsky,CAO,551900,2300,23.5
2024-12,Kurkino,SZAO,364800,1520,23.5
2024-12,Troparyovo-Nikulino,ZAO,422800,1762,23.5
2024-12,Ostankinsky,SVAO,335000,1396,23.5
2024-12,Bogorodskoye,VAO,276400,1152,23.5
2024-12,Desyonovskoye,NAO,208000,867,23.5
2024-12,Biryulyovo Vostochnoye,YuAO,236700,986,23.5
2024-12,Sokolinaya Gora,VAO,283000,1179,23.5
2024-12,Presnensky,CAO,733500,3056,23.5
2024-12,Perovo,VAO,290500,1210,23.5
2024-12,Krasnopakhorskoye,TAO,123400,514,23.5
2024-12,Filyovsky Park,ZAO,446900,1862,23.5
2024-12,Cheryomushki,YuZAO,398800,1661,23.5
2024-12,Chertanovo Severnoye,YuAO,283300,1181,23.5
2024-12,Maryina Roshcha,SVAO,345600,1440,23.5
2024-12,Shchapovskoye,TAO,117200,488,23.5
2024-12,Levoberezhny,SAO,278100,1159,23.5
2024-12,Veshnyaki,VAO,254400,1060,23.5
2024-12,Mitino,SZAO,323600,1348,23.5
2024-12,Sosenskoye,NAO,214700,895,23.5
2024-12,Moskovsky,NAO,220300,918,23.5
2024-12,Pervomayskoye,TAO,128400,535,23.5
2024-12,Shcherbinka,NAO,206300,860,23.5
2024-12,Vostochnoye Izmaylovo,VAO,289300,1205,23.5
2024-12,Chertanovo Yuzhnoye,YuAO,248500,1035,23.5
2024-12,Beskudnikovsky,SAO,267000,1112,23.5
2024-12,Vnukovo,ZAO,280300,1168,23.5
2024-12,Zyuzino,YuZAO,369000,1538,23.5
2024-12,Dmitrovsky,SAO,265900,1108,23.5
2024-12,Troitsk,TAO,149100,621,23.5
2024-12,Solntsevo,ZAO,323300,1347,23.5
2024-12,Koptevo,SAO,308800,1287,23.5
2024-12,Filimonkovskoye,NAO,186500,777,23.5
2024-12,Krylatskoye,SZAO,470400,1960,23.5
2025-01,Basmanny,CAO,558500,2327,23.5
2025-01,Severnoye Tushino,SZAO,341400,1423,23.5
2025-01,Pervomayskoye,TAO,120700,503,23.5
2025-01,Metrogorodok,VAO,246300,1026,23.5
2025-01,Nagorny,YuAO,304400,1268,23.5
2025-01,Sokol,SAO,387200,1613,23.5
2025-01,Klyonovskoye,TAO,106400,443,23.5
2025-01,Nagatinsky Zaton,YuAO,318400,1327,23.5
2025-01,Sviblovo,SVAO,281200,1172,23.5
2025-01,Shcherbinka,NAO,203000,846,23.5
2025-01,Krasnoselsky,CAO,497200,2072,23.5
2025-01,Severnoye Medvedkovo,SVAO,272800,1137,23.5
2025-01,Mozhaysky,ZAO,351900,1466,23.5
2025-01,Losinoostrovsky,SVAO,300800,1253,23.5
2025-01,Ramenki,ZAO,486500,2027,23.5
2025-01,Sokolinaya Gora,VAO,279500,1165,23.5
2025-01,Severny,SVAO,244900,1020,23.5
2025-01,Vostochnoye Izmaylovo,VAO,282700,1178,23.5
2025-01,Golovinsky,SAO,289500,1206,23.5
2025-01,Chertanovo Yuzhnoye,YuAO,252300,1051,23.5
2025-01,Altufyevsky,SVAO,250100,1042,23.5
2025-01,Yuzhnoye Tushino,SZAO,335700,1399,23.5
2025-01,Voronovskoye,TAO,114600,478,23.5
2025-01,Kievsky,TAO,106700,444,23.5
2025-01,Meshchansky,CAO,564000,2350,23.5
2025-01,Beskudnikovsky,SAO,281200,1172,23.5
2025-01,Novofyodorovskoye,TAO,108600,453,23.5
2025-01,Alekseevsky,SVAO,350200,1459,23.5
2025-01,Filimonkovskoye,NAO,178400,744,23.5
2025-01,Tagansky,CAO,559700,2332,23.5
2025-01,Novo-Peredelkino,ZAO,295900,1233,23.5
2025-01,Izmaylovo,VAO,301500,1256,23.5
2025-01,Kosino-Ukhtomsky,VAO,255000,1063,23.5
2025-01,Chertanovo Severnoye,YuAO,268400,1118,23.5
2025-01,Filyovsky Park,ZAO,416200,1734,23.5
2025-01,Shchukino,SZAO,381200,1589,23.5
2025-01,Maryina Roshcha,SVAO,344000,1433,23.5
2025-01,Nagatino-Sadovniki,YuAO,317200,1321,23.5
2025-01,Veshnyaki,VAO,261600,1090,23.5
2025-01,Obruchevsky,YuZAO,381500,1590,23.5
2025-01,Sosenskoye,NAO,222900,929,23.5
2025-01,Biryulyovo Vostochnoye,YuAO,250900,1046,23.5
2025-01,Khoroshyovsky,SAO,395700,1649,23.5
2025-01,Khoroshyovo-Mnyovniki,SZAO,393300,1639,23.5
2025-01,Vnukovo,ZAO,272100,1134,23.5
2025-01,Begovoy,SAO,380000,1583,23.5
2025-01,Kuntsevo,ZAO,389000,1621,23.5
2025-01,Rostokino,SVAO,281700,1174,23.5
2025-01,Mosrentgen,NAO,219400,914,23.5
2025-01,Chertanovo Tsentralnoye,YuAO,269700,1124,23.5
2025-01,Lomonosovsky,YuZAO,467800,1949,23.5
2025-01,Timiryazevsky,SAO,337000,1404,23.5
2025-01,Fili-Davydkovo,ZAO,421600,1757,23.5
2025-01,Yasenevo,YuZAO,359000,1496,23.5
2025-01,Voykovsky,SAO,304600,1269,23.5
2025-01,Severnoye Butovo,YuZAO,318500,1327,23.5
2025-01,Troparyovo-Nikulino,ZAO,414800,1728,23.5
2025-01,Biryulyovo Zapadnoye,YuAO,241400,1006,23.5
2025-01,Arbat,CAO,748000,3117,23.5
2025-01,Aeroport,SAO,363200,1513,23.5
2025-01,Donskoy,YuAO,370900,1545,23.5
2025-01,Sokolniki,VAO,335900,1400,23.5
2025-01,Ryazanovskoye,NAO,168600,703,23.5
2025-01,Strogino,SZAO,396900,1654,23.5
2025-01,Zamoskvorechye,CAO,606400,2527,23.5
2025-01,Marfino,SVAO,278700,1161,23.5
2025-01,Khovrino,SAO,270700,1128,23.5
2025-01,Tsaritsyno,YuAO,272400,1135,23.5
2025-01,Perovo,VAO,287400,1198,23.5
2025-01,Dorogomilovo,ZAO,547700,2282,23.5
2025-01,Novokosino,VAO,272000,1133,23.5
2025-01,Zyablikovo,YuAO,246400,1027,23.5
2025-01,Rogovskoye,TAO,104200,434,23.5
2025-01,Vostochny,VAO,237000,987,23.5
2025-01,Desyonovskoye,NAO,198800,828,23.5
2025-01,Savyolovsky,SAO,373700,1557,23.5
2025-01,Golyanovo,VAO,263100,1096,23.5
2025-01,Novogireyevo,VAO,278000,1159,23.5
2025-01,Vnukovskoye,NAO,215000,896,23.5
2025-01,Babushkinsky,SVAO,292100,1217,23.5
2025-01,Cheryomushki,YuZAO,386500,1610,23.5
2025-01,Zapadnoye Degunino,SAO,276800,1153,23.5
2025-01,Krasnopakhorskoye,TAO,128200,534,23.5
2025-01,Yuzhnoye Butovo,YuZAO,287000,1196,23.5
2025-01,Otradnoye,SVAO,289500,1206,23.5
2025-01,Tyoply Stan,YuZAO,322700,1345,23.5
2025-01,Yuzhnoye Medvedkovo,SVAO,283100,1180,23.5
2025-01,Orekhovo-Borisovo Severnoye,YuAO,259900,1083,23.5
2025-01,Molzhaninovsky,SAO,229400,956,23.5
2025-01,Brateyevo,YuAO,246500,1027,23.5
2025-01,Butyrsky,SVAO,327900,1366,23.5
2025-01,Gagarinsky,YuZAO,475800,1983,23.5
2025-01,Shchapovskoye,TAO,110300,459,23.5
2025-01,Ochakovo-Matveyevskoye,ZAO,360100,1500,23.5
2025-01,Konkovo,YuZAO,338600,1411,23.5
2025-01,Solntsevo,ZAO,323800,1349,23.5
2025-01,Yakimanka,CAO,701000,2921,23.5
2025-01,Troitsk,TAO,150500,627,23.5
2025-01,Yaroslavsky,SVAO,276400,1152,23.5
2025-01,Orekhovo-Borisovo Yuzhnoye,YuAO,245700,1024,23.5
2025-01,Kokoshkino,NAO,182800,762,23.5
2025-01,Koptevo,SAO,294800,1228,23.5
2025-01,Pokrovskoye-Streshnevo,SZAO,348100,1451,23.5
2025-01,Preobrazhenskoye,VAO,307500,1281,23.5
2025-01,Kurkino,SZAO,365000,1521,23.5
2025-01,Kotlovka,YuZAO,370000,1542,23.5
2025-01,Tverskoy,CAO,668500,2785,23.5
2025-01,Presnensky,CAO,686400,2860,23.5
2025-01,Zyuzino,YuZAO,371200,1547,23.5
2025-01,Moskvorechye-Saburovo,YuAO,279900,1166,23.5
2025-01,Moskovsky,NAO,217400,906,23.5
2025-01,Bogorodskoye,VAO,289100,1205,23.5
2025-01,Zelenograd,ZelAO,180800,753,23.5
2025-01,Ivanovskoye,VAO,272700,1136,23.5
2025-01,Krylatskoye,SZAO,433400,1806,23.5
2025-01,Danilovsky,YuAO,342300,1426,23.5
2025-01,Dmitrovsky,SAO,256400,1068,23.5
2025-01,Levoberezhny,SAO,293000,1221,23.5
2025-01,Voskresenskoye,NAO,206600,861,23.5
2025-01,Severnoye Izmaylovo,VAO,283400,1181,23.5
2025-01,Prospekt Vernadskogo,ZAO,491700,2049,23.5
2025-01,Marushkinskoye,NAO,174100,725,23.5
2025-01,Ostankinsky,SVAO,349900,1458,23.5
2025-01,Mikhaylovo-Yartsevskoye,TAO,117500,490,23.5
2025-01,Akademichesky,YuZAO,426400,1776,23.5
2025-01,Bibirevo,SVAO,266700,1111,23.5
2025-01,Mitino,SZAO,313300,1305,23.5
2025-01,Lianozovo,SVAO,256000,1067,23.5
2025-01,Khamovniki,CAO,770300,3209,23.5
2025-02,Gagarinsky,YuZAO,488000,2033,23.5
2025-02,Khoroshyovo-Mnyovniki,SZAO,387000,1613,23.5
2025-02,Krasnopakhorskoye,TAO,129900,541,23.5
2025-02,Filimonkovskoye,NAO,181400,756,23.5
2025-02,Brateyevo,YuAO,251000,1046,23.5
2025-02,Zyuzino,YuZAO,372400,1552,23.5
2025-02,Novofyodorovskoye,TAO,107800,449,23.5
2025-02,Tagansky,CAO,557600,2323,23.5
2025-02,Begovoy,SAO,380800,1587,23.5
2025-02,Nagatinsky Zaton,YuAO,330700,1378,23.5
2025-02,Beskudnikovsky,SAO,264600,1103,23.5
2025-02,Zamoskvorechye,CAO,610000,2542,23.5
2025-02,Chertanovo Yuzhnoye,YuAO,262200,1093,23.5
2025-02,Novo-Peredelkino,ZAO,294900,1229,23.5
2025-02,Khamovniki,CAO,769100,3205,23.5
2025-02,Perovo,VAO,292500,1219,23.5
2025-02,Khovrino,SAO,266100,1109,23.5
2025-02,Sosenskoye,NAO,223000,929,23.5
2025-02,Desyonovskoye,NAO,201100,838,23.5
2025-02,Voskresenskoye,NAO,201700,840,23.5
2025-02,Novokosino,VAO,258300,1076,23.5
2025-02,Chertanovo Severnoye,YuAO,276200,1151,23.5
2025-02,Biryulyovo Vostochnoye,YuAO,237500,989,23.5
2025-02,Khoroshyovsky,SAO,423100,1763,23.5
2025-02,Koptevo,SAO,293900,1224,23.5
2025-02,Levoberezhny,SAO,293200,1222,23.5
2025-02,Kievsky,TAO,107700,449,23.5
2025-02,Zelenograd,ZelAO,190200,793,23.5
2025-02,Kosino-Ukhtomsky,VAO,239700,999,23.5
2025-02,Obruchevsky,YuZAO,389200,1622,23.5
2025-02,Nagorny,YuAO,317700,1324,23.5
2025-02,Dmitrovsky,SAO,268900,1120,23.5
2025-02,Zapadnoye Degunino,SAO,272000,1133,23.5
2025-02,Yakimanka,CAO,672800,2803,23.5
2025-02,Sviblovo,SVAO,280600,1169,23.5
2025-02,Akademichesky,YuZAO,418700,1745,23.5
2025-02,Biryulyovo Zapadnoye,YuAO,225500,940,23.5
2025-02,Pervomayskoye,TAO,119100,496,23.5
2025-02,Sokolinaya Gora,VAO,287700,1199,23.5
2025-02,Severnoye Medvedkovo,SVAO,287900,1200,23.5
2025-02,Mikhaylovo-Yartsevskoye,TAO,111300,464,23.5
2025-02,Marushkinskoye,NAO,161100,671,23.5
2025-02,Golovinsky,SAO,300400,1252,23.5
2025-02,Severnoye Izmaylovo,VAO,286300,1193,23.5
2025-02,Mosrentgen,NAO,226900,945,23.5
2025-02,Yuzhnoye Tushino,SZAO,356400,1485,23.5
2025-02,Voronovskoye,TAO,116900,487,23.5
2025-02,Kotlovka,YuZAO,374300,1560,23.5
2025-02,Danilovsky,YuAO,358100,1492,23.5
2025-02,Severny,SVAO,250400,1043,23.5
2025-02,Metrogorodok,VAO,247100,1030,23.5
2025-02,Shcherbinka,NAO,204600,853,23.5
2025-02,Sokol,SAO,376800,1570,23.5
2025-02,Tverskoy,CAO,709100,2954,23.5
2025-02,Moskovsky,NAO,219000,912,23.5
2025-02,Presnensky,CAO,682700,2845,23.5
2025-02,Arbat,CAO,710800,2962,23.5
2025-02,Shchukino,SZAO,398300,1659,23.5
2025-02,Tsaritsyno,YuAO,256400,1068,23.5
2025-02,Ochakovo-Matveyevskoye,ZAO,351600,1465,23.5
2025-02,Shchapovskoye,TAO,113500,473,23.5
2025-02,Donskoy,YuAO,356200,1484,23.5
2025-02,Konkovo,YuZAO,345300,1439,23.5
2025-02,Ryazanovskoye,NAO,167100,696,23.5
2025-02,Orekhovo-Borisovo Severnoye,YuAO,246000,1025,23.5
2025-02,Sokolniki,VAO,341700,1424,23.5
2025-02,Orekhovo-Borisovo Yuzhnoye,YuAO,257100,1071,23.5
2025-02,Aeroport,SAO,346800,1445,23.5
2025-02,Molzhaninovsky,SAO,241400,1006,23.5
2025-02,Kokoshkino,NAO,177700,740,23.5
2025-02,Vnukovskoye,NAO,222900,929,23.5
2025-02,Preobrazhenskoye,VAO,298100,1242,23.5
2025-02,Zyablikovo,YuAO,248400,1035,23.5
2025-02,Voykovsky,SAO,313800,1308,23.5
2025-02,Rogovskoye,TAO,106300,443,23.5
2025-02,Timiryazevsky,SAO,330400,1377,23.5
2025-02,Lomonosovsky,YuZAO,477700,1990,23.5
2025-02,Savyolovsky,SAO,369300,1539,23.5
2025-02,Novogireyevo,VAO,288000,1200,23.5
2025-02,Chertanovo Tsentralnoye,YuAO,267300,1114,23.5
2025-02,Bogorodskoye,VAO,271500,1131,23.5
2025-02,Severnoye Butovo,YuZAO,321300,1339,23.5
2025-02,Bibirevo,SVAO,272700,1136,23.5
2025-02,Vostochnoye Izmaylovo,VAO,285000,1188,23.5
2025-02,Golyanovo,VAO,265200,1105,23.5
2025-02,Mozhaysky,ZAO,367000,1529,23.5
2025-02,Strogino,SZAO,397400,1656,23.5
2025-02,Filyovsky Park,ZAO,455600,1898,23.5
2025-02,Klyonovskoye,TAO,113400,472,23.5
2025-02,Severnoye Tushino,SZAO,321200,1338,23.5
2025-02,Lianozovo,SVAO,258800,1078,23.5
2025-02,Krasnoselsky,CAO,527100,2196,23.5
2025-02,Ivanovskoye,VAO,264300,1101,23.5
2025-02,Pokrovskoye-Streshnevo,SZAO,344900,1437,23.5
2025-02,Kuntsevo,ZAO,387400,1614,23.5
2025-02,Rostokino,SVAO,286800,1195,23.5
2025-02,Troparyovo-Nikulino,ZAO,422100,1759,23.5
2025-02,Basmanny,CAO,586400,2443,23.5
2025-02,Ostankinsky,SVAO,347400,1448,23.5
2025-02,Yuzhnoye Butovo,YuZAO,305900,1274,23.5
2025-02,Kurkino,SZAO,380300,1584,23.5
2025-02,Solntsevo,ZAO,309500,1289,23.5
2025-02,Marfino,SVAO,287800,1199,23.5
2025-02,Izmaylovo,VAO,314400,1310,23.5
2025-02,Dorogomilovo,ZAO,543200,2263,23.5
2025-02,Vostochny,VAO,236900,987,23.5
2025-02,Meshchansky,CAO,569300,2372,23.5
2025-02,Tyoply Stan,YuZAO,324400,1352,23.5
2025-02,Babushkinsky,SVAO,295500,1231,23.5
2025-02,Ramenki,ZAO,497700,2074,23.5
2025-02,Alekseevsky,SVAO,342500,1427,23.5
2025-02,Krylatskoye,SZAO,448400,1868,23.5
2025-02,Cheryomushki,YuZAO,382400,1594,23.5
2025-02,Fili-Davydkovo,ZAO,421900,1758,23.5
2025-02,Troitsk,TAO,159800,666,23.5
2025-02,Altufyevsky,SVAO,256100,1067,23.5
2025-02,Losinoostrovsky,SVAO,280400,1168,23.5
2025-02,Yuzhnoye Medvedkovo,SVAO,279800,1166,23.5
2025-02,Moskvorechye-Saburovo,YuAO,289500,1206,23.5
2025-02,Yaroslavsky,SVAO,262600,1094,23.5
2025-02,Mitino,SZAO,320500,1335,23.5
2025-02,Otradnoye,SVAO,298600,1244,23.5
2025-02,Vnukovo,ZAO,292700,1220,23.5
2025-02,Maryina Roshcha,SVAO,324800,1353,23.5
2025-02,Nagatino-Sadovniki,YuAO,307100,1279,23.5
2025-02,Prospekt Vernadskogo,ZAO,485700,2024,23.5
2025-02,Veshnyaki,VAO,256700,1070,23.5
2025-02,Yasenevo,YuZAO,361300,1506,23.5
2025-02,Butyrsky,SVAO,327600,1365,23.5
2025-03,Brateyevo,YuAO,255900,1066,23.5
2025-03,Dmitrovsky,SAO,264500,1102,23.5
2025-03,Dorogomilovo,ZAO,552500,2302,23.5
2025-03,Otradnoye,SVAO,286900,1196,23.5
2025-03,Akademichesky,YuZAO,432800,1803,23.5
2025-03,Mikhaylovo-Yartsevskoye,TAO,112100,467,23.5
2025-03,Krylatskoye,SZAO,459700,1916,23.5
2025-03,Timiryazevsky,SAO,342900,1429,23.5
2025-03,Solntsevo,ZAO,315700,1315,23.5
2025-03,Lomonosovsky,YuZAO,473700,1974,23.5
2025-03,Marfino,SVAO,282500,1177,23.5
2025-03,Zamoskvorechye,CAO,634400,2643,23.5
2025-03,Zapadnoye Degunino,SAO,267900,1116,23.5
2025-03,Yasenevo,YuZAO,360700,1503,23.5
2025-03,Severnoye Tushino,SZAO,312200,1301,23.5
2025-03,Donskoy,YuAO,374800,1562,23.5
2025-03,Voykovsky,SAO,311400,1298,23.5
2025-03,Yuzhnoye Tushino,SZAO,327600,1365,23.5
2025-03,Severnoye Izmaylovo,VAO,290900,1212,23.5
2025-03,Metrogorodok,VAO,260600,1086,23.5
2025-03,Sokolniki,VAO,339400,1414,23.5
2025-03,Khamovniki,CAO,768500,3202,23.5
2025-03,Ryazanovskoye,NAO,172000,717,23.5
2025-03,Vnukovskoye,NAO,221700,924,23.5
2025-03,Sokol,SAO,383300,1597,23.5
2025-03,Altufyevsky,SVAO,256600,1069,23.5
2025-03,Sviblovo,SVAO,278400,1160,23.5
2025-03,Marushkinskoye,NAO,170100,709,23.5
2025-03,Krasnopakhorskoye,TAO,129900,541,23.5
2025-03,Lianozovo,SVAO,273200,1138,23.5
2025-03,Orekhovo-Borisovo Severnoye,YuAO,261100,1088,23.5
2025-03,Voronovskoye,TAO,116700,486,23.5
2025-03,Yaroslavsky,SVAO,276600,1153,23.5
2025-03,Kotlovka,YuZAO,379100,1580,23.5
2025-03,Ivanovskoye,VAO,266900,1112,23.5
2025-03,Zelenograd,ZelAO,176600,736,23.5
2025-03,Yuzhnoye Butovo,YuZAO,298600,1244,23.5
2025-03,Koptevo,SAO,290700,1211,23.5
2025-03,Troitsk,TAO,152900,637,23.5
2025-03,Novokosino,VAO,258400,1077,23.5
2025-03,Ochakovo-Matveyevskoye,ZAO,371400,1547,23.5
2025-03,Aeroport,SAO,349300,1455,23.5
2025-03,Golyanovo,VAO,263400,1098,23.5
2025-03,Bibirevo,SVAO,263200,1097,23.5
2025-03,Voskresenskoye,NAO,217600,907,23.5
2025-03,Butyrsky,SVAO,324400,1352,23.5
2025-03,Veshnyaki,VAO,249000,1038,23.5
2025-03,Sosenskoye,NAO,230100,959,23.5
2025-03,Gagarinsky,YuZAO,470800,1962,23.5
2025-03,Tsaritsyno,YuAO,259100,1079,23.5
2025-03,Moskvorechye-Saburovo,YuAO,270700,1128,23.5
2025-03,Troparyovo-Nikulino,ZAO,415900,1733,23.5
2025-03,Zyuzino,YuZAO,367100,1530,23.5
2025-03,Filimonkovskoye,NAO,180600,753,23.5
2025-03,Nagatinsky Zaton,YuAO,339800,1416,23.5
2025-03,Biryulyovo Vostochnoye,YuAO,247600,1032,23.5
2025-03,Levoberezhny,SAO,306100,1275,23.5
2025-03,Mitino,SZAO,313100,1304,23.5
2025-03,Yuzhnoye Medvedkovo,SVAO,282200,1176,23.5
2025-03,Maryina Roshcha,SVAO,347600,1449,23.5
2025-03,Cheryomushki,YuZAO,385700,1607,23.5
2025-03,Perovo,VAO,280900,1171,23.5
2025-03,Begovoy,SAO,389500,1623,23.5
2025-03,Vnukovo,ZAO,294500,1227,23.5
2025-03,Desyonovskoye,NAO,204300,851,23.5
2025-03,Chertanovo Severnoye,YuAO,277100,1155,23.5
2025-03,Babushkinsky,SVAO,290900,1212,23.5
2025-03,Novogireyevo,VAO,279300,1164,23.5
2025-03,Orekhovo-Borisovo Yuzhnoye,YuAO,251700,1049,23.5
2025-03,Savyolovsky,SAO,384100,1601,23.5
2025-03,Vostochny,VAO,234800,978,23.5
2025-03,Yakimanka,CAO,707800,2949,23.5
2025-03,Rogovskoye,TAO,110400,460,23.5
2025-03,Beskudnikovsky,SAO,275000,1146,23.5
2025-03,Preobrazhenskoye,VAO,312900,1304,23.5
2025-03,Sokolinaya Gora,VAO,273700,1140,23.5
2025-03,Kurkino,SZAO,383600,1598,23.5
2025-03,Ostankinsky,SVAO,343900,1433,23.5
2025-03,Pokrovskoye-Streshnevo,SZAO,342400,1427,23.5
2025-03,Tyoply Stan,YuZAO,324000,1350,23.5
2025-03,Shcherbinka,NAO,203700,849,23.5
2025-03,Bogorodskoye,VAO,271000,1129,23.5
2025-03,Konkovo,YuZAO,352800,1470,23.5
2025-03,Severnoye Medvedkovo,SVAO,294300,1226,23.5
2025-03,Krasnoselsky,CAO,539400,2247,23.5
2025-03,Pervomayskoye,TAO,120900,504,23.5
2025-03,Kokoshkino,NAO,175900,733,23.5
2025-03,Filyovsky Park,ZAO,446800,1862,23.5
2025-03,Biryulyovo Zapadnoye,YuAO,233600,973,23.5
2025-03,Klyonovskoye,TAO,109200,455,23.5
2025-03,Novo-Peredelkino,ZAO,292500,1219,23.5
2025-03,Molzhaninovsky,SAO,240600,1003,23.5
2025-03,Khoroshyovo-Mnyovniki,SZAO,393000,1638,23.5
2025-03,Alekseevsky,SVAO,355700,1482,23.5
2025-03,Kievsky,TAO,109500,456,23.5
2025-03,Shchukino,SZAO,396400,1652,23.5
2025-03,Ramenki,ZAO,482400,2010,23.5
2025-03,Golovinsky,SAO,290100,1209,23.5
2025-03,Moskovsky,NAO,224900,937,23.5
2025-03,Prospekt Vernadskogo,ZAO,459200,1913,23.5
2025-03,Strogino,SZAO,390800,1628,23.5
2025-03,Shchapovskoye,TAO,118600,494,23.5
2025-03,Khoroshyovsky,SAO,390700,1628,23.5
2025-03,Zyablikovo,YuAO,264000,1100,23.5
2025-03,Arbat,CAO,700200,2917,23.5
2025-03,Mozhaysky,ZAO,350600,1461,23.5
2025-03,Losinoostrovsky,SVAO,286300,1193,23.5
2025-03,Severnoye Butovo,YuZAO,317300,1322,23.5
2025-03,Tverskoy,CAO,739700,3082,23.5
2025-03,Danilovsky,YuAO,340100,1417,23.5
2025-03,Rostokino,SVAO,292300,1218,23.5
2025-03,Presnensky,CAO,700600,2919,23.5
2025-03,Mosrentgen,NAO,223900,933,23.5
2025-03,Nagorny,YuAO,318400,1327,23.5
2025-03,Kosino-Ukhtomsky,VAO,255100,1063,23.5
2025-03,Izmaylovo,VAO,321400,1339,23.5
2025-03,Obruchevsky,YuZAO,384700,1603,23.5
2025-03,Vostochnoye Izmaylovo,VAO,290700,1211,23.5
2025-03,Chertanovo Yuzhnoye,YuAO,252600,1052,23.5
2025-03,Khovrino,SAO,273400,1139,23.5
2025-03,Kuntsevo,ZAO,380300,1585,23.5
2025-03,Meshchansky,CAO,547100,2280,23.5
2025-03,Severny,SVAO,254100,1059,23.5
2025-03,Novofyodorovskoye,TAO,106500,444,23.5
2025-03,Basmanny,CAO,569500,2373,23.5
2025-03,Tagansky,CAO,557100,2321,23.5
2025-03,Nagatino-Sadovniki,YuAO,294500,1227,23.5
2025-03,Chertanovo Tsentralnoye,YuAO,260500,1085,23.5
2025-03,Fili-Davydkovo,ZAO,420600,1753,23.5
2025-04,Nagorny,YuAO,323500,1348,23.5
2025-04,Shchapovskoye,TAO,113400,472,23.5
2025-04,Novogireyevo,VAO,286800,1195,23.5
2025-04,Bibirevo,SVAO,264600,1102,23.5
2025-04,Rogovskoye,TAO,104600,436,23.5
2025-04,Dmitrovsky,SAO,254800,1062,23.5
2025-04,Orekhovo-Borisovo Yuzhnoye,YuAO,251300,1047,23.5
2025-04,Presnensky,CAO,687300,2864,23.5
2025-04,Rostokino,SVAO,302300,1259,23.5
2025-04,Golyanovo,VAO,257000,1071,23.5
2025-04,Savyolovsky,SAO,345600,1440,23.5
2025-04,Babushkinsky,SVAO,295700,1232,23.5
2025-04,Aeroport,SAO,355900,1483,23.5
2025-04,Ochakovo-Matveyevskoye,ZAO,357900,1491,23.5
2025-04,Vostochny,VAO,240800,1003,23.5
2025-04,Kosino-Ukhtomsky,VAO,256700,1070,23.5
2025-04,Novokosino,VAO,275400,1147,23.5
2025-04,Kievsky,TAO,110900,462,23.5
2025-04,Akademichesky,YuZAO,430400,1793,23.5
2025-04,Gagarinsky,YuZAO,490000,2042,23.5
2025-04,Sokolinaya Gora,VAO,269100,1121,23.5
2025-04,Voronovskoye,TAO,112400,468,23.5
2025-04,Shchukino,SZAO,401100,1671,23.5
2025-04,Brateyevo,YuAO,250600,1044,23.5
2025-04,Orekhovo-Borisovo Severnoye,YuAO,252900,1054,23.5
2025-04,Marfino,SVAO,284300,1184,23.5
2025-04,Pervomayskoye,TAO,119900,499,23.5
2025-04,Desyonovskoye,NAO,216700,903,23.5
2025-04,Otradnoye,SVAO,296900,1237,23.5
2025-04,Khoroshyovsky,SAO,393700,1640,23.5
2025-04,Butyrsky,SVAO,328700,1370,23.5
2025-04,Voskresenskoye,NAO,204500,852,23.5
2025-04,Mosrentgen,NAO,210300,876,23.5
2025-04,Tyoply Stan,YuZAO,324600,1353,23.5
2025-04,Zapadnoye Degunino,SAO,272000,1133,23.5
2025-04,Vnukovo,ZAO,287100,1196,23.5
2025-04,Biryulyovo Zapadnoye,YuAO,232100,967,23.5
2025-04,Novo-Peredelkino,ZAO,296700,1236,23.5
2025-04,Meshchansky,CAO,558200,2326,23.5
2025-04,Pokrovskoye-Streshnevo,SZAO,345300,1439,23.5
2025-04,Lomonosovsky,YuZAO,453500,1889,23.5
2025-04,Molzhaninovsky,SAO,241000,1004,23.5
2025-04,Chertanovo Severnoye,YuAO,277000,1154,23.5
2025-04,Kuntsevo,ZAO,386400,1610,23.5
2025-04,Shcherbinka,NAO,208000,867,23.5
2025-04,Krasnoselsky,CAO,503800,2099,23.5
2025-04,Kurkino,SZAO,373900,1558,23.5
2025-04,Konkovo,YuZAO,358700,1495,23.5
2025-04,Bogorodskoye,VAO,276600,1153,23.5
2025-04,Novofyodorovskoye,TAO,110800,462,23.5
2025-04,Filyovsky Park,ZAO,443500,1848,23.5
2025-04,Voykovsky,SAO,316300,1318,23.5
2025-04,Nagatino-Sadovniki,YuAO,325000,1354,23.5
2025-04,Kokoshkino,NAO,185800,774,23.5
2025-04,Basmanny,CAO,564400,2352,23.5
2025-04,Timiryazevsky,SAO,336200,1401,23.5
2025-04,Ostankinsky,SVAO,346600,1444,23.5
2025-04,Solntsevo,ZAO,305900,1275,23.5
2025-04,Chertanovo Yuzhnoye,YuAO,252600,1053,23.5
2025-04,Yakimanka,CAO,685700,2857,23.5
2025-04,Obruchevsky,YuZAO,388900,1620,23.5
2025-04,Veshnyaki,VAO,251900,1050,23.5
2025-04,Mikhaylovo-Yartsevskoye,TAO,115200,480,23.5
2025-04,Troitsk,TAO,154400,643,23.5
2025-04,Severnoye Medvedkovo,SVAO,276600,1152,23.5
2025-04,Troparyovo-Nikulino,ZAO,422000,1758,23.5
2025-04,Beskudnikovsky,SAO,260300,1085,23.5
2025-04,Preobrazhenskoye,VAO,309900,1291,23.5
2025-04,Izmaylovo,VAO,310700,1295,23.5
2025-04,Krylatskoye,SZAO,450800,1879,23.5
2025-04,Vostochnoye Izmaylovo,VAO,268400,1118,23.5
2025-04,Vnukovskoye,NAO,228200,951,23.5
2025-04,Perovo,VAO,277300,1155,23.5
2025-04,Khovrino,SAO,268600,1119,23.5
2025-04,Klyonovskoye,TAO,112300,468,23.5
2025-04,Ryazanovskoye,NAO,179900,749,23.5
2025-04,Khamovniki,CAO,736300,3068,23.5
2025-04,Mitino,SZAO,306800,1278,23.5
2025-04,Biryulyovo Vostochnoye,YuAO,240700,1003,23.5
2025-04,Severnoye Tushino,SZAO,327200,1363,23.5
2025-04,Donskoy,YuAO,372100,1551,23.5
2025-04,Levoberezhny,SAO,286700,1195,23.5
2025-04,Begovoy,SAO,388400,1618,23.5
2025-04,Maryina Roshcha,SVAO,352800,1470,23.5
2025-04,Mozhaysky,ZAO,382600,1594,23.5
2025-04,Zamoskvorechye,CAO,585300,2439,23.5
2025-04,Nagatinsky Zaton,YuAO,332700,1386,23.5
2025-04,Sokol,SAO,373800,1557,23.5
2025-04,Khoroshyovo-Mnyovniki,SZAO,399000,1663,23.5
2025-04,Fili-Davydkovo,ZAO,403600,1682,23.5
2025-04,Strogino,SZAO,407500,1698,23.5
2025-04,Filimonkovskoye,NAO,185100,771,23.5
2025-04,Losinoostrovsky,SVAO,287000,1196,23.5
2025-04,Tverskoy,CAO,693100,2888,23.5
2025-04,Severnoye Butovo,YuZAO,306400,1277,23.5
2025-04,Yasenevo,YuZAO,353600,1473,23.5
2025-04,Altufyevsky,SVAO,269700,1124,23.5
2025-04,Yaroslavsky,SVAO,264000,1100,23.5
2025-04,Sviblovo,SVAO,270900,1129,23.5
2025-04,Zyablikovo,YuAO,246300,1026,23.5
2025-04,Cheryomushki,YuZAO,385000,1604,23.5
2025-04,Golovinsky,SAO,294300,1226,23.5
2025-04,Arbat,CAO,734400,3060,23.5
2025-04,Yuzhnoye Medvedkovo,SVAO,279000,1162,23.5
2025-04,Severnoye Izmaylovo,VAO,284700,1186,23.5
2025-04,Yuzhnoye Tushino,SZAO,330800,1378,23.5
2025-04,Metrogorodok,VAO,256200,1068,23.5
2025-04,Chertanovo Tsentralnoye,YuAO,270800,1128,23.5
2025-04,Sokolniki,VAO,327600,1365,23.5
2025-04,Marushkinskoye,NAO,166900,695,23.5
2025-04,Ramenki,ZAO,481100,2005,23.5
2025-04,Tsaritsyno,YuAO,265300,1105,23.5
2025-04,Alekseevsky,SVAO,325600,1357,23.5
2025-04,Ivanovskoye,VAO,268300,1118,23.5
2025-04,Sosenskoye,NAO,217500,906,23.5
2025-04,Zelenograd,ZelAO,186600,778,23.5
2025-04,Yuzhnoye Butovo,YuZAO,318300,1326,23.5
2025-04,Kotlovka,YuZAO,392700,1636,23.5
2025-04,Tagansky,CAO,542200,2259,23.5
2025-04,Koptevo,SAO,304100,1267,23.5
2025-04,Moskvorechye-Saburovo,YuAO,280800,1170,23.5
2025-04,Zyuzino,YuZAO,379800,1582,23.5
2025-04,Lianozovo,SVAO,266600,1111,23.5
2025-04,Severny,SVAO,246700,1028,23.5
2025-04,Krasnopakhorskoye,TAO,127800,533,23.5
2025-04,Moskovsky,NAO,225200,938,23.5
2025-04,Dorogomilovo,ZAO,553800,2307,23.5
2025-04,Danilovsky,YuAO,341500,1423,23.5
2025-04,Prospekt Vernadskogo,ZAO,496500,2069,23.5
2025-05,Begovoy,SAO,378700,1578,23.5
2025-05,Cheryomushki,YuZAO,395200,1647,23.5
2025-05,Ochakovo-Matveyevskoye,ZAO,367900,1533,23.5
2025-05,Arbat,CAO,746000,3108,23.5
2025-05,Golovinsky,SAO,294000,1225,23.5
2025-05,Nagatinsky Zaton,YuAO,327800,1366,23.5
2025-05,Pervomayskoye,TAO,123400,514,23.5
2025-05,Tagansky,CAO,566400,2360,23.5
2025-05,Tsaritsyno,YuAO,287800,1199,23.5
2025-05,Molzhaninovsky,SAO,234900,979,23.5
2025-05,Sokolinaya Gora,VAO,282900,1179,23.5
2025-05,Biryulyovo Vostochnoye,YuAO,246700,1028,23.5
2025-05,Vnukovo,ZAO,291200,1213,23.5
2025-05,Kievsky,TAO,108900,454,23.5
2025-05,Vostochnoye Izmaylovo,VAO,279400,1164,23.5
2025-05,Bibirevo,SVAO,277200,1155,23.5
2025-05,Novofyodorovskoye,TAO,109800,458,23.5
2025-05,Losinoostrovsky,SVAO,281000,1171,23.5
2025-05,Timiryazevsky,SAO,338200,1409,23.5
2025-05,Biryulyovo Zapadnoye,YuAO,242100,1009,23.5
2025-05,Voronovskoye,TAO,113100,471,23.5
2025-05,Nagorny,YuAO,311900,1299,23.5
2025-05,Filimonkovskoye,NAO,189700,790,23.5
2025-05,Khoroshyovo-Mnyovniki,SZAO,395100,1646,23.5
2025-05,Golyanovo,VAO,257700,1074,23.5
2025-05,Koptevo,SAO,302600,1261,23.5
2025-05,Desyonovskoye,NAO,210400,877,23.5
2025-05,Aeroport,SAO,330800,1378,23.5
2025-05,Obruchevsky,YuZAO,401600,1673,23.5
2025-05,Butyrsky,SVAO,314400,1310,23.5
2025-05,Novokosino,VAO,269400,1122,23.5
2025-05,Zyuzino,YuZAO,363300,1514,23.5
2025-05,Maryina Roshcha,SVAO,351600,1465,23.5
2025-05,Zamoskvorechye,CAO,578300,2409,23.5
2025-05,Prospekt Vernadskogo,ZAO,495400,2064,23.5
2025-05,Levoberezhny,SAO,288000,1200,23.5
2025-05,Khoroshyovsky,SAO,396000,1650,23.5
2025-05,Veshnyaki,VAO,257600,1073,23.5
2025-05,Novo-Peredelkino,ZAO,288200,1201,23.5
2025-05,Yuzhnoye Medvedkovo,SVAO,289300,1205,23.5
2025-05,Troparyovo-Nikulino,ZAO,435600,1815,23.5
2025-05,Sosenskoye,NAO,220300,918,23.5
2025-05,Mitino,SZAO,332500,1385,23.5
2025-05,Voskresenskoye,NAO,219100,913,23.5
2025-05,Gagarinsky,YuZAO,481000,2004,23.5
2025-05,Krasnoselsky,CAO,536300,2235,23.5
2025-05,Perovo,VAO,290400,1210,23.5
2025-05,Meshchansky,CAO,576500,2402,23.5
2025-05,Kotlovka,YuZAO,386000,1608,23.5
2025-05,Basmanny,CAO,556400,2318,23.5
2025-05,Donskoy,YuAO,367800,1533,23.5
2025-05,Klyonovskoye,TAO,106400,444,23.5
2025-05,Lianozovo,SVAO,271500,1131,23.5
2025-05,Mozhaysky,ZAO,363200,1513,23.5
2025-05,Ryazanovskoye,NAO,178500,744,23.5
2025-05,Sokol,SAO,368800,1537,23.5
2025-05,Marushkinskoye,NAO,165500,690,23.5
2025-05,Strogino,SZAO,408400,1701,23.5
2025-05,Krasnopakhorskoye,TAO,126300,526,23.5
2025-05,Chertanovo Tsentralnoye,YuAO,261300,1089,23.5
2025-05,Dorogomilovo,ZAO,562900,2345,23.5
2025-05,Sokolniki,VAO,334300,1393,23.5
2025-05,Kokoshkino,NAO,178000,742,23.5
2025-05,Ivanovskoye,VAO,273700,1141,23.5
2025-05,Ramenki,ZAO,517200,2155,23.5
2025-05,Altufyevsky,SVAO,267600,1115,23.5
2025-05,Zelenograd,ZelAO,195100,813,23.5
2025-05,Moskovsky,NAO,231300,964,23.5
2025-05,Shchukino,SZAO,412400,1718,23.5
2025-05,Akademichesky,YuZAO,438300,1826,23.5
2025-05,Brateyevo,YuAO,251200,1047,23.5
2025-05,Danilovsky,YuAO,334400,1393,23.5
2025-05,Marfino,SVAO,286600,1194,23.5
2025-05,Fili-Davydkovo,ZAO,408000,1700,23.5
2025-05,Voykovsky,SAO,311700,1299,23.5
2025-05,Severny,SVAO,242600,1011,23.5
2025-05,Mikhaylovo-Yartsevskoye,TAO,111800,466,23.5
2025-05,Nagatino-Sadovniki,YuAO,315000,1313,23.5
2025-05,Krylatskoye,SZAO,452300,1884,23.5
2025-05,Dmitrovsky,SAO,259700,1082,23.5
2025-05,Otradnoye,SVAO,296300,1235,23.5
2025-05,Alekseevsky,SVAO,351300,1464,23.5
2025-05,Severnoye Butovo,YuZAO,332500,1385,23.5
2025-05,Rostokino,SVAO,277200,1155,23.5
2025-05,Lomonosovsky,YuZAO,494600,2061,23.5
2025-05,Yuzhnoye Butovo,YuZAO,295000,1229,23.5
2025-05,Tverskoy,CAO,748600,3119,23.5
2025-05,Yuzhnoye Tushino,SZAO,322400,1343,23.5
2025-05,Orekhovo-Borisovo Severnoye,YuAO,241800,1007,23.5
2025-05,Zyablikovo,YuAO,248500,1035,23.5
2025-05,Yaroslavsky,SVAO,267000,1112,23.5
2025-05,Yasenevo,YuZAO,352900,1470,23.5
2025-05,Sviblovo,SVAO,284800,1186,23.5
2025-05,Severnoye Izmaylovo,VAO,289000,1204,23.5
2025-05,Severnoye Tushino,SZAO,330800,1378,23.5
2025-05,Metrogorodok,VAO,252000,1050,23.5
2025-05,Khamovniki,CAO,750300,3126,23.5
2025-05,Izmaylovo,VAO,305700,1274,23.5
2025-05,Chertanovo Yuzhnoye,YuAO,248000,1034,23.5
2025-05,Kosino-Ukhtomsky,VAO,243300,1014,23.5
2025-05,Novogireyevo,VAO,281600,1173,23.5
2025-05,Vostochny,VAO,231400,964,23.5
2025-05,Severnoye Medvedkovo,SVAO,293800,1224,23.5
2025-05,Yakimanka,CAO,665500,2773,23.5
2025-05,Moskvorechye-Saburovo,YuAO,291300,1214,23.5
2025-05,Chertanovo Severnoye,YuAO,283900,1183,23.5
2025-05,Preobrazhenskoye,VAO,310300,1293,23.5
2025-05,Ostankinsky,SVAO,354300,1476,23.5
2025-05,Pokrovskoye-Streshnevo,SZAO,346300,1443,23.5
2025-05,Solntsevo,ZAO,341300,1422,23.5
2025-05,Vnukovskoye,NAO,220200,917,23.5
2025-05,Khovrino,SAO,278300,1160,23.5
2025-05,Kurkino,SZAO,386900,1612,23.5
2025-05,Shcherbinka,NAO,210300,876,23.5
2025-05,Kuntsevo,ZAO,403900,1683,23.5
2025-05,Shchapovskoye,TAO,113700,474,23.5
2025-05,Filyovsky Park,ZAO,438400,1827,23.5
2025-05,Konkovo,YuZAO,373500,1556,23.5
2025-05,Presnensky,CAO,708100,2950,23.5
2025-05,Bogorodskoye,VAO,283800,1183,23.5
2025-05,Savyolovsky,SAO,376400,1568,23.5
2025-05,Troitsk,TAO,158000,658,23.5
2025-05,Mosrentgen,NAO,221400,922,23.5
2025-05,Tyoply Stan,YuZAO,320200,1334,23.5
2025-05,Rogovskoye,TAO,112200,468,23.5
2025-05,Orekhovo-Borisovo Yuzhnoye,YuAO,255200,1063,23.5
2025-05,Zapadnoye Degunino,SAO,270300,1126,23.5
2025-05,Beskudnikovsky,SAO,268800,1120,23.5
2025-05,Babushkinsky,SVAO,292600,1219,23.5
2025-06,Perovo,VAO,279100,1163,23.5
2025-06,Biryulyovo Vostochnoye,YuAO,240300,1001,23.5
2025-06,Zamoskvorechye,CAO,631100,2629,23.5
2025-06,Begovoy,SAO,403500,1681,23.5
2025-06,Dmitrovsky,SAO,263800,1099,23.5
2025-06,Veshnyaki,VAO,259800,1082,23.5
2025-06,Golovinsky,SAO,286600,1194,23.5
2025-06,Kurkino,SZAO,364200,1517,23.5
2025-06,Marfino,SVAO,281500,1173,23.5
2025-06,Akademichesky,YuZAO,431700,1799,23.5
2025-06,Presnensky,CAO,683500,2848,23.5
2025-06,Losinoostrovsky,SVAO,281600,1173,23.5
2025-06,Vostochnoye Izmaylovo,VAO,283400,1181,23.5
2025-06,Troparyovo-Nikulino,ZAO,423800,1766,23.5
2025-06,Filyovsky Park,ZAO,447400,1864,23.5
2025-06,Krylatskoye,SZAO,433800,1807,23.5
2025-06,Troitsk,TAO,152200,634,23.5
2025-06,Yuzhnoye Medvedkovo,SVAO,285700,1191,23.5
2025-06,Moskovsky,NAO,219700,915,23.5
2025-06,Sokolinaya Gora,VAO,289200,1205,23.5
2025-06,Severny,SVAO,242900,1012,23.5
2025-06,Nagatinsky Zaton,YuAO,349300,1455,23.5
2025-06,Voykovsky,SAO,316400,1318,23.5
2025-06,Kokoshkino,NAO,174900,729,23.5
2025-06,Zapadnoye Degunino,SAO,273500,1140,23.5
2025-06,Voronovskoye,TAO,115700,482,23.5
2025-06,Fili-Davydkovo,ZAO,419300,1747,23.5
2025-06,Butyrsky,SVAO,323100,1346,23.5
2025-06,Beskudnikovsky,SAO,279200,1163,23.5
2025-06,Lianozovo,SVAO,260000,1083,23.5
2025-06,Vostochny,VAO,248500,1035,23.5
2025-06,Basmanny,CAO,546600,2278,23.5
2025-06,Sosenskoye,NAO,226900,945,23.5
2025-06,Sokolniki,VAO,328100,1367,23.5
2025-06,Yuzhnoye Butovo,YuZAO,296100,1234,23.5
2025-06,Chertanovo Severnoye,YuAO,273300,1139,23.5
2025-06,Koptevo,SAO,310000,1292,23.5
2025-06,Klyonovskoye,TAO,109300,455,23.5
2025-06,Preobrazhenskoye,VAO,294600,1227,23.5
2025-06,Prospekt Vernadskogo,ZAO,468000,1950,23.5
2025-06,Chertanovo Tsentralnoye,YuAO,265200,1105,23.5
2025-06,Chertanovo Yuzhnoye,YuAO,257700,1074,23.5
2025-06,Severnoye Izmaylovo,VAO,270600,1127,23.5
2025-06,Ryazanovskoye,NAO,182900,762,23.5
2025-06,Yasenevo,YuZAO,374200,1559,23.5
2025-06,Marushkinskoye,NAO,160800,670,23.5
2025-06,Gagarinsky,YuZAO,477100,1988,23.5
2025-06,Mosrentgen,NAO,225100,938,23.5
2025-06,Lomonosovsky,YuZAO,493500,2056,23.5
2025-06,Otradnoye,SVAO,289400,1206,23.5
2025-06,Yakimanka,CAO,700300,2918,23.5
2025-06,Severnoye Butovo,YuZAO,319200,1330,23.5
2025-06,Mikhaylovo-Yartsevskoye,TAO,116200,484,23.5
2025-06,Moskvorechye-Saburovo,YuAO,283200,1180,23.5
2025-06,Ostankinsky,SVAO,337300,1405,23.5
2025-06,Pokrovskoye-Streshnevo,SZAO,376500,1569,23.5
2025-06,Timiryazevsky,SAO,332700,1386,23.5
2025-06,Vnukovskoye,NAO,220400,918,23.5
2025-06,Nagatino-Sadovniki,YuAO,297100,1238,23.5
2025-06,Alekseevsky,SVAO,346400,1443,23.5
2025-06,Shcherbinka,NAO,202600,844,23.5
2025-06,Novogireyevo,VAO,285200,1188,23.5
2025-06,Tverskoy,CAO,700900,2920,23.5
2025-06,Konkovo,YuZAO,361500,1506,23.5
2025-06,Mozhaysky,ZAO,359500,1498,23.5
2025-06,Strogino,SZAO,424100,1767,23.5
2025-06,Biryulyovo Zapadnoye,YuAO,248100,1034,23.5
2025-06,Molzhaninovsky,SAO,239700,999,23.5
2025-06,Babushkinsky,SVAO,278100,1159,23.5
2025-06,Ramenki,ZAO,480600,2002,23.5
2025-06,Shchukino,SZAO,393000,1638,23.5
2025-06,Golyanovo,VAO,258100,1076,23.5
2025-06,Danilovsky,YuAO,372900,1554,23.5
2025-06,Novokosino,VAO,265600,1107,23.5
2025-06,Khamovniki,CAO,785500,3273,23.5
2025-06,Dorogomilovo,ZAO,575500,2398,23.5
2025-06,Krasnopakhorskoye,TAO,130900,545,23.5
2025-06,Brateyevo,YuAO,247800,1032,23.5
2025-06,Kotlovka,YuZAO,377800,1574,23.5
2025-06,Sviblovo,SVAO,281600,1173,23.5
2025-06,Ivanovskoye,VAO,272300,1135,23.5
2025-06,Zelenograd,ZelAO,181700,757,23.5
2025-06,Sokol,SAO,386400,1610,23.5
2025-06,Rogovskoye,TAO,109100,455,23.5
2025-06,Donskoy,YuAO,372600,1552,23.5
2025-06,Altufyevsky,SVAO,254400,1060,23.5
2025-06,Zyablikovo,YuAO,261500,1090,23.5
2025-06,Bogorodskoye,VAO,293400,1222,23.5
2025-06,Rostokino,SVAO,289600,1207,23.5
2025-06,Severnoye Medvedkovo,SVAO,292500,1219,23.5
2025-06,Solntsevo,ZAO,298000,1242,23.5
2025-06,Metrogorodok,VAO,249100,1038,23.5
2025-06,Severnoye Tushino,SZAO,336700,1403,23.5
2025-06,Tyoply Stan,YuZAO,337800,1407,23.5
2025-06,Orekhovo-Borisovo Yuzhnoye,YuAO,247400,1031,23.5
2025-06,Yaroslavsky,SVAO,269900,1124,23.5
2025-06,Orekhovo-Borisovo Severnoye,YuAO,249700,1040,23.5
2025-06,Savyolovsky,SAO,378200,1576,23.5
2025-06,Yuzhnoye Tushino,SZAO,329000,1371,23.5
2025-06,Novofyodorovskoye,TAO,109800,458,23.5
2025-06,Khovrino,SAO,277600,1157,23.5
2025-06,Meshchansky,CAO,569600,2373,23.5
2025-06,Khoroshyovo-Mnyovniki,SZAO,394800,1645,23.5
2025-06,Shchapovskoye,TAO,115800,482,23.5
2025-06,Tagansky,CAO,535100,2230,23.5
2025-06,Tsaritsyno,YuAO,268100,1117,23.5
2025-06,Zyuzino,YuZAO,393100,1638,23.5
2025-06,Kuntsevo,ZAO,388900,1620,23.5
2025-06,Nagorny,YuAO,322100,1342,23.5
2025-06,Filimonkovskoye,NAO,178300,743,23.5
2025-06,Maryina Roshcha,SVAO,330600,1378,23.5
2025-06,Kievsky,TAO,110200,459,23.5
2025-06,Voskresenskoye,NAO,211900,883,23.5
2025-06,Levoberezhny,SAO,291500,1215,23.5
2025-06,Mitino,SZAO,313100,1305,23.5
2025-06,Cheryomushki,YuZAO,385900,1608,23.5
2025-06,Ochakovo-Matveyevskoye,ZAO,360500,1502,23.5
2025-06,Khoroshyovsky,SAO,411400,1714,23.5
2025-06,Obruchevsky,YuZAO,399600,1665,23.5
2025-06,Novo-Peredelkino,ZAO,304000,1267,23.5
2025-06,Kosino-Ukhtomsky,VAO,248900,1037,23.5
2025-06,Krasnoselsky,CAO,540700,2253,23.5
2025-06,Desyonovskoye,NAO,198700,828,23.5
2025-06,Arbat,CAO,723800,3016,23.5
2025-06,Bibirevo,SVAO,284200,1184,23.5
2025-06,Aeroport,SAO,357500,1490,23.5
2025-06,Izmaylovo,VAO,315100,1313,23.5
2025-06,Pervomayskoye,TAO,122300,510,23.5
2025-06,Vnukovo,ZAO,285000,1188,23.5
2025-07,Severnoye Izmaylovo,VAO,286800,1195,19.5
2025-07,Sokolinaya Gora,VAO,278200,1159,19.5
2025-07,Nagorny,YuAO,332500,1385,19.5
2025-07,Severnoye Tushino,SZAO,340500,1419,19.5
2025-07,Krasnopakhorskoye,TAO,128100,534,19.5
2025-07,Obruchevsky,YuZAO,393700,1641,19.5
2025-07,Voronovskoye,TAO,115100,480,19.5
2025-07,Marushkinskoye,NAO,167600,698,19.5
2025-07,Klyonovskoye,TAO,108400,452,19.5
2025-07,Yasenevo,YuZAO,372700,1553,19.5
2025-07,Golovinsky,SAO,288700,1203,19.5
2025-07,Donskoy,YuAO,380900,1587,19.5
2025-07,Metrogorodok,VAO,259800,1082,19.5
2025-07,Tagansky,CAO,542800,2262,19.5
2025-07,Brateyevo,YuAO,263400,1097,19.5
2025-07,Prospekt Vernadskogo,ZAO,467400,1947,19.5
2025-07,Troitsk,TAO,156600,652,19.5
2025-07,Khamovniki,CAO,746700,3111,19.5
2025-07,Otradnoye,SVAO,285500,1190,19.5
2025-07,Arbat,CAO,729500,3040,19.5
2025-07,Khoroshyovo-Mnyovniki,SZAO,376000,1567,19.5
2025-07,Sokolniki,VAO,342900,1429,19.5
2025-07,Lianozovo,SVAO,262000,1092,19.5
2025-07,Sokol,SAO,387200,1613,19.5
2025-07,Ramenki,ZAO,484200,2017,19.5
2025-07,Losinoostrovsky,SVAO,274500,1144,19.5
2025-07,Lomonosovsky,YuZAO,486600,2028,19.5
2025-07,Tverskoy,CAO,715500,2981,19.5
2025-07,Presnensky,CAO,702000,2925,19.5
2025-07,Meshchansky,CAO,566100,2359,19.5
2025-07,Chertanovo Yuzhnoye,YuAO,242400,1010,19.5
2025-07,Strogino,SZAO,402800,1679,19.5
2025-07,Chertanovo Tsentralnoye,YuAO,269100,1121,19.5
2025-07,Khovrino,SAO,259400,1081,19.5
2025-07,Mozhaysky,ZAO,351800,1466,19.5
2025-07,Fili-Davydkovo,ZAO,418500,1744,19.5
2025-07,Shchukino,SZAO,403300,1680,19.5
2025-07,Kosino-Ukhtomsky,VAO,247300,1030,19.5
2025-07,Kievsky,TAO,106300,443,19.5
2025-07,Danilovsky,YuAO,362800,1512,19.5
2025-07,Moskovsky,NAO,226000,942,19.5
2025-07,Mosrentgen,NAO,223200,930,19.5
2025-07,Alekseevsky,SVAO,337800,1407,19.5
2025-07,Orekhovo-Borisovo Severnoye,YuAO,251600,1048,19.5
2025-07,Yuzhnoye Tushino,SZAO,349200,1455,19.5
2025-07,Khoroshyovsky,SAO,429300,1789,19.5
2025-07,Dmitrovsky,SAO,259200,1080,19.5
2025-07,Novofyodorovskoye,TAO,105500,439,19.5
2025-07,Severnoye Butovo,YuZAO,325100,1355,19.5
2025-07,Krylatskoye,SZAO,441400,1839,19.5
2025-07,Mikhaylovo-Yartsevskoye,TAO,116300,485,19.5
2025-07,Yaroslavsky,SVAO,262100,1092,19.5
2025-07,Vostochnoye Izmaylovo,VAO,285200,1188,19.5
2025-07,Kuntsevo,ZAO,393300,1639,19.5
2025-07,Severny,SVAO,245400,1022,19.5
2025-07,Izmaylovo,VAO,299200,1247,19.5
2025-07,Timiryazevsky,SAO,334800,1395,19.5
2025-07,Nagatino-Sadovniki,YuAO,309700,1290,19.5
2025-07,Voykovsky,SAO,321400,1339,19.5
2025-07,Konkovo,YuZAO,368100,1534,19.5
2025-07,Aeroport,SAO,358900,1496,19.5
2025-07,Voskresenskoye,NAO,211400,881,19.5
2025-07,Novokosino,VAO,261300,1089,19.5
2025-07,Butyrsky,SVAO,331700,1382,19.5
2025-07,Golyanovo,VAO,262000,1092,19.5
2025-07,Troparyovo-Nikulino,ZAO,411800,1716,19.5
2025-07,Babushkinsky,SVAO,273200,1138,19.5
2025-07,Molzhaninovsky,SAO,228000,950,19.5
2025-07,Biryulyovo Zapadnoye,YuAO,241100,1005,19.5
2025-07,Bogorodskoye,VAO,283100,1180,19.5
2025-07,Kokoshkino,NAO,179000,746,19.5
2025-07,Krasnoselsky,CAO,515700,2149,19.5
2025-07,Dorogomilovo,ZAO,547800,2283,19.5
2025-07,Moskvorechye-Saburovo,YuAO,268700,1120,19.5
2025-07,Kurkino,SZAO,377700,1574,19.5
2025-07,Shcherbinka,NAO,207500,865,19.5
2025-07,Vnukovskoye,NAO,224100,934,19.5
2025-07,Vostochny,VAO,239400,997,19.5
2025-07,Pokrovskoye-Streshnevo,SZAO,368000,1534,19.5
2025-07,Preobrazhenskoye,VAO,303700,1266,19.5
2025-07,Yakimanka,CAO,658900,2745,19.5
2025-07,Chertanovo Severnoye,YuAO,283600,1182,19.5
2025-07,Gagarinsky,YuZAO,499600,2082,19.5
2025-07,Vnukovo,ZAO,293000,1221,19.5
2025-07,Desyonovskoye,NAO,217000,904,19.5
2025-07,Perovo,VAO,292800,1220,19.5
2025-07,Novo-Peredelkino,ZAO,294200,1226,19.5
2025-07,Tsaritsyno,YuAO,278700,1161,19.5
2025-07,Bibirevo,SVAO,274200,1143,19.5
2025-07,Nagatinsky Zaton,YuAO,334800,1395,19.5
2025-07,Begovoy,SAO,383800,1599,19.5
2025-07,Zamoskvorechye,CAO,611100,2546,19.5
2025-07,Cheryomushki,YuZAO,392600,1636,19.5
2025-07,Biryulyovo Vostochnoye,YuAO,247100,1030,19.5
2025-07,Filyovsky Park,ZAO,453000,1888,19.5
2025-07,Ochakovo-Matveyevskoye,ZAO,370600,1544,19.5
2025-07,Yuzhnoye Medvedkovo,SVAO,285900,1191,19.5
2025-07,Levoberezhny,SAO,283100,1180,19.5
2025-07,Maryina Roshcha,SVAO,351300,1464,19.5
2025-07,Koptevo,SAO,303200,1263,19.5
2025-07,Mitino,SZAO,320100,1334,19.5
2025-07,Zyuzino,YuZAO,377100,1571,19.5
2025-07,Sosenskoye,NAO,221600,923,19.5
2025-07,Filimonkovskoye,NAO,184000,767,19.5
2025-07,Pervomayskoye,TAO,124400,518,19.5
2025-07,Kotlovka,YuZAO,369400,1539,19.5
2025-07,Basmanny,CAO,588700,2453,19.5
2025-07,Zyablikovo,YuAO,247200,1030,19.5
2025-07,Sviblovo,SVAO,284000,1183,19.5
2025-07,Severnoye Medvedkovo,SVAO,279500,1165,19.5
2025-07,Altufyevsky,SVAO,257700,1074,19.5
2025-07,Marfino,SVAO,284600,1186,19.5
2025-07,Veshnyaki,VAO,248300,1035,19.5
2025-07,Akademichesky,YuZAO,427200,1780,19.5
2025-07,Solntsevo,ZAO,329000,1371,19.5
2025-07,Rogovskoye,TAO,116200,484,19.5
2025-07,Orekhovo-Borisovo Yuzhnoye,YuAO,248200,1034,19.5
2025-07,Zapadnoye Degunino,SAO,262100,1092,19.5
2025-07,Shchapovskoye,TAO,115300,480,19.5
2025-07,Rostokino,SVAO,284900,1187,19.5
2025-07,Beskudnikovsky,SAO,276700,1153,19.5
2025-07,Ivanovskoye,VAO,265300,1106,19.5
2025-07,Tyoply Stan,YuZAO,338200,1409,19.5
2025-07,Novogireyevo,VAO,289200,1205,19.5
2025-07,Ryazanovskoye,NAO,176000,734,19.5
2025-07,Savyolovsky,SAO,376600,1569,19.5
2025-07,Yuzhnoye Butovo,YuZAO,296400,1235,19.5
2025-07,Ostankinsky,SVAO,343900,1433,19.5
2025-07,Zelenograd,ZelAO,183700,765,19.5
2025-08,Yuzhnoye Medvedkovo,SVAO,283300,1181,19.5
2025-08,Sosenskoye,NAO,221900,925,19.5
2025-08,Vnukovo,ZAO,279200,1163,19.5
2025-08,Khamovniki,CAO,770000,3208,19.5
2025-08,Maryina Roshcha,SVAO,350000,1458,19.5
2025-08,Kuntsevo,ZAO,410800,1711,19.5
2025-08,Fili-Davydkovo,ZAO,409800,1707,19.5
2025-08,Sokolniki,VAO,355200,1480,19.5
2025-08,Krasnopakhorskoye,TAO,130300,543,19.5
2025-08,Ryazanovskoye,NAO,173800,724,19.5
2025-08,Dorogomilovo,ZAO,570900,2379,19.5
2025-08,Novofyodorovskoye,TAO,112200,467,19.5
2025-08,Nagorny,YuAO,316400,1318,19.5
2025-08,Pervomayskoye,TAO,122200,509,19.5
2025-08,Severnoye Medvedkovo,SVAO,284100,1184,19.5
2025-08,Sokolinaya Gora,VAO,279500,1165,19.5
2025-08,Donskoy,YuAO,381000,1588,19.5
2025-08,Voronovskoye,TAO,113500,473,19.5
2025-08,Biryulyovo Vostochnoye,YuAO,250100,1042,19.5
2025-08,Veshnyaki,VAO,261200,1088,19.5
2025-08,Brateyevo,YuAO,261500,1089,19.5
2025-08,Tsaritsyno,YuAO,271700,1132,19.5
2025-08,Begovoy,SAO,390100,1626,19.5
2025-08,Tagansky,CAO,558200,2326,19.5
2025-08,Novo-Peredelkino,ZAO,298800,1245,19.5
2025-08,Ramenki,ZAO,475800,1983,19.5
2025-08,Biryulyovo Zapadnoye,YuAO,247100,1030,19.5
2025-08,Bogorodskoye,VAO,290600,1211,19.5
2025-08,Orekhovo-Borisovo Severnoye,YuAO,252700,1053,19.5
2025-08,Filyovsky Park,ZAO,429100,1788,19.5
2025-08,Beskudnikovsky,SAO,286100,1192,19.5
2025-08,Tverskoy,CAO,704700,2936,19.5
2025-08,Prospekt Vernadskogo,ZAO,449800,1874,19.5
2025-08,Yasenevo,YuZAO,364600,1519,19.5
2025-08,Voykovsky,SAO,330000,1375,19.5
2025-08,Shcherbinka,NAO,205000,854,19.5
2025-08,Rostokino,SVAO,296800,1237,19.5
2025-08,Orekhovo-Borisovo Yuzhnoye,YuAO,256500,1069,19.5
2025-08,Ostankinsky,SVAO,348400,1452,19.5
2025-08,Mikhaylovo-Yartsevskoye,TAO,116900,487,19.5
2025-08,Yakimanka,CAO,703800,2932,19.5
2025-08,Otradnoye,SVAO,298800,1245,19.5
2025-08,Mosrentgen,NAO,225300,939,19.5
2025-08,Filimonkovskoye,NAO,192700,803,19.5
2025-08,Zamoskvorechye,CAO,653400,2722,19.5
2025-08,Krasnoselsky,CAO,541200,2255,19.5
2025-08,Chertanovo Severnoye,YuAO,280400,1169,19.5
2025-08,Aeroport,SAO,355100,1479,19.5
2025-08,Danilovsky,YuAO,353500,1473,19.5
2025-08,Shchapovskoye,TAO,114700,478,19.5
2025-08,Troparyovo-Nikulino,ZAO,431000,1796,19.5
2025-08,Losinoostrovsky,SVAO,274900,1145,19.5
2025-08,Marfino,SVAO,300500,1252,19.5
2025-08,Nagatino-Sadovniki,YuAO,306900,1279,19.5
2025-08,Yaroslavsky,SVAO,268100,1117,19.5
2025-08,Meshchansky,CAO,527300,2197,19.5
2025-08,Presnensky,CAO,663100,2763,19.5
2025-08,Solntsevo,ZAO,331500,1381,19.5
2025-08,Klyonovskoye,TAO,108300,451,19.5
2025-08,Chertanovo Tsentralnoye,YuAO,275200,1147,19.5
2025-08,Zyablikovo,YuAO,248300,1035,19.5
2025-08,Moskvorechye-Saburovo,YuAO,265500,1106,19.5
2025-08,Konkovo,YuZAO,353300,1472,19.5
2025-08,Marushkinskoye,NAO,170400,710,19.5
2025-08,Tyoply Stan,YuZAO,333700,1390,19.5
2025-08,Vnukovskoye,NAO,231700,965,19.5
2025-08,Pokrovskoye-Streshnevo,SZAO,362200,1509,19.5
2025-08,Lianozovo,SVAO,261800,1091,19.5
2025-08,Novogireyevo,VAO,284000,1183,19.5
2025-08,Troitsk,TAO,155600,648,19.5
2025-08,Savyolovsky,SAO,375400,1564,19.5
2025-08,Severnoye Izmaylovo,VAO,286600,1194,19.5
2025-08,Sviblovo,SVAO,293300,1222,19.5
2025-08,Molzhaninovsky,SAO,236200,984,19.5
2025-08,Altufyevsky,SVAO,257500,1073,19.5
2025-08,Zelenograd,ZelAO,178600,744,19.5
2025-08,Kotlovka,YuZAO,396200,1651,19.5
2025-08,Rogovskoye,TAO,108500,452,19.5
2025-08,Severny,SVAO,249800,1041,19.5
2025-08,Krylatskoye,SZAO,431200,1797,19.5
2025-08,Ivanovskoye,VAO,273500,1140,19.5
2025-08,Dmitrovsky,SAO,268100,1117,19.5
2025-08,Sokol,SAO,383900,1600,19.5
2025-08,Metrogorodok,VAO,261400,1089,19.5
2025-08,Severnoye Tushino,SZAO,344900,1437,19.5
2025-08,Levoberezhny,SAO,292400,1218,19.5
2025-08,Kurkino,SZAO,378100,1575,19.5
2025-08,Kokoshkino,NAO,183400,764,19.5
2025-08,Vostochny,VAO,241200,1005,19.5
2025-08,Koptevo,SAO,302700,1261,19.5
2025-08,Preobrazhenskoye,VAO,310300,1293,19.5
2025-08,Gagarinsky,YuZAO,478100,1992,19.5
2025-08,Nagatinsky Zaton,YuAO,352800,1470,19.5
2025-08,Perovo,VAO,275400,1148,19.5
2025-08,Desyonovskoye,NAO,207500,864,19.5
2025-08,Bibirevo,SVAO,274500,1144,19.5
2025-08,Cheryomushki,YuZAO,412700,1720,19.5
2025-08,Ochakovo-Matveyevskoye,ZAO,360300,1501,19.5
2025-08,Golovinsky,SAO,301300,1255,19.5
2025-08,Mitino,SZAO,316900,1321,19.5
2025-08,Zapadnoye Degunino,SAO,274400,1143,19.5
2025-08,Butyrsky,SVAO,334800,1395,19.5
2025-08,Zyuzino,YuZAO,371200,1547,19.5
2025-08,Basmanny,CAO,561200,2338,19.5
2025-08,Voskresenskoye,NAO,212900,887,19.5
2025-08,Novokosino,VAO,262600,1094,19.5
2025-08,Golyanovo,VAO,264800,1103,19.5
2025-08,Babushkinsky,SVAO,298000,1242,19.5
2025-08,Akademichesky,YuZAO,416900,1737,19.5
2025-08,Yuzhnoye Butovo,YuZAO,314500,1311,19.5
2025-08,Khoroshyovo-Mnyovniki,SZAO,398700,1661,19.5
2025-08,Strogino,SZAO,420200,1751,19.5
2025-08,Alekseevsky,SVAO,353900,1475,19.5
2025-08,Severnoye Butovo,YuZAO,320900,1337,19.5
2025-08,Timiryazevsky,SAO,328300,1368,19.5
2025-08,Arbat,CAO,754400,3143,19.5
2025-08,Moskovsky,NAO,222400,927,19.5
2025-08,Khoroshyovsky,SAO,407300,1697,19.5
2025-08,Chertanovo Yuzhnoye,YuAO,261600,1090,19.5
2025-08,Izmaylovo,VAO,308600,1286,19.5
2025-08,Shchukino,SZAO,383600,1598,19.5
2025-08,Mozhaysky,ZAO,364600,1519,19.5
2025-08,Obruchevsky,YuZAO,406100,1692,19.5
2025-08,Vostochnoye Izmaylovo,VAO,285800,1191,19.5
2025-08,Khovrino,SAO,269900,1125,19.5
2025-08,Yuzhnoye Tushino,SZAO,341500,1423,19.5
2025-08,Kievsky,TAO,108900,454,19.5
2025-08,Lomonosovsky,YuZAO,476200,1984,19.5
2025-08,Kosino-Ukhtomsky,VAO,254900,1062,19.5
2025-09,Levoberezhny,SAO,297800,1241,19.5
2025-09,Maryina Roshcha,SVAO,340900,1421,19.5
2025-09,Mitino,SZAO,322000,1342,19.5
2025-09,Mozhaysky,ZAO,370700,1545,19.5
2025-09,Novofyodorovskoye,TAO,107100,446,19.5
2025-09,Kuntsevo,ZAO,401800,1674,19.5
2025-09,Bibirevo,SVAO,273100,1138,19.5
2025-09,Zyuzino,YuZAO,369700,1540,19.5
2025-09,Filimonkovskoye,NAO,188700,786,19.5
2025-09,Zamoskvorechye,CAO,638700,2661,19.5
2025-09,Troparyovo-Nikulino,ZAO,431000,1796,19.5
2025-09,Izmaylovo,VAO,310300,1293,19.5
2025-09,Aeroport,SAO,339100,1413,19.5
2025-09,Voskresenskoye,NAO,213500,889,19.5
2025-09,Novokosino,VAO,266700,1111,19.5
2025-09,Khovrino,SAO,261300,1089,19.5
2025-09,Golyanovo,VAO,259400,1081,19.5
2025-09,Babushkinsky,SVAO,289200,1205,19.5
2025-09,Nagatinsky Zaton,YuAO,332200,1384,19.5
2025-09,Golovinsky,SAO,296000,1233,19.5
2025-09,Yuzhnoye Medvedkovo,SVAO,282300,1176,19.5
2025-09,Basmanny,CAO,572000,2383,19.5
2025-09,Obruchevsky,YuZAO,399500,1665,19.5
2025-09,Vostochny,VAO,240600,1003,19.5
2025-09,Cheryomushki,YuZAO,397900,1658,19.5
2025-09,Sosenskoye,NAO,227700,949,19.5
2025-09,Koptevo,SAO,307600,1282,19.5
2025-09,Krasnoselsky,CAO,556500,2319,19.5
2025-09,Gagarinsky,YuZAO,490100,2042,19.5
2025-09,Biryulyovo Vostochnoye,YuAO,241100,1005,19.5
2025-09,Begovoy,SAO,393100,1638,19.5
2025-09,Voronovskoye,TAO,113700,474,19.5
2025-09,Khoroshyovo-Mnyovniki,SZAO,413400,1723,19.5
2025-09,Perovo,VAO,283000,1179,19.5
2025-09,Tagansky,CAO,568900,2370,19.5
2025-09,Desyonovskoye,NAO,207900,866,19.5
2025-09,Meshchansky,CAO,571600,2382,19.5
2025-09,Vnukovo,ZAO,295100,1230,19.5
2025-09,Pervomayskoye,TAO,125500,523,19.5
2025-09,Tsaritsyno,YuAO,273100,1138,19.5
2025-09,Biryulyovo Zapadnoye,YuAO,250300,1043,19.5
2025-09,Nagorny,YuAO,328900,1371,19.5
2025-09,Khoroshyovsky,SAO,410000,1708,19.5
2025-09,Ochakovo-Matveyevskoye,ZAO,363700,1516,19.5
2025-09,Donskoy,YuAO,380400,1585,19.5
2025-09,Zyablikovo,YuAO,256700,1070,19.5
2025-09,Otradnoye,SVAO,289400,1206,19.5
2025-09,Altufyevsky,SVAO,260800,1087,19.5
2025-09,Mikhaylovo-Yartsevskoye,TAO,113200,472,19.5
2025-09,Zelenograd,ZelAO,190100,792,19.5
2025-09,Alekseevsky,SVAO,347800,1449,19.5
2025-09,Kotlovka,YuZAO,378700,1578,19.5
2025-09,Kievsky,TAO,106400,443,19.5
2025-09,Severnoye Butovo,YuZAO,322500,1344,19.5
2025-09,Rogovskoye,TAO,110900,462,19.5
2025-09,Ivanovskoye,VAO,272400,1135,19.5
2025-09,Krasnopakhorskoye,TAO,130600,544,19.5
2025-09,Sviblovo,SVAO,280000,1167,19.5
2025-09,Arbat,CAO,728200,3034,19.5
2025-09,Brateyevo,YuAO,264600,1103,19.5
2025-09,Sokol,SAO,405400,1689,19.5
2025-09,Dorogomilovo,ZAO,562800,2345,19.5
2025-09,Severnoye Medvedkovo,SVAO,275700,1149,19.5
2025-09,Khamovniki,CAO,787100,3280,19.5
2025-09,Metrogorodok,VAO,269400,1123,19.5
2025-09,Nagatino-Sadovniki,YuAO,321300,1339,19.5
2025-09,Yuzhnoye Tushino,SZAO,329900,1375,19.5
2025-09,Yaroslavsky,SVAO,265200,1105,19.5
2025-09,Severnoye Tushino,SZAO,334000,1392,19.5
2025-09,Ramenki,ZAO,493800,2057,19.5
2025-09,Danilovsky,YuAO,358000,1492,19.5
2025-09,Molzhaninovsky,SAO,231500,964,19.5
2025-09,Moskvorechye-Saburovo,YuAO,285000,1187,19.5
2025-09,Orekhovo-Borisovo Severnoye,YuAO,245900,1025,19.5
2025-09,Bogorodskoye,VAO,282300,1176,19.5
2025-09,Shchukino,SZAO,405600,1690,19.5
2025-09,Konkovo,YuZAO,371100,1546,19.5
2025-09,Tyoply Stan,YuZAO,345800,1441,19.5
2025-09,Strogino,SZAO,416500,1736,19.5
2025-09,Shcherbinka,NAO,199700,832,19.5
2025-09,Rostokino,SVAO,293600,1223,19.5
2025-09,Vnukovskoye,NAO,225700,940,19.5
2025-09,Kosino-Ukhtomsky,VAO,253600,1057,19.5
2025-09,Pokrovskoye-Streshnevo,SZAO,346000,1442,19.5
2025-09,Yakimanka,CAO,692800,2887,19.5
2025-09,Lomonosovsky,YuZAO,498800,2078,19.5
2025-09,Ostankinsky,SVAO,340300,1418,19.5
2025-09,Novogireyevo,VAO,266500,1110,19.5
2025-09,Tverskoy,CAO,730600,3044,19.5
2025-09,Orekhovo-Borisovo Yuzhnoye,YuAO,246000,1025,19.5
2025-09,Novo-Peredelkino,ZAO,306500,1277,19.5
2025-09,Savyolovsky,SAO,371100,1546,19.5
2025-09,Solntsevo,ZAO,327500,1364,19.5
2025-09,Timiryazevsky,SAO,355700,1482,19.5
2025-09,Marushkinskoye,NAO,167600,698,19.5
2025-09,Preobrazhenskoye,VAO,316800,1320,19.5
2025-09,Veshnyaki,VAO,260200,1084,19.5
2025-09,Chertanovo Yuzhnoye,YuAO,256700,1069,19.5
2025-09,Beskudnikovsky,SAO,282600,1178,19.5
2025-09,Chertanovo Severnoye,YuAO,274400,1143,19.5
2025-09,Zapadnoye Degunino,SAO,272500,1135,19.5
2025-09,Mosrentgen,NAO,222600,927,19.5
2025-09,Akademichesky,YuZAO,411600,1715,19.5
2025-09,Fili-Davydkovo,ZAO,407000,1696,19.5
2025-09,Shchapovskoye,TAO,112300,468,19.5
2025-09,Sokolinaya Gora,VAO,289000,1204,19.5
2025-09,Filyovsky Park,ZAO,443800,1849,19.5
2025-09,Sokolniki,VAO,345800,1441,19.5
2025-09,Marfino,SVAO,287400,1198,19.5
2025-09,Yasenevo,YuZAO,355200,1480,19.5
2025-09,Yuzhnoye Butovo,YuZAO,308800,1287,19.5
2025-09,Ryazanovskoye,NAO,175300,730,19.5
2025-09,Severnoye Izmaylovo,VAO,280600,1169,19.5
2025-09,Troitsk,TAO,156600,652,19.5
2025-09,Dmitrovsky,SAO,271500,1131,19.5
2025-09,Chertanovo Tsentralnoye,YuAO,271900,1133,19.5
2025-09,Severny,SVAO,256200,1068,19.5
2025-09,Moskovsky,NAO,225700,940,19.5
2025-09,Kokoshkino,NAO,177200,738,19.5
2025-09,Losinoostrovsky,SVAO,286300,1193,19.5
2025-09,Presnensky,CAO,686900,2862,19.5
2025-09,Vostochnoye Izmaylovo,VAO,284700,1186,19.5
2025-09,Lianozovo,SVAO,269600,1123,19.5
2025-09,Kurkino,SZAO,350300,1460,19.5
2025-09,Klyonovskoye,TAO,112500,469,19.5
2025-09,Prospekt Vernadskogo,ZAO,465500,1940,19.5
2025-09,Voykovsky,SAO,320000,1333,19.5
2025-09,Krylatskoye,SZAO,445000,1854,19.5
2025-09,Butyrsky,SVAO,329500,1373,19.5
2025-10,Voskresenskoye,NAO,207400,864,19.5
2025-10,Sokol,SAO,388600,1619,19.5
2025-10,Krasnopakhorskoye,TAO,123400,514,19.5
2025-10,Khamovniki,CAO,806800,3362,19.5
2025-10,Izmaylovo,VAO,325400,1356,19.5
2025-10,Ochakovo-Matveyevskoye,ZAO,361900,1508,19.5
2025-10,Aeroport,SAO,374200,1559,19.5
2025-10,Molzhaninovsky,SAO,228500,952,19.5
2025-10,Donskoy,YuAO,367500,1531,19.5
2025-10,Voykovsky,SAO,316400,1318,19.5
2025-10,Kuntsevo,ZAO,392400,1635,19.5
2025-10,Prospekt Vernadskogo,ZAO,487700,2032,19.5
2025-10,Novofyodorovskoye,TAO,110700,461,19.5
2025-10,Mozhaysky,ZAO,369600,1540,19.5
2025-10,Babushkinsky,SVAO,300300,1251,19.5
2025-10,Severnoye Izmaylovo,VAO,280800,1170,19.5
2025-10,Brateyevo,YuAO,251400,1048,19.5
2025-10,Ivanovskoye,VAO,272600,1136,19.5
2025-10,Golyanovo,VAO,263300,1097,19.5
2025-10,Akademichesky,YuZAO,449600,1873,19.5
2025-10,Troparyovo-Nikulino,ZAO,435800,1816,19.5
2025-10,Sokolniki,VAO,342800,1428,19.5
2025-10,Rogovskoye,TAO,107900,450,19.5
2025-10,Novokosino,VAO,265800,1107,19.5
2025-10,Lomonosovsky,YuZAO,481100,2005,19.5
2025-10,Tverskoy,CAO,703700,2932,19.5
2025-10,Zamoskvorechye,CAO,612300,2551,19.5
2025-10,Yakimanka,CAO,713500,2973,19.5
2025-10,Vnukovskoye,NAO,223400,931,19.5
2025-10,Veshnyaki,VAO,260000,1083,19.5
2025-10,Shchukino,SZAO,404800,1687,19.5
2025-10,Nagatino-Sadovniki,YuAO,317100,1321,19.5
2025-10,Sviblovo,SVAO,280800,1170,19.5
2025-10,Orekhovo-Borisovo Yuzhnoye,YuAO,260700,1086,19.5
2025-10,Pokrovskoye-Streshnevo,SZAO,369100,1538,19.5
2025-10,Solntsevo,ZAO,327600,1365,19.5
2025-10,Danilovsky,YuAO,365500,1523,19.5
2025-10,Rostokino,SVAO,285300,1189,19.5
2025-10,Novo-Peredelkino,ZAO,296000,1233,19.5
2025-10,Savyolovsky,SAO,368600,1536,19.5
2025-10,Krylatskoye,SZAO,450200,1876,19.5
2025-10,Strogino,SZAO,411700,1715,19.5
2025-10,Novogireyevo,VAO,284300,1184,19.5
2025-10,Zyablikovo,YuAO,256300,1068,19.5
2025-10,Ostankinsky,SVAO,343500,1431,19.5
2025-10,Moskovsky,NAO,231400,964,19.5
2025-10,Severny,SVAO,253300,1055,19.5
2025-10,Tyoply Stan,YuZAO,333600,1390,19.5
2025-10,Ryazanovskoye,NAO,176800,737,19.5
2025-10,Biryulyovo Zapadnoye,YuAO,240300,1001,19.5
2025-10,Dmitrovsky,SAO,261200,1089,19.5
2025-10,Bogorodskoye,VAO,288600,1203,19.5
2025-10,Kotlovka,YuZAO,393200,1638,19.5
2025-10,Yasenevo,YuZAO,363500,1515,19.5
2025-10,Losinoostrovsky,SVAO,290600,1211,19.5
2025-10,Khovrino,SAO,275900,1150,19.5
2025-10,Fili-Davydkovo,ZAO,437700,1824,19.5
2025-10,Moskvorechye-Saburovo,YuAO,274800,1145,19.5
2025-10,Yuzhnoye Butovo,YuZAO,286700,1195,19.5
2025-10,Marushkinskoye,NAO,168500,702,19.5
2025-10,Zelenograd,ZelAO,187200,780,19.5
2025-10,Konkovo,YuZAO,363300,1514,19.5
2025-10,Vostochnoye Izmaylovo,VAO,303400,1264,19.5
2025-10,Shcherbinka,NAO,204300,851,19.5
2025-10,Mosrentgen,NAO,220000,917,19.5
2025-10,Altufyevsky,SVAO,263000,1096,19.5
2025-10,Kosino-Ukhtomsky,VAO,263500,1098,19.5
2025-10,Obruchevsky,YuZAO,407800,1699,19.5
2025-10,Cheryomushki,YuZAO,415100,1730,19.5
2025-10,Kievsky,TAO,111400,464,19.5
2025-10,Vnukovo,ZAO,298700,1244,19.5
2025-10,Marfino,SVAO,292500,1219,19.5
2025-10,Otradnoye,SVAO,289600,1206,19.5
2025-10,Yaroslavsky,SVAO,279000,1162,19.5
2025-10,Klyonovskoye,TAO,114800,478,19.5
2025-10,Pervomayskoye,TAO,116100,484,19.5
2025-10,Troitsk,TAO,159900,666,19.5
2025-10,Meshchansky,CAO,570800,2378,19.5
2025-10,Severnoye Tushino,SZAO,320400,1335,19.5
2025-10,Sosenskoye,NAO,221100,921,19.5
2025-10,Sokolinaya Gora,VAO,295700,1232,19.5
2025-10,Presnensky,CAO,668100,2784,19.5
2025-10,Desyonovskoye,NAO,203500,848,19.5
2025-10,Bibirevo,SVAO,278200,1159,19.5
2025-10,Severnoye Butovo,YuZAO,337000,1404,19.5
2025-10,Shchapovskoye,TAO,119000,496,19.5
2025-10,Koptevo,SAO,298900,1246,19.5
2025-10,Orekhovo-Borisovo Severnoye,YuAO,244100,1017,19.5
2025-10,Timiryazevsky,SAO,333100,1388,19.5
2025-10,Preobrazhenskoye,VAO,301800,1257,19.5
2025-10,Perovo,VAO,293000,1221,19.5
2025-10,Khoroshyovo-Mnyovniki,SZAO,404200,1684,19.5
2025-10,Tagansky,CAO,554200,2309,19.5
2025-10,Filyovsky Park,ZAO,435400,1814,19.5
2025-10,Chertanovo Yuzhnoye,YuAO,245300,1022,19.5
2025-10,Nagatinsky Zaton,YuAO,321300,1339,19.5
2025-10,Yuzhnoye Tushino,SZAO,342800,1428,19.5
2025-10,Begovoy,SAO,398800,1662,19.5
2025-10,Krasnoselsky,CAO,548100,2284,19.5
2025-10,Gagarinsky,YuZAO,505500,2106,19.5
2025-10,Arbat,CAO,756700,3153,19.5
2025-10,Metrogorodok,VAO,265000,1104,19.5
2025-10,Kurkino,SZAO,370200,1542,19.5
2025-10,Mikhaylovo-Yartsevskoye,TAO,119200,497,19.5
2025-10,Dorogomilovo,ZAO,569800,2374,19.5
2025-10,Filimonkovskoye,NAO,180800,753,19.5
2025-10,Basmanny,CAO,590000,2458,19.5
2025-10,Butyrsky,SVAO,338700,1411,19.5
2025-10,Zyuzino,YuZAO,359000,1496,19.5
2025-10,Voronovskoye,TAO,120000,500,19.5
2025-10,Mitino,SZAO,318300,1326,19.5
2025-10,Kokoshkino,NAO,179300,747,19.5
2025-10,Khoroshyovsky,SAO,404800,1686,19.5
2025-10,Chertanovo Tsentralnoye,YuAO,261500,1089,19.5
2025-10,Vostochny,VAO,252400,1052,19.5
2025-10,Nagorny,YuAO,312800,1303,19.5
2025-10,Severnoye Medvedkovo,SVAO,280800,1170,19.5
2025-10,Tsaritsyno,YuAO,268500,1119,19.5
2025-10,Biryulyovo Vostochnoye,YuAO,241200,1005,19.5
2025-10,Yuzhnoye Medvedkovo,SVAO,276700,1153,19.5
2025-10,Chertanovo Severnoye,YuAO,292900,1220,19.5
2025-10,Alekseevsky,SVAO,355200,1480,19.5
2025-10,Maryina Roshcha,SVAO,346300,1443,19.5
2025-10,Zapadnoye Degunino,SAO,279100,1163,19.5
2025-10,Beskudnikovsky,SAO,269100,1121,19.5
2025-10,Levoberezhny,SAO,292000,1217,19.5
2025-10,Ramenki,ZAO,506700,2111,19.5
2025-10,Lianozovo,SVAO,267400,1114,19.5
2025-10,Golovinsky,SAO,290700,1211,19.5
2025-11,Otradnoye,SVAO,288200,1201,19.5
2025-11,Solntsevo,ZAO,322800,1345,19.5
2025-11,Nagatino-Sadovniki,YuAO,316600,1319,19.5
2025-11,Yasenevo,YuZAO,365300,1522,19.5
2025-11,Severnoye Butovo,YuZAO,314200,1309,19.5
2025-11,Sviblovo,SVAO,275000,1146,19.5
2025-11,Klyonovskoye,TAO,110400,460,19.5
2025-11,Troitsk,TAO,151900,633,19.5
2025-11,Alekseevsky,SVAO,349000,1454,19.5
2025-11,Savyolovsky,SAO,379300,1581,19.5
2025-11,Krylatskoye,SZAO,459300,1914,19.5
2025-11,Chertanovo Tsentralnoye,YuAO,273600,1140,19.5
2025-11,Mikhaylovo-Yartsevskoye,TAO,115500,481,19.5
2025-11,Brateyevo,YuAO,252800,1053,19.5
2025-11,Yaroslavsky,SVAO,267400,1114,19.5
2025-11,Severnoye Medvedkovo,SVAO,299200,1247,19.5
2025-11,Presnensky,CAO,681100,2838,19.5
2025-11,Voronovskoye,TAO,117200,488,19.5
2025-11,Ivanovskoye,VAO,262800,1095,19.5
2025-11,Severnoye Izmaylovo,VAO,292700,1220,19.5
2025-11,Ramenki,ZAO,503600,2098,19.5
2025-11,Dorogomilovo,ZAO,554700,2311,19.5
2025-11,Lomonosovsky,YuZAO,482400,2010,19.5
2025-11,Yuzhnoye Butovo,YuZAO,304300,1268,19.5
2025-11,Sokol,SAO,393200,1638,19.5
2025-11,Rogovskoye,TAO,110200,459,19.5
2025-11,Khamovniki,CAO,777500,3239,19.5
2025-11,Voykovsky,SAO,327300,1364,19.5
2025-11,Moskvorechye-Saburovo,YuAO,278100,1159,19.5
2025-11,Metrogorodok,VAO,259400,1081,19.5
2025-11,Shchukino,SZAO,409900,1708,19.5
2025-11,Krasnopakhorskoye,TAO,133000,554,19.5
2025-11,Severnoye Tushino,SZAO,337400,1406,19.5
2025-11,Timiryazevsky,SAO,344300,1435,19.5
2025-11,Dmitrovsky,SAO,255100,1063,19.5
2025-11,Kievsky,TAO,113300,472,19.5
2025-11,Mosrentgen,NAO,223800,932,19.5
2025-11,Kotlovka,YuZAO,375800,1566,19.5
2025-11,Orekhovo-Borisovo Severnoye,YuAO,253100,1055,19.5
2025-11,Tverskoy,CAO,740600,3086,19.5
2025-11,Yuzhnoye Tushino,SZAO,345200,1438,19.5
2025-11,Losinoostrovsky,SVAO,286300,1193,19.5
2025-11,Chertanovo Yuzhnoye,YuAO,254100,1059,19.5
2025-11,Zelenograd,ZelAO,188500,785,19.5
2025-11,Arbat,CAO,760200,3167,19.5
2025-11,Altufyevsky,SVAO,274900,1145,19.5
2025-11,Filimonkovskoye,NAO,181400,756,19.5
2025-11,Krasnoselsky,CAO,557800,2324,19.5
2025-11,Biryulyovo Vostochnoye,YuAO,246200,1026,19.5
2025-11,Pervomayskoye,TAO,124100,517,19.5
2025-11,Lianozovo,SVAO,271500,1131,19.5
2025-11,Vnukovo,ZAO,298500,1244,19.5
2025-11,Bibirevo,SVAO,276900,1154,19.5
2025-11,Tsaritsyno,YuAO,279800,1166,19.5
2025-11,Nagorny,YuAO,317400,1323,19.5
2025-11,Zapadnoye Degunino,SAO,277400,1156,19.5
2025-11,Levoberezhny,SAO,291200,1213,19.5
2025-11,Beskudnikovsky,SAO,256900,1070,19.5
2025-11,Desyonovskoye,NAO,201500,840,19.5
2025-11,Zyuzino,YuZAO,382000,1592,19.5
2025-11,Mitino,SZAO,308000,1283,19.5
2025-11,Butyrsky,SVAO,332300,1385,19.5
2025-11,Maryina Roshcha,SVAO,335700,1399,19.5
2025-11,Novofyodorovskoye,TAO,111500,465,19.5
2025-11,Novokosino,VAO,274100,1142,19.5
2025-11,Ochakovo-Matveyevskoye,ZAO,372600,1552,19.5
2025-11,Troparyovo-Nikulino,ZAO,424500,1769,19.5
2025-11,Khoroshyovsky,SAO,404100,1684,19.5
2025-11,Zamoskvorechye,CAO,652400,2718,19.5
2025-11,Voskresenskoye,NAO,213400,889,19.5
2025-11,Koptevo,SAO,290500,1211,19.5
2025-11,Prospekt Vernadskogo,ZAO,496800,2070,19.5
2025-11,Kurkino,SZAO,385100,1604,19.5
2025-11,Kokoshkino,NAO,171300,714,19.5
2025-11,Marfino,SVAO,285300,1189,19.5
2025-11,Vostochny,VAO,240100,1001,19.5
2025-11,Yuzhnoye Medvedkovo,SVAO,290700,1211,19.5
2025-11,Cheryomushki,YuZAO,376700,1569,19.5
2025-11,Obruchevsky,YuZAO,399200,1663,19.5
2025-11,Sosenskoye,NAO,227300,947,19.5
2025-11,Basmanny,CAO,604400,2518,19.5
2025-11,Golovinsky,SAO,289300,1205,19.5
2025-11,Severny,SVAO,253200,1055,19.5
2025-11,Nagatinsky Zaton,YuAO,343200,1430,19.5
2025-11,Preobrazhenskoye,VAO,319000,1329,19.5
2025-11,Gagarinsky,YuZAO,517900,2158,19.5
2025-11,Sokolinaya Gora,VAO,288600,1203,19.5
2025-11,Begovoy,SAO,373000,1554,19.5
2025-11,Chertanovo Severnoye,YuAO,267700,1116,19.5
2025-11,Perovo,VAO,290000,1208,19.5
2025-11,Filyovsky Park,ZAO,446700,1861,19.5
2025-11,Tagansky,CAO,553000,2304,19.5
2025-11,Khoroshyovo-Mnyovniki,SZAO,399800,1666,19.5
2025-11,Aeroport,SAO,375900,1566,19.5
2025-11,Fili-Davydkovo,ZAO,419700,1749,19.5
2025-11,Meshchansky,CAO,583900,2433,19.5
2025-11,Donskoy,YuAO,374000,1558,19.5
2025-11,Bogorodskoye,VAO,301800,1257,19.5
2025-11,Danilovsky,YuAO,350800,1462,19.5
2025-11,Pokrovskoye-Streshnevo,SZAO,345700,1441,19.5
2025-11,Shchapovskoye,TAO,118500,494,19.5
2025-11,Orekhovo-Borisovo Yuzhnoye,YuAO,248200,1034,19.5
2025-11,Khovrino,SAO,268700,1119,19.5
2025-11,Tyoply Stan,YuZAO,337800,1407,19.5
2025-11,Yakimanka,CAO,723600,3015,19.5
2025-11,Marushkinskoye,NAO,167400,698,19.5
2025-11,Konkovo,YuZAO,357900,1491,19.5
2025-11,Shcherbinka,NAO,212100,884,19.5
2025-11,Novo-Peredelkino,ZAO,305000,1271,19.5
2025-11,Vnukovskoye,NAO,227100,946,19.5
2025-11,Vostochnoye Izmaylovo,VAO,292200,1218,19.5
2025-11,Rostokino,SVAO,289700,1207,19.5
2025-11,Kosino-Ukhtomsky,VAO,248100,1034,19.5
2025-11,Veshnyaki,VAO,262100,1092,19.5
2025-11,Strogino,SZAO,413300,1722,19.5
2025-11,Mozhaysky,ZAO,368900,1537,19.5
2025-11,Zyablikovo,YuAO,256700,1070,19.5
2025-11,Sokolniki,VAO,336600,1402,19.5
2025-11,Kuntsevo,ZAO,401200,1672,19.5
2025-11,Biryulyovo Zapadnoye,YuAO,243600,1015,19.5
2025-11,Babushkinsky,SVAO,288500,1202,19.5
2025-11,Izmaylovo,VAO,310900,1296,19.5
2025-11,Molzhaninovsky,SAO,237800,991,19.5
2025-11,Golyanovo,VAO,252700,1053,19.5
2025-11,Novogireyevo,VAO,281200,1172,19.5
2025-11,Moskovsky,NAO,225400,939,19.5
2025-11,Ostankinsky,SVAO,335000,1396,19.5
2025-11,Ryazanovskoye,NAO,176400,735,19.5
2025-11,Akademichesky,YuZAO,429200,1788,19.5
2025-12,Golovinsky,SAO,298400,1243,19.5
2025-12,Moskvorechye-Saburovo,YuAO,283200,1180,19.5
2025-12,Kosino-Ukhtomsky,VAO,247700,1032,19.5
2025-12,Solntsevo,ZAO,345200,1438,19.5
2025-12,Danilovsky,YuAO,363300,1514,19.5
2025-12,Obruchevsky,YuZAO,388400,1618,19.5
2025-12,Otradnoye,SVAO,293700,1224,19.5
2025-12,Strogino,SZAO,416700,1736,19.5
2025-12,Chertanovo Tsentralnoye,YuAO,282900,1179,19.5
2025-12,Ramenki,ZAO,481400,2006,19.5
2025-12,Yuzhnoye Medvedkovo,SVAO,291500,1214,19.5
2025-12,Moskovsky,NAO,234100,975,19.5
2025-12,Lomonosovsky,YuZAO,463400,1931,19.5
2025-12,Mosrentgen,NAO,227500,948,19.5
2025-12,Izmaylovo,VAO,316400,1318,19.5
2025-12,Khoroshyovsky,SAO,415600,1732,19.5
2025-12,Vostochnoye Izmaylovo,VAO,297600,1240,19.5
2025-12,Timiryazevsky,SAO,337900,1408,19.5
2025-12,Mozhaysky,ZAO,373800,1558,19.5
2025-12,Novofyodorovskoye,TAO,110500,460,19.5
2025-12,Tverskoy,CAO,707800,2949,19.5
2025-12,Fili-Davydkovo,ZAO,428100,1784,19.5
2025-12,Kuntsevo,ZAO,391700,1632,19.5
2025-12,Sokolinaya Gora,VAO,283700,1182,19.5
2025-12,Novo-Peredelkino,ZAO,302800,1262,19.5
2025-12,Nagorny,YuAO,319800,1333,19.5
2025-12,Voronovskoye,TAO,115900,483,19.5
2025-12,Meshchansky,CAO,545000,2271,19.5
2025-12,Khovrino,SAO,274500,1144,19.5
2025-12,Lianozovo,SVAO,254500,1060,19.5
2025-12,Khoroshyovo-Mnyovniki,SZAO,395100,1646,19.5
2025-12,Troitsk,TAO,153600,640,19.5
2025-12,Tagansky,CAO,540100,2250,19.5
2025-12,Shchukino,SZAO,392900,1637,19.5
2025-12,Babushkinsky,SVAO,294200,1226,19.5
2025-12,Filimonkovskoye,NAO,184800,770,19.5
2025-12,Zyuzino,YuZAO,364800,1520,19.5
2025-12,Mitino,SZAO,305200,1272,19.5
2025-12,Vnukovo,ZAO,300400,1252,19.5
2025-12,Novokosino,VAO,267700,1116,19.5
2025-12,Troparyovo-Nikulino,ZAO,439000,1829,19.5
2025-12,Butyrsky,SVAO,330800,1378,19.5
2025-12,Voskresenskoye,NAO,207100,863,19.5
2025-12,Aeroport,SAO,379200,1580,19.5
2025-12,Akademichesky,YuZAO,439900,1833,19.5
2025-12,Ochakovo-Matveyevskoye,ZAO,375100,1563,19.5
2025-12,Sokolniki,VAO,348400,1451,19.5
2025-12,Chertanovo Severnoye,YuAO,281600,1173,19.5
2025-12,Ryazanovskoye,NAO,173000,721,19.5
2025-12,Molzhaninovsky,SAO,223200,930,19.5
2025-12,Golyanovo,VAO,263200,1097,19.5
2025-12,Biryulyovo Zapadnoye,YuAO,258400,1076,19.5
2025-12,Severny,SVAO,258700,1078,19.5
2025-12,Bogorodskoye,VAO,284200,1184,19.5
2025-12,Shchapovskoye,TAO,112500,469,19.5
2025-12,Arbat,CAO,742600,3094,19.5
2025-12,Tyoply Stan,YuZAO,333800,1391,19.5
2025-12,Maryina Roshcha,SVAO,359200,1497,19.5
2025-12,Vnukovskoye,NAO,228000,950,19.5
2025-12,Perovo,VAO,287000,1196,19.5
2025-12,Kurkino,SZAO,380900,1587,19.5
2025-12,Prospekt Vernadskogo,ZAO,466600,1944,19.5
2025-12,Vostochny,VAO,237500,990,19.5
2025-12,Cheryomushki,YuZAO,387800,1616,19.5
2025-12,Kokoshkino,NAO,177700,740,19.5
2025-12,Sosenskoye,NAO,224600,936,19.5
2025-12,Marfino,SVAO,288900,1204,19.5
2025-12,Koptevo,SAO,304600,1269,19.5
2025-12,Nagatinsky Zaton,YuAO,324600,1353,19.5
2025-12,Gagarinsky,YuZAO,491300,2047,19.5
2025-12,Pervomayskoye,TAO,126900,529,19.5
2025-12,Begovoy,SAO,390200,1626,19.5
2025-12,Alekseevsky,SVAO,345800,1441,19.5
2025-12,Filyovsky Park,ZAO,455300,1897,19.5
2025-12,Basmanny,CAO,555100,2313,19.5
2025-12,Desyonovskoye,NAO,217600,907,19.5
2025-12,Krasnoselsky,CAO,548100,2284,19.5
2025-12,Biryulyovo Vostochnoye,YuAO,258500,1077,19.5
2025-12,Bibirevo,SVAO,270100,1125,19.5
2025-12,Tsaritsyno,YuAO,273500,1140,19.5
2025-12,Preobrazhenskoye,VAO,316700,1320,19.5
2025-12,Zapadnoye Degunino,SAO,274700,1144,19.5
2025-12,Levoberezhny,SAO,297300,1239,19.5
2025-12,Beskudnikovsky,SAO,275100,1146,19.5
2025-12,Khamovniki,CAO,770700,3211,19.5
2025-12,Ivanovskoye,VAO,261800,1091,19.5
2025-12,Losinoostrovsky,SVAO,272300,1135,19.5
2025-12,Zelenograd,ZelAO,181400,756,19.5
2025-12,Kotlovka,YuZAO,389200,1622,19.5
2025-12,Dmitrovsky,SAO,264700,1103,19.5
2025-12,Krasnopakhorskoye,TAO,126400,526,19.5
2025-12,Severnoye Izmaylovo,VAO,291700,1216,19.5
2025-12,Brateyevo,YuAO,255900,1066,19.5
2025-12,Yuzhnoye Butovo,YuZAO,296400,1235,19.5
2025-12,Sokol,SAO,395800,1649,19.5
2025-12,Yuzhnoye Tushino,SZAO,336900,1404,19.5
2025-12,Nagatino-Sadovniki,YuAO,315700,1316,19.5
2025-12,Chertanovo Yuzhnoye,YuAO,265000,1104,19.5
2025-12,Rogovskoye,TAO,107800,449,19.5
2025-12,Orekhovo-Borisovo Severnoye,YuAO,255600,1065,19.5
2025-12,Metrogorodok,VAO,262200,1093,19.5
2025-12,Dorogomilovo,ZAO,576800,2403,19.5
2025-12,Voykovsky,SAO,319200,1330,19.5
2025-12,Presnensky,CAO,689900,2875,19.5
2025-12,Yaroslavsky,SVAO,283000,1179,19.5
2025-12,Kievsky,TAO,107900,450,19.5
2025-12,Severnoye Tushino,SZAO,322600,1344,19.5
2025-12,Klyonovskoye,TAO,107800,449,19.5
2025-12,Marushkinskoye,NAO,177300,739,19.5
2025-12,Shcherbinka,NAO,214100,892,19.5
2025-12,Mikhaylovo-Yartsevskoye,TAO,120300,501,19.5
2025-12,Rostokino,SVAO,287400,1198,19.5
2025-12,Zamoskvorechye,CAO,617600,2574,19.5
2025-12,Veshnyaki,VAO,259500,1081,19.5
2025-12,Severnoye Butovo,YuZAO,316600,1319,19.5
2025-12,Orekhovo-Borisovo Yuzhnoye,YuAO,260000,1083,19.5
2025-12,Donskoy,YuAO,368900,1537,19.5
2025-12,Yakimanka,CAO,696800,2903,19.5
2025-12,Konkovo,YuZAO,364900,1520,19.5
2025-12,Severnoye Medvedkovo,SVAO,277100,1155,19.5
2025-12,Pokrovskoye-Streshnevo,SZAO,358700,1495,19.5
2025-12,Zyablikovo,YuAO,250000,1042,19.5
2025-12,Sviblovo,SVAO,297000,1237,19.5
2025-12,Novogireyevo,VAO,276100,1150,19.5
2025-12,Ostankinsky,SVAO,340800,1420,19.5
2025-12,Krylatskoye,SZAO,455500,1898,19.5
2025-12,Savyolovsky,SAO,367500,1531,19.5
2025-12,Yasenevo,YuZAO,388600,1619,19.5
2025-12,Altufyevsky,SVAO,254800,1062,19.5
2026-01,Novo-Peredelkino,ZAO,309800,1291,19.5
2026-01,Nagatinsky Zaton,YuAO,340000,1417,19.5
2026-01,Pervomayskoye,TAO,126900,529,19.5
2026-01,Rogovskoye,TAO,107500,448,19.5
2026-01,Troitsk,TAO,160200,668,19.5
2026-01,Shchapovskoye,TAO,116000,483,19.5
2026-01,Donskoy,YuAO,375800,1566,19.5
2026-01,Meshchansky,CAO,572300,2384,19.5
2026-01,Presnensky,CAO,697700,2907,19.5
2026-01,Nagatino-Sadovniki,YuAO,308500,1286,19.5
2026-01,Krasnoselsky,CAO,527000,2196,19.5
2026-01,Zyablikovo,YuAO,256900,1071,19.5
2026-01,Moskvorechye-Saburovo,YuAO,279600,1165,19.5
2026-01,Vnukovskoye,NAO,223700,932,19.5
2026-01,Desyonovskoye,NAO,209200,872,19.5
2026-01,Levoberezhny,SAO,301200,1255,19.5
2026-01,Zyuzino,YuZAO,386000,1608,19.5
2026-01,Losinoostrovsky,SVAO,287200,1197,19.5
2026-01,Fili-Davydkovo,ZAO,435000,1812,19.5
2026-01,Novokosino,VAO,280000,1167,19.5
2026-01,Voskresenskoye,NAO,214200,893,19.5
2026-01,Molzhaninovsky,SAO,242300,1010,19.5
2026-01,Yasenevo,YuZAO,376600,1569,19.5
2026-01,Konkovo,YuZAO,341000,1421,19.5
2026-01,Lianozovo,SVAO,257500,1073,19.5
2026-01,Vostochnoye Izmaylovo,VAO,287400,1198,19.5
2026-01,Novogireyevo,VAO,286500,1194,19.5
2026-01,Savyolovsky,SAO,371200,1547,19.5
2026-01,Zelenograd,ZelAO,195300,814,19.5
2026-01,Kotlovka,YuZAO,400400,1668,19.5
2026-01,Zapadnoye Degunino,SAO,268600,1119,19.5
2026-01,Moskovsky,NAO,224900,937,19.5
2026-01,Chertanovo Yuzhnoye,YuAO,249800,1041,19.5
2026-01,Troparyovo-Nikulino,ZAO,428000,1783,19.5
2026-01,Severnoye Izmaylovo,VAO,282400,1176,19.5
2026-01,Dmitrovsky,SAO,264100,1100,19.5
2026-01,Vnukovo,ZAO,286300,1193,19.5
2026-01,Marushkinskoye,NAO,172300,718,19.5
2026-01,Akademichesky,YuZAO,435700,1816,19.5
2026-01,Yuzhnoye Butovo,YuZAO,297100,1238,19.5
2026-01,Marfino,SVAO,310700,1295,19.5
2026-01,Preobrazhenskoye,VAO,316900,1320,19.5
2026-01,Veshnyaki,VAO,271400,1131,19.5
2026-01,Kokoshkino,NAO,175500,731,19.5
2026-01,Koptevo,SAO,305800,1274,19.5
2026-01,Gagarinsky,YuZAO,483000,2012,19.5
2026-01,Perovo,VAO,283300,1180,19.5
2026-01,Severnoye Tushino,SZAO,335500,1398,19.5
2026-01,Khoroshyovsky,SAO,389600,1623,19.5
2026-01,Strogino,SZAO,405100,1688,19.5
2026-01,Alekseevsky,SVAO,339400,1414,19.5
2026-01,Bibirevo,SVAO,277100,1155,19.5
2026-01,Severnoye Butovo,YuZAO,325500,1356,19.5
2026-01,Mitino,SZAO,322300,1343,19.5
2026-01,Ivanovskoye,VAO,272000,1133,19.5
2026-01,Basmanny,CAO,558900,2329,19.5
2026-01,Izmaylovo,VAO,310200,1292,19.5
2026-01,Altufyevsky,SVAO,264700,1103,19.5
2026-01,Kievsky,TAO,108000,450,19.5
2026-01,Babushkinsky,SVAO,294300,1226,19.5
2026-01,Golyanovo,VAO,245400,1023,19.5
2026-01,Pokrovskoye-Streshnevo,SZAO,363200,1513,19.5
2026-01,Tyoply Stan,YuZAO,335600,1398,19.5
2026-01,Arbat,CAO,741700,3091,19.5
2026-01,Vostochny,VAO,247200,1030,19.5
2026-01,Sokol,SAO,395400,1647,19.5
2026-01,Krylatskoye,SZAO,465100,1938,19.5
2026-01,Metrogorodok,VAO,261200,1088,19.5
2026-01,Butyrsky,SVAO,336600,1402,19.5
2026-01,Yuzhnoye Tushino,SZAO,354200,1476,19.5
2026-01,Timiryazevsky,SAO,340200,1418,19.5
2026-01,Kurkino,SZAO,379600,1582,19.5
2026-01,Lomonosovsky,YuZAO,471600,1965,19.5
2026-01,Filyovsky Park,ZAO,450600,1877,19.5
2026-01,Kosino-Ukhtomsky,VAO,250300,1043,19.5
2026-01,Klyonovskoye,TAO,114000,475,19.5
2026-01,Shchukino,SZAO,386000,1608,19.5
2026-01,Khovrino,SAO,281300,1172,19.5
2026-01,Khoroshyovo-Mnyovniki,SZAO,429700,1790,19.5
2026-01,Obruchevsky,YuZAO,389700,1624,19.5
2026-01,Cheryomushki,YuZAO,382700,1595,19.5
2026-01,Krasnopakhorskoye,TAO,137500,573,19.5
2026-01,Ramenki,ZAO,484600,2019,19.5
2026-01,Begovoy,SAO,395400,1647,19.5
2026-01,Biryulyovo Vostochnoye,YuAO,258500,1077,19.5
2026-01,Kuntsevo,ZAO,398000,1658,19.5
2026-01,Tsaritsyno,YuAO,272900,1137,19.5
2026-01,Filimonkovskoye,NAO,185800,774,19.5
2026-01,Biryulyovo Zapadnoye,YuAO,244200,1017,19.5
2026-01,Yuzhnoye Medvedkovo,SVAO,272400,1135,19.5
2026-01,Shcherbinka,NAO,203600,848,19.5
2026-01,Rostokino,SVAO,286100,1192,19.5
2026-01,Zamoskvorechye,CAO,657200,2738,19.5
2026-01,Orekhovo-Borisovo Yuzhnoye,YuAO,253500,1056,19.5
2026-01,Prospekt Vernadskogo,ZAO,481300,2005,19.5
2026-01,Mozhaysky,ZAO,364000,1517,19.5
2026-01,Yakimanka,CAO,728400,3035,19.5
2026-01,Aeroport,SAO,358400,1493,19.5
2026-01,Brateyevo,YuAO,252400,1052,19.5
2026-01,Sviblovo,SVAO,284300,1185,19.5
2026-01,Khamovniki,CAO,794900,3312,19.5
2026-01,Severny,SVAO,248300,1035,19.5
2026-01,Orekhovo-Borisovo Severnoye,YuAO,249400,1039,19.5
2026-01,Mikhaylovo-Yartsevskoye,TAO,117100,488,19.5
2026-01,Ochakovo-Matveyevskoye,ZAO,378600,1578,19.5
2026-01,Voronovskoye,TAO,116100,484,19.5
2026-01,Severnoye Medvedkovo,SVAO,280500,1169,19.5
2026-01,Tverskoy,CAO,741400,3089,19.5
2026-01,Danilovsky,YuAO,347400,1447,19.5
2026-01,Novofyodorovskoye,TAO,109600,457,19.5
2026-01,Nagorny,YuAO,313200,1305,19.5
2026-01,Tagansky,CAO,549900,2291,19.5
2026-01,Ostankinsky,SVAO,348400,1452,19.5
2026-01,Voykovsky,SAO,328000,1367,19.5
2026-01,Otradnoye,SVAO,299200,1247,19.5
2026-01,Ryazanovskoye,NAO,183300,764,19.5
2026-01,Solntsevo,ZAO,320900,1337,19.5
2026-01,Dorogomilovo,ZAO,537700,2240,19.5
2026-01,Chertanovo Tsentralnoye,YuAO,268700,1120,19.5
2026-01,Sokolniki,VAO,338500,1410,19.5
2026-01,Mosrentgen,NAO,227800,949,19.5
2026-01,Maryina Roshcha,SVAO,353300,1472,19.5
2026-01,Sokolinaya Gora,VAO,285400,1189,19.5
2026-01,Bogorodskoye,VAO,292100,1217,19.5
2026-01,Golovinsky,SAO,296100,1234,19.5
2026-01,Sosenskoye,NAO,229200,955,19.5
2026-01,Yaroslavsky,SVAO,279300,1164,19.5
2026-01,Chertanovo Severnoye,YuAO,291400,1214,19.5
2026-01,Beskudnikovsky,SAO,275500,1148,19.5
2026-02,Solntsevo,ZAO,316200,1317,19.5
2026-02,Sviblovo,SVAO,280700,1169,19.5
2026-02,Bibirevo,SVAO,266500,1110,19.5
2026-02,Severny,SVAO,256600,1069,19.5
2026-02,Arbat,CAO,763800,3183,19.5
2026-02,Golyanovo,VAO,264200,1101,19.5
2026-02,Vnukovo,ZAO,296100,1234,19.5
2026-02,Nagatino-Sadovniki,YuAO,309100,1288,19.5
2026-02,Shchapovskoye,TAO,117900,491,19.5
2026-02,Marfino,SVAO,288500,1202,19.5
2026-02,Ochakovo-Matveyevskoye,ZAO,374600,1561,19.5
2026-02,Moskvorechye-Saburovo,YuAO,277700,1157,19.5
2026-02,Mitino,SZAO,317300,1322,19.5
2026-02,Maryina Roshcha,SVAO,340300,1418,19.5
2026-02,Filyovsky Park,ZAO,457200,1905,19.5
2026-02,Troparyovo-Nikulino,ZAO,430800,1795,19.5
2026-02,Novo-Peredelkino,ZAO,297400,1239,19.5
2026-02,Basmanny,CAO,588500,2452,19.5
2026-02,Severnoye Medvedkovo,SVAO,286700,1195,19.5
2026-02,Babushkinsky,SVAO,275500,1148,19.5
2026-02,Krylatskoye,SZAO,448000,1867,19.5
2026-02,Fili-Davydkovo,ZAO,433300,1806,19.5
2026-02,Ramenki,ZAO,485900,2025,19.5
2026-02,Lianozovo,SVAO,269600,1123,19.5
2026-02,Troitsk,TAO,154900,645,19.5
2026-02,Otradnoye,SVAO,297100,1238,19.5
2026-02,Losinoostrovsky,SVAO,279800,1166,19.5
2026-02,Yaroslavsky,SVAO,285500,1189,19.5
2026-02,Vostochnoye Izmaylovo,VAO,288500,1202,19.5
2026-02,Yuzhnoye Butovo,YuZAO,298400,1243,19.5
2026-02,Kuntsevo,ZAO,400400,1668,19.5
2026-02,Yuzhnoye Medvedkovo,SVAO,274600,1144,19.5
2026-02,Bogorodskoye,VAO,286500,1194,19.5
2026-02,Ostankinsky,SVAO,336900,1404,19.5
2026-02,Tagansky,CAO,559000,2329,19.5
2026-02,Yasenevo,YuZAO,375200,1563,19.5
2026-02,Butyrsky,SVAO,326700,1361,19.5
2026-02,Veshnyaki,VAO,275000,1146,19.5
2026-02,Rostokino,SVAO,284500,1185,19.5
2026-02,Krasnoselsky,CAO,542400,2260,19.5
2026-02,Prospekt Vernadskogo,ZAO,496600,2069,19.5
2026-02,Kurkino,SZAO,364400,1518,19.5
2026-02,Dorogomilovo,ZAO,596600,2486,19.5
2026-02,Vostochny,VAO,236100,984,19.5
2026-02,Mozhaysky,ZAO,371600,1549,19.5
2026-02,Klyonovskoye,TAO,109200,455,19.5
2026-02,Cheryomushki,YuZAO,387200,1613,19.5
2026-02,Moskovsky,NAO,220900,920,19.5
2026-02,Beskudnikovsky,SAO,265600,1107,19.5
2026-02,Chertanovo Severnoye,YuAO,274700,1145,19.5
2026-02,Sokolniki,VAO,323800,1349,19.5
2026-02,Ryazanovskoye,NAO,182900,762,19.5
2026-02,Presnensky,CAO,702700,2928,19.5
2026-02,Voykovsky,SAO,326000,1358,19.5
2026-02,Mosrentgen,NAO,228800,953,19.5
2026-02,Chertanovo Tsentralnoye,YuAO,276000,1150,19.5
2026-02,Sokolinaya Gora,VAO,276200,1151,19.5
2026-02,Golovinsky,SAO,296300,1235,19.5
2026-02,Donskoy,YuAO,368400,1535,19.5
2026-02,Chertanovo Yuzhnoye,YuAO,255200,1063,19.5
2026-02,Severnoye Izmaylovo,VAO,289800,1208,19.5
2026-02,Dmitrovsky,SAO,270800,1128,19.5
2026-02,Marushkinskoye,NAO,179400,747,19.5
2026-02,Zapadnoye Degunino,SAO,273700,1140,19.5
2026-02,Akademichesky,YuZAO,428600,1786,19.5
2026-02,Preobrazhenskoye,VAO,319600,1332,19.5
2026-02,Kokoshkino,NAO,183600,765,19.5
2026-02,Nagatinsky Zaton,YuAO,335800,1399,19.5
2026-02,Orekhovo-Borisovo Yuzhnoye,YuAO,261300,1089,19.5
2026-02,Voronovskoye,TAO,121800,507,19.5
2026-02,Mikhaylovo-Yartsevskoye,TAO,120500,502,19.5
2026-02,Orekhovo-Borisovo Severnoye,YuAO,243500,1015,19.5
2026-02,Khamovniki,CAO,760500,3169,19.5
2026-02,Tverskoy,CAO,715200,2980,19.5
2026-02,Brateyevo,YuAO,259300,1080,19.5
2026-02,Krasnopakhorskoye,TAO,123200,513,19.5
2026-02,Yakimanka,CAO,716300,2985,19.5
2026-02,Danilovsky,YuAO,359100,1496,19.5
2026-02,Zamoskvorechye,CAO,640600,2669,19.5
2026-02,Koptevo,SAO,302300,1260,19.5
2026-02,Shcherbinka,NAO,211300,881,19.5
2026-02,Biryulyovo Zapadnoye,YuAO,252400,1052,19.5
2026-02,Aeroport,SAO,379500,1581,19.5
2026-02,Filimonkovskoye,NAO,185300,772,19.5
2026-02,Tsaritsyno,YuAO,261600,1090,19.5
2026-02,Biryulyovo Vostochnoye,YuAO,246100,1026,19.5
2026-02,Begovoy,SAO,395800,1649,19.5
2026-02,Pervomayskoye,TAO,121700,507,19.5
2026-02,Sosenskoye,NAO,231200,963,19.5
2026-02,Alekseevsky,SVAO,345800,1441,19.5
2026-02,Shchukino,SZAO,401000,1671,19.5
2026-02,Meshchansky,CAO,582300,2426,19.5
2026-02,Khovrino,SAO,279500,1164,19.5
2026-02,Novofyodorovskoye,TAO,115300,481,19.5
2026-02,Khoroshyovo-Mnyovniki,SZAO,397700,1657,19.5
2026-02,Obruchevsky,YuZAO,405500,1690,19.5
2026-02,Izmaylovo,VAO,313600,1307,19.5
2026-02,Khoroshyovsky,SAO,427300,1780,19.5
2026-02,Strogino,SZAO,409100,1705,19.5
2026-02,Kosino-Ukhtomsky,VAO,262500,1094,19.5
2026-02,Severnoye Butovo,YuZAO,316700,1319,19.5
2026-02,Ivanovskoye,VAO,273100,1138,19.5
2026-02,Severnoye Tushino,SZAO,331700,1382,19.5
2026-02,Altufyevsky,SVAO,268700,1120,19.5
2026-02,Nagorny,YuAO,318100,1325,19.5
2026-02,Kievsky,TAO,113700,474,19.5
2026-02,Pokrovskoye-Streshnevo,SZAO,372700,1553,19.5
2026-02,Zyablikovo,YuAO,248600,1036,19.5
2026-02,Tyoply Stan,YuZAO,340600,1419,19.5
2026-02,Konkovo,YuZAO,368500,1536,19.5
2026-02,Gagarinsky,YuZAO,494800,2062,19.5
2026-02,Perovo,VAO,301800,1257,19.5
2026-02,Desyonovskoye,NAO,204300,851,19.5
2026-02,Levoberezhny,SAO,299900,1250,19.5
2026-02,Zyuzino,YuZAO,380900,1587,19.5
2026-02,Novokosino,VAO,271600,1132,19.5
2026-02,Voskresenskoye,NAO,213100,888,19.5
2026-02,Molzhaninovsky,SAO,236600,986,19.5
2026-02,Vnukovskoye,NAO,235400,981,19.5
2026-02,Lomonosovsky,YuZAO,465500,1940,19.5
2026-02,Novogireyevo,VAO,282500,1177,19.5
2026-02,Savyolovsky,SAO,360500,1502,19.5
2026-02,Zelenograd,ZelAO,189700,791,19.5
2026-02,Kotlovka,YuZAO,380000,1583,19.5
2026-02,Sokol,SAO,388400,1618,19.5
2026-02,Metrogorodok,VAO,260500,1086,19.5
2026-02,Rogovskoye,TAO,113800,474,19.5
2026-02,Yuzhnoye Tushino,SZAO,348600,1453,19.5
2026-02,Timiryazevsky,SAO,348700,1453,19.5
2026-03,Shchapovskoye,TAO,119800,499,19.5
2026-03,Moskvorechye-Saburovo,YuAO,281700,1174,19.5
2026-03,Voronovskoye,TAO,116900,487,19.5
2026-03,Zamoskvorechye,CAO,617700,2574,19.5
2026-03,Klyonovskoye,TAO,111200,463,19.5
2026-03,Basmanny,CAO,571600,2382,19.5
2026-03,Kievsky,TAO,110100,459,19.5
2026-03,Arbat,CAO,759500,3165,19.5
2026-03,Kurkino,SZAO,357700,1490,19.5
2026-03,Novokosino,VAO,267100,1113,19.5
2026-03,Konkovo,YuZAO,363700,1515,19.5
2026-03,Pokrovskoye-Streshnevo,SZAO,349600,1457,19.5
2026-03,Babushkinsky,SVAO,311000,1296,19.5
2026-03,Novogireyevo,VAO,274500,1144,19.5
2026-03,Mitino,SZAO,321000,1337,19.5
2026-03,Bibirevo,SVAO,279200,1164,19.5
2026-03,Kotlovka,YuZAO,401500,1673,19.5
2026-03,Altufyevsky,SVAO,281500,1173,19.5
2026-03,Butyrsky,SVAO,349400,1456,19.5
2026-03,Metrogorodok,VAO,264800,1104,19.5
2026-03,Krylatskoye,SZAO,466900,1945,19.5
2026-03,Lianozovo,SVAO,266800,1112,19.5
2026-03,Lomonosovsky,YuZAO,447400,1864,19.5
2026-03,Fili-Davydkovo,ZAO,417000,1737,19.5
2026-03,Losinoostrovsky,SVAO,289600,1207,19.5
2026-03,Kosino-Ukhtomsky,VAO,255200,1063,19.5
2026-03,Khovrino,SAO,290000,1208,19.5
2026-03,Severnoye Izmaylovo,VAO,288600,1203,19.5
2026-03,Zelenograd,ZelAO,183800,766,19.5
2026-03,Sokol,SAO,386800,1612,19.5
2026-03,Akademichesky,YuZAO,425000,1771,19.5
2026-03,Yuzhnoye Tushino,SZAO,344500,1435,19.5
2026-03,Timiryazevsky,SAO,330300,1376,19.5
2026-03,Preobrazhenskoye,VAO,309800,1291,19.5
2026-03,Shchukino,SZAO,418100,1742,19.5
2026-03,Filyovsky Park,ZAO,450500,1877,19.5
2026-03,Khoroshyovo-Mnyovniki,SZAO,388300,1618,19.5
2026-03,Khoroshyovsky,SAO,403200,1680,19.5
2026-03,Perovo,VAO,297000,1237,19.5
2026-03,Strogino,SZAO,412200,1717,19.5
2026-03,Alekseevsky,SVAO,353700,1474,19.5
2026-03,Zyuzino,YuZAO,368400,1535,19.5
2026-03,Severnoye Tushino,SZAO,319000,1329,19.5
2026-03,Yaroslavsky,SVAO,287600,1198,19.5
2026-03,Severnoye Medvedkovo,SVAO,285100,1188,19.5
2026-03,Golyanovo,VAO,264900,1104,19.5
2026-03,Novo-Peredelkino,ZAO,307900,1283,19.5
2026-03,Severny,SVAO,260600,1086,19.5
2026-03,Cheryomushki,YuZAO,394900,1645,19.5
2026-03,Mozhaysky,ZAO,371300,1547,19.5
2026-03,Yuzhnoye Medvedkovo,SVAO,284000,1183,19.5
2026-03,Kuntsevo,ZAO,398000,1658,19.5
2026-03,Ochakovo-Matveyevskoye,ZAO,362800,1512,19.5
2026-03,Vostochny,VAO,246900,1029,19.5
2026-03,Dorogomilovo,ZAO,568500,2369,19.5
2026-03,Bogorodskoye,VAO,283600,1182,19.5
2026-03,Yuzhnoye Butovo,YuZAO,293200,1222,19.5
2026-03,Vnukovo,ZAO,298100,1242,19.5
2026-03,Veshnyaki,VAO,269200,1122,19.5
2026-03,Vostochnoye Izmaylovo,VAO,291600,1215,19.5
2026-03,Yasenevo,YuZAO,360900,1504,19.5
2026-03,Severnoye Butovo,YuZAO,324400,1351,19.5
2026-03,Marfino,SVAO,288200,1201,19.5
2026-03,Obruchevsky,YuZAO,407500,1698,19.5
2026-03,Troparyovo-Nikulino,ZAO,438700,1828,19.5
2026-03,Maryina Roshcha,SVAO,328100,1367,19.5
2026-03,Krasnoselsky,CAO,532600,2219,19.5
2026-03,Solntsevo,ZAO,324600,1352,19.5
2026-03,Ostankinsky,SVAO,352000,1467,19.5
2026-03,Izmaylovo,VAO,313100,1305,19.5
2026-03,Gagarinsky,YuZAO,501600,2090,19.5
2026-03,Ramenki,ZAO,476000,1983,19.5
2026-03,Otradnoye,SVAO,303700,1265,19.5
2026-03,Prospekt Vernadskogo,ZAO,479700,1999,19.5
2026-03,Rostokino,SVAO,291800,1216,19.5
2026-03,Ivanovskoye,VAO,267300,1114,19.5
2026-03,Sviblovo,SVAO,292300,1218,19.5
2026-03,Tyoply Stan,YuZAO,351400,1464,19.5
2026-03,Orekhovo-Borisovo Yuzhnoye,YuAO,262800,1095,19.5
2026-03,Biryulyovo Vostochnoye,YuAO,252000,1050,19.5
2026-03,Golovinsky,SAO,294500,1227,19.5
2026-03,Mosrentgen,NAO,215400,897,19.5
2026-03,Tagansky,CAO,548500,2286,19.5
2026-03,Nagatinsky Zaton,YuAO,335700,1399,19.5
2026-03,Tsaritsyno,YuAO,272000,1133,19.5
2026-03,Voykovsky,SAO,329600,1373,19.5
2026-03,Ryazanovskoye,NAO,177900,741,19.5
2026-03,Biryulyovo Zapadnoye,YuAO,247100,1029,19.5
2026-03,Novofyodorovskoye,TAO,115000,479,19.5
2026-03,Beskudnikovsky,SAO,273100,1138,19.5
2026-03,Sosenskoye,NAO,225700,940,19.5
2026-03,Tverskoy,CAO,745800,3107,19.5
2026-03,Savyolovsky,SAO,381100,1588,19.5
2026-03,Pervomayskoye,TAO,120200,501,19.5
2026-03,Begovoy,SAO,379900,1583,19.5
2026-03,Filimonkovskoye,NAO,191300,797,19.5
2026-03,Brateyevo,YuAO,254900,1062,19.5
2026-03,Aeroport,SAO,369300,1539,19.5
2026-03,Shcherbinka,NAO,212700,886,19.5
2026-03,Donskoy,YuAO,403900,1683,19.5
2026-03,Orekhovo-Borisovo Severnoye,YuAO,251400,1048,19.5
2026-03,Yakimanka,CAO,686800,2861,19.5
2026-03,Danilovsky,YuAO,352200,1467,19.5
2026-03,Krasnopakhorskoye,TAO,127700,532,19.5
2026-03,Mikhaylovo-Yartsevskoye,TAO,117800,491,19.5
2026-03,Khamovniki,CAO,780200,3251,19.5
2026-03,Nagorny,YuAO,321200,1338,19.5
2026-03,Sokolniki,VAO,345900,1441,19.5
2026-03,Meshchansky,CAO,550100,2292,19.5
2026-03,Levoberezhny,SAO,286800,1195,19.5
2026-03,Desyonovskoye,NAO,206400,860,19.5
2026-03,Troitsk,TAO,159400,664,19.5
2026-03,Nagatino-Sadovniki,YuAO,329700,1374,19.5
2026-03,Sokolinaya Gora,VAO,297000,1237,19.5
2026-03,Chertanovo Tsentralnoye,YuAO,275100,1146,19.5
2026-03,Rogovskoye,TAO,109900,458,19.5
2026-03,Koptevo,SAO,308400,1285,19.5
2026-03,Kokoshkino,NAO,178100,742,19.5
2026-03,Voskresenskoye,NAO,208200,868,19.5
2026-03,Presnensky,CAO,701800,2924,19.5
2026-03,Molzhaninovsky,SAO,237400,989,19.5
2026-03,Zapadnoye Degunino,SAO,270800,1128,19.5
2026-03,Marushkinskoye,NAO,174800,728,19.5
2026-03,Chertanovo Yuzhnoye,YuAO,262900,1095,19.5
2026-03,Zyablikovo,YuAO,241400,1006,19.5
2026-03,Chertanovo Severnoye,YuAO,302700,1261,19.5
2026-03,Dmitrovsky,SAO,272500,1136,19.5
2026-03,Vnukovskoye,NAO,230400,960,19.5
2026-03,Moskovsky,NAO,232300,968,19.5
2026-04,Shchapovskoye,TAO,121600,507,19.5
2026-04,Vostochnoye Izmaylovo,VAO,285400,1189,19.5
2026-04,Moskvorechye-Saburovo,YuAO,273000,1137,19.5
2026-04,Tyoply Stan,YuZAO,337000,1404,19.5
2026-04,Donskoy,YuAO,385100,1605,19.5
2026-04,Golyanovo,VAO,258000,1075,19.5
2026-04,Yuzhnoye Butovo,YuZAO,313900,1308,19.5
2026-04,Nagatino-Sadovniki,YuAO,314800,1312,19.5
2026-04,Nagatinsky Zaton,YuAO,351400,1464,19.5
2026-04,Vostochny,VAO,236900,987,19.5
2026-04,Arbat,CAO,761700,3174,19.5
2026-04,Zyablikovo,YuAO,268500,1119,19.5
2026-04,Orekhovo-Borisovo Yuzhnoye,YuAO,249600,1040,19.5
2026-04,Klyonovskoye,TAO,114100,476,19.5
2026-04,Cheryomushki,YuZAO,395200,1647,19.5
2026-04,Novogireyevo,VAO,295900,1233,19.5
2026-04,Severnoye Izmaylovo,VAO,288600,1203,19.5
2026-04,Chertanovo Yuzhnoye,YuAO,252200,1051,19.5
2026-04,Akademichesky,YuZAO,426900,1779,19.5
2026-04,Preobrazhenskoye,VAO,313200,1305,19.5
2026-04,Sokolinaya Gora,VAO,301900,1258,19.5
2026-04,Maryina Roshcha,SVAO,347600,1448,19.5
2026-04,Gagarinsky,YuZAO,507700,2116,19.5
2026-04,Chertanovo Tsentralnoye,YuAO,277000,1154,19.5
2026-04,Perovo,VAO,295100,1229,19.5
2026-04,Sokolniki,VAO,328400,1368,19.5
2026-04,Zyuzino,YuZAO,378400,1577,19.5
2026-04,Novokosino,VAO,277600,1157,19.5
2026-04,Chertanovo Severnoye,YuAO,290100,1209,19.5
2026-04,Konkovo,YuZAO,355500,1481,19.5
2026-04,Nagorny,YuAO,324500,1352,19.5
2026-04,Biryulyovo Vostochnoye,YuAO,244100,1017,19.5
2026-04,Kotlovka,YuZAO,399300,1664,19.5
2026-04,Tsaritsyno,YuAO,290100,1209,19.5
2026-04,Metrogorodok,VAO,268700,1120,19.5
2026-04,Biryulyovo Zapadnoye,YuAO,256600,1069,19.5
2026-04,Lomonosovsky,YuZAO,479300,1997,19.5
2026-04,Kosino-Ukhtomsky,VAO,247900,1033,19.5
2026-04,Obruchevsky,YuZAO,389000,1621,19.5
2026-04,Brateyevo,YuAO,265900,1108,19.5
2026-04,Izmaylovo,VAO,334500,1394,19.5
2026-04,Orekhovo-Borisovo Severnoye,YuAO,252800,1053,19.5
2026-04,Severnoye Butovo,YuZAO,329100,1371,19.5
2026-04,Ivanovskoye,VAO,272500,1136,19.5
2026-04,Danilovsky,YuAO,360100,1501,19.5
2026-04,Desyonovskoye,NAO,208300,868,19.5
2026-04,Ryazanovskoye,NAO,179800,749,19.5
2026-04,Voykovsky,SAO,325700,1357,19.5
2026-04,Mosrentgen,NAO,234300,976,19.5
2026-04,Golovinsky,SAO,298400,1243,19.5
2026-04,Moskovsky,NAO,225300,939,19.5
2026-04,Dmitrovsky,SAO,278500,1161,19.5
2026-04,Marushkinskoye,NAO,180700,753,19.5
2026-04,Zapadnoye Degunino,SAO,278400,1160,19.5
2026-04,Kokoshkino,NAO,183800,766,19.5
2026-04,Koptevo,SAO,305000,1271,19.5
2026-04,Beskudnikovsky,SAO,287400,1197,19.5
2026-04,Levoberezhny,SAO,292100,1217,19.5
2026-04,Voskresenskoye,NAO,204300,851,19.5
2026-04,Molzhaninovsky,SAO,251700,1049,19.5
2026-04,Vnukovskoye,NAO,226400,943,19.5
2026-04,Savyolovsky,SAO,382800,1595,19.5
2026-04,Zelenograd,ZelAO,190000,792,19.5
2026-04,Sokol,SAO,393900,1641,19.5
2026-04,Yuzhnoye Tushino,SZAO,344600,1436,19.5
2026-04,Timiryazevsky,SAO,336100,1400,19.5
2026-04,Voronovskoye,TAO,117000,488,19.5
2026-04,Krasnoselsky,CAO,520700,2169,19.5
2026-04,Troitsk,TAO,157600,657,19.5
2026-04,Meshchansky,CAO,564600,2353,19.5
2026-04,Rogovskoye,TAO,108700,453,19.5
2026-04,Presnensky,CAO,698700,2911,19.5
2026-04,Pervomayskoye,TAO,122100,509,19.5
2026-04,Tagansky,CAO,563700,2349,19.5
2026-04,Novofyodorovskoye,TAO,106000,441,19.5
2026-04,Tverskoy,CAO,699900,2916,19.5
2026-04,Mikhaylovo-Yartsevskoye,TAO,120800,503,19.5
2026-04,Shchukino,SZAO,404100,1684,19.5
2026-04,Khamovniki,CAO,812700,3386,19.5
2026-04,Krasnopakhorskoye,TAO,133600,557,19.5
2026-04,Zamoskvorechye,CAO,637900,2658,19.5
2026-04,Yakimanka,CAO,696300,2901,19.5
2026-04,Shcherbinka,NAO,204500,852,19.5
2026-04,Aeroport,SAO,364200,1518,19.5
2026-04,Filimonkovskoye,NAO,182300,760,19.5
2026-04,Begovoy,SAO,387400,1614,19.5
2026-04,Sosenskoye,NAO,229600,957,19.5
2026-04,Novo-Peredelkino,ZAO,309300,1289,19.5
2026-04,Troparyovo-Nikulino,ZAO,439100,1830,19.5
2026-04,Solntsevo,ZAO,328100,1367,19.5
2026-04,Ostankinsky,SVAO,369000,1537,19.5
2026-04,Ramenki,ZAO,485500,2023,19.5
2026-04,Otradnoye,SVAO,295000,1229,19.5
2026-04,Prospekt Vernadskogo,ZAO,486300,2026,19.5
2026-04,Rostokino,SVAO,291100,1213,19.5
2026-04,Ochakovo-Matveyevskoye,ZAO,356900,1487,19.5
2026-04,Sviblovo,SVAO,287500,1198,19.5
2026-04,Severnoye Medvedkovo,SVAO,292000,1216,19.5
2026-04,Marfino,SVAO,307600,1282,19.5
2026-04,Severny,SVAO,248100,1034,19.5
2026-04,Mozhaysky,ZAO,371800,1549,19.5
2026-04,Yuzhnoye Medvedkovo,SVAO,282700,1178,19.5
2026-04,Kuntsevo,ZAO,410000,1708,19.5
2026-04,Yaroslavsky,SVAO,279700,1165,19.5
2026-04,Dorogomilovo,ZAO,583600,2432,19.5
2026-04,Bogorodskoye,VAO,286600,1194,19.5
2026-04,Vnukovo,ZAO,299700,1249,19.5
2026-04,Veshnyaki,VAO,258100,1076,19.5
2026-04,Babushkinsky,SVAO,289400,1206,19.5
2026-04,Khovrino,SAO,267700,1115,19.5
2026-04,Khoroshyovo-Mnyovniki,SZAO,405200,1688,19.5
2026-04,Khoroshyovsky,SAO,422000,1758,19.5
2026-04,Strogino,SZAO,417700,1740,19.5
2026-04,Alekseevsky,SVAO,347900,1450,19.5
2026-04,Severnoye Tushino,SZAO,331400,1381,19.5
2026-04,Altufyevsky,SVAO,281100,1171,19.5
2026-04,Pokrovskoye-Streshnevo,SZAO,356100,1484,19.5
2026-04,Kievsky,TAO,107400,447,19.5
2026-04,Basmanny,CAO,578100,2409,19.5
2026-04,Yasenevo,YuZAO,352500,1469,19.5
2026-04,Mitino,SZAO,323100,1346,19.5
2026-04,Bibirevo,SVAO,276800,1153,19.5
2026-04,Kurkino,SZAO,392000,1633,19.5
2026-04,Butyrsky,SVAO,335900,1399,19.5
2026-04,Krylatskoye,SZAO,475000,1979,19.5
2026-04,Lianozovo,SVAO,268200,1118,19.5
2026-04,Fili-Davydkovo,ZAO,436900,1820,19.5
2026-04,Losinoostrovsky,SVAO,278300,1160,19.5
2026-04,Filyovsky Park,ZAO,462000,1925,19.5
