DISTRICT,BUILDING_TYPE,RENOVATION,SELLER_TYPE,TOTAL_PROPERTIES
Yakimanka,modern_panel,cosmetic,agency,34
Severny,modern_panel,cosmetic,agency,34
Rostokino,modern_panel,cosmetic,agency,34
Severny,panel,cosmetic,agency,32
Severnoye Butovo,monolith,cosmetic,agency,31
Khoroshyovsky,modern_panel,cosmetic,agency,31
Mosrentgen,modern_panel,cosmetic,agency,31
Yuzhnoye Medvedkovo,monolith,cosmetic,agency,31
Desyonovskoye,modern_panel,cosmetic,agency,30
Biryulyovo Vostochnoye,modern_panel,cosmetic,agency,30
Otradnoye,panel,cosmetic,agency,30
Strogino,panel,cosmetic,agency,30
Perovo,modern_panel,cosmetic,agency,29
Meshchansky,panel,cosmetic,agency,29
Severnoye Tushino,modern_panel,cosmetic,agency,29
Gagarinsky,panel,cosmetic,agency,29
Fili-Davydkovo,brick,cosmetic,agency,28
Dorogomilovo,monolith,cosmetic,agency,28
Shchukino,modern_panel,cosmetic,agency,28
Yakimanka,brick,cosmetic,agency,28
Shcherbinka,modern_panel,cosmetic,agency,28
Akademichesky,panel,cosmetic,agency,28
Preobrazhenskoye,monolith,cosmetic,agency,28
Mitino,modern_panel,cosmetic,agency,28
Preobrazhenskoye,modern_panel,cosmetic,agency,28
Severnoye Medvedkovo,panel,cosmetic,agency,28
Marfino,modern_panel,cosmetic,agency,27
Yuzhnoye Butovo,brick,cosmetic,agency,27
Losinoostrovsky,monolith,cosmetic,agency,27
Begovoy,brick,cosmetic,agency,27
Rostokino,monolith,cosmetic,agency,27
Voronovskoye,panel,cosmetic,agency,27
Lomonosovsky,monolith,cosmetic,agency,27
Ramenki,monolith,cosmetic,agency,27
Krasnoselsky,modern_panel,cosmetic,agency,27
Lianozovo,modern_panel,cosmetic,agency,27
Levoberezhny,monolith,cosmetic,agency,27
Pokrovskoye-Streshnevo,modern_panel,cosmetic,agency,27
Moskvorechye-Saburovo,monolith,cosmetic,agency,27
Zamoskvorechye,monolith,cosmetic,agency,27
Voronovskoye,brick,cosmetic,agency,27
Golovinsky,modern_panel,euro,agency,27
Khovrino,modern_panel,cosmetic,agency,26
Fili-Davydkovo,modern_panel,cosmetic,agency,26
Tyoply Stan,panel,euro,agency,26
Yuzhnoye Medvedkovo,brick,cosmetic,agency,26
Izmaylovo,modern_panel,cosmetic,agency,26
Dmitrovsky,monolith,cosmetic,agency,26
Cheryomushki,monolith,cosmetic,agency,26
Perovo,modern_panel,euro,agency,26
Aeroport,monolith,cosmetic,agency,26
Begovoy,modern_panel,euro,agency,26
Basmanny,modern_panel,cosmetic,agency,26
Mitino,monolith,cosmetic,agency,26
Bibirevo,monolith,cosmetic,agency,25
Konkovo,panel,cosmetic,agency,25
Shchukino,monolith,cosmetic,agency,25
Zelenograd,panel,cosmetic,agency,25
Arbat,panel,cosmetic,agency,25
Losinoostrovsky,brick,cosmetic,agency,25
Obruchevsky,khrushchev,cosmetic,agency,25
Orekhovo-Borisovo Severnoye,modern_panel,cosmetic,agency,25
Savyolovsky,modern_panel,cosmetic,agency,25
Novogireyevo,brick,cosmetic,agency,25
Zamoskvorechye,panel,cosmetic,agency,25
Cheryomushki,panel,cosmetic,agency,25
Maryina Roshcha,monolith,cosmetic,agency,25
Orekhovo-Borisovo Yuzhnoye,panel,cosmetic,agency,25
Babushkinsky,panel,cosmetic,agency,25
Ramenki,modern_panel,cosmetic,agency,25
Tagansky,modern_panel,cosmetic,agency,25
Shchapovskoye,panel,cosmetic,agency,25
Filyovsky Park,monolith,cosmetic,agency,25
Rogovskoye,brick,cosmetic,agency,25
Kurkino,panel,cosmetic,agency,25
Troitsk,monolith,cosmetic,agency,25
Kotlovka,monolith,cosmetic,agency,25
Filyovsky Park,panel,cosmetic,agency,25
Nagatino-Sadovniki,brick,cosmetic,agency,25
Rostokino,brick,cosmetic,agency,25
Dmitrovsky,modern_panel,cosmetic,agency,25
Sokolniki,panel,cosmetic,agency,25
Kokoshkino,monolith,cosmetic,agency,25
Zyuzino,monolith,cosmetic,agency,25
Troparyovo-Nikulino,panel,cosmetic,agency,25
Severnoye Medvedkovo,modern_panel,cosmetic,agency,25
Sosenskoye,modern_panel,cosmetic,agency,25
Dorogomilovo,panel,euro,agency,25
Kievsky,panel,cosmetic,agency,25
Sokolinaya Gora,panel,cosmetic,agency,25
Aeroport,modern_panel,cosmetic,agency,25
Basmanny,panel,cosmetic,agency,25
Metrogorodok,brick,cosmetic,agency,25
Troitsk,modern_panel,cosmetic,agency,25
Severnoye Izmaylovo,brick,cosmetic,agency,25
Aeroport,monolith,euro,agency,24
Severny,monolith,cosmetic,agency,24
Fili-Davydkovo,monolith,cosmetic,agency,24
Orekhovo-Borisovo Yuzhnoye,modern_panel,cosmetic,agency,24
Levoberezhny,modern_panel,cosmetic,agency,24
Begovoy,panel,cosmetic,agency,24
Filimonkovskoye,brick,cosmetic,agency,24
Perovo,panel,cosmetic,agency,24
Voronovskoye,modern_panel,cosmetic,agency,24
Vostochnoye Izmaylovo,modern_panel,cosmetic,agency,24
Orekhovo-Borisovo Yuzhnoye,khrushchev,cosmetic,agency,24
Konkovo,modern_panel,cosmetic,agency,24
Khoroshyovo-Mnyovniki,panel,cosmetic,agency,24
Alekseevsky,brick,cosmetic,agency,24
Bibirevo,modern_panel,euro,agency,24
Krasnopakhorskoye,monolith,cosmetic,agency,24
Marushkinskoye,brick,cosmetic,agency,24
Golovinsky,monolith,cosmetic,agency,24
Timiryazevsky,modern_panel,cosmetic,agency,24
Yasenevo,brick,cosmetic,agency,24
Golovinsky,panel,cosmetic,agency,24
Ryazanovskoye,modern_panel,cosmetic,agency,24
Babushkinsky,modern_panel,cosmetic,agency,24
Severnoye Medvedkovo,brick,cosmetic,agency,24
Voskresenskoye,modern_panel,cosmetic,agency,24
Beskudnikovsky,khrushchev,cosmetic,agency,24
Troitsk,panel,cosmetic,agency,24
Koptevo,modern_panel,cosmetic,agency,24
Mikhaylovo-Yartsevskoye,khrushchev,cosmetic,agency,23
Ivanovskoye,panel,cosmetic,agency,23
Presnensky,modern_panel,cosmetic,agency,23
Nagatinsky Zaton,panel,cosmetic,agency,23
Novokosino,panel,cosmetic,agency,23
Sokol,panel,cosmetic,agency,23
Tsaritsyno,modern_panel,cosmetic,agency,23
Kievsky,modern_panel,cosmetic,agency,23
Aeroport,khrushchev,cosmetic,agency,23
Lianozovo,monolith,cosmetic,agency,23
Sokolinaya Gora,monolith,cosmetic,agency,23
Mikhaylovo-Yartsevskoye,panel,cosmetic,agency,23
Golyanovo,panel,cosmetic,agency,23
Nagorny,panel,cosmetic,agency,23
Tsaritsyno,monolith,cosmetic,agency,23
Molzhaninovsky,monolith,cosmetic,agency,23
Sokolinaya Gora,brick,cosmetic,agency,23
Prospekt Vernadskogo,modern_panel,cosmetic,agency,23
Izmaylovo,monolith,cosmetic,agency,23
Ryazanovskoye,panel,cosmetic,agency,23
Brateyevo,monolith,cosmetic,agency,23
Altufyevsky,modern_panel,cosmetic,agency,23
Timiryazevsky,monolith,cosmetic,agency,23
Novo-Peredelkino,monolith,cosmetic,agency,23
Tverskoy,panel,cosmetic,agency,23
Novofyodorovskoye,monolith,cosmetic,agency,23
Novofyodorovskoye,panel,cosmetic,agency,23
Kosino-Ukhtomsky,modern_panel,cosmetic,agency,23
Krasnopakhorskoye,modern_panel,cosmetic,agency,23
Kuntsevo,monolith,cosmetic,agency,23
Izmaylovo,panel,cosmetic,agency,23
Yuzhnoye Medvedkovo,modern_panel,cosmetic,agency,23
Nagorny,modern_panel,cosmetic,agency,23
Desyonovskoye,panel,cosmetic,agency,23
Kievsky,brick,cosmetic,agency,23
Khamovniki,monolith,cosmetic,agency,23
Khamovniki,panel,euro,agency,23
Novofyodorovskoye,modern_panel,cosmetic,agency,23
Troparyovo-Nikulino,modern_panel,cosmetic,agency,23
Meshchansky,monolith,euro,agency,23
Orekhovo-Borisovo Severnoye,monolith,cosmetic,agency,22
Akademichesky,modern_panel,cosmetic,agency,22
Voronovskoye,monolith,euro,agency,22
Bibirevo,panel,cosmetic,agency,22
Ramenki,panel,cosmetic,agency,22
Ryazanovskoye,panel,euro,agency,22
Timiryazevsky,monolith,euro,agency,22
Perovo,monolith,cosmetic,agency,22
Begovoy,brick,euro,agency,22
Savyolovsky,monolith,cosmetic,agency,22
Kuntsevo,modern_panel,cosmetic,agency,22
Danilovsky,panel,cosmetic,agency,22
Mitino,modern_panel,euro,agency,22
Meshchansky,modern_panel,cosmetic,agency,22
Klyonovskoye,brick,cosmetic,agency,22
Prospekt Vernadskogo,panel,cosmetic,agency,22
Koptevo,monolith,cosmetic,agency,22
Obruchevsky,brick,cosmetic,agency,22
Tsaritsyno,panel,cosmetic,agency,22
Gagarinsky,modern_panel,cosmetic,agency,22
Kievsky,monolith,cosmetic,agency,22
Nagorny,monolith,cosmetic,agency,22
Lomonosovsky,panel,cosmetic,agency,22
Orekhovo-Borisovo Severnoye,panel,cosmetic,agency,22
Yuzhnoye Tushino,monolith,no_renovation,agency,22
Zyablikovo,monolith,cosmetic,agency,22
Strogino,modern_panel,cosmetic,agency,22
Severnoye Tushino,brick,cosmetic,agency,22
Chertanovo Yuzhnoye,monolith,cosmetic,agency,22
Khamovniki,modern_panel,cosmetic,agency,22
Chertanovo Tsentralnoye,panel,cosmetic,agency,22
Bogorodskoye,monolith,cosmetic,agency,22
Nagatino-Sadovniki,panel,cosmetic,agency,22
Yasenevo,brick,euro,agency,22
Obruchevsky,monolith,cosmetic,agency,22
Gagarinsky,brick,cosmetic,agency,22
Severnoye Tushino,panel,cosmetic,agency,22
Biryulyovo Vostochnoye,brick,cosmetic,agency,22
Moskovsky,panel,cosmetic,agency,22
Chertanovo Severnoye,modern_panel,cosmetic,agency,22
Alekseevsky,modern_panel,cosmetic,agency,22
Desyonovskoye,brick,cosmetic,agency,22
Khoroshyovo-Mnyovniki,monolith,cosmetic,agency,22
Brateyevo,modern_panel,cosmetic,agency,22
Severny,brick,cosmetic,agency,22
Ostankinsky,modern_panel,cosmetic,agency,22
Klyonovskoye,monolith,euro,agency,22
Severnoye Medvedkovo,monolith,cosmetic,agency,22
Biryulyovo Zapadnoye,panel,cosmetic,agency,21
Sokol,monolith,cosmetic,agency,21
Pervomayskoye,khrushchev,cosmetic,agency,21
Lomonosovsky,panel,euro,agency,21
Moskvorechye-Saburovo,modern_panel,cosmetic,agency,21
Chertanovo Severnoye,panel,cosmetic,agency,21
Danilovsky,modern_panel,cosmetic,agency,21
Yaroslavsky,panel,no_renovation,agency,21
Ramenki,brick,euro,agency,21
Novokosino,brick,cosmetic,agency,21
Novokosino,modern_panel,cosmetic,agency,21
Filimonkovskoye,modern_panel,cosmetic,agency,21
Severnoye Butovo,panel,cosmetic,agency,21
Zapadnoye Degunino,monolith,cosmetic,agency,21
Prospekt Vernadskogo,brick,cosmetic,agency,21
Golyanovo,monolith,cosmetic,agency,21
Khoroshyovo-Mnyovniki,modern_panel,cosmetic,agency,21
Zapadnoye Degunino,modern_panel,cosmetic,agency,21
Klyonovskoye,panel,cosmetic,agency,21
Voronovskoye,modern_panel,euro,agency,21
Solntsevo,panel,cosmetic,agency,21
Sokol,brick,cosmetic,agency,21
Voskresenskoye,panel,cosmetic,agency,21
Pokrovskoye-Streshnevo,panel,euro,agency,21
Preobrazhenskoye,modern_panel,euro,agency,21
Khamovniki,panel,cosmetic,agency,21
Chertanovo Tsentralnoye,modern_panel,euro,agency,21
Prospekt Vernadskogo,khrushchev,cosmetic,agency,21
Sviblovo,modern_panel,cosmetic,agency,21
Timiryazevsky,brick,cosmetic,agency,21
Vnukovo,monolith,cosmetic,agency,21
Lomonosovsky,modern_panel,cosmetic,agency,21
Sokolniki,modern_panel,cosmetic,agency,21
Ryazanovskoye,monolith,euro,agency,21
Nagatino-Sadovniki,modern_panel,cosmetic,agency,21
Krasnopakhorskoye,brick,cosmetic,agency,21
Yasenevo,monolith,euro,agency,21
Vnukovskoye,modern_panel,cosmetic,agency,21
Severnoye Izmaylovo,monolith,cosmetic,agency,21
Losinoostrovsky,khrushchev,cosmetic,agency,21
Ivanovskoye,brick,cosmetic,agency,21
Lianozovo,panel,cosmetic,agency,21
Krasnoselsky,brick,cosmetic,agency,21
Kurkino,panel,euro,agency,21
Shchukino,brick,cosmetic,agency,21
Biryulyovo Zapadnoye,modern_panel,euro,agency,21
Bogorodskoye,modern_panel,cosmetic,agency,21
Babushkinsky,monolith,cosmetic,agency,21
Zamoskvorechye,modern_panel,cosmetic,agency,21
Babushkinsky,brick,cosmetic,agency,21
Vostochnoye Izmaylovo,panel,cosmetic,agency,21
Tyoply Stan,modern_panel,cosmetic,agency,21
Izmaylovo,panel,euro,agency,21
Perovo,brick,cosmetic,agency,21
Voskresenskoye,khrushchev,cosmetic,agency,21
Mikhaylovo-Yartsevskoye,modern_panel,euro,agency,21
Zapadnoye Degunino,brick,cosmetic,agency,21
Sosenskoye,brick,cosmetic,agency,21
Begovoy,modern_panel,cosmetic,agency,21
Altufyevsky,panel,cosmetic,agency,21
Sviblovo,panel,cosmetic,agency,21
Solntsevo,brick,cosmetic,agency,20
Ochakovo-Matveyevskoye,brick,cosmetic,agency,20
Severnoye Izmaylovo,panel,euro,agency,20
Krylatskoye,khrushchev,cosmetic,agency,20
Troitsk,modern_panel,euro,agency,20
Filyovsky Park,modern_panel,euro,agency,20
Khovrino,brick,cosmetic,agency,20
Akademichesky,monolith,euro,agency,20
Mozhaysky,modern_panel,cosmetic,agency,20
Rogovskoye,monolith,cosmetic,agency,20
Vostochny,panel,cosmetic,agency,20
Sokol,panel,euro,agency,20
Marushkinskoye,panel,cosmetic,agency,20
Filyovsky Park,monolith,euro,agency,20
Yuzhnoye Tushino,modern_panel,cosmetic,agency,20
Krasnopakhorskoye,panel,euro,agency,20
Voskresenskoye,brick,cosmetic,agency,20
Chertanovo Severnoye,brick,cosmetic,agency,20
Kurkino,modern_panel,cosmetic,agency,20
Begovoy,monolith,cosmetic,agency,20
Voykovsky,monolith,cosmetic,agency,20
Sviblovo,modern_panel,euro,agency,20
Moskovsky,modern_panel,euro,agency,20
Tyoply Stan,monolith,euro,agency,20
Lianozovo,brick,cosmetic,agency,20
Golyanovo,modern_panel,cosmetic,agency,20
Novogireyevo,panel,cosmetic,agency,20
Kotlovka,brick,euro,agency,20
Bogorodskoye,brick,cosmetic,agency,20
Beskudnikovsky,brick,cosmetic,agency,20
Sokolinaya Gora,panel,euro,agency,20
Gagarinsky,monolith,cosmetic,agency,20
Vnukovo,monolith,euro,agency,20
Severnoye Butovo,panel,euro,agency,20
Troparyovo-Nikulino,monolith,cosmetic,agency,20
Otradnoye,brick,cosmetic,agency,20
Pervomayskoye,modern_panel,euro,agency,20
Mosrentgen,monolith,euro,agency,20
Krasnoselsky,panel,cosmetic,agency,20
Dorogomilovo,brick,euro,agency,20
Nagorny,panel,euro,agency,20
Filyovsky Park,panel,euro,agency,20
Shchukino,panel,cosmetic,agency,20
Yakimanka,panel,cosmetic,agency,20
Dmitrovsky,brick,cosmetic,agency,20
Dorogomilovo,khrushchev,cosmetic,agency,20
Novokosino,monolith,euro,agency,20
Shchapovskoye,modern_panel,cosmetic,agency,20
Akademichesky,modern_panel,euro,agency,20
Tverskoy,monolith,cosmetic,agency,20
Molzhaninovsky,modern_panel,cosmetic,agency,20
Mikhaylovo-Yartsevskoye,modern_panel,cosmetic,agency,20
Basmanny,monolith,cosmetic,agency,20
Yuzhnoye Tushino,panel,cosmetic,agency,20
Perovo,monolith,euro,agency,20
Perovo,panel,euro,agency,20
Kokoshkino,brick,cosmetic,agency,20
Obruchevsky,panel,euro,agency,20
Yasenevo,modern_panel,euro,agency,20
Maryina Roshcha,monolith,euro,agency,20
Kievsky,panel,euro,agency,20
Biryulyovo Vostochnoye,panel,euro,agency,20
Altufyevsky,brick,cosmetic,agency,20
Mikhaylovo-Yartsevskoye,brick,cosmetic,agency,20
Tverskoy,khrushchev,euro,agency,20
Khoroshyovo-Mnyovniki,brick,euro,agency,20
Strogino,panel,euro,agency,20
Veshnyaki,panel,cosmetic,agency,20
Vnukovo,panel,cosmetic,agency,20
Marfino,panel,cosmetic,agency,20
Solntsevo,panel,euro,agency,20
Metrogorodok,modern_panel,cosmetic,agency,20
Novofyodorovskoye,monolith,euro,agency,20
Meshchansky,monolith,cosmetic,agency,20
Moskvorechye-Saburovo,modern_panel,cosmetic,owner,20
Chertanovo Yuzhnoye,brick,cosmetic,agency,20
Novo-Peredelkino,modern_panel,cosmetic,agency,20
Ochakovo-Matveyevskoye,monolith,euro,agency,20
Losinoostrovsky,panel,cosmetic,agency,20
Yuzhnoye Tushino,khrushchev,euro,agency,19
Begovoy,monolith,euro,agency,19
Khamovniki,brick,cosmetic,agency,19
Molzhaninovsky,panel,cosmetic,agency,19
Brateyevo,monolith,cosmetic,owner,19
Sviblovo,monolith,cosmetic,agency,19
Pervomayskoye,monolith,euro,agency,19
Khoroshyovsky,monolith,cosmetic,agency,19
Kokoshkino,modern_panel,cosmetic,agency,19
Krylatskoye,monolith,cosmetic,agency,19
Krasnopakhorskoye,khrushchev,cosmetic,agency,19
Arbat,modern_panel,cosmetic,agency,19
Kosino-Ukhtomsky,khrushchev,euro,agency,19
Tagansky,khrushchev,cosmetic,agency,19
Molzhaninovsky,brick,cosmetic,agency,19
Vnukovskoye,monolith,cosmetic,agency,19
Alekseevsky,monolith,cosmetic,agency,19
Yasenevo,panel,cosmetic,agency,19
Aeroport,panel,cosmetic,owner,19
Chertanovo Yuzhnoye,panel,euro,agency,19
Konkovo,monolith,cosmetic,agency,19
Timiryazevsky,modern_panel,no_renovation,agency,19
Severnoye Tushino,monolith,cosmetic,agency,19
Khoroshyovsky,brick,cosmetic,agency,19
Yuzhnoye Butovo,khrushchev,cosmetic,agency,19
Khoroshyovsky,modern_panel,euro,agency,19
Yaroslavsky,monolith,cosmetic,agency,19
Novo-Peredelkino,modern_panel,euro,agency,19
Tyoply Stan,brick,cosmetic,agency,19
Klyonovskoye,brick,euro,agency,19
Chertanovo Tsentralnoye,modern_panel,cosmetic,agency,19
Mozhaysky,brick,euro,agency,19
Shchapovskoye,monolith,cosmetic,agency,19
Losinoostrovsky,monolith,euro,agency,19
Tverskoy,modern_panel,cosmetic,agency,19
Fili-Davydkovo,khrushchev,euro,agency,19
Mozhaysky,monolith,cosmetic,agency,19
Moskvorechye-Saburovo,khrushchev,cosmetic,agency,19
Alekseevsky,panel,cosmetic,agency,19
Pervomayskoye,panel,cosmetic,agency,19
Voykovsky,monolith,euro,agency,19
Krasnopakhorskoye,monolith,euro,agency,19
Marfino,brick,euro,agency,19
Chertanovo Tsentralnoye,monolith,cosmetic,agency,19
Vnukovskoye,panel,cosmetic,agency,19
Chertanovo Yuzhnoye,monolith,euro,agency,19
Dorogomilovo,modern_panel,cosmetic,agency,19
Vostochnoye Izmaylovo,brick,cosmetic,agency,19
Solntsevo,monolith,cosmetic,agency,19
Novokosino,modern_panel,euro,agency,19
Butyrsky,modern_panel,euro,agency,19
Tyoply Stan,panel,cosmetic,agency,19
Kokoshkino,panel,cosmetic,agency,19
Voykovsky,brick,cosmetic,agency,19
Voykovsky,modern_panel,cosmetic,agency,19
Altufyevsky,modern_panel,no_renovation,agency,19
Tagansky,panel,cosmetic,agency,19
Gagarinsky,khrushchev,euro,agency,19
Preobrazhenskoye,brick,cosmetic,agency,19
Altufyevsky,monolith,euro,agency,19
Vostochny,modern_panel,cosmetic,agency,19
Sokolniki,monolith,cosmetic,agency,19
Levoberezhny,brick,cosmetic,agency,19
Novofyodorovskoye,khrushchev,cosmetic,agency,19
Marushkinskoye,modern_panel,cosmetic,agency,19
Meshchansky,panel,euro,agency,19
Khoroshyovsky,panel,cosmetic,agency,19
Bibirevo,panel,euro,agency,19
Yaroslavsky,panel,cosmetic,agency,19
Ochakovo-Matveyevskoye,modern_panel,cosmetic,agency,19
Kuntsevo,monolith,euro,agency,18
Preobrazhenskoye,khrushchev,cosmetic,agency,18
Bibirevo,monolith,euro,agency,18
Butyrsky,monolith,cosmetic,owner,18
Bibirevo,brick,cosmetic,agency,18
Vostochnoye Izmaylovo,monolith,cosmetic,owner,18
Lomonosovsky,brick,cosmetic,agency,18
Voskresenskoye,modern_panel,euro,agency,18
Losinoostrovsky,modern_panel,cosmetic,agency,18
Kuntsevo,khrushchev,cosmetic,agency,18
Orekhovo-Borisovo Severnoye,khrushchev,cosmetic,agency,18
Losinoostrovsky,panel,euro,agency,18
Begovoy,khrushchev,euro,agency,18
Marfino,brick,cosmetic,agency,18
Biryulyovo Zapadnoye,panel,euro,agency,18
Kosino-Ukhtomsky,modern_panel,euro,agency,18
Sosenskoye,panel,cosmetic,agency,18
Ramenki,khrushchev,cosmetic,agency,18
Orekhovo-Borisovo Severnoye,brick,cosmetic,agency,18
Yasenevo,monolith,cosmetic,agency,18
Shchukino,monolith,euro,agency,18
Lianozovo,modern_panel,euro,agency,18
Zelenograd,brick,cosmetic,agency,18
Yuzhnoye Tushino,modern_panel,euro,agency,18
Fili-Davydkovo,panel,cosmetic,agency,18
Zelenograd,panel,euro,agency,18
Fili-Davydkovo,modern_panel,euro,agency,18
Preobrazhenskoye,panel,cosmetic,agency,18
Novogireyevo,modern_panel,cosmetic,agency,18
Yuzhnoye Tushino,brick,euro,agency,18
Brateyevo,panel,euro,agency,18
Shchapovskoye,brick,euro,agency,18
Zyablikovo,modern_panel,euro,agency,18
Chertanovo Yuzhnoye,modern_panel,cosmetic,agency,18
Donskoy,panel,cosmetic,agency,18
Filimonkovskoye,monolith,cosmetic,agency,18
Zyablikovo,brick,cosmetic,agency,18
Shcherbinka,panel,cosmetic,agency,18
Strogino,monolith,cosmetic,agency,18
Moskvorechye-Saburovo,panel,cosmetic,agency,18
Chertanovo Severnoye,modern_panel,euro,agency,18
Ochakovo-Matveyevskoye,monolith,cosmetic,agency,18
Butyrsky,monolith,cosmetic,agency,18
Lomonosovsky,brick,euro,agency,18
Aeroport,panel,cosmetic,agency,18
Khovrino,monolith,cosmetic,agency,18
Yuzhnoye Butovo,khrushchev,euro,agency,18
Severnoye Izmaylovo,panel,cosmetic,agency,18
Novofyodorovskoye,panel,euro,agency,18
Novo-Peredelkino,brick,cosmetic,agency,18
Biryulyovo Vostochnoye,panel,cosmetic,agency,18
Ostankinsky,panel,euro,agency,18
Ostankinsky,monolith,cosmetic,agency,18
Ostankinsky,panel,cosmetic,agency,18
Troparyovo-Nikulino,monolith,cosmetic,owner,18
Ryazanovskoye,brick,cosmetic,agency,18
Dorogomilovo,modern_panel,no_renovation,agency,18
Novokosino,monolith,cosmetic,owner,18
Izmaylovo,khrushchev,cosmetic,agency,18
Dmitrovsky,modern_panel,euro,agency,18
Kuntsevo,brick,cosmetic,agency,18
Sosenskoye,monolith,cosmetic,agency,18
Yuzhnoye Butovo,monolith,cosmetic,agency,18
Yuzhnoye Butovo,panel,cosmetic,agency,18
Sviblovo,monolith,euro,agency,18
Yuzhnoye Medvedkovo,brick,euro,agency,18
Kokoshkino,khrushchev,cosmetic,agency,18
Krasnopakhorskoye,modern_panel,euro,agency,18
Filyovsky Park,brick,cosmetic,agency,18
Filimonkovskoye,panel,cosmetic,agency,18
Dorogomilovo,modern_panel,euro,agency,18
Bogorodskoye,khrushchev,cosmetic,agency,18
Zyuzino,khrushchev,cosmetic,agency,18
Filimonkovskoye,panel,cosmetic,owner,18
Zyuzino,panel,cosmetic,agency,18
Novogireyevo,panel,cosmetic,owner,18
Tsaritsyno,brick,cosmetic,agency,18
Biryulyovo Zapadnoye,modern_panel,cosmetic,agency,18
Nagatinsky Zaton,modern_panel,euro,agency,18
Mitino,panel,euro,agency,18
Basmanny,brick,cosmetic,agency,18
Krylatskoye,modern_panel,cosmetic,agency,18
Voskresenskoye,panel,euro,agency,18
Kotlovka,modern_panel,cosmetic,agency,18
Golyanovo,brick,cosmetic,agency,18
Akademichesky,khrushchev,euro,agency,18
Sokolinaya Gora,modern_panel,cosmetic,agency,18
Zyablikovo,modern_panel,cosmetic,agency,18
Nagatinsky Zaton,panel,cosmetic,owner,18
Tyoply Stan,monolith,cosmetic,agency,18
Aeroport,brick,cosmetic,agency,18
Nagatino-Sadovniki,brick,euro,agency,18
Troitsk,monolith,euro,agency,18
Babushkinsky,khrushchev,cosmetic,agency,18
Moskovsky,monolith,cosmetic,agency,18
Altufyevsky,monolith,cosmetic,agency,18
Moskvorechye-Saburovo,brick,cosmetic,agency,18
Novogireyevo,monolith,cosmetic,agency,18
Nagatino-Sadovniki,monolith,euro,agency,18
Timiryazevsky,khrushchev,cosmetic,agency,18
Vnukovo,brick,cosmetic,agency,18
Alekseevsky,panel,euro,agency,18
Prospekt Vernadskogo,modern_panel,euro,agency,18
Mosrentgen,monolith,cosmetic,agency,18
Klyonovskoye,monolith,cosmetic,agency,17
Nagatinsky Zaton,monolith,euro,agency,17
Presnensky,monolith,cosmetic,agency,17
Chertanovo Severnoye,brick,euro,agency,17
Mikhaylovo-Yartsevskoye,monolith,euro,agency,17
Ryazanovskoye,khrushchev,cosmetic,agency,17
Savyolovsky,khrushchev,cosmetic,agency,17
Vostochny,monolith,euro,agency,17
Khoroshyovo-Mnyovniki,monolith,euro,agency,17
Alekseevsky,monolith,euro,agency,17
Zyuzino,brick,cosmetic,agency,17
Pokrovskoye-Streshnevo,modern_panel,no_renovation,agency,17
Mosrentgen,panel,cosmetic,agency,17
Nagatinsky Zaton,panel,euro,agency,17
Donskoy,modern_panel,euro,agency,17
Desyonovskoye,monolith,cosmetic,agency,17
Brateyevo,monolith,euro,agency,17
Levoberezhny,brick,no_renovation,agency,17
Konkovo,modern_panel,euro,agency,17
Brateyevo,modern_panel,euro,agency,17
Moskovsky,modern_panel,cosmetic,agency,17
Dmitrovsky,panel,euro,agency,17
Shcherbinka,panel,euro,agency,17
Zapadnoye Degunino,khrushchev,cosmetic,agency,17
Danilovsky,monolith,euro,agency,17
Metrogorodok,monolith,cosmetic,agency,17
Koptevo,khrushchev,cosmetic,agency,17
Levoberezhny,brick,euro,agency,17
Tverskoy,monolith,euro,agency,17
Severnoye Izmaylovo,brick,euro,agency,17
Ostankinsky,brick,cosmetic,agency,17
Marfino,khrushchev,cosmetic,agency,17
Shchukino,modern_panel,no_renovation,agency,17
Veshnyaki,brick,euro,agency,17
Krasnoselsky,brick,euro,agency,17
Pokrovskoye-Streshnevo,panel,cosmetic,agency,17
Zyablikovo,brick,euro,agency,17
Kotlovka,modern_panel,euro,agency,17
Dmitrovsky,khrushchev,euro,agency,17
Prospekt Vernadskogo,monolith,euro,agency,17
Sokol,brick,euro,agency,17
Zyablikovo,panel,cosmetic,agency,17
Butyrsky,panel,cosmetic,agency,17
Kurkino,khrushchev,cosmetic,agency,17
Sosenskoye,khrushchev,cosmetic,agency,17
Levoberezhny,panel,cosmetic,agency,17
Yaroslavsky,monolith,no_renovation,agency,17
Biryulyovo Vostochnoye,monolith,cosmetic,agency,17
Kokoshkino,brick,cosmetic,owner,17
Arbat,brick,euro,agency,17
Obruchevsky,panel,cosmetic,agency,17
Sokol,monolith,no_renovation,agency,17
Kotlovka,khrushchev,cosmetic,agency,17
Filimonkovskoye,monolith,no_renovation,agency,17
Chertanovo Severnoye,monolith,cosmetic,agency,17
Kievsky,monolith,no_renovation,agency,17
Novo-Peredelkino,khrushchev,cosmetic,agency,17
Lianozovo,panel,euro,agency,17
Arbat,monolith,cosmetic,agency,17
Ivanovskoye,panel,euro,agency,17
Levoberezhny,monolith,euro,agency,17
Konkovo,monolith,euro,agency,17
Solntsevo,modern_panel,cosmetic,agency,17
Rogovskoye,khrushchev,cosmetic,agency,17
Vnukovskoye,brick,cosmetic,agency,17
Tyoply Stan,panel,no_renovation,agency,17
Ivanovskoye,monolith,cosmetic,agency,17
Golyanovo,brick,euro,agency,17
Maryina Roshcha,panel,cosmetic,agency,17
Butyrsky,monolith,euro,agency,17
Kurkino,brick,euro,agency,17
Strogino,brick,euro,agency,17
Moskovsky,khrushchev,cosmetic,agency,17
Shchukino,khrushchev,cosmetic,agency,17
Mitino,khrushchev,cosmetic,agency,17
Vnukovskoye,monolith,euro,agency,17
Levoberezhny,panel,euro,agency,17
Cheryomushki,brick,cosmetic,agency,17
Shcherbinka,monolith,cosmetic,agency,17
Novofyodorovskoye,brick,cosmetic,agency,17
Kuntsevo,brick,euro,agency,17
Khoroshyovsky,monolith,euro,agency,17
Arbat,khrushchev,euro,agency,17
Levoberezhny,monolith,cosmetic,owner,17
Voykovsky,panel,cosmetic,agency,17
Zamoskvorechye,khrushchev,euro,agency,17
Filimonkovskoye,modern_panel,euro,agency,17
Orekhovo-Borisovo Severnoye,khrushchev,euro,agency,17
Kurkino,monolith,cosmetic,agency,17
Rogovskoye,modern_panel,cosmetic,agency,17
Timiryazevsky,brick,euro,agency,17
Izmaylovo,khrushchev,euro,agency,17
Nagorny,monolith,euro,agency,17
Biryulyovo Vostochnoye,monolith,cosmetic,owner,17
Orekhovo-Borisovo Yuzhnoye,brick,euro,agency,17
Mikhaylovo-Yartsevskoye,monolith,cosmetic,agency,17
Kuntsevo,brick,no_renovation,agency,17
Moskvorechye-Saburovo,monolith,cosmetic,owner,17
Strogino,khrushchev,euro,agency,17
Tyoply Stan,panel,cosmetic,owner,17
Khoroshyovo-Mnyovniki,brick,cosmetic,agency,17
Otradnoye,panel,euro,agency,17
Ryazanovskoye,monolith,cosmetic,agency,17
Moskovsky,brick,cosmetic,agency,17
Babushkinsky,khrushchev,euro,agency,17
Meshchansky,brick,cosmetic,owner,17
Khamovniki,monolith,euro,agency,17
Koptevo,modern_panel,euro,agency,17
Sviblovo,brick,cosmetic,agency,17
Yuzhnoye Medvedkovo,panel,euro,agency,17
Novogireyevo,khrushchev,euro,agency,17
Obruchevsky,monolith,euro,agency,17
Kievsky,monolith,euro,agency,17
Novo-Peredelkino,panel,euro,agency,17
Nagatino-Sadovniki,panel,euro,agency,17
Kotlovka,monolith,euro,agency,17
Tagansky,brick,cosmetic,agency,17
Prospekt Vernadskogo,panel,euro,agency,17
Zapadnoye Degunino,brick,euro,agency,17
Otradnoye,brick,euro,agency,17
Konkovo,brick,cosmetic,agency,17
Vostochnoye Izmaylovo,monolith,euro,agency,17
Veshnyaki,modern_panel,cosmetic,agency,17
Novokosino,panel,cosmetic,owner,17
Rostokino,modern_panel,cosmetic,owner,17
Ostankinsky,panel,no_renovation,agency,17
Kurkino,brick,cosmetic,agency,16
Donskoy,monolith,cosmetic,agency,16
Prospekt Vernadskogo,brick,euro,agency,16
Krasnoselsky,khrushchev,euro,agency,16
Ramenki,monolith,cosmetic,owner,16
Arbat,panel,euro,agency,16
Kuntsevo,panel,cosmetic,agency,16
Severnoye Tushino,modern_panel,euro,agency,16
Lomonosovsky,panel,cosmetic,owner,16
Severny,monolith,euro,agency,16
Marushkinskoye,brick,cosmetic,owner,16
Rogovskoye,monolith,euro,agency,16
Ivanovskoye,brick,euro,agency,16
Kievsky,khrushchev,euro,agency,16
Kurkino,khrushchev,euro,agency,16
Zamoskvorechye,brick,euro,owner,16
Presnensky,panel,euro,agency,16
Nagatinsky Zaton,khrushchev,cosmetic,agency,16
Butyrsky,modern_panel,cosmetic,agency,16
Severnoye Medvedkovo,panel,no_renovation,agency,16
Mosrentgen,panel,cosmetic,owner,16
Golovinsky,panel,cosmetic,owner,16
Vostochny,brick,cosmetic,agency,16
Beskudnikovsky,modern_panel,euro,agency,16
Basmanny,khrushchev,cosmetic,agency,16
Bibirevo,modern_panel,cosmetic,agency,16
Levoberezhny,modern_panel,euro,agency,16
Voronovskoye,khrushchev,euro,agency,16
Severnoye Izmaylovo,khrushchev,cosmetic,agency,16
Krasnopakhorskoye,khrushchev,euro,agency,16
Pervomayskoye,brick,no_renovation,agency,16
Fili-Davydkovo,brick,euro,agency,16
Yuzhnoye Medvedkovo,panel,cosmetic,agency,16
Bogorodskoye,monolith,cosmetic,owner,16
Kosino-Ukhtomsky,monolith,euro,owner,16
Savyolovsky,panel,no_renovation,agency,16
Arbat,khrushchev,cosmetic,agency,16
Levoberezhny,modern_panel,cosmetic,owner,16
Sokol,panel,no_renovation,agency,16
Krasnoselsky,khrushchev,cosmetic,agency,16
Klyonovskoye,khrushchev,cosmetic,agency,16
Babushkinsky,brick,euro,agency,16
Basmanny,brick,euro,agency,16
Zamoskvorechye,panel,euro,agency,16
Nagatino-Sadovniki,monolith,cosmetic,agency,16
Biryulyovo Zapadnoye,monolith,no_renovation,agency,16
Severnoye Tushino,panel,euro,agency,16
Veshnyaki,monolith,cosmetic,agency,16
Zapadnoye Degunino,panel,cosmetic,agency,16
Vnukovo,panel,euro,agency,16
Kotlovka,panel,cosmetic,agency,16
Golovinsky,panel,euro,owner,16
Troparyovo-Nikulino,modern_panel,euro,agency,16
Klyonovskoye,modern_panel,euro,agency,16
Sokol,modern_panel,cosmetic,agency,16
Nagorny,khrushchev,euro,agency,16
Timiryazevsky,panel,no_renovation,agency,16
Ramenki,modern_panel,no_renovation,agency,16
Zyuzino,monolith,cosmetic,owner,16
Voykovsky,khrushchev,cosmetic,agency,16
Butyrsky,brick,cosmetic,agency,16
Novogireyevo,khrushchev,cosmetic,owner,16
Zelenograd,modern_panel,euro,agency,16
Sokolniki,brick,cosmetic,agency,16
Yakimanka,panel,euro,agency,16
Babushkinsky,panel,euro,agency,16
Ramenki,modern_panel,euro,agency,16
Novogireyevo,monolith,euro,agency,16
Tsaritsyno,khrushchev,euro,agency,16
Presnensky,modern_panel,cosmetic,owner,16
Bogorodskoye,modern_panel,euro,agency,16
Zamoskvorechye,khrushchev,cosmetic,owner,16
Beskudnikovsky,panel,euro,agency,16
Chertanovo Tsentralnoye,panel,euro,agency,16
Sokolinaya Gora,brick,euro,agency,16
Kosino-Ukhtomsky,panel,cosmetic,agency,16
Lomonosovsky,khrushchev,cosmetic,agency,16
Bibirevo,brick,euro,agency,16
Kievsky,brick,euro,agency,16
Severny,monolith,no_renovation,agency,16
Khoroshyovsky,khrushchev,cosmetic,agency,16
Perovo,khrushchev,cosmetic,agency,16
Novo-Peredelkino,khrushchev,euro,agency,16
Novo-Peredelkino,monolith,euro,agency,16
Severnoye Tushino,monolith,euro,agency,16
Kosino-Ukhtomsky,monolith,cosmetic,agency,16
Voskresenskoye,monolith,cosmetic,agency,16
Ramenki,brick,cosmetic,owner,16
Donskoy,modern_panel,cosmetic,agency,16
Molzhaninovsky,panel,euro,agency,16
Shcherbinka,monolith,euro,agency,16
Beskudnikovsky,modern_panel,cosmetic,agency,16
Kosino-Ukhtomsky,khrushchev,cosmetic,agency,16
Tyoply Stan,brick,euro,agency,16
Zapadnoye Degunino,modern_panel,euro,agency,16
Troparyovo-Nikulino,khrushchev,cosmetic,agency,16
Donskoy,monolith,euro,agency,16
Golovinsky,panel,euro,agency,16
Otradnoye,monolith,cosmetic,agency,16
Yuzhnoye Tushino,monolith,euro,agency,16
Novofyodorovskoye,monolith,cosmetic,owner,16
Zelenograd,khrushchev,cosmetic,agency,16
Marfino,modern_panel,euro,agency,16
Chertanovo Yuzhnoye,khrushchev,cosmetic,agency,16
Yuzhnoye Butovo,panel,euro,agency,16
Alekseevsky,monolith,euro,owner,16
Altufyevsky,khrushchev,cosmetic,agency,16
Donskoy,panel,euro,agency,16
Mikhaylovo-Yartsevskoye,panel,euro,agency,16
Bogorodskoye,panel,cosmetic,agency,16
Severnoye Tushino,panel,no_renovation,agency,16
Konkovo,modern_panel,cosmetic,owner,16
Vnukovo,brick,euro,agency,16
Golovinsky,brick,cosmetic,agency,16
Begovoy,khrushchev,cosmetic,agency,16
Khoroshyovsky,brick,euro,agency,16
Desyonovskoye,modern_panel,no_renovation,agency,16
Golovinsky,khrushchev,euro,agency,15
Krylatskoye,monolith,euro,agency,15
Filyovsky Park,khrushchev,cosmetic,agency,15
Rogovskoye,brick,euro,agency,15
Veshnyaki,brick,cosmetic,agency,15
Yaroslavsky,khrushchev,cosmetic,agency,15
Yasenevo,modern_panel,cosmetic,owner,15
Akademichesky,monolith,cosmetic,agency,15
Tagansky,panel,cosmetic,owner,15
Prospekt Vernadskogo,monolith,cosmetic,owner,15
Krasnopakhorskoye,monolith,no_renovation,agency,15
Levoberezhny,panel,euro,owner,15
Klyonovskoye,modern_panel,cosmetic,agency,15
Losinoostrovsky,monolith,cosmetic,owner,15
Veshnyaki,panel,euro,agency,15
Severnoye Tushino,modern_panel,cosmetic,owner,15
Novofyodorovskoye,modern_panel,cosmetic,owner,15
Begovoy,panel,euro,agency,15
Mitino,panel,cosmetic,agency,15
Savyolovsky,brick,cosmetic,agency,15
Nagatino-Sadovniki,khrushchev,cosmetic,agency,15
Gagarinsky,panel,euro,agency,15
Presnensky,monolith,euro,agency,15
Savyolovsky,panel,cosmetic,agency,15
Mozhaysky,monolith,euro,agency,15
Mitino,brick,cosmetic,agency,15
Aeroport,monolith,cosmetic,owner,15
Zamoskvorechye,brick,euro,agency,15
Savyolovsky,brick,euro,agency,15
Voronovskoye,monolith,cosmetic,agency,15
Orekhovo-Borisovo Yuzhnoye,panel,euro,agency,15
Yuzhnoye Tushino,monolith,cosmetic,agency,15
Severnoye Izmaylovo,modern_panel,euro,agency,15
Savyolovsky,monolith,no_renovation,agency,15
Khoroshyovo-Mnyovniki,panel,euro,agency,15
Novokosino,monolith,cosmetic,agency,15
Zamoskvorechye,khrushchev,cosmetic,agency,15
Zelenograd,monolith,cosmetic,agency,15
Nagorny,khrushchev,cosmetic,agency,15
Veshnyaki,khrushchev,euro,agency,15
Sviblovo,khrushchev,euro,agency,15
Zelenograd,modern_panel,cosmetic,agency,15
Klyonovskoye,panel,euro,agency,15
Yuzhnoye Medvedkovo,monolith,euro,agency,15
Strogino,monolith,euro,agency,15
Butyrsky,brick,euro,agency,15
Koptevo,panel,euro,agency,15
Shchapovskoye,panel,euro,agency,15
Zyuzino,modern_panel,cosmetic,agency,15
Tverskoy,brick,cosmetic,agency,15
Pokrovskoye-Streshnevo,modern_panel,euro,agency,15
Biryulyovo Vostochnoye,modern_panel,no_renovation,agency,15
Pervomayskoye,monolith,cosmetic,agency,15
Nagorny,brick,cosmetic,agency,15
Kokoshkino,modern_panel,euro,agency,15
Danilovsky,khrushchev,cosmetic,owner,15
Sosenskoye,brick,euro,agency,15
Vnukovskoye,khrushchev,euro,agency,15
Biryulyovo Vostochnoye,monolith,no_renovation,agency,15
Izmaylovo,brick,euro,agency,15
Biryulyovo Zapadnoye,panel,no_renovation,agency,15
Beskudnikovsky,monolith,cosmetic,agency,15
Moskovsky,panel,euro,agency,15
Veshnyaki,modern_panel,euro,agency,15
Levoberezhny,brick,cosmetic,owner,15
Orekhovo-Borisovo Yuzhnoye,modern_panel,cosmetic,owner,15
Voronovskoye,modern_panel,cosmetic,owner,15
Shchapovskoye,modern_panel,euro,agency,15
Basmanny,monolith,euro,agency,15
Pervomayskoye,modern_panel,cosmetic,owner,15
Severnoye Tushino,khrushchev,euro,agency,15
Solntsevo,khrushchev,euro,agency,15
Koptevo,panel,cosmetic,agency,15
Veshnyaki,modern_panel,cosmetic,owner,15
Solntsevo,khrushchev,cosmetic,agency,15
Vostochnoye Izmaylovo,monolith,cosmetic,agency,15
Dorogomilovo,panel,cosmetic,owner,15
Zyuzino,panel,euro,agency,15
Tsaritsyno,modern_panel,euro,agency,15
Akademichesky,modern_panel,euro,owner,15
Timiryazevsky,modern_panel,euro,agency,15
Ochakovo-Matveyevskoye,khrushchev,cosmetic,agency,15
Filimonkovskoye,modern_panel,cosmetic,owner,15
Novokosino,modern_panel,cosmetic,owner,15
Tagansky,brick,euro,agency,15
Orekhovo-Borisovo Severnoye,brick,no_renovation,agency,15
Tverskoy,panel,euro,agency,15
Voskresenskoye,panel,cosmetic,owner,15
Izmaylovo,brick,cosmetic,agency,15
Kosino-Ukhtomsky,monolith,cosmetic,owner,15
Biryulyovo Zapadnoye,monolith,cosmetic,agency,15
Marfino,monolith,cosmetic,agency,15
Filyovsky Park,modern_panel,cosmetic,agency,15
Kosino-Ukhtomsky,panel,cosmetic,owner,15
Filimonkovskoye,khrushchev,cosmetic,agency,15
Troitsk,khrushchev,euro,agency,15
Alekseevsky,modern_panel,no_renovation,agency,15
Yuzhnoye Butovo,modern_panel,euro,agency,15
Tyoply Stan,modern_panel,euro,agency,15
Severnoye Butovo,khrushchev,cosmetic,agency,15
Otradnoye,brick,cosmetic,owner,15
Marushkinskoye,modern_panel,cosmetic,owner,15
Brateyevo,brick,euro,agency,15
Alekseevsky,modern_panel,euro,agency,15
Khoroshyovo-Mnyovniki,modern_panel,euro,agency,15
Sosenskoye,panel,euro,agency,15
Krasnopakhorskoye,panel,cosmetic,owner,15
Fili-Davydkovo,panel,euro,agency,15
Nagatinsky Zaton,modern_panel,cosmetic,agency,15
Khovrino,brick,euro,agency,15
Yasenevo,modern_panel,cosmetic,agency,15
Obruchevsky,panel,no_renovation,agency,15
Pervomayskoye,brick,cosmetic,agency,15
Novogireyevo,panel,euro,agency,15
Zelenograd,monolith,euro,agency,15
Shchukino,modern_panel,euro,agency,15
Danilovsky,brick,euro,agency,15
Yakimanka,monolith,cosmetic,agency,15
Orekhovo-Borisovo Yuzhnoye,brick,cosmetic,owner,15
Ostankinsky,monolith,euro,agency,15
Nagatinsky Zaton,brick,euro,agency,15
Prospekt Vernadskogo,monolith,cosmetic,agency,15
Otradnoye,panel,no_renovation,agency,15
Yuzhnoye Tushino,panel,euro,agency,15
Kosino-Ukhtomsky,monolith,no_renovation,agency,15
Filyovsky Park,khrushchev,euro,agency,15
Desyonovskoye,panel,euro,agency,15
Altufyevsky,modern_panel,euro,agency,15
Otradnoye,modern_panel,cosmetic,agency,15
Molzhaninovsky,modern_panel,euro,agency,15
Presnensky,khrushchev,cosmetic,agency,15
Moskvorechye-Saburovo,modern_panel,euro,agency,15
Biryulyovo Zapadnoye,monolith,euro,agency,15
Kotlovka,modern_panel,euro,owner,15
Golyanovo,khrushchev,cosmetic,agency,15
Beskudnikovsky,panel,cosmetic,agency,15
Ochakovo-Matveyevskoye,panel,cosmetic,owner,15
Chertanovo Tsentralnoye,khrushchev,euro,agency,15
Cheryomushki,khrushchev,cosmetic,agency,15
Presnensky,panel,cosmetic,agency,15
Yasenevo,modern_panel,no_renovation,agency,15
Tsaritsyno,panel,euro,owner,15
Brateyevo,panel,cosmetic,agency,15
Danilovsky,panel,euro,agency,15
Bogorodskoye,panel,euro,agency,15
Yuzhnoye Medvedkovo,modern_panel,euro,owner,14
Maryina Roshcha,modern_panel,cosmetic,agency,14
Zamoskvorechye,modern_panel,euro,agency,14
Zapadnoye Degunino,khrushchev,euro,agency,14
Pervomayskoye,modern_panel,cosmetic,agency,14
Severny,panel,euro,agency,14
Novogireyevo,modern_panel,euro,agency,14
Molzhaninovsky,monolith,euro,agency,14
Lianozovo,monolith,euro,agency,14
Chertanovo Severnoye,monolith,no_renovation,agency,14
Mozhaysky,panel,cosmetic,owner,14
Marfino,panel,euro,agency,14
Nagatinsky Zaton,brick,cosmetic,agency,14
Basmanny,monolith,no_renovation,agency,14
Ostankinsky,panel,no_renovation,owner,14
Ostankinsky,panel,cosmetic,owner,14
Shchapovskoye,brick,cosmetic,agency,14
Voronovskoye,monolith,cosmetic,owner,14
Voykovsky,khrushchev,no_renovation,agency,14
Yuzhnoye Tushino,khrushchev,cosmetic,agency,14
Orekhovo-Borisovo Severnoye,monolith,cosmetic,owner,14
Chertanovo Yuzhnoye,khrushchev,euro,agency,14
Butyrsky,brick,cosmetic,owner,14
Obruchevsky,modern_panel,euro,agency,14
Solntsevo,panel,no_renovation,agency,14
Golyanovo,panel,euro,agency,14
Golovinsky,khrushchev,cosmetic,agency,14
Otradnoye,modern_panel,euro,agency,14
Aeroport,modern_panel,euro,agency,14
Nagatino-Sadovniki,monolith,no_renovation,agency,14
Maryina Roshcha,panel,euro,agency,14
Ivanovskoye,modern_panel,euro,agency,14
Ramenki,monolith,euro,agency,14
Rostokino,khrushchev,euro,agency,14
Yaroslavsky,modern_panel,cosmetic,agency,14
Ivanovskoye,khrushchev,cosmetic,agency,14
Chertanovo Severnoye,monolith,euro,agency,14
Kosino-Ukhtomsky,stalin,cosmetic,agency,14
Kuntsevo,modern_panel,euro,agency,14
Prospekt Vernadskogo,khrushchev,euro,agency,14
Akademichesky,panel,cosmetic,owner,14
Sokol,modern_panel,euro,agency,14
Golyanovo,modern_panel,euro,agency,14
Mosrentgen,brick,cosmetic,owner,14
Troitsk,brick,no_renovation,agency,14
Voskresenskoye,monolith,no_renovation,agency,14
Desyonovskoye,khrushchev,cosmetic,agency,14
Tsaritsyno,panel,euro,agency,14
Zyuzino,modern_panel,no_renovation,agency,14
Cheryomushki,panel,euro,agency,14
Basmanny,panel,euro,agency,14
Donskoy,khrushchev,cosmetic,agency,14
Rostokino,monolith,euro,owner,14
Kotlovka,panel,euro,agency,14
Ivanovskoye,modern_panel,cosmetic,agency,14
Tverskoy,brick,euro,agency,14
Zyablikovo,brick,no_renovation,agency,14
Orekhovo-Borisovo Yuzhnoye,modern_panel,no_renovation,agency,14
Dmitrovsky,khrushchev,cosmetic,agency,14
Sviblovo,monolith,cosmetic,owner,14
Khovrino,khrushchev,euro,agency,14
Koptevo,monolith,cosmetic,owner,14
Desyonovskoye,panel,no_renovation,agency,14
Altufyevsky,panel,euro,agency,14
Filyovsky Park,modern_panel,no_renovation,agency,14
Ramenki,brick,cosmetic,agency,14
Levoberezhny,khrushchev,cosmetic,agency,14
Marushkinskoye,monolith,cosmetic,agency,14
Begovoy,monolith,cosmetic,owner,14
Mikhaylovo-Yartsevskoye,modern_panel,cosmetic,owner,14
Tagansky,modern_panel,euro,agency,14
Bibirevo,khrushchev,cosmetic,agency,14
Strogino,modern_panel,euro,agency,14
Pokrovskoye-Streshnevo,khrushchev,cosmetic,agency,14
Tagansky,panel,euro,agency,14
Metrogorodok,panel,euro,agency,14
Tagansky,panel,euro,owner,14
Ivanovskoye,khrushchev,euro,agency,14
Dmitrovsky,panel,no_renovation,agency,14
Novofyodorovskoye,brick,no_renovation,agency,14
Zyablikovo,khrushchev,euro,agency,14
Otradnoye,modern_panel,no_renovation,agency,14
Tsaritsyno,brick,euro,agency,14
Tsaritsyno,khrushchev,cosmetic,agency,14
Chertanovo Yuzhnoye,monolith,cosmetic,owner,14
Metrogorodok,brick,euro,agency,14
Sokolinaya Gora,modern_panel,cosmetic,owner,14
Akademichesky,brick,cosmetic,agency,14
Biryulyovo Zapadnoye,brick,cosmetic,owner,14
Donskoy,brick,cosmetic,owner,14
Moskvorechye-Saburovo,monolith,euro,agency,14
Orekhovo-Borisovo Yuzhnoye,monolith,cosmetic,agency,14
Troparyovo-Nikulino,brick,euro,agency,14
Kievsky,panel,cosmetic,owner,14
Dorogomilovo,brick,cosmetic,agency,14
Perovo,monolith,no_renovation,agency,14
Losinoostrovsky,khrushchev,euro,agency,14
Voronovskoye,khrushchev,cosmetic,agency,14
Arbat,panel,no_renovation,agency,14
Biryulyovo Vostochnoye,panel,euro,owner,14
Sokolinaya Gora,monolith,no_renovation,agency,14
Cheryomushki,khrushchev,euro,agency,14
Kosino-Ukhtomsky,modern_panel,cosmetic,owner,14
Chertanovo Tsentralnoye,monolith,euro,agency,14
Preobrazhenskoye,brick,cosmetic,owner,14
Kievsky,modern_panel,cosmetic,owner,14
Ochakovo-Matveyevskoye,modern_panel,cosmetic,owner,14
Moskovsky,modern_panel,cosmetic,owner,14
Pokrovskoye-Streshnevo,khrushchev,no_renovation,agency,14
Biryulyovo Zapadnoye,brick,euro,agency,14
Pokrovskoye-Streshnevo,brick,cosmetic,agency,14
Presnensky,stalin,cosmetic,agency,14
Donskoy,khrushchev,no_renovation,agency,14
Veshnyaki,panel,no_renovation,agency,14
Troparyovo-Nikulino,modern_panel,no_renovation,agency,14
Troitsk,panel,euro,owner,14
Sokol,monolith,euro,agency,14
Akademichesky,panel,euro,owner,14
Zyablikovo,monolith,euro,agency,14
Sokolinaya Gora,monolith,euro,agency,14
Maryina Roshcha,modern_panel,euro,agency,14
Vostochny,monolith,cosmetic,agency,14
Losinoostrovsky,monolith,no_renovation,agency,14
Meshchansky,panel,cosmetic,owner,14
Biryulyovo Vostochnoye,panel,cosmetic,owner,14
Tverskoy,brick,no_renovation,agency,14
Krasnopakhorskoye,panel,cosmetic,agency,14
Severnoye Tushino,brick,no_renovation,agency,14
Sokol,khrushchev,euro,agency,14
Severnoye Tushino,monolith,cosmetic,owner,14
Arbat,modern_panel,cosmetic,owner,14
Aeroport,monolith,euro,owner,14
Bogorodskoye,brick,no_renovation,agency,14
Konkovo,khrushchev,euro,agency,14
Severnoye Medvedkovo,panel,euro,agency,14
Vnukovo,modern_panel,cosmetic,agency,14
Rostokino,panel,no_renovation,agency,14
Sosenskoye,panel,cosmetic,owner,14
Ochakovo-Matveyevskoye,brick,no_renovation,agency,14
Voykovsky,monolith,cosmetic,owner,14
Brateyevo,khrushchev,euro,agency,14
Donskoy,monolith,cosmetic,owner,14
Khovrino,brick,cosmetic,owner,14
Tsaritsyno,brick,euro,owner,14
Vostochny,brick,cosmetic,owner,14
Preobrazhenskoye,monolith,euro,agency,14
Filimonkovskoye,panel,euro,agency,14
Nagatinsky Zaton,monolith,no_renovation,agency,14
Pokrovskoye-Streshnevo,brick,cosmetic,owner,14
Marushkinskoye,monolith,euro,agency,14
Zamoskvorechye,modern_panel,cosmetic,owner,14
Severny,panel,no_renovation,agency,14
Donskoy,brick,euro,agency,14
Ostankinsky,khrushchev,cosmetic,owner,14
Lianozovo,modern_panel,no_renovation,agency,14
Vostochny,panel,euro,agency,14
Kokoshkino,monolith,euro,agency,14
Babushkinsky,panel,no_renovation,agency,14
Vnukovo,panel,designer,agency,14
Orekhovo-Borisovo Severnoye,panel,euro,agency,14
Begovoy,brick,cosmetic,owner,14
Khovrino,panel,cosmetic,agency,14
Yuzhnoye Tushino,brick,cosmetic,agency,14
Khovrino,monolith,euro,agency,14
Rostokino,panel,cosmetic,agency,14
Preobrazhenskoye,panel,euro,agency,14
Losinoostrovsky,modern_panel,euro,agency,14
Orekhovo-Borisovo Severnoye,brick,euro,agency,14
Rostokino,modern_panel,euro,agency,14
Troitsk,khrushchev,cosmetic,agency,14
Sviblovo,brick,cosmetic,owner,14
Lomonosovsky,monolith,euro,agency,14
Cheryomushki,monolith,euro,agency,14
Butyrsky,khrushchev,cosmetic,owner,14
Orekhovo-Borisovo Yuzhnoye,brick,cosmetic,agency,14
Biryulyovo Vostochnoye,modern_panel,euro,agency,14
Savyolovsky,panel,cosmetic,owner,14
Sviblovo,khrushchev,cosmetic,agency,14
Zamoskvorechye,monolith,cosmetic,owner,14
Marushkinskoye,khrushchev,cosmetic,agency,14
Butyrsky,modern_panel,cosmetic,owner,14
Nagatinsky Zaton,monolith,cosmetic,owner,14
Voskresenskoye,modern_panel,euro,owner,14
Vnukovskoye,modern_panel,euro,agency,14
Obruchevsky,brick,euro,agency,14
Severnoye Tushino,khrushchev,cosmetic,agency,13
Yaroslavsky,brick,cosmetic,agency,13
Biryulyovo Vostochnoye,monolith,euro,owner,13
Zamoskvorechye,panel,cosmetic,owner,13
Strogino,modern_panel,cosmetic,owner,13
Vnukovo,khrushchev,euro,agency,13
Vostochnoye Izmaylovo,monolith,no_renovation,agency,13
Novo-Peredelkino,panel,cosmetic,agency,13
Meshchansky,brick,cosmetic,agency,13
Vostochnoye Izmaylovo,khrushchev,cosmetic,agency,13
Kokoshkino,monolith,cosmetic,owner,13
Orekhovo-Borisovo Yuzhnoye,modern_panel,euro,agency,13
Ivanovskoye,monolith,euro,agency,13
Shchukino,panel,euro,agency,13
Golovinsky,panel,no_renovation,agency,13
Kotlovka,panel,no_renovation,agency,13
Krylatskoye,brick,euro,agency,13
Vnukovskoye,panel,euro,agency,13
Sosenskoye,monolith,no_renovation,agency,13
Tverskoy,modern_panel,euro,agency,13
Maryina Roshcha,khrushchev,euro,agency,13
Strogino,monolith,no_renovation,agency,13
Ivanovskoye,panel,cosmetic,owner,13
Zamoskvorechye,brick,cosmetic,owner,13
Klyonovskoye,khrushchev,no_renovation,agency,13
Veshnyaki,khrushchev,cosmetic,agency,13
Filimonkovskoye,modern_panel,euro,owner,13
Ivanovskoye,brick,no_renovation,agency,13
Presnensky,brick,euro,agency,13
Gagarinsky,brick,cosmetic,owner,13
Pervomayskoye,panel,euro,agency,13
Krylatskoye,modern_panel,no_renovation,agency,13
Yaroslavsky,monolith,euro,agency,13
Izmaylovo,monolith,euro,agency,13
Voskresenskoye,brick,cosmetic,owner,13
Biryulyovo Zapadnoye,khrushchev,cosmetic,agency,13
Tsaritsyno,modern_panel,cosmetic,owner,13
Shchapovskoye,monolith,cosmetic,owner,13
Vostochnoye Izmaylovo,modern_panel,cosmetic,owner,13
Novokosino,brick,euro,agency,13
Khoroshyovo-Mnyovniki,panel,cosmetic,owner,13
Pokrovskoye-Streshnevo,modern_panel,cosmetic,owner,13
Solntsevo,monolith,cosmetic,owner,13
Shchukino,modern_panel,euro,owner,13
Nagatino-Sadovniki,khrushchev,euro,agency,13
Prospekt Vernadskogo,monolith,designer,agency,13
Voykovsky,brick,euro,agency,13
Mosrentgen,brick,euro,agency,13
Khoroshyovsky,panel,cosmetic,owner,13
Severnoye Butovo,modern_panel,euro,agency,13
Mitino,khrushchev,no_renovation,agency,13
Yuzhnoye Butovo,brick,euro,agency,13
Novogireyevo,brick,euro,agency,13
Marushkinskoye,modern_panel,euro,agency,13
Sokolniki,brick,cosmetic,owner,13
Veshnyaki,monolith,no_renovation,agency,13
Strogino,stalin,cosmetic,agency,13
Orekhovo-Borisovo Severnoye,modern_panel,euro,agency,13
Savyolovsky,brick,no_renovation,agency,13
Prospekt Vernadskogo,monolith,no_renovation,agency,13
Marushkinskoye,monolith,no_renovation,agency,13
Novokosino,brick,cosmetic,owner,13
Marfino,khrushchev,cosmetic,owner,13
Zapadnoye Degunino,panel,euro,agency,13
Metrogorodok,modern_panel,no_renovation,agency,13
Khovrino,modern_panel,euro,agency,13
Danilovsky,modern_panel,euro,agency,13
Marushkinskoye,panel,euro,agency,13
Novo-Peredelkino,brick,cosmetic,owner,13
Severnoye Tushino,monolith,no_renovation,agency,13
Pervomayskoye,brick,euro,agency,13
Severnoye Medvedkovo,modern_panel,euro,agency,13
Mikhaylovo-Yartsevskoye,brick,euro,agency,13
Tsaritsyno,monolith,cosmetic,owner,13
Brateyevo,modern_panel,cosmetic,owner,13
Voykovsky,modern_panel,euro,agency,13
Golyanovo,modern_panel,cosmetic,owner,13
Tagansky,modern_panel,cosmetic,owner,13
Severnoye Izmaylovo,khrushchev,cosmetic,owner,13
Klyonovskoye,monolith,no_renovation,agency,13
Khoroshyovo-Mnyovniki,khrushchev,cosmetic,agency,13
Krylatskoye,modern_panel,euro,agency,13
Lomonosovsky,khrushchev,cosmetic,owner,13
Troparyovo-Nikulino,panel,euro,agency,13
Akademichesky,monolith,no_renovation,agency,13
Mosrentgen,khrushchev,euro,agency,13
Timiryazevsky,modern_panel,cosmetic,owner,13
Orekhovo-Borisovo Yuzhnoye,panel,no_renovation,agency,13
Zyuzino,modern_panel,euro,agency,13
Vostochnoye Izmaylovo,modern_panel,euro,agency,13
Shchapovskoye,monolith,euro,agency,13
Dmitrovsky,monolith,euro,agency,13
Kurkino,modern_panel,euro,agency,13
Ryazanovskoye,monolith,cosmetic,owner,13
Yakimanka,monolith,no_renovation,agency,13
Moskovsky,monolith,euro,agency,13
Timiryazevsky,stalin,cosmetic,agency,13
Orekhovo-Borisovo Yuzhnoye,monolith,euro,agency,13
Lianozovo,khrushchev,cosmetic,agency,13
Beskudnikovsky,brick,euro,agency,13
Filyovsky Park,brick,euro,agency,13
Dmitrovsky,brick,no_renovation,agency,13
Alekseevsky,brick,euro,agency,13
Mozhaysky,panel,cosmetic,agency,13
Bogorodskoye,monolith,euro,agency,13
Cheryomushki,modern_panel,cosmetic,agency,13
Biryulyovo Zapadnoye,modern_panel,cosmetic,owner,13
Mitino,panel,cosmetic,owner,13
Altufyevsky,monolith,cosmetic,owner,13
Chertanovo Severnoye,monolith,cosmetic,owner,13
Sokolinaya Gora,khrushchev,cosmetic,agency,13
Biryulyovo Zapadnoye,stalin,cosmetic,agency,13
Zamoskvorechye,brick,cosmetic,agency,13
Mozhaysky,khrushchev,euro,agency,13
Khoroshyovsky,monolith,cosmetic,owner,13
Troitsk,modern_panel,cosmetic,owner,13
Chertanovo Tsentralnoye,panel,no_renovation,agency,13
Desyonovskoye,brick,no_renovation,agency,13
Ochakovo-Matveyevskoye,modern_panel,euro,agency,13
Krasnopakhorskoye,panel,euro,owner,13
Mikhaylovo-Yartsevskoye,panel,cosmetic,owner,13
Yuzhnoye Tushino,modern_panel,no_renovation,agency,13
Severnoye Izmaylovo,panel,no_renovation,agency,13
Shcherbinka,brick,euro,owner,13
Troparyovo-Nikulino,panel,cosmetic,owner,13
Zyuzino,monolith,euro,agency,13
Vnukovskoye,brick,euro,agency,13
Novofyodorovskoye,panel,no_renovation,agency,13
Fili-Davydkovo,khrushchev,cosmetic,agency,13
Losinoostrovsky,panel,no_renovation,agency,13
Novofyodorovskoye,monolith,euro,owner,13
Khamovniki,khrushchev,cosmetic,agency,13
Metrogorodok,panel,cosmetic,agency,13
Pokrovskoye-Streshnevo,khrushchev,euro,agency,13
Sviblovo,modern_panel,no_renovation,owner,13
Rogovskoye,panel,euro,agency,13
Babushkinsky,monolith,euro,agency,13
Chertanovo Severnoye,khrushchev,cosmetic,agency,13
Ryazanovskoye,khrushchev,euro,agency,13
Severnoye Butovo,brick,cosmetic,agency,13
Arbat,monolith,euro,agency,13
Rogovskoye,modern_panel,euro,agency,13
Vnukovo,khrushchev,cosmetic,agency,13
Mikhaylovo-Yartsevskoye,modern_panel,no_renovation,agency,13
Vnukovo,monolith,no_renovation,agency,13
Molzhaninovsky,khrushchev,cosmetic,agency,13
Severnoye Medvedkovo,monolith,euro,owner,13
Yaroslavsky,panel,euro,agency,13
Solntsevo,monolith,euro,agency,13
Novogireyevo,brick,no_renovation,agency,13
Mikhaylovo-Yartsevskoye,khrushchev,no_renovation,agency,13
Basmanny,modern_panel,no_renovation,agency,13
Klyonovskoye,monolith,cosmetic,owner,13
Shcherbinka,monolith,euro,owner,13
Golovinsky,modern_panel,cosmetic,agency,13
Mozhaysky,modern_panel,euro,agency,13
Marushkinskoye,panel,euro,owner,13
Khoroshyovo-Mnyovniki,brick,cosmetic,owner,13
Troitsk,brick,euro,agency,13
Kosino-Ukhtomsky,monolith,euro,agency,13
Ryazanovskoye,brick,euro,agency,13
Sokolniki,modern_panel,euro,agency,13
Marfino,monolith,euro,agency,13
Bogorodskoye,khrushchev,euro,agency,13
Troparyovo-Nikulino,brick,cosmetic,owner,13
Rogovskoye,panel,no_renovation,agency,13
Babushkinsky,modern_panel,euro,agency,13
Timiryazevsky,panel,cosmetic,agency,13
Khovrino,panel,euro,agency,13
Voronovskoye,modern_panel,euro,owner,13
Akademichesky,khrushchev,no_renovation,agency,13
Koptevo,panel,no_renovation,agency,13
Brateyevo,brick,cosmetic,agency,13
Mikhaylovo-Yartsevskoye,khrushchev,euro,agency,13
Severnoye Medvedkovo,monolith,euro,agency,13
Otradnoye,monolith,euro,agency,13
Metrogorodok,modern_panel,cosmetic,owner,13
Chertanovo Yuzhnoye,panel,cosmetic,agency,13
Shchukino,brick,euro,agency,13
Khamovniki,panel,no_renovation,agency,13
Alekseevsky,monolith,no_renovation,agency,13
Cheryomushki,monolith,cosmetic,owner,13
Obruchevsky,modern_panel,cosmetic,agency,13
Cheryomushki,brick,no_renovation,agency,13
Lomonosovsky,modern_panel,euro,owner,13
Izmaylovo,monolith,euro,owner,13
Nagatino-Sadovniki,modern_panel,euro,agency,13
Cheryomushki,modern_panel,euro,owner,13
Danilovsky,khrushchev,cosmetic,agency,13
Izmaylovo,panel,cosmetic,owner,13
Perovo,brick,euro,agency,13
Ramenki,monolith,euro,owner,13
Nagatinsky Zaton,monolith,cosmetic,agency,13
Sokolniki,khrushchev,cosmetic,agency,13
Kosino-Ukhtomsky,panel,euro,agency,13
Metrogorodok,panel,no_renovation,agency,13
Biryulyovo Zapadnoye,modern_panel,no_renovation,agency,13
Akademichesky,panel,euro,agency,13
Desyonovskoye,modern_panel,cosmetic,owner,13
Severnoye Izmaylovo,monolith,euro,owner,13
Filimonkovskoye,monolith,euro,agency,12
Voykovsky,monolith,no_renovation,agency,12
Severnoye Butovo,modern_panel,cosmetic,owner,12
Tyoply Stan,modern_panel,cosmetic,owner,12
Otradnoye,modern_panel,euro,owner,12
Zyuzino,khrushchev,euro,agency,12
Yasenevo,khrushchev,euro,agency,12
Maryina Roshcha,panel,cosmetic,owner,12
Troparyovo-Nikulino,panel,no_renovation,agency,12
Metrogorodok,modern_panel,euro,agency,12
Kuntsevo,panel,euro,agency,12
Gagarinsky,modern_panel,euro,agency,12
Kurkino,monolith,euro,agency,12
Voykovsky,monolith,euro,owner,12
Donskoy,khrushchev,euro,agency,12
Nagatino-Sadovniki,monolith,cosmetic,owner,12
Novofyodorovskoye,modern_panel,euro,agency,12
Voronovskoye,panel,cosmetic,owner,12
Orekhovo-Borisovo Yuzhnoye,monolith,cosmetic,owner,12
Veshnyaki,panel,cosmetic,owner,12
Severnoye Medvedkovo,monolith,cosmetic,owner,12
Bibirevo,modern_panel,no_renovation,agency,12
Sokolinaya Gora,stalin,cosmetic,agency,12
Basmanny,modern_panel,cosmetic,owner,12
Shchapovskoye,khrushchev,euro,agency,12
Severny,monolith,cosmetic,owner,12
Khamovniki,modern_panel,euro,agency,12
Filyovsky Park,modern_panel,cosmetic,owner,12
Chertanovo Yuzhnoye,panel,cosmetic,owner,12
Khamovniki,modern_panel,no_renovation,agency,12
Vnukovskoye,khrushchev,cosmetic,agency,12
Zyablikovo,modern_panel,euro,owner,12
Khamovniki,panel,cosmetic,owner,12
Shcherbinka,monolith,no_renovation,agency,12
Chertanovo Yuzhnoye,khrushchev,no_renovation,agency,12
Metrogorodok,khrushchev,cosmetic,agency,12
Sokol,khrushchev,cosmetic,agency,12
Kokoshkino,panel,cosmetic,owner,12
Molzhaninovsky,khrushchev,euro,agency,12
Savyolovsky,modern_panel,no_renovation,agency,12
Golovinsky,modern_panel,no_renovation,owner,12
Dorogomilovo,monolith,euro,agency,12
Begovoy,panel,no_renovation,agency,12
Alekseevsky,monolith,cosmetic,owner,12
Voronovskoye,panel,no_renovation,agency,12
Yuzhnoye Butovo,stalin,cosmetic,agency,12
Ryazanovskoye,modern_panel,euro,owner,12
Maryina Roshcha,khrushchev,cosmetic,agency,12
Severnoye Butovo,brick,euro,agency,12
Shchapovskoye,panel,no_renovation,agency,12
Shchapovskoye,brick,cosmetic,owner,12
Mozhaysky,monolith,cosmetic,owner,12
Kurkino,panel,no_renovation,agency,12
Solntsevo,modern_panel,euro,agency,12
Strogino,brick,cosmetic,agency,12
Moskvorechye-Saburovo,khrushchev,euro,agency,12
Sokolinaya Gora,modern_panel,no_renovation,agency,12
Maryina Roshcha,brick,euro,agency,12
Biryulyovo Vostochnoye,monolith,euro,agency,12
Koptevo,panel,cosmetic,owner,12
Severny,khrushchev,cosmetic,owner,12
Vostochny,panel,no_renovation,agency,12
Desyonovskoye,brick,euro,agency,12
Lomonosovsky,brick,no_renovation,agency,12
Zyablikovo,panel,no_renovation,agency,12
Kosino-Ukhtomsky,brick,euro,agency,12
Obruchevsky,khrushchev,euro,agency,12
Yakimanka,modern_panel,euro,agency,12
Tagansky,brick,no_renovation,agency,12
Timiryazevsky,monolith,cosmetic,owner,12
Severnoye Butovo,panel,cosmetic,owner,12
Filimonkovskoye,brick,euro,owner,12
Zelenograd,panel,euro,owner,12
Aeroport,brick,euro,agency,12
Marushkinskoye,modern_panel,no_renovation,agency,12
Kokoshkino,brick,no_renovation,agency,12
Novogireyevo,monolith,no_renovation,agency,12
Novogireyevo,monolith,designer,agency,12
Fili-Davydkovo,monolith,euro,agency,12
Khoroshyovsky,panel,euro,owner,12
Klyonovskoye,modern_panel,cosmetic,owner,12
Sokolinaya Gora,monolith,cosmetic,owner,12
Severny,modern_panel,euro,agency,12
Marfino,modern_panel,euro,owner,12
Novo-Peredelkino,brick,no_renovation,agency,12
Begovoy,stalin,cosmetic,agency,12
Biryulyovo Vostochnoye,khrushchev,cosmetic,agency,12
Gagarinsky,brick,no_renovation,agency,12
Brateyevo,panel,cosmetic,owner,12
Vostochny,monolith,no_renovation,agency,12
Severny,khrushchev,cosmetic,agency,12
Severnoye Izmaylovo,monolith,no_renovation,agency,12
Zyablikovo,khrushchev,cosmetic,owner,12
Filyovsky Park,panel,no_renovation,agency,12
Biryulyovo Vostochnoye,brick,euro,agency,12
Zyablikovo,khrushchev,cosmetic,agency,12
Ostankinsky,khrushchev,euro,owner,12
Severnoye Tushino,brick,euro,agency,12
Severnoye Medvedkovo,modern_panel,no_renovation,agency,12
Kotlovka,panel,cosmetic,owner,12
Nagatinsky Zaton,khrushchev,cosmetic,owner,12
Novo-Peredelkino,panel,cosmetic,owner,12
Moskvorechye-Saburovo,stalin,cosmetic,owner,12
Troitsk,panel,euro,agency,12
Kotlovka,monolith,no_renovation,agency,12
Shcherbinka,brick,cosmetic,agency,12
Savyolovsky,brick,cosmetic,owner,12
Khovrino,khrushchev,no_renovation,agency,12
Ochakovo-Matveyevskoye,panel,cosmetic,agency,12
Shcherbinka,brick,no_renovation,agency,12
Koptevo,brick,cosmetic,agency,12
Babushkinsky,modern_panel,no_renovation,agency,12
Desyonovskoye,modern_panel,euro,owner,12
Solntsevo,panel,cosmetic,owner,12
Severnoye Butovo,khrushchev,euro,agency,12
Krylatskoye,panel,euro,agency,12
Orekhovo-Borisovo Severnoye,modern_panel,cosmetic,owner,12
Cheryomushki,panel,cosmetic,owner,12
Rostokino,monolith,cosmetic,owner,12
Severnoye Izmaylovo,modern_panel,cosmetic,agency,12
Solntsevo,panel,euro,owner,12
Fili-Davydkovo,brick,cosmetic,owner,12
Ryazanovskoye,monolith,no_renovation,agency,12
Maryina Roshcha,brick,cosmetic,owner,12
Troitsk,brick,cosmetic,agency,12
Nagorny,modern_panel,euro,agency,12
Orekhovo-Borisovo Yuzhnoye,monolith,no_renovation,agency,12
Akademichesky,brick,euro,agency,12
Akademichesky,khrushchev,cosmetic,agency,12
Veshnyaki,monolith,euro,agency,12
Sokolniki,monolith,euro,agency,12
Kievsky,khrushchev,cosmetic,agency,12
Konkovo,panel,cosmetic,owner,12
Butyrsky,panel,no_renovation,agency,12
Mosrentgen,panel,no_renovation,agency,12
Filimonkovskoye,khrushchev,euro,agency,12
Vostochny,monolith,cosmetic,owner,12
Novokosino,panel,euro,agency,12
Lomonosovsky,brick,cosmetic,owner,12
Kievsky,modern_panel,euro,agency,12
Sokol,modern_panel,euro,owner,12
Solntsevo,monolith,euro,owner,12
Lomonosovsky,monolith,cosmetic,owner,12
Solntsevo,modern_panel,no_renovation,agency,12
Severnoye Butovo,brick,cosmetic,owner,12
Ramenki,modern_panel,cosmetic,owner,12
Yuzhnoye Butovo,monolith,no_renovation,agency,12
Koptevo,modern_panel,cosmetic,owner,12
Timiryazevsky,panel,cosmetic,owner,12
Zelenograd,modern_panel,cosmetic,owner,12
Golyanovo,panel,no_renovation,agency,12
Arbat,panel,cosmetic,owner,12
Yuzhnoye Medvedkovo,khrushchev,cosmetic,agency,12
Izmaylovo,monolith,no_renovation,agency,12
Strogino,khrushchev,cosmetic,agency,12
Novokosino,monolith,no_renovation,agency,12
Shchapovskoye,stalin,cosmetic,agency,12
Kokoshkino,brick,designer,agency,12
Gagarinsky,brick,euro,agency,12
Danilovsky,monolith,cosmetic,owner,12
Zapadnoye Degunino,panel,euro,owner,12
Meshchansky,brick,euro,agency,12
Tagansky,monolith,euro,agency,12
Severnoye Medvedkovo,modern_panel,cosmetic,owner,12
Yasenevo,panel,euro,owner,12
Izmaylovo,modern_panel,no_renovation,owner,12
Presnensky,modern_panel,euro,owner,12
Altufyevsky,modern_panel,cosmetic,owner,12
Severnoye Medvedkovo,khrushchev,cosmetic,agency,12
Vostochny,brick,no_renovation,agency,12
Vnukovo,modern_panel,euro,agency,12
Kokoshkino,khrushchev,euro,agency,12
Novofyodorovskoye,brick,euro,agency,12
Voskresenskoye,monolith,euro,agency,12
Rostokino,khrushchev,cosmetic,agency,12
Pokrovskoye-Streshnevo,brick,euro,agency,12
Sokol,brick,no_renovation,agency,12
Chertanovo Severnoye,khrushchev,euro,agency,12
Krasnopakhorskoye,modern_panel,cosmetic,owner,12
Voronovskoye,modern_panel,no_renovation,agency,12
Alekseevsky,khrushchev,cosmetic,agency,12
Tsaritsyno,panel,cosmetic,owner,12
Moskovsky,monolith,euro,owner,12
Rostokino,brick,euro,agency,12
Zyuzino,stalin,cosmetic,agency,12
Chertanovo Yuzhnoye,modern_panel,no_renovation,agency,12
Rogovskoye,khrushchev,no_renovation,agency,12
Zelenograd,brick,no_renovation,agency,12
Akademichesky,panel,no_renovation,agency,12
Brateyevo,modern_panel,no_renovation,agency,12
Akademichesky,khrushchev,cosmetic,owner,12
Veshnyaki,modern_panel,no_renovation,agency,12
Levoberezhny,monolith,no_renovation,agency,12
Zyuzino,brick,cosmetic,owner,12
Lianozovo,monolith,cosmetic,owner,12
Krasnoselsky,monolith,cosmetic,agency,12
Danilovsky,monolith,cosmetic,agency,12
Mozhaysky,modern_panel,cosmetic,owner,12
Altufyevsky,panel,no_renovation,agency,12
Fili-Davydkovo,monolith,cosmetic,owner,12
Brateyevo,panel,no_renovation,agency,12
Sosenskoye,khrushchev,euro,agency,12
Lomonosovsky,modern_panel,euro,agency,12
Ivanovskoye,monolith,euro,owner,12
Strogino,brick,cosmetic,owner,12
Mitino,modern_panel,no_renovation,agency,12
Maryina Roshcha,brick,cosmetic,agency,12
Molzhaninovsky,panel,cosmetic,owner,12
Brateyevo,khrushchev,cosmetic,agency,12
Kotlovka,panel,euro,owner,12
Chertanovo Severnoye,panel,cosmetic,owner,12
Sviblovo,panel,euro,agency,12
Shchukino,panel,no_renovation,agency,12
Marushkinskoye,brick,no_renovation,agency,12
Yuzhnoye Medvedkovo,monolith,cosmetic,owner,12
Meshchansky,panel,euro,owner,12
Krasnoselsky,brick,no_renovation,agency,12
Gagarinsky,panel,euro,owner,12
Otradnoye,khrushchev,euro,agency,12
Voskresenskoye,brick,euro,agency,12
Timiryazevsky,monolith,euro,owner,12
Donskoy,brick,cosmetic,agency,12
Chertanovo Tsentralnoye,monolith,cosmetic,owner,12
Sviblovo,brick,euro,agency,12
Rostokino,panel,euro,agency,12
Fili-Davydkovo,panel,no_renovation,agency,12
Arbat,monolith,no_renovation,agency,12
Shcherbinka,modern_panel,euro,agency,11
Pervomayskoye,khrushchev,no_renovation,agency,11
Severnoye Izmaylovo,panel,euro,owner,11
Dorogomilovo,brick,euro,owner,11
Vostochnoye Izmaylovo,brick,cosmetic,owner,11
Presnensky,modern_panel,no_renovation,agency,11
Nagatinsky Zaton,modern_panel,cosmetic,owner,11
Severnoye Medvedkovo,brick,euro,agency,11
Tyoply Stan,khrushchev,cosmetic,agency,11
Chertanovo Yuzhnoye,stalin,cosmetic,agency,11
Voykovsky,panel,no_renovation,agency,11
Bibirevo,panel,no_renovation,agency,11
Dorogomilovo,brick,cosmetic,owner,11
Tsaritsyno,monolith,euro,owner,11
Dorogomilovo,monolith,no_renovation,agency,11
Severny,brick,euro,owner,11
Savyolovsky,monolith,euro,agency,11
Yakimanka,brick,no_renovation,agency,11
Pokrovskoye-Streshnevo,panel,cosmetic,owner,11
Arbat,khrushchev,no_renovation,agency,11
Ochakovo-Matveyevskoye,khrushchev,euro,agency,11
Vostochnoye Izmaylovo,panel,euro,agency,11
Sokolniki,brick,no_renovation,agency,11
Vnukovo,stalin,cosmetic,agency,11
Altufyevsky,khrushchev,euro,agency,11
Babushkinsky,panel,cosmetic,owner,11
Orekhovo-Borisovo Severnoye,khrushchev,euro,owner,11
Yuzhnoye Butovo,brick,cosmetic,owner,11
Beskudnikovsky,panel,cosmetic,owner,11
Arbat,brick,cosmetic,agency,11
Severnoye Medvedkovo,panel,euro,owner,11
Voskresenskoye,brick,no_renovation,agency,11
Severnoye Izmaylovo,monolith,cosmetic,owner,11
Preobrazhenskoye,brick,no_renovation,agency,11
Ramenki,panel,euro,agency,11
Tverskoy,panel,cosmetic,owner,11
Dorogomilovo,khrushchev,euro,agency,11
Begovoy,modern_panel,cosmetic,owner,11
Yakimanka,brick,euro,agency,11
Mozhaysky,panel,euro,agency,11
Solntsevo,panel,no_renovation,owner,11
Khovrino,modern_panel,euro,owner,11
Bibirevo,khrushchev,euro,agency,11
Desyonovskoye,panel,euro,owner,11
Kotlovka,modern_panel,no_renovation,agency,11
Ostankinsky,modern_panel,cosmetic,owner,11
Mikhaylovo-Yartsevskoye,monolith,no_renovation,agency,11
Yuzhnoye Butovo,modern_panel,cosmetic,agency,11
Zyablikovo,monolith,cosmetic,owner,11
Yuzhnoye Butovo,monolith,designer,agency,11
Khoroshyovsky,monolith,no_renovation,agency,11
Prospekt Vernadskogo,modern_panel,euro,owner,11
Desyonovskoye,monolith,euro,agency,11
Kokoshkino,modern_panel,cosmetic,owner,11
Ostankinsky,modern_panel,euro,agency,11
Kurkino,monolith,designer,agency,11
Butyrsky,panel,euro,agency,11
Fili-Davydkovo,monolith,euro,owner,11
Krasnoselsky,panel,cosmetic,owner,11
Vnukovo,brick,no_renovation,agency,11
Altufyevsky,panel,euro,owner,11
Lianozovo,modern_panel,cosmetic,owner,11
Levoberezhny,modern_panel,euro,owner,11
Yuzhnoye Medvedkovo,monolith,no_renovation,agency,11
Moskovsky,panel,no_renovation,agency,11
Moskvorechye-Saburovo,brick,euro,owner,11
Ochakovo-Matveyevskoye,modern_panel,no_renovation,agency,11
Konkovo,stalin,cosmetic,agency,11
Marfino,monolith,cosmetic,owner,11
Savyolovsky,khrushchev,euro,agency,11
Lianozovo,monolith,no_renovation,agency,11
Klyonovskoye,panel,cosmetic,owner,11
Tagansky,khrushchev,euro,agency,11
Moskovsky,khrushchev,no_renovation,agency,11
Severnoye Tushino,brick,cosmetic,owner,11
Sosenskoye,brick,no_renovation,agency,11
Biryulyovo Vostochnoye,khrushchev,euro,agency,11
Vostochnoye Izmaylovo,panel,cosmetic,owner,11
Novo-Peredelkino,panel,no_renovation,agency,11
Mosrentgen,panel,designer,agency,11
Veshnyaki,monolith,euro,owner,11
Yasenevo,khrushchev,cosmetic,agency,11
Bogorodskoye,khrushchev,cosmetic,owner,11
Novokosino,modern_panel,no_renovation,agency,11
Fili-Davydkovo,modern_panel,euro,owner,11
Chertanovo Yuzhnoye,brick,cosmetic,owner,11
Khoroshyovo-Mnyovniki,modern_panel,no_renovation,agency,11
Beskudnikovsky,monolith,cosmetic,owner,11
Prospekt Vernadskogo,panel,no_renovation,agency,11
Ochakovo-Matveyevskoye,brick,euro,owner,11
Arbat,brick,no_renovation,agency,11
Severny,modern_panel,cosmetic,owner,11
Aeroport,brick,cosmetic,owner,11
Kosino-Ukhtomsky,brick,cosmetic,agency,11
Tverskoy,modern_panel,no_renovation,agency,11
Yasenevo,brick,cosmetic,owner,11
Yasenevo,modern_panel,euro,owner,11
Konkovo,khrushchev,cosmetic,agency,11
Chertanovo Severnoye,khrushchev,cosmetic,owner,11
Kokoshkino,modern_panel,no_renovation,owner,11
Voronovskoye,panel,euro,owner,11
Rogovskoye,panel,cosmetic,owner,11
Dorogomilovo,modern_panel,euro,owner,11
Obruchevsky,monolith,no_renovation,agency,11
Preobrazhenskoye,monolith,no_renovation,agency,11
Severnoye Medvedkovo,monolith,no_renovation,owner,11
Moskovsky,brick,euro,agency,11
Bogorodskoye,panel,no_renovation,agency,11
Khovrino,khrushchev,cosmetic,owner,11
Rogovskoye,modern_panel,euro,owner,11
Krasnoselsky,brick,cosmetic,owner,11
Sokolniki,khrushchev,euro,agency,11
Dmitrovsky,khrushchev,cosmetic,owner,11
Zamoskvorechye,brick,no_renovation,agency,11
Presnensky,khrushchev,cosmetic,owner,11
Yakimanka,panel,cosmetic,owner,11
Chertanovo Tsentralnoye,brick,cosmetic,agency,11
Lomonosovsky,panel,euro,owner,11
Yasenevo,monolith,euro,owner,11
Novo-Peredelkino,brick,euro,agency,11
Klyonovskoye,modern_panel,euro,owner,11
Konkovo,brick,euro,owner,11
Zapadnoye Degunino,brick,cosmetic,owner,11
Preobrazhenskoye,khrushchev,euro,agency,11
Sviblovo,panel,euro,owner,11
Lomonosovsky,monolith,no_renovation,agency,11
Perovo,monolith,cosmetic,owner,11
Akademichesky,modern_panel,no_renovation,agency,11
Biryulyovo Vostochnoye,panel,no_renovation,agency,11
Khovrino,panel,no_renovation,agency,11
Konkovo,monolith,no_renovation,agency,11
Zapadnoye Degunino,brick,euro,owner,11
Lomonosovsky,modern_panel,no_renovation,agency,11
Golovinsky,modern_panel,no_renovation,agency,11
Lomonosovsky,khrushchev,no_renovation,agency,11
Rogovskoye,khrushchev,euro,agency,11
Nagorny,brick,euro,agency,11
Begovoy,monolith,no_renovation,agency,11
Metrogorodok,brick,cosmetic,owner,11
Nagatino-Sadovniki,brick,cosmetic,owner,11
Orekhovo-Borisovo Yuzhnoye,khrushchev,no_renovation,agency,11
Biryulyovo Zapadnoye,modern_panel,euro,owner,11
Meshchansky,modern_panel,designer,agency,11
Severnoye Butovo,monolith,euro,agency,11
Sokol,monolith,cosmetic,owner,11
Krasnoselsky,panel,euro,agency,11
Solntsevo,monolith,no_renovation,agency,11
Ochakovo-Matveyevskoye,panel,euro,agency,11
Yaroslavsky,panel,cosmetic,owner,11
Meshchansky,modern_panel,euro,agency,11
Khoroshyovo-Mnyovniki,monolith,cosmetic,owner,11
Ostankinsky,stalin,cosmetic,agency,11
Troitsk,panel,no_renovation,agency,11
Sokol,modern_panel,cosmetic,owner,11
Shchapovskoye,khrushchev,cosmetic,agency,11
Tyoply Stan,monolith,cosmetic,owner,11
Chertanovo Severnoye,modern_panel,cosmetic,owner,11
Yuzhnoye Medvedkovo,modern_panel,euro,agency,11
Vnukovo,panel,cosmetic,owner,11
Pokrovskoye-Streshnevo,panel,no_renovation,agency,11
Krasnoselsky,monolith,cosmetic,owner,11
Golyanovo,monolith,cosmetic,owner,11
Sokolniki,modern_panel,no_renovation,agency,11
Golyanovo,brick,no_renovation,owner,11
Molzhaninovsky,brick,euro,owner,11
Zyablikovo,panel,cosmetic,owner,11
Nagorny,panel,no_renovation,agency,11
Krylatskoye,panel,cosmetic,agency,11
Butyrsky,panel,cosmetic,owner,11
Moskvorechye-Saburovo,modern_panel,no_renovation,agency,11
Vostochny,modern_panel,euro,agency,11
Ostankinsky,khrushchev,euro,agency,11
Klyonovskoye,khrushchev,euro,agency,11
Yuzhnoye Medvedkovo,modern_panel,cosmetic,owner,11
Mitino,monolith,euro,agency,11
Tverskoy,khrushchev,cosmetic,owner,11
Severnoye Tushino,panel,euro,owner,11
Yaroslavsky,khrushchev,euro,agency,11
Bibirevo,panel,cosmetic,owner,11
Troitsk,monolith,cosmetic,owner,11
Ostankinsky,modern_panel,euro,owner,11
Yakimanka,panel,euro,owner,11
Severny,khrushchev,euro,agency,11
Vnukovo,khrushchev,euro,owner,11
Novogireyevo,brick,cosmetic,owner,11
Konkovo,brick,no_renovation,agency,11
Yakimanka,monolith,cosmetic,owner,11
Severnoye Butovo,modern_panel,euro,owner,11
Begovoy,monolith,no_renovation,owner,11
Metrogorodok,monolith,euro,agency,11
Prospekt Vernadskogo,monolith,euro,owner,11
Tyoply Stan,monolith,designer,agency,11
Kosino-Ukhtomsky,panel,no_renovation,agency,11
Alekseevsky,khrushchev,no_renovation,owner,11
Khovrino,monolith,cosmetic,owner,11
Voronovskoye,modern_panel,designer,agency,11
Meshchansky,khrushchev,cosmetic,agency,11
Severnoye Butovo,modern_panel,cosmetic,agency,11
Tsaritsyno,brick,cosmetic,owner,11
Danilovsky,brick,cosmetic,agency,11
Troitsk,monolith,euro,owner,11
Shchapovskoye,panel,cosmetic,owner,11
Voronovskoye,khrushchev,no_renovation,agency,11
Sosenskoye,modern_panel,euro,agency,11
Yakimanka,brick,cosmetic,owner,11
Zamoskvorechye,monolith,euro,agency,11
Danilovsky,khrushchev,euro,owner,11
Gagarinsky,panel,no_renovation,agency,11
Alekseevsky,panel,no_renovation,agency,11
Vostochnoye Izmaylovo,modern_panel,euro,owner,11
Meshchansky,khrushchev,euro,owner,11
Dmitrovsky,monolith,cosmetic,owner,11
Obruchevsky,modern_panel,cosmetic,owner,11
Marfino,panel,no_renovation,agency,11
Mitino,modern_panel,cosmetic,owner,11
Beskudnikovsky,monolith,euro,agency,11
Nagorny,modern_panel,no_renovation,agency,11
Cheryomushki,modern_panel,euro,agency,11
Izmaylovo,modern_panel,no_renovation,agency,11
Altufyevsky,modern_panel,euro,owner,11
Sviblovo,panel,no_renovation,agency,11
Yaroslavsky,modern_panel,cosmetic,owner,11
Yuzhnoye Medvedkovo,panel,no_renovation,agency,11
Mosrentgen,brick,cosmetic,agency,11
Desyonovskoye,brick,cosmetic,owner,11
Marushkinskoye,panel,cosmetic,owner,11
Mosrentgen,panel,euro,agency,11
Orekhovo-Borisovo Severnoye,panel,cosmetic,owner,11
Ochakovo-Matveyevskoye,khrushchev,no_renovation,agency,11
Sokolniki,brick,euro,agency,11
Levoberezhny,khrushchev,cosmetic,owner,11
Vnukovskoye,modern_panel,euro,owner,11
Mikhaylovo-Yartsevskoye,panel,no_renovation,agency,11
Rogovskoye,modern_panel,no_renovation,agency,11
Nagorny,monolith,no_renovation,agency,11
Zelenograd,khrushchev,euro,agency,11
Ostankinsky,brick,euro,agency,11
Beskudnikovsky,modern_panel,cosmetic,owner,11
Yasenevo,panel,no_renovation,owner,11
Yaroslavsky,panel,euro,owner,11
Aeroport,khrushchev,euro,agency,11
Fili-Davydkovo,modern_panel,no_renovation,agency,11
Vnukovskoye,monolith,no_renovation,agency,11
Severnoye Tushino,monolith,euro,owner,11
Zapadnoye Degunino,panel,cosmetic,owner,11
Kuntsevo,panel,no_renovation,agency,11
Khamovniki,brick,euro,agency,11
Moskvorechye-Saburovo,panel,no_renovation,agency,11
Aeroport,panel,euro,agency,11
Voykovsky,modern_panel,no_renovation,agency,11
Zelenograd,monolith,cosmetic,owner,11
Basmanny,panel,euro,owner,11
Yuzhnoye Butovo,monolith,cosmetic,owner,11
Nagorny,khrushchev,cosmetic,owner,11
Losinoostrovsky,brick,cosmetic,owner,11
Gagarinsky,monolith,euro,agency,11
Yaroslavsky,brick,cosmetic,owner,11
Shchukino,monolith,no_renovation,agency,11
Chertanovo Tsentralnoye,brick,no_renovation,agency,11
Losinoostrovsky,khrushchev,no_renovation,agency,10
Desyonovskoye,monolith,euro,owner,10
Khovrino,modern_panel,no_renovation,owner,10
Mosrentgen,khrushchev,cosmetic,agency,10
Novokosino,brick,no_renovation,agency,10
Bibirevo,monolith,cosmetic,owner,10
Chertanovo Yuzhnoye,modern_panel,euro,agency,10
Veshnyaki,brick,no_renovation,agency,10
Severnoye Izmaylovo,stalin,cosmetic,agency,10
Fili-Davydkovo,khrushchev,no_renovation,agency,10
Yasenevo,panel,no_renovation,agency,10
Basmanny,monolith,cosmetic,owner,10
Voykovsky,modern_panel,euro,owner,10
Mozhaysky,modern_panel,euro,owner,10
Zyuzino,khrushchev,no_renovation,agency,10
Ryazanovskoye,monolith,euro,owner,10
Donskoy,modern_panel,cosmetic,owner,10
Yuzhnoye Butovo,modern_panel,cosmetic,owner,10
Butyrsky,monolith,no_renovation,agency,10
Zyuzino,brick,no_renovation,agency,10
Tverskoy,modern_panel,cosmetic,owner,10
Chertanovo Severnoye,panel,euro,agency,10
Rostokino,modern_panel,no_renovation,agency,10
Novo-Peredelkino,modern_panel,no_renovation,agency,10
Dorogomilovo,panel,no_renovation,agency,10
Yuzhnoye Medvedkovo,panel,cosmetic,owner,10
Donskoy,panel,euro,owner,10
Pervomayskoye,brick,cosmetic,owner,10
Severny,khrushchev,no_renovation,owner,10
Akademichesky,stalin,cosmetic,agency,10
Tsaritsyno,monolith,designer,agency,10
Kotlovka,brick,no_renovation,agency,10
Novogireyevo,panel,no_renovation,agency,10
Severnoye Tushino,modern_panel,no_renovation,agency,10
Strogino,khrushchev,cosmetic,owner,10
Khoroshyovo-Mnyovniki,stalin,euro,agency,10
Lianozovo,brick,cosmetic,owner,10
Chertanovo Tsentralnoye,monolith,no_renovation,agency,10
Golovinsky,brick,euro,agency,10
Yuzhnoye Tushino,brick,no_renovation,agency,10
Metrogorodok,khrushchev,euro,agency,10
Troparyovo-Nikulino,panel,no_renovation,owner,10
Ramenki,stalin,cosmetic,agency,10
Khovrino,monolith,euro,owner,10
Shcherbinka,monolith,cosmetic,owner,10
Begovoy,monolith,euro,owner,10
Bibirevo,monolith,euro,owner,10
Chertanovo Yuzhnoye,modern_panel,cosmetic,owner,10
Prospekt Vernadskogo,modern_panel,no_renovation,agency,10
Kurkino,brick,cosmetic,owner,10
Krasnopakhorskoye,modern_panel,euro,owner,10
Meshchansky,khrushchev,cosmetic,owner,10
Otradnoye,khrushchev,cosmetic,owner,10
Vostochnoye Izmaylovo,stalin,cosmetic,agency,10
Ostankinsky,monolith,no_renovation,agency,10
Shcherbinka,stalin,cosmetic,agency,10
Yasenevo,monolith,designer,agency,10
Kuntsevo,monolith,no_renovation,agency,10
Maryina Roshcha,monolith,no_renovation,agency,10
Biryulyovo Zapadnoye,khrushchev,euro,agency,10
Voykovsky,brick,euro,owner,10
Khamovniki,khrushchev,euro,agency,10
Nagorny,monolith,cosmetic,owner,10
Mozhaysky,brick,cosmetic,owner,10
Zyuzino,panel,no_renovation,agency,10
Timiryazevsky,brick,no_renovation,owner,10
Losinoostrovsky,modern_panel,cosmetic,owner,10
Akademichesky,monolith,cosmetic,owner,10
Shchukino,monolith,cosmetic,owner,10
Molzhaninovsky,brick,euro,agency,10
Preobrazhenskoye,brick,euro,agency,10
Akademichesky,brick,no_renovation,agency,10
Desyonovskoye,khrushchev,euro,agency,10
Nagatinsky Zaton,panel,designer,agency,10
Nagatino-Sadovniki,khrushchev,no_renovation,agency,10
Fili-Davydkovo,panel,cosmetic,owner,10
Zyuzino,brick,euro,agency,10
Obruchevsky,panel,cosmetic,owner,10
Molzhaninovsky,khrushchev,cosmetic,owner,10
Vnukovo,brick,cosmetic,owner,10
Desyonovskoye,modern_panel,euro,agency,10
Mitino,brick,euro,agency,10
Tyoply Stan,monolith,euro,owner,10
Kievsky,monolith,euro,owner,10
Sviblovo,panel,cosmetic,owner,10
Ryazanovskoye,panel,no_renovation,agency,10
Marushkinskoye,monolith,euro,owner,10
Metrogorodok,monolith,cosmetic,owner,10
Yaroslavsky,brick,euro,agency,10
Rogovskoye,stalin,euro,agency,10
Sosenskoye,khrushchev,cosmetic,owner,10
Mikhaylovo-Yartsevskoye,brick,cosmetic,owner,10
Nagatinsky Zaton,brick,no_renovation,agency,10
Krasnopakhorskoye,brick,euro,agency,10
Desyonovskoye,panel,cosmetic,owner,10
Moskvorechye-Saburovo,brick,euro,agency,10
Vnukovo,panel,no_renovation,agency,10
Danilovsky,panel,no_renovation,agency,10
Golovinsky,monolith,euro,agency,10
Troparyovo-Nikulino,monolith,euro,owner,10
Presnensky,panel,cosmetic,owner,10
Yuzhnoye Tushino,panel,no_renovation,agency,10
Timiryazevsky,khrushchev,euro,agency,10
Filimonkovskoye,monolith,cosmetic,owner,10
Kokoshkino,panel,euro,agency,10
Sokolniki,panel,euro,agency,10
Presnensky,khrushchev,euro,owner,10
Moskovsky,brick,no_renovation,agency,10
Brateyevo,stalin,cosmetic,agency,10
Klyonovskoye,brick,cosmetic,owner,10
Voykovsky,khrushchev,cosmetic,owner,10
Sosenskoye,khrushchev,no_renovation,agency,10
Beskudnikovsky,monolith,euro,owner,10
Beskudnikovsky,khrushchev,cosmetic,owner,10
Yakimanka,khrushchev,cosmetic,agency,10
Timiryazevsky,monolith,no_renovation,agency,10
Khamovniki,monolith,euro,owner,10
Biryulyovo Vostochnoye,brick,euro,owner,10
Pervomayskoye,panel,no_renovation,agency,10
Ryazanovskoye,panel,cosmetic,owner,10
Otradnoye,monolith,cosmetic,owner,10
Zapadnoye Degunino,modern_panel,no_renovation,agency,10
Mitino,panel,no_renovation,agency,10
Sokolinaya Gora,panel,euro,owner,10
Preobrazhenskoye,brick,euro,owner,10
Severnoye Butovo,panel,no_renovation,agency,10
Sosenskoye,monolith,cosmetic,owner,10
Yuzhnoye Medvedkovo,khrushchev,no_renovation,agency,10
Izmaylovo,modern_panel,cosmetic,owner,10
Solntsevo,brick,no_renovation,agency,10
Rogovskoye,khrushchev,cosmetic,owner,10
Dmitrovsky,modern_panel,cosmetic,owner,10
Akademichesky,brick,cosmetic,owner,10
Tyoply Stan,modern_panel,no_renovation,owner,10
Presnensky,panel,no_renovation,agency,10
Moskvorechye-Saburovo,brick,cosmetic,owner,10
Yakimanka,monolith,euro,agency,10
Kurkino,modern_panel,no_renovation,agency,10
Marfino,khrushchev,euro,agency,10
Chertanovo Yuzhnoye,panel,no_renovation,agency,10
Altufyevsky,brick,euro,agency,10
Golyanovo,khrushchev,euro,agency,10
Yakimanka,monolith,euro,owner,10
Metrogorodok,khrushchev,euro,owner,10
Solntsevo,modern_panel,designer,agency,10
Zapadnoye Degunino,panel,no_renovation,agency,10
Tverskoy,brick,cosmetic,owner,10
Nagatino-Sadovniki,modern_panel,euro,owner,10
Marushkinskoye,brick,euro,agency,10
Aeroport,khrushchev,no_renovation,agency,10
Sokolniki,stalin,cosmetic,agency,10
Yuzhnoye Butovo,panel,no_renovation,agency,10
Moskvorechye-Saburovo,monolith,designer,agency,10
Sokolinaya Gora,brick,no_renovation,agency,10
Sokol,panel,cosmetic,owner,10
Ochakovo-Matveyevskoye,modern_panel,no_renovation,owner,10
Yuzhnoye Butovo,modern_panel,euro,owner,10
Severnoye Butovo,monolith,cosmetic,owner,10
Marushkinskoye,panel,no_renovation,agency,10
Altufyevsky,panel,cosmetic,owner,10
Severnoye Medvedkovo,brick,euro,owner,10
Lomonosovsky,khrushchev,euro,agency,10
Yasenevo,panel,euro,agency,10
Danilovsky,brick,no_renovation,agency,10
Krasnoselsky,modern_panel,euro,agency,10
Strogino,panel,cosmetic,owner,10
Golovinsky,monolith,cosmetic,owner,10
Golyanovo,khrushchev,no_renovation,agency,10
Ryazanovskoye,panel,euro,owner,10
Moskvorechye-Saburovo,panel,cosmetic,owner,10
Chertanovo Yuzhnoye,brick,designer,agency,10
Pokrovskoye-Streshnevo,monolith,no_renovation,agency,10
Novogireyevo,khrushchev,cosmetic,agency,10
Donskoy,brick,euro,owner,10
Voykovsky,panel,euro,owner,10
Severnoye Butovo,monolith,no_renovation,agency,10
Presnensky,brick,cosmetic,agency,10
Gagarinsky,modern_panel,no_renovation,agency,10
Orekhovo-Borisovo Yuzhnoye,modern_panel,euro,owner,10
Vostochny,khrushchev,euro,agency,10
Presnensky,monolith,cosmetic,owner,10
Chertanovo Yuzhnoye,brick,euro,agency,10
Savyolovsky,panel,euro,owner,10
Khoroshyovsky,panel,no_renovation,agency,10
Tverskoy,panel,no_renovation,agency,10
Savyolovsky,panel,euro,agency,10
Chertanovo Yuzhnoye,panel,euro,owner,10
Kokoshkino,brick,euro,agency,10
Orekhovo-Borisovo Yuzhnoye,panel,cosmetic,owner,10
Yasenevo,stalin,cosmetic,agency,10
Tyoply Stan,khrushchev,cosmetic,owner,10
Nagatinsky Zaton,khrushchev,euro,agency,10
Dorogomilovo,monolith,cosmetic,owner,10
Presnensky,modern_panel,euro,agency,10
Ivanovskoye,monolith,no_renovation,agency,10
Yakimanka,modern_panel,euro,owner,10
Bibirevo,brick,no_renovation,agency,10
Beskudnikovsky,khrushchev,euro,agency,10
Bogorodskoye,modern_panel,cosmetic,owner,10
Ivanovskoye,khrushchev,no_renovation,owner,10
Tyoply Stan,brick,no_renovation,agency,10
Dorogomilovo,panel,cosmetic,agency,10
Dmitrovsky,panel,cosmetic,agency,10
Beskudnikovsky,brick,cosmetic,owner,10
Koptevo,brick,euro,agency,10
Fili-Davydkovo,brick,euro,owner,10
Danilovsky,panel,no_renovation,owner,10
Pokrovskoye-Streshnevo,monolith,euro,agency,10
Tagansky,khrushchev,no_renovation,agency,10
Basmanny,panel,cosmetic,owner,10
Sokolniki,modern_panel,euro,owner,10
Alekseevsky,khrushchev,no_renovation,agency,10
Novogireyevo,panel,euro,owner,10
Filimonkovskoye,panel,no_renovation,agency,10
Khamovniki,brick,euro,owner,10
Butyrsky,modern_panel,no_renovation,agency,10
Yuzhnoye Butovo,modern_panel,no_renovation,agency,10
Molzhaninovsky,monolith,euro,owner,10
Lianozovo,brick,euro,agency,10
Sokol,monolith,no_renovation,owner,10
Biryulyovo Zapadnoye,brick,no_renovation,agency,10
Kuntsevo,modern_panel,cosmetic,owner,10
Gagarinsky,panel,cosmetic,owner,10
Vostochnoye Izmaylovo,brick,euro,owner,10
Prospekt Vernadskogo,stalin,cosmetic,agency,10
Metrogorodok,panel,cosmetic,owner,10
Mozhaysky,monolith,euro,owner,10
Losinoostrovsky,panel,cosmetic,owner,10
Novo-Peredelkino,khrushchev,no_renovation,agency,10
Vostochny,monolith,designer,agency,10
Beskudnikovsky,monolith,no_renovation,agency,10
Troparyovo-Nikulino,brick,cosmetic,agency,10
Ochakovo-Matveyevskoye,stalin,cosmetic,agency,10
Lianozovo,panel,cosmetic,owner,10
Sosenskoye,panel,no_renovation,agency,10
Shcherbinka,modern_panel,no_renovation,owner,10
Zyablikovo,monolith,no_renovation,owner,10
Krasnopakhorskoye,brick,no_renovation,agency,10
Chertanovo Tsentralnoye,khrushchev,no_renovation,agency,10
Molzhaninovsky,brick,no_renovation,agency,10
Yakimanka,modern_panel,cosmetic,owner,10
Timiryazevsky,panel,designer,agency,10
Severny,panel,cosmetic,owner,10
Ryazanovskoye,modern_panel,cosmetic,owner,10
Vostochny,panel,euro,owner,10
Bibirevo,modern_panel,euro,owner,10
Meshchansky,monolith,no_renovation,agency,10
Mitino,monolith,designer,agency,10
Khoroshyovo-Mnyovniki,modern_panel,cosmetic,owner,10
Sokol,brick,euro,owner,10
Molzhaninovsky,panel,no_renovation,agency,10
Severnoye Butovo,modern_panel,no_renovation,agency,10
Koptevo,monolith,no_renovation,agency,10
Pervomayskoye,panel,cosmetic,owner,10
Lianozovo,panel,euro,owner,10
Rostokino,panel,euro,owner,10
Severnoye Tushino,khrushchev,cosmetic,owner,10
Tyoply Stan,monolith,no_renovation,agency,10
Klyonovskoye,khrushchev,cosmetic,owner,10
Novokosino,stalin,cosmetic,agency,10
Mikhaylovo-Yartsevskoye,panel,euro,owner,10
Severny,brick,euro,agency,10
Orekhovo-Borisovo Yuzhnoye,stalin,cosmetic,agency,10
Koptevo,modern_panel,no_renovation,agency,10
Basmanny,khrushchev,euro,agency,10
Kotlovka,brick,cosmetic,agency,10
Zelenograd,panel,no_renovation,agency,10
Zapadnoye Degunino,monolith,euro,agency,10
Filimonkovskoye,monolith,no_renovation,owner,10
Koptevo,brick,euro,owner,10
Meshchansky,panel,designer,agency,10
Bogorodskoye,modern_panel,no_renovation,agency,10
Chertanovo Tsentralnoye,brick,euro,agency,10
Orekhovo-Borisovo Yuzhnoye,monolith,euro,owner,10
Basmanny,khrushchev,cosmetic,owner,10
Zyuzino,stalin,euro,agency,10
Presnensky,brick,cosmetic,owner,10
Voronovskoye,brick,euro,agency,10
Molzhaninovsky,monolith,no_renovation,agency,10
Timiryazevsky,modern_panel,euro,owner,10
Voykovsky,stalin,cosmetic,agency,10
Zyablikovo,monolith,euro,owner,10
Sokolniki,monolith,no_renovation,agency,10
Aeroport,panel,euro,owner,9
Dmitrovsky,brick,euro,agency,9
Khoroshyovsky,brick,cosmetic,owner,9
Zelenograd,brick,euro,agency,9
Sosenskoye,brick,euro,owner,9
Vnukovo,khrushchev,cosmetic,owner,9
Tagansky,modern_panel,euro,owner,9
Chertanovo Yuzhnoye,panel,designer,owner,9
Begovoy,modern_panel,designer,agency,9
Biryulyovo Zapadnoye,panel,cosmetic,owner,9
Bogorodskoye,khrushchev,no_renovation,agency,9
Voykovsky,modern_panel,designer,agency,9
Alekseevsky,brick,cosmetic,owner,9
Obruchevsky,brick,cosmetic,owner,9
Severnoye Izmaylovo,panel,no_renovation,owner,9
Moskovsky,monolith,cosmetic,owner,9
Khoroshyovo-Mnyovniki,khrushchev,euro,agency,9
Butyrsky,panel,euro,owner,9
Alekseevsky,modern_panel,no_renovation,owner,9
Babushkinsky,stalin,cosmetic,agency,9
Rogovskoye,panel,cosmetic,agency,9
Konkovo,panel,no_renovation,owner,9
Strogino,monolith,euro,owner,9
Gagarinsky,khrushchev,cosmetic,agency,9
Severnoye Medvedkovo,monolith,no_renovation,agency,9
Vostochny,khrushchev,no_renovation,agency,9
Mikhaylovo-Yartsevskoye,brick,euro,owner,9
Strogino,monolith,cosmetic,owner,9
Lianozovo,panel,no_renovation,agency,9
Presnensky,monolith,no_renovation,agency,9
Zapadnoye Degunino,monolith,no_renovation,agency,9
Prospekt Vernadskogo,khrushchev,no_renovation,agency,9
Aeroport,khrushchev,cosmetic,owner,9
Marfino,panel,cosmetic,owner,9
Zyuzino,panel,cosmetic,owner,9
Voskresenskoye,khrushchev,euro,owner,9
Yakimanka,khrushchev,euro,agency,9
Babushkinsky,monolith,no_renovation,agency,9
Koptevo,monolith,euro,agency,9
Chertanovo Tsentralnoye,modern_panel,cosmetic,owner,9
Yaroslavsky,panel,no_renovation,owner,9
Shchapovskoye,modern_panel,cosmetic,owner,9
Konkovo,khrushchev,euro,owner,9
Sokolniki,modern_panel,cosmetic,owner,9
Tagansky,monolith,cosmetic,agency,9
Krylatskoye,brick,designer,agency,9
Kuntsevo,brick,euro,owner,9
Perovo,modern_panel,cosmetic,owner,9
Bogorodskoye,brick,euro,owner,9
Golyanovo,modern_panel,no_renovation,agency,9
Filimonkovskoye,stalin,euro,agency,9
Vostochnoye Izmaylovo,khrushchev,euro,agency,9
Chertanovo Tsentralnoye,panel,euro,owner,9
Savyolovsky,khrushchev,euro,owner,9
Klyonovskoye,panel,no_renovation,agency,9
Basmanny,panel,no_renovation,agency,9
Bibirevo,brick,euro,owner,9
Begovoy,brick,no_renovation,agency,9
Kievsky,monolith,cosmetic,owner,9
Mikhaylovo-Yartsevskoye,khrushchev,euro,owner,9
Severnoye Medvedkovo,panel,designer,agency,9
Arbat,khrushchev,cosmetic,owner,9
Zyablikovo,brick,cosmetic,owner,9
Mozhaysky,brick,cosmetic,agency,9
Bogorodskoye,modern_panel,euro,owner,9
Orekhovo-Borisovo Severnoye,modern_panel,no_renovation,agency,9
Khamovniki,khrushchev,cosmetic,owner,9
Filyovsky Park,panel,cosmetic,owner,9
Alekseevsky,stalin,designer,agency,9
Klyonovskoye,khrushchev,euro,owner,9
Vostochny,brick,euro,agency,9
Krylatskoye,modern_panel,euro,owner,9
Yasenevo,panel,cosmetic,owner,9
Khovrino,stalin,cosmetic,agency,9
Solntsevo,brick,euro,owner,9
Cheryomushki,brick,designer,agency,9
Kurkino,monolith,euro,owner,9
Prospekt Vernadskogo,brick,no_renovation,owner,9
Maryina Roshcha,panel,no_renovation,agency,9
Rostokino,brick,no_renovation,agency,9
Krylatskoye,brick,euro,owner,9
Butyrsky,monolith,euro,owner,9
Filyovsky Park,panel,euro,owner,9
Kuntsevo,khrushchev,euro,agency,9
Bogorodskoye,panel,cosmetic,owner,9
Metrogorodok,khrushchev,cosmetic,owner,9
Metrogorodok,modern_panel,euro,owner,9
Biryulyovo Vostochnoye,brick,no_renovation,owner,9
Vostochnoye Izmaylovo,brick,euro,agency,9
Nagatino-Sadovniki,modern_panel,no_renovation,agency,9
Kokoshkino,monolith,euro,owner,9
Lianozovo,monolith,designer,agency,9
Khamovniki,modern_panel,cosmetic,owner,9
Beskudnikovsky,panel,euro,owner,9
Khoroshyovsky,brick,no_renovation,agency,9
Khovrino,modern_panel,no_renovation,agency,9
Kievsky,modern_panel,no_renovation,agency,9
Danilovsky,khrushchev,euro,agency,9
Shcherbinka,panel,cosmetic,owner,9
Krylatskoye,brick,cosmetic,owner,9
Otradnoye,monolith,euro,owner,9
Tagansky,khrushchev,cosmetic,owner,9
Shchukino,stalin,cosmetic,agency,9
Babushkinsky,khrushchev,cosmetic,owner,9
Novo-Peredelkino,stalin,cosmetic,owner,9
Mitino,brick,no_renovation,agency,9
Preobrazhenskoye,panel,no_renovation,agency,9
Vnukovskoye,khrushchev,euro,owner,9
Zyuzino,panel,euro,owner,9
Filimonkovskoye,brick,euro,agency,9
Rostokino,monolith,euro,agency,9
Novogireyevo,modern_panel,cosmetic,owner,9
Desyonovskoye,monolith,no_renovation,agency,9
Novo-Peredelkino,stalin,cosmetic,agency,9
Ostankinsky,khrushchev,cosmetic,agency,9
Chertanovo Tsentralnoye,khrushchev,cosmetic,agency,9
Moskovsky,panel,cosmetic,owner,9
Voronovskoye,khrushchev,cosmetic,owner,9
Bibirevo,monolith,no_renovation,agency,9
Bibirevo,brick,cosmetic,owner,9
Maryina Roshcha,modern_panel,cosmetic,owner,9
Severnoye Izmaylovo,panel,cosmetic,owner,9
Yuzhnoye Tushino,monolith,euro,owner,9
Vnukovskoye,modern_panel,cosmetic,owner,9
Presnensky,stalin,euro,agency,9
Zyuzino,monolith,no_renovation,agency,9
Dmitrovsky,modern_panel,no_renovation,agency,9
Zamoskvorechye,khrushchev,no_renovation,owner,9
Preobrazhenskoye,monolith,euro,owner,9
Izmaylovo,monolith,cosmetic,owner,9
Voskresenskoye,brick,euro,owner,9
Donskoy,stalin,cosmetic,agency,9
Tverskoy,khrushchev,cosmetic,agency,9
Shchapovskoye,modern_panel,no_renovation,agency,9
Dorogomilovo,brick,no_renovation,agency,9
Shchukino,khrushchev,euro,agency,9
Veshnyaki,khrushchev,no_renovation,agency,9
Lomonosovsky,modern_panel,cosmetic,owner,9
Filimonkovskoye,brick,no_renovation,agency,9
Krasnoselsky,modern_panel,cosmetic,owner,9
Chertanovo Yuzhnoye,monolith,no_renovation,agency,9
Konkovo,monolith,cosmetic,owner,9
Marushkinskoye,khrushchev,euro,agency,9
Khoroshyovsky,monolith,euro,owner,9
Chertanovo Severnoye,brick,cosmetic,owner,9
Shchukino,brick,cosmetic,owner,9
Sosenskoye,modern_panel,no_renovation,agency,9
Chertanovo Severnoye,monolith,euro,owner,9
Cheryomushki,monolith,no_renovation,agency,9
Marushkinskoye,monolith,cosmetic,owner,9
Sviblovo,brick,no_renovation,agency,9
Preobrazhenskoye,khrushchev,euro,owner,9
Kosino-Ukhtomsky,monolith,designer,agency,9
Yaroslavsky,monolith,no_renovation,owner,9
Severnoye Medvedkovo,panel,cosmetic,owner,9
Krasnoselsky,khrushchev,cosmetic,owner,9
Krylatskoye,brick,no_renovation,owner,9
Orekhovo-Borisovo Severnoye,brick,designer,agency,9
Basmanny,brick,euro,owner,9
Khamovniki,brick,cosmetic,owner,9
Prospekt Vernadskogo,modern_panel,cosmetic,owner,9
Nagorny,panel,cosmetic,owner,9
Yuzhnoye Medvedkovo,khrushchev,euro,agency,9
Golyanovo,brick,cosmetic,owner,9
Ochakovo-Matveyevskoye,monolith,cosmetic,owner,9
Koptevo,khrushchev,cosmetic,owner,9
Metrogorodok,monolith,no_renovation,agency,9
Krasnoselsky,modern_panel,euro,owner,9
Babushkinsky,monolith,cosmetic,owner,9
Voskresenskoye,khrushchev,cosmetic,owner,9
Mosrentgen,brick,designer,agency,9
Yuzhnoye Butovo,monolith,euro,agency,9
Shcherbinka,modern_panel,cosmetic,owner,9
Biryulyovo Zapadnoye,brick,euro,owner,9
Klyonovskoye,monolith,euro,owner,9
Koptevo,brick,no_renovation,agency,9
Marfino,stalin,euro,agency,9
Babushkinsky,modern_panel,cosmetic,owner,9
Moskvorechye-Saburovo,monolith,no_renovation,agency,9
Golyanovo,khrushchev,euro,owner,9
Cheryomushki,monolith,no_renovation,owner,9
Tsaritsyno,khrushchev,euro,owner,9
Rostokino,panel,cosmetic,owner,9
Tsaritsyno,khrushchev,no_renovation,agency,9
Timiryazevsky,panel,euro,agency,9
Pokrovskoye-Streshnevo,monolith,cosmetic,owner,9
Tverskoy,modern_panel,euro,owner,9
Krylatskoye,stalin,cosmetic,agency,9
Yasenevo,khrushchev,euro,owner,9
Severnoye Medvedkovo,khrushchev,euro,agency,9
Meshchansky,modern_panel,no_renovation,agency,9
Basmanny,modern_panel,euro,agency,9
Nagatinsky Zaton,modern_panel,euro,owner,9
Golyanovo,monolith,euro,agency,9
Shcherbinka,brick,euro,agency,9
Novokosino,brick,euro,owner,9
Novofyodorovskoye,panel,cosmetic,owner,9
Presnensky,panel,euro,owner,9
Severnoye Butovo,monolith,euro,owner,9
Otradnoye,modern_panel,cosmetic,owner,9
Tagansky,monolith,no_renovation,owner,9
Filimonkovskoye,panel,euro,owner,9
Arbat,stalin,euro,agency,9
Kurkino,khrushchev,no_renovation,agency,9
Altufyevsky,brick,designer,agency,9
Novofyodorovskoye,stalin,cosmetic,agency,9
Dorogomilovo,modern_panel,cosmetic,owner,9
Sokol,khrushchev,cosmetic,owner,9
Vnukovo,khrushchev,no_renovation,agency,9
Severny,panel,designer,agency,9
Biryulyovo Zapadnoye,modern_panel,designer,agency,9
Krasnoselsky,monolith,euro,agency,9
Troitsk,monolith,no_renovation,agency,9
Nagorny,panel,euro,owner,9
Mitino,khrushchev,cosmetic,owner,9
Khoroshyovo-Mnyovniki,stalin,cosmetic,agency,9
Molzhaninovsky,khrushchev,euro,owner,9
Shchukino,panel,cosmetic,owner,9
Konkovo,panel,euro,owner,9
Gagarinsky,monolith,no_renovation,agency,9
Otradnoye,khrushchev,cosmetic,agency,9
Nagorny,brick,euro,owner,9
Mikhaylovo-Yartsevskoye,modern_panel,euro,owner,9
Yaroslavsky,khrushchev,cosmetic,owner,9
Krasnoselsky,khrushchev,euro,owner,9
Basmanny,stalin,euro,agency,9
Tagansky,modern_panel,no_renovation,agency,9
Chertanovo Tsentralnoye,khrushchev,euro,owner,9
Preobrazhenskoye,brick,no_renovation,owner,9
Shcherbinka,brick,cosmetic,owner,9
Babushkinsky,brick,euro,owner,9
Severny,brick,cosmetic,owner,9
Marushkinskoye,modern_panel,euro,owner,9
Sviblovo,stalin,cosmetic,agency,9
Marushkinskoye,panel,no_renovation,owner,9
Beskudnikovsky,panel,no_renovation,agency,9
Tverskoy,panel,designer,agency,9
Krylatskoye,panel,no_renovation,agency,9
Ivanovskoye,panel,no_renovation,agency,9
Molzhaninovsky,monolith,cosmetic,owner,9
Otradnoye,panel,no_renovation,owner,9
Novogireyevo,khrushchev,no_renovation,owner,9
Sokolinaya Gora,khrushchev,euro,agency,9
Alekseevsky,panel,euro,owner,9
Khoroshyovo-Mnyovniki,khrushchev,no_renovation,agency,9
Novo-Peredelkino,monolith,cosmetic,owner,9
Zamoskvorechye,monolith,designer,agency,9
Arbat,modern_panel,euro,owner,9
Molzhaninovsky,brick,cosmetic,owner,9
Troparyovo-Nikulino,modern_panel,cosmetic,owner,9
Zapadnoye Degunino,monolith,euro,owner,9
Tsaritsyno,modern_panel,euro,owner,9
Molzhaninovsky,panel,euro,owner,9
Meshchansky,monolith,euro,owner,9
Mosrentgen,khrushchev,cosmetic,owner,9
Orekhovo-Borisovo Severnoye,monolith,no_renovation,agency,9
Metrogorodok,monolith,no_renovation,owner,9
Cheryomushki,brick,euro,agency,9
Presnensky,monolith,euro,owner,9
Kuntsevo,panel,cosmetic,owner,9
Ivanovskoye,modern_panel,euro,owner,9
Perovo,panel,no_renovation,agency,9
Golovinsky,khrushchev,euro,owner,9
Vostochnoye Izmaylovo,brick,no_renovation,agency,9
Fili-Davydkovo,modern_panel,cosmetic,owner,9
Izmaylovo,khrushchev,cosmetic,owner,9
Zelenograd,monolith,no_renovation,agency,9
Orekhovo-Borisovo Yuzhnoye,panel,euro,owner,9
Novokosino,khrushchev,cosmetic,agency,9
Zyablikovo,monolith,no_renovation,agency,9
Gagarinsky,monolith,cosmetic,owner,9
Alekseevsky,modern_panel,euro,owner,9
Veshnyaki,monolith,cosmetic,owner,9
Chertanovo Tsentralnoye,brick,cosmetic,owner,9
Tyoply Stan,khrushchev,euro,agency,9
Vnukovskoye,brick,cosmetic,owner,9
Khoroshyovsky,modern_panel,cosmetic,owner,9
Mosrentgen,modern_panel,no_renovation,agency,9
Ramenki,khrushchev,euro,agency,9
Pokrovskoye-Streshnevo,brick,no_renovation,agency,9
Koptevo,brick,cosmetic,owner,9
Voronovskoye,monolith,designer,agency,9
Mosrentgen,monolith,no_renovation,agency,9
Ramenki,monolith,no_renovation,agency,9
Preobrazhenskoye,panel,cosmetic,owner,9
Perovo,brick,euro,owner,9
Novofyodorovskoye,brick,designer,agency,9
Mosrentgen,modern_panel,euro,agency,9
Voykovsky,panel,euro,agency,9
Desyonovskoye,khrushchev,cosmetic,owner,9
Biryulyovo Vostochnoye,modern_panel,cosmetic,owner,9
Troparyovo-Nikulino,monolith,no_renovation,agency,9
Tsaritsyno,monolith,euro,agency,9
Marushkinskoye,modern_panel,designer,agency,9
Donskoy,brick,no_renovation,agency,9
Yuzhnoye Tushino,panel,cosmetic,owner,9
Dmitrovsky,stalin,no_renovation,agency,9
Kuntsevo,monolith,cosmetic,owner,9
Orekhovo-Borisovo Severnoye,monolith,euro,agency,9
Yasenevo,monolith,no_renovation,agency,9
Arbat,panel,no_renovation,owner,9
Biryulyovo Vostochnoye,panel,designer,owner,9
Moskovsky,monolith,no_renovation,agency,9
Kurkino,brick,no_renovation,agency,9
Arbat,brick,cosmetic,owner,9
Yuzhnoye Medvedkovo,khrushchev,cosmetic,owner,9
Losinoostrovsky,modern_panel,no_renovation,agency,9
Biryulyovo Zapadnoye,khrushchev,no_renovation,agency,9
Pervomayskoye,stalin,cosmetic,agency,9
Sokol,modern_panel,no_renovation,owner,9
Danilovsky,monolith,no_renovation,agency,9
Chertanovo Tsentralnoye,khrushchev,cosmetic,owner,9
Troitsk,brick,euro,owner,9
Moskvorechye-Saburovo,khrushchev,designer,agency,9
Preobrazhenskoye,modern_panel,no_renovation,agency,9
Ramenki,khrushchev,no_renovation,agency,9
Veshnyaki,panel,designer,agency,9
Konkovo,panel,no_renovation,agency,9
Begovoy,khrushchev,euro,owner,9
Yakimanka,panel,no_renovation,agency,9
Zelenograd,brick,cosmetic,owner,9
Cheryomushki,khrushchev,cosmetic,owner,9
Savyolovsky,modern_panel,euro,agency,9
Golovinsky,brick,euro,owner,9
Preobrazhenskoye,modern_panel,cosmetic,owner,9
Kievsky,brick,euro,owner,9
Vostochny,khrushchev,cosmetic,agency,9
Tyoply Stan,stalin,euro,owner,8
Izmaylovo,panel,no_renovation,agency,8
Yakimanka,khrushchev,cosmetic,owner,8
Rogovskoye,monolith,cosmetic,owner,8
Zamoskvorechye,monolith,no_renovation,owner,8
Molzhaninovsky,panel,no_renovation,owner,8
Yasenevo,stalin,euro,agency,8
Novofyodorovskoye,panel,euro,owner,8
Yaroslavsky,monolith,cosmetic,owner,8
Vostochnoye Izmaylovo,khrushchev,no_renovation,agency,8
Rogovskoye,modern_panel,cosmetic,owner,8
Brateyevo,panel,euro,owner,8
Bogorodskoye,brick,euro,agency,8
Zyablikovo,panel,no_renovation,owner,8
Kotlovka,monolith,cosmetic,owner,8
Otradnoye,stalin,cosmetic,agency,8
Koptevo,khrushchev,euro,agency,8
Vnukovskoye,monolith,cosmetic,owner,8
Filimonkovskoye,khrushchev,no_renovation,agency,8
Mosrentgen,brick,no_renovation,owner,8
Brateyevo,brick,no_renovation,agency,8
Meshchansky,monolith,cosmetic,owner,8
Krasnopakhorskoye,modern_panel,no_renovation,agency,8
Babushkinsky,stalin,euro,agency,8
Ivanovskoye,modern_panel,cosmetic,owner,8
Perovo,brick,cosmetic,owner,8
Ochakovo-Matveyevskoye,khrushchev,no_renovation,owner,8
Yuzhnoye Tushino,brick,cosmetic,owner,8
Kuntsevo,modern_panel,no_renovation,agency,8
Danilovsky,monolith,euro,owner,8
Ryazanovskoye,modern_panel,no_renovation,agency,8
Vnukovo,monolith,euro,owner,8
Khovrino,monolith,designer,agency,8
Dmitrovsky,stalin,cosmetic,agency,8
Dorogomilovo,modern_panel,designer,agency,8
Timiryazevsky,monolith,no_renovation,owner,8
Presnensky,brick,euro,owner,8
Mitino,panel,euro,owner,8
Filyovsky Park,brick,no_renovation,owner,8
Solntsevo,khrushchev,no_renovation,agency,8
Golovinsky,brick,designer,agency,8
Brateyevo,brick,cosmetic,owner,8
Cheryomushki,modern_panel,cosmetic,owner,8
Lomonosovsky,khrushchev,euro,owner,8
Lianozovo,monolith,no_renovation,owner,8
Gagarinsky,khrushchev,cosmetic,owner,8
Yuzhnoye Medvedkovo,panel,euro,owner,8
Sokolinaya Gora,panel,no_renovation,agency,8
Presnensky,panel,no_renovation,owner,8
Babushkinsky,modern_panel,no_renovation,owner,8
Voskresenskoye,modern_panel,cosmetic,owner,8
Savyolovsky,khrushchev,designer,agency,8
Mitino,brick,cosmetic,owner,8
Filyovsky Park,khrushchev,no_renovation,owner,8
Alekseevsky,panel,designer,agency,8
Kokoshkino,khrushchev,euro,owner,8
Shchukino,khrushchev,no_renovation,agency,8
Nagatinsky Zaton,monolith,designer,agency,8
Strogino,brick,euro,owner,8
Severny,monolith,no_renovation,owner,8
Cheryomushki,panel,no_renovation,owner,8
Begovoy,khrushchev,cosmetic,owner,8
Kokoshkino,khrushchev,cosmetic,owner,8
Krylatskoye,monolith,cosmetic,owner,8
Krylatskoye,khrushchev,euro,owner,8
Vnukovskoye,stalin,cosmetic,agency,8
Dmitrovsky,modern_panel,euro,owner,8
Severnoye Butovo,khrushchev,cosmetic,owner,8
Khamovniki,monolith,no_renovation,agency,8
Alekseevsky,modern_panel,cosmetic,owner,8
Yuzhnoye Butovo,monolith,euro,owner,8
Mikhaylovo-Yartsevskoye,monolith,cosmetic,owner,8
Danilovsky,panel,cosmetic,owner,8
Molzhaninovsky,stalin,cosmetic,owner,8
Perovo,panel,euro,owner,8
Butyrsky,modern_panel,no_renovation,owner,8
Butyrsky,khrushchev,cosmetic,agency,8
Bibirevo,khrushchev,cosmetic,owner,8
Kurkino,panel,cosmetic,owner,8
Shchapovskoye,monolith,no_renovation,agency,8
Sosenskoye,stalin,cosmetic,agency,8
Kievsky,khrushchev,euro,owner,8
Severnoye Butovo,stalin,euro,agency,8
Gagarinsky,monolith,no_renovation,owner,8
Rostokino,brick,cosmetic,owner,8
Marushkinskoye,khrushchev,no_renovation,agency,8
Ryazanovskoye,khrushchev,cosmetic,owner,8
Ostankinsky,monolith,no_renovation,owner,8
Cheryomushki,panel,euro,owner,8
Presnensky,monolith,no_renovation,owner,8
Troparyovo-Nikulino,brick,no_renovation,agency,8
Voskresenskoye,monolith,cosmetic,owner,8
Solntsevo,modern_panel,no_renovation,owner,8
Sviblovo,modern_panel,cosmetic,owner,8
Severnoye Tushino,stalin,cosmetic,agency,8
Fili-Davydkovo,panel,no_renovation,owner,8
Severny,stalin,no_renovation,agency,8
Krasnoselsky,monolith,no_renovation,owner,8
Chertanovo Severnoye,khrushchev,designer,agency,8
Zyuzino,monolith,euro,owner,8
Vnukovskoye,stalin,euro,agency,8
Nagatino-Sadovniki,stalin,cosmetic,agency,8
Khoroshyovsky,khrushchev,no_renovation,owner,8
Sviblovo,panel,no_renovation,owner,8
Kotlovka,brick,cosmetic,owner,8
Khovrino,monolith,no_renovation,agency,8
Golyanovo,stalin,no_renovation,agency,8
Solntsevo,modern_panel,cosmetic,owner,8
Vnukovo,modern_panel,cosmetic,owner,8
Klyonovskoye,brick,no_renovation,agency,8
Krasnopakhorskoye,stalin,euro,agency,8
Zamoskvorechye,modern_panel,euro,owner,8
Solntsevo,khrushchev,euro,owner,8
Khamovniki,stalin,euro,agency,8
Kievsky,panel,euro,owner,8
Klyonovskoye,brick,designer,agency,8
Mozhaysky,monolith,no_renovation,owner,8
Yaroslavsky,modern_panel,no_renovation,agency,8
Krylatskoye,monolith,euro,owner,8
Moskvorechye-Saburovo,panel,euro,agency,8
Arbat,monolith,cosmetic,owner,8
Krylatskoye,khrushchev,designer,agency,8
Klyonovskoye,modern_panel,designer,agency,8
Severny,brick,no_renovation,agency,8
Krasnoselsky,panel,no_renovation,agency,8
Sokol,stalin,cosmetic,agency,8
Lomonosovsky,brick,no_renovation,owner,8
Izmaylovo,modern_panel,euro,agency,8
Perovo,panel,cosmetic,owner,8
Chertanovo Severnoye,khrushchev,euro,owner,8
Nagatino-Sadovniki,panel,cosmetic,owner,8
Filyovsky Park,monolith,cosmetic,owner,8
Preobrazhenskoye,monolith,cosmetic,owner,8
Chertanovo Severnoye,stalin,cosmetic,owner,8
Pervomayskoye,monolith,cosmetic,owner,8
Orekhovo-Borisovo Yuzhnoye,stalin,euro,agency,8
Zamoskvorechye,monolith,no_renovation,agency,8
Timiryazevsky,panel,no_renovation,owner,8
Shcherbinka,monolith,no_renovation,owner,8
Konkovo,modern_panel,euro,owner,8
Kotlovka,panel,no_renovation,owner,8
Nagatinsky Zaton,brick,cosmetic,owner,8
Desyonovskoye,stalin,cosmetic,owner,8
Dmitrovsky,brick,cosmetic,owner,8
Yuzhnoye Butovo,brick,no_renovation,agency,8
Maryina Roshcha,monolith,cosmetic,owner,8
Sosenskoye,stalin,euro,agency,8
Basmanny,modern_panel,euro,owner,8
Mosrentgen,modern_panel,cosmetic,owner,8
Sokol,brick,cosmetic,owner,8
Novo-Peredelkino,monolith,no_renovation,agency,8
Tverskoy,monolith,cosmetic,owner,8
Orekhovo-Borisovo Yuzhnoye,khrushchev,designer,agency,8
Veshnyaki,khrushchev,euro,owner,8
Sokol,khrushchev,no_renovation,agency,8
Altufyevsky,monolith,euro,owner,8
Moskovsky,brick,cosmetic,owner,8
Sokolniki,panel,no_renovation,agency,8
Basmanny,stalin,cosmetic,agency,8
Yakimanka,panel,no_renovation,owner,8
Cheryomushki,modern_panel,no_renovation,owner,8
Brateyevo,monolith,designer,agency,8
Molzhaninovsky,modern_panel,no_renovation,agency,8
Perovo,modern_panel,euro,owner,8
Shchukino,modern_panel,cosmetic,owner,8
Rostokino,khrushchev,no_renovation,agency,8
Nagorny,brick,no_renovation,owner,8
Beskudnikovsky,modern_panel,euro,owner,8
Severnoye Medvedkovo,panel,no_renovation,owner,8
Novokosino,khrushchev,no_renovation,owner,8
Moskovsky,khrushchev,cosmetic,owner,8
Kurkino,modern_panel,euro,owner,8
Solntsevo,brick,euro,agency,8
Shcherbinka,brick,no_renovation,owner,8
Moskvorechye-Saburovo,brick,designer,agency,8
Pervomayskoye,panel,euro,owner,8
Tagansky,stalin,cosmetic,agency,8
Novokosino,monolith,euro,owner,8
Sokolniki,khrushchev,no_renovation,agency,8
Orekhovo-Borisovo Yuzhnoye,brick,euro,owner,8
Dorogomilovo,panel,designer,agency,8
Shcherbinka,khrushchev,cosmetic,agency,8
Otradnoye,brick,euro,owner,8
Veshnyaki,stalin,cosmetic,owner,8
Sviblovo,panel,designer,agency,8
Kokoshkino,stalin,cosmetic,owner,8
Krasnopakhorskoye,panel,designer,agency,8
Chertanovo Severnoye,panel,no_renovation,agency,8
Arbat,modern_panel,no_renovation,agency,8
Troparyovo-Nikulino,khrushchev,no_renovation,agency,8
Ostankinsky,brick,cosmetic,owner,8
Veshnyaki,brick,cosmetic,owner,8
Shchapovskoye,modern_panel,euro,owner,8
Presnensky,modern_panel,no_renovation,owner,8
Yasenevo,brick,no_renovation,owner,8
Ryazanovskoye,brick,cosmetic,owner,8
Fili-Davydkovo,monolith,no_renovation,agency,8
Kurkino,stalin,cosmetic,agency,8
Losinoostrovsky,panel,euro,owner,8
Vnukovskoye,panel,cosmetic,owner,8
Novo-Peredelkino,modern_panel,euro,owner,8
Severnoye Medvedkovo,khrushchev,euro,owner,8
Yuzhnoye Tushino,stalin,cosmetic,agency,8
Novokosino,panel,euro,owner,8
Severnoye Izmaylovo,brick,cosmetic,owner,8
Voykovsky,panel,designer,agency,8
Ochakovo-Matveyevskoye,panel,no_renovation,agency,8
Prospekt Vernadskogo,panel,cosmetic,owner,8
Desyonovskoye,stalin,cosmetic,agency,8
Golyanovo,stalin,euro,owner,8
Krasnopakhorskoye,monolith,cosmetic,owner,8
Kievsky,panel,designer,agency,8
Khoroshyovsky,modern_panel,no_renovation,agency,8
Pokrovskoye-Streshnevo,panel,euro,owner,8
Kosino-Ukhtomsky,panel,no_renovation,owner,8
Orekhovo-Borisovo Severnoye,stalin,cosmetic,agency,8
Kosino-Ukhtomsky,modern_panel,no_renovation,owner,8
Yuzhnoye Tushino,monolith,cosmetic,owner,8
Krasnopakhorskoye,khrushchev,no_renovation,agency,8
Ivanovskoye,khrushchev,cosmetic,owner,8
Nagatino-Sadovniki,panel,no_renovation,agency,8
Donskoy,monolith,euro,owner,8
Yaroslavsky,brick,euro,owner,8
Troparyovo-Nikulino,modern_panel,euro,owner,8
Metrogorodok,brick,designer,agency,8
Khamovniki,modern_panel,designer,agency,8
Pervomayskoye,modern_panel,no_renovation,agency,8
Ochakovo-Matveyevskoye,khrushchev,cosmetic,owner,8
Orekhovo-Borisovo Yuzhnoye,khrushchev,euro,owner,8
Zyablikovo,panel,euro,owner,8
Bibirevo,modern_panel,cosmetic,owner,8
Chertanovo Severnoye,modern_panel,designer,agency,8
Chertanovo Severnoye,modern_panel,no_renovation,owner,8
Yuzhnoye Medvedkovo,brick,no_renovation,agency,8
Kokoshkino,panel,euro,owner,8
Brateyevo,khrushchev,euro,owner,8
Tyoply Stan,modern_panel,euro,owner,8
Chertanovo Severnoye,brick,euro,owner,8
Voronovskoye,brick,cosmetic,owner,8
Otradnoye,khrushchev,euro,owner,8
Aeroport,panel,no_renovation,agency,8
Severny,brick,no_renovation,owner,8
Khoroshyovo-Mnyovniki,panel,no_renovation,agency,8
Konkovo,khrushchev,cosmetic,owner,8
Arbat,modern_panel,euro,agency,8
Shchapovskoye,monolith,euro,owner,8
Kurkino,stalin,no_renovation,agency,8
Tverskoy,stalin,cosmetic,agency,8
Sokolniki,monolith,euro,owner,8
Sokolinaya Gora,khrushchev,euro,owner,8
Sosenskoye,monolith,euro,owner,8
Filyovsky Park,panel,designer,agency,8
Altufyevsky,stalin,cosmetic,agency,8
Bibirevo,panel,euro,owner,8
Golovinsky,stalin,cosmetic,agency,8
Presnensky,khrushchev,euro,agency,8
Mitino,panel,designer,agency,8
Golovinsky,brick,cosmetic,owner,8
Yasenevo,stalin,cosmetic,owner,8
Severnoye Izmaylovo,brick,no_renovation,agency,8
Novokosino,modern_panel,euro,owner,8
Novofyodorovskoye,modern_panel,euro,owner,8
Khoroshyovsky,khrushchev,no_renovation,agency,8
Mozhaysky,brick,no_renovation,agency,8
Severnoye Butovo,panel,no_renovation,owner,8
Novogireyevo,modern_panel,no_renovation,owner,8
Cheryomushki,modern_panel,no_renovation,agency,8
Prospekt Vernadskogo,brick,no_renovation,agency,8
Otradnoye,monolith,no_renovation,agency,8
Nagatinsky Zaton,panel,no_renovation,agency,8
Novokosino,panel,designer,agency,8
Zamoskvorechye,khrushchev,euro,owner,8
Desyonovskoye,khrushchev,no_renovation,agency,8
Shcherbinka,khrushchev,euro,agency,8
Khamovniki,brick,no_renovation,owner,8
Moskvorechye-Saburovo,brick,no_renovation,agency,8
Krylatskoye,panel,cosmetic,owner,8
Konkovo,monolith,designer,agency,8
Krylatskoye,khrushchev,euro,agency,8
Nagatino-Sadovniki,panel,euro,owner,8
Maryina Roshcha,modern_panel,no_renovation,agency,8
Troitsk,khrushchev,cosmetic,owner,8
Zelenograd,panel,no_renovation,owner,8
Izmaylovo,brick,euro,owner,8
Tsaritsyno,khrushchev,cosmetic,owner,8
Severnoye Medvedkovo,monolith,designer,agency,8
Zyuzino,modern_panel,cosmetic,owner,8
Yaroslavsky,modern_panel,no_renovation,owner,8
Lianozovo,monolith,euro,owner,8
Sokolniki,monolith,cosmetic,owner,8
Konkovo,khrushchev,no_renovation,agency,8
Orekhovo-Borisovo Yuzhnoye,khrushchev,cosmetic,owner,8
Molzhaninovsky,modern_panel,cosmetic,owner,8
Biryulyovo Vostochnoye,modern_panel,euro,owner,8
Ochakovo-Matveyevskoye,brick,euro,agency,8
Tagansky,brick,cosmetic,owner,8
Nagatinsky Zaton,khrushchev,no_renovation,agency,8
Perovo,modern_panel,no_renovation,agency,8
Zyablikovo,khrushchev,euro,owner,8
Akademichesky,monolith,designer,agency,8
Shchukino,monolith,designer,agency,8
Altufyevsky,brick,no_renovation,owner,8
Solntsevo,brick,cosmetic,owner,8
Khamovniki,brick,designer,agency,8
Yaroslavsky,modern_panel,euro,agency,8
Mozhaysky,stalin,euro,agency,8
Gagarinsky,stalin,cosmetic,agency,8
Tverskoy,modern_panel,no_renovation,owner,8
Klyonovskoye,panel,euro,owner,8
Veshnyaki,brick,euro,owner,8
Troparyovo-Nikulino,monolith,euro,agency,8
Mosrentgen,monolith,euro,owner,8
Yaroslavsky,panel,designer,agency,8
Kosino-Ukhtomsky,brick,cosmetic,owner,8
Novokosino,monolith,no_renovation,owner,8
Cheryomushki,panel,no_renovation,agency,8
Severnoye Butovo,khrushchev,euro,owner,8
Khoroshyovo-Mnyovniki,monolith,no_renovation,owner,8
Levoberezhny,modern_panel,no_renovation,agency,8
Sokolinaya Gora,modern_panel,euro,agency,8
Mikhaylovo-Yartsevskoye,monolith,no_renovation,owner,8
Brateyevo,panel,designer,agency,8
Kievsky,brick,cosmetic,owner,8
Golyanovo,panel,no_renovation,owner,8
Arbat,modern_panel,no_renovation,owner,8
Orekhovo-Borisovo Severnoye,brick,euro,owner,8
Krylatskoye,brick,no_renovation,agency,8
Butyrsky,khrushchev,euro,owner,8
Yuzhnoye Butovo,khrushchev,no_renovation,agency,8
Vostochnoye Izmaylovo,stalin,euro,agency,8
Biryulyovo Zapadnoye,brick,no_renovation,owner,8
Biryulyovo Vostochnoye,panel,designer,agency,8
Krylatskoye,khrushchev,no_renovation,agency,8
Strogino,panel,no_renovation,owner,8
Danilovsky,modern_panel,no_renovation,agency,8
Mozhaysky,monolith,no_renovation,agency,8
Butyrsky,stalin,cosmetic,agency,8
Golovinsky,brick,no_renovation,agency,8
Donskoy,modern_panel,no_renovation,agency,8
Kurkino,modern_panel,cosmetic,owner,8
Konkovo,modern_panel,no_renovation,agency,8
Golyanovo,monolith,no_renovation,owner,8
Cheryomushki,brick,cosmetic,owner,8
Golovinsky,modern_panel,cosmetic,owner,8
Strogino,modern_panel,no_renovation,agency,8
Preobrazhenskoye,modern_panel,no_renovation,owner,8
Filyovsky Park,brick,designer,agency,8
Ramenki,panel,cosmetic,owner,8
Ryazanovskoye,khrushchev,no_renovation,agency,8
Shchapovskoye,khrushchev,no_renovation,owner,8
Sviblovo,modern_panel,euro,owner,8
Filimonkovskoye,modern_panel,no_renovation,owner,8
Aeroport,brick,no_renovation,agency,8
Brateyevo,khrushchev,no_renovation,agency,8
Filyovsky Park,khrushchev,euro,owner,8
Fili-Davydkovo,brick,no_renovation,agency,8
Nagatinsky Zaton,monolith,no_renovation,owner,8
Arbat,khrushchev,euro,owner,8
Dorogomilovo,khrushchev,cosmetic,owner,8
Tverskoy,monolith,euro,owner,8
Yuzhnoye Medvedkovo,brick,cosmetic,owner,8
Khoroshyovsky,panel,euro,agency,8
Konkovo,panel,euro,agency,8
Vnukovskoye,modern_panel,no_renovation,agency,8
Begovoy,panel,euro,owner,8
Danilovsky,modern_panel,cosmetic,owner,8
Nagatinsky Zaton,khrushchev,designer,agency,8
Sviblovo,monolith,no_renovation,agency,8
Mitino,monolith,no_renovation,agency,8
Aeroport,monolith,no_renovation,owner,8
Preobrazhenskoye,khrushchev,no_renovation,agency,8
Tagansky,monolith,no_renovation,agency,8
Khoroshyovsky,modern_panel,designer,owner,8
Moskovsky,modern_panel,no_renovation,agency,8
Savyolovsky,monolith,designer,agency,7
Savyolovsky,monolith,euro,owner,7
Maryina Roshcha,monolith,no_renovation,owner,7
Krasnopakhorskoye,monolith,no_renovation,owner,7
Vostochny,modern_panel,no_renovation,agency,7
Zelenograd,monolith,designer,agency,7
Sokolinaya Gora,modern_panel,euro,owner,7
Voronovskoye,khrushchev,euro,owner,7
Pokrovskoye-Streshnevo,monolith,euro,owner,7
Tsaritsyno,modern_panel,designer,agency,7
Nagorny,modern_panel,euro,owner,7
Sokol,brick,no_renovation,owner,7
Pervomayskoye,khrushchev,euro,owner,7
Rostokino,modern_panel,designer,agency,7
Khovrino,monolith,no_renovation,owner,7
Moskvorechye-Saburovo,panel,euro,owner,7
Losinoostrovsky,khrushchev,euro,owner,7
Voronovskoye,brick,euro,owner,7
Zyuzino,khrushchev,euro,owner,7
Ryazanovskoye,khrushchev,euro,owner,7
Fili-Davydkovo,panel,euro,owner,7
Rostokino,stalin,cosmetic,agency,7
Khamovniki,panel,euro,owner,7
Izmaylovo,panel,euro,owner,7
Begovoy,khrushchev,no_renovation,agency,7
Severny,monolith,euro,owner,7
Khovrino,khrushchev,cosmetic,agency,7
Koptevo,khrushchev,no_renovation,owner,7
Lianozovo,khrushchev,cosmetic,owner,7
Kurkino,panel,euro,owner,7
Novofyodorovskoye,panel,designer,agency,7
Maryina Roshcha,stalin,cosmetic,agency,7
Severnoye Izmaylovo,monolith,euro,agency,7
Tverskoy,stalin,euro,agency,7
Severnoye Izmaylovo,khrushchev,no_renovation,owner,7
Dmitrovsky,khrushchev,euro,owner,7
Filyovsky Park,khrushchev,designer,agency,7
Alekseevsky,stalin,cosmetic,agency,7
Biryulyovo Zapadnoye,khrushchev,euro,owner,7
Mikhaylovo-Yartsevskoye,panel,designer,owner,7
Shchukino,khrushchev,designer,agency,7
Novogireyevo,modern_panel,no_renovation,agency,7
Moskovsky,modern_panel,euro,owner,7
Chertanovo Severnoye,brick,no_renovation,agency,7
Danilovsky,stalin,euro,agency,7
Nagatinsky Zaton,panel,euro,owner,7
Yakimanka,brick,euro,owner,7
Meshchansky,modern_panel,cosmetic,owner,7
Babushkinsky,khrushchev,euro,owner,7
Orekhovo-Borisovo Severnoye,modern_panel,designer,agency,7
Savyolovsky,khrushchev,no_renovation,agency,7
Vostochny,khrushchev,cosmetic,owner,7
Tverskoy,khrushchev,no_renovation,agency,7
Butyrsky,stalin,euro,agency,7
Voronovskoye,khrushchev,no_renovation,owner,7
Sokolinaya Gora,monolith,no_renovation,owner,7
Shchapovskoye,khrushchev,cosmetic,owner,7
Nagorny,stalin,euro,agency,7
Preobrazhenskoye,panel,designer,agency,7
Izmaylovo,panel,designer,owner,7
Tagansky,monolith,cosmetic,owner,7
Desyonovskoye,khrushchev,designer,agency,7
Solntsevo,stalin,euro,agency,7
Meshchansky,monolith,no_renovation,owner,7
Mikhaylovo-Yartsevskoye,modern_panel,designer,agency,7
Veshnyaki,monolith,designer,owner,7
Alekseevsky,panel,cosmetic,owner,7
Timiryazevsky,panel,euro,owner,7
Meshchansky,brick,euro,owner,7
Obruchevsky,modern_panel,no_renovation,owner,7
Tyoply Stan,modern_panel,no_renovation,agency,7
Aeroport,modern_panel,cosmetic,owner,7
Voykovsky,stalin,euro,agency,7
Molzhaninovsky,panel,designer,agency,7
Severnoye Medvedkovo,khrushchev,no_renovation,agency,7
Yuzhnoye Butovo,stalin,no_renovation,agency,7
Obruchevsky,monolith,cosmetic,owner,7
Vnukovskoye,brick,no_renovation,agency,7
Tyoply Stan,khrushchev,euro,owner,7
Prospekt Vernadskogo,monolith,no_renovation,owner,7
Lianozovo,modern_panel,euro,owner,7
Ivanovskoye,monolith,cosmetic,owner,7
Meshchansky,khrushchev,euro,agency,7
Aeroport,stalin,euro,agency,7
Sosenskoye,panel,euro,owner,7
Orekhovo-Borisovo Yuzhnoye,brick,no_renovation,agency,7
Chertanovo Tsentralnoye,modern_panel,no_renovation,agency,7
Troitsk,modern_panel,no_renovation,owner,7
Orekhovo-Borisovo Yuzhnoye,monolith,designer,agency,7
Ivanovskoye,brick,euro,owner,7
Vostochny,monolith,euro,owner,7
Marfino,khrushchev,no_renovation,owner,7
Metrogorodok,stalin,cosmetic,agency,7
Basmanny,brick,designer,agency,7
Donskoy,brick,designer,agency,7
Shchukino,brick,no_renovation,agency,7
Ivanovskoye,modern_panel,no_renovation,agency,7
Alekseevsky,brick,euro,owner,7
Fili-Davydkovo,stalin,euro,agency,7
Golovinsky,khrushchev,cosmetic,owner,7
Zelenograd,khrushchev,cosmetic,owner,7
Tsaritsyno,stalin,euro,agency,7
Yuzhnoye Butovo,panel,euro,owner,7
Khoroshyovsky,khrushchev,euro,owner,7
Novofyodorovskoye,monolith,designer,agency,7
Danilovsky,monolith,no_renovation,owner,7
Rogovskoye,brick,no_renovation,agency,7
Kurkino,modern_panel,no_renovation,owner,7
Yaroslavsky,monolith,euro,owner,7
Yuzhnoye Tushino,modern_panel,euro,owner,7
Shchukino,monolith,euro,owner,7
Butyrsky,brick,designer,agency,7
Kurkino,khrushchev,cosmetic,owner,7
Levoberezhny,panel,no_renovation,agency,7
Metrogorodok,monolith,euro,owner,7
Levoberezhny,monolith,designer,agency,7
Moskovsky,panel,no_renovation,owner,7
Voykovsky,brick,cosmetic,owner,7
Akademichesky,modern_panel,designer,agency,7
Zapadnoye Degunino,khrushchev,cosmetic,owner,7
Losinoostrovsky,brick,euro,agency,7
Kievsky,panel,no_renovation,agency,7
Babushkinsky,panel,no_renovation,owner,7
Krasnopakhorskoye,khrushchev,cosmetic,owner,7
Lianozovo,stalin,euro,agency,7
Krasnopakhorskoye,modern_panel,designer,agency,7
Altufyevsky,khrushchev,cosmetic,owner,7
Ryazanovskoye,monolith,no_renovation,owner,7
Zyuzino,modern_panel,euro,owner,7
Khamovniki,monolith,cosmetic,owner,7
Kotlovka,modern_panel,cosmetic,owner,7
Maryina Roshcha,brick,euro,owner,7
Gagarinsky,stalin,euro,agency,7
Lianozovo,khrushchev,no_renovation,agency,7
Shchapovskoye,monolith,no_renovation,owner,7
Gagarinsky,khrushchev,no_renovation,owner,7
Mozhaysky,khrushchev,cosmetic,agency,7
Mozhaysky,modern_panel,no_renovation,agency,7
Basmanny,monolith,no_renovation,owner,7
Mikhaylovo-Yartsevskoye,panel,no_renovation,owner,7
Sviblovo,khrushchev,cosmetic,owner,7
Altufyevsky,modern_panel,designer,owner,7
Kotlovka,monolith,designer,agency,7
Perovo,khrushchev,cosmetic,owner,7
Izmaylovo,khrushchev,no_renovation,agency,7
Klyonovskoye,panel,designer,agency,7
Troparyovo-Nikulino,khrushchev,euro,owner,7
Ochakovo-Matveyevskoye,stalin,euro,agency,7
Bogorodskoye,monolith,euro,owner,7
Orekhovo-Borisovo Severnoye,khrushchev,cosmetic,owner,7
Vostochnoye Izmaylovo,panel,no_renovation,agency,7
Donskoy,monolith,no_renovation,agency,7
Sokolniki,modern_panel,no_renovation,owner,7
Prospekt Vernadskogo,stalin,euro,agency,7
Danilovsky,khrushchev,no_renovation,owner,7
Sokolniki,monolith,designer,agency,7
Zelenograd,modern_panel,no_renovation,owner,7
Filyovsky Park,panel,designer,owner,7
Strogino,brick,no_renovation,agency,7
Tyoply Stan,khrushchev,designer,agency,7
Cheryomushki,monolith,euro,owner,7
Yasenevo,khrushchev,no_renovation,owner,7
Marfino,monolith,euro,owner,7
Khoroshyovsky,khrushchev,euro,agency,7
Biryulyovo Zapadnoye,khrushchev,cosmetic,owner,7
Vnukovo,panel,euro,owner,7
Zamoskvorechye,panel,euro,owner,7
Krasnopakhorskoye,monolith,designer,agency,7
Voskresenskoye,khrushchev,euro,agency,7
Golyanovo,modern_panel,euro,owner,7
Levoberezhny,panel,cosmetic,owner,7
Yuzhnoye Tushino,stalin,cosmetic,owner,7
Preobrazhenskoye,panel,euro,owner,7
Voskresenskoye,modern_panel,no_renovation,agency,7
Beskudnikovsky,modern_panel,no_renovation,agency,7
Beskudnikovsky,monolith,designer,agency,7
Yuzhnoye Medvedkovo,panel,designer,agency,7
Yasenevo,khrushchev,cosmetic,owner,7
Krasnopakhorskoye,stalin,cosmetic,agency,7
Moskvorechye-Saburovo,stalin,cosmetic,agency,7
Sosenskoye,brick,cosmetic,owner,7
Krasnopakhorskoye,khrushchev,euro,owner,7
Severnoye Medvedkovo,brick,no_renovation,agency,7
Voykovsky,monolith,no_renovation,owner,7
Pervomayskoye,khrushchev,euro,agency,7
Basmanny,modern_panel,designer,agency,7
Klyonovskoye,monolith,no_renovation,owner,7
Mitino,khrushchev,euro,agency,7
Khoroshyovo-Mnyovniki,monolith,euro,owner,7
Sokolniki,panel,euro,owner,7
Cheryomushki,modern_panel,designer,agency,7
Tverskoy,monolith,no_renovation,owner,7
Ivanovskoye,panel,euro,owner,7
Kokoshkino,khrushchev,designer,agency,7
Orekhovo-Borisovo Severnoye,panel,no_renovation,owner,7
Zyablikovo,stalin,cosmetic,agency,7
Yasenevo,brick,euro,owner,7
Kotlovka,monolith,no_renovation,owner,7
Koptevo,monolith,euro,owner,7
Kotlovka,modern_panel,no_renovation,owner,7
Presnensky,brick,no_renovation,agency,7
Golovinsky,stalin,euro,agency,7
Kuntsevo,stalin,euro,agency,7
Zamoskvorechye,modern_panel,no_renovation,agency,7
Koptevo,modern_panel,euro,owner,7
Sokol,panel,no_renovation,owner,7
Akademichesky,modern_panel,cosmetic,owner,7
Konkovo,brick,cosmetic,owner,7
Zyablikovo,modern_panel,no_renovation,agency,7
Molzhaninovsky,khrushchev,no_renovation,owner,7
Cheryomushki,khrushchev,no_renovation,agency,7
Khoroshyovsky,brick,designer,agency,7
Chertanovo Tsentralnoye,panel,cosmetic,owner,7
Bibirevo,stalin,euro,agency,7
Beskudnikovsky,monolith,no_renovation,owner,7
Danilovsky,khrushchev,no_renovation,agency,7
Khamovniki,stalin,cosmetic,agency,7
Rogovskoye,monolith,no_renovation,agency,7
Krylatskoye,khrushchev,no_renovation,owner,7
Begovoy,modern_panel,euro,owner,7
Golovinsky,monolith,euro,owner,7
Aeroport,stalin,cosmetic,agency,7
Sosenskoye,modern_panel,euro,owner,7
Yakimanka,modern_panel,no_renovation,agency,7
Rostokino,khrushchev,euro,owner,7
Marfino,modern_panel,cosmetic,owner,7
Yasenevo,brick,no_renovation,agency,7
Bibirevo,modern_panel,no_renovation,owner,7
Bogorodskoye,monolith,designer,agency,7
Rogovskoye,stalin,cosmetic,agency,7
Mitino,monolith,cosmetic,owner,7
Golovinsky,panel,designer,owner,7
Shchapovskoye,stalin,no_renovation,agency,7
Shcherbinka,panel,no_renovation,agency,7
Konkovo,brick,designer,agency,7
Lianozovo,brick,designer,agency,7
Tyoply Stan,khrushchev,no_renovation,agency,7
Pokrovskoye-Streshnevo,monolith,cosmetic,agency,7
Shcherbinka,panel,euro,owner,7
Lomonosovsky,stalin,euro,agency,7
Ochakovo-Matveyevskoye,brick,cosmetic,owner,7
Meshchansky,khrushchev,no_renovation,owner,7
Tverskoy,khrushchev,euro,owner,7
Mosrentgen,brick,euro,owner,7
Rostokino,brick,euro,owner,7
Novofyodorovskoye,khrushchev,cosmetic,owner,7
Ramenki,khrushchev,euro,owner,7
Lomonosovsky,modern_panel,no_renovation,owner,7
Voronovskoye,monolith,euro,owner,7
Vostochny,brick,euro,owner,7
Mosrentgen,stalin,cosmetic,agency,7
Lomonosovsky,stalin,cosmetic,agency,7
Nagatino-Sadovniki,panel,designer,agency,7
Rostokino,khrushchev,no_renovation,owner,7
Kosino-Ukhtomsky,brick,designer,agency,7
Marushkinskoye,brick,euro,owner,7
Severnoye Izmaylovo,modern_panel,cosmetic,owner,7
Severnoye Izmaylovo,modern_panel,no_renovation,agency,7
Krylatskoye,modern_panel,cosmetic,owner,7
Krasnoselsky,monolith,no_renovation,agency,7
Shchukino,khrushchev,cosmetic,owner,7
Obruchevsky,stalin,cosmetic,agency,7
Ramenki,brick,no_renovation,agency,7
Pokrovskoye-Streshnevo,modern_panel,euro,owner,7
Babushkinsky,brick,cosmetic,owner,7
Altufyevsky,monolith,no_renovation,agency,7
Desyonovskoye,panel,designer,owner,7
Zapadnoye Degunino,khrushchev,designer,agency,7
Novofyodorovskoye,monolith,no_renovation,agency,7
Mitino,modern_panel,no_renovation,owner,7
Kuntsevo,khrushchev,cosmetic,owner,7
Novofyodorovskoye,khrushchev,euro,agency,7
Fili-Davydkovo,stalin,cosmetic,agency,7
Babushkinsky,brick,no_renovation,agency,7
Rogovskoye,panel,no_renovation,owner,7
Bogorodskoye,stalin,cosmetic,agency,7
Novo-Peredelkino,modern_panel,cosmetic,owner,7
Savyolovsky,monolith,cosmetic,owner,7
Novokosino,khrushchev,cosmetic,owner,7
Prospekt Vernadskogo,panel,designer,agency,7
Pervomayskoye,khrushchev,cosmetic,owner,7
Zyablikovo,khrushchev,designer,agency,7
Yasenevo,brick,designer,agency,7
Khoroshyovsky,panel,no_renovation,owner,7
Rostokino,monolith,no_renovation,owner,7
Dmitrovsky,khrushchev,no_renovation,agency,7
Tverskoy,monolith,no_renovation,agency,7
Vnukovskoye,khrushchev,cosmetic,owner,7
Solntsevo,stalin,cosmetic,agency,7
Perovo,stalin,cosmetic,agency,7
Ostankinsky,khrushchev,no_renovation,agency,7
Marfino,panel,euro,owner,7
Tyoply Stan,brick,euro,owner,7
Otradnoye,monolith,no_renovation,owner,7
Pokrovskoye-Streshnevo,khrushchev,cosmetic,owner,7
Tsaritsyno,brick,no_renovation,agency,7
Desyonovskoye,panel,no_renovation,owner,7
Butyrsky,monolith,designer,agency,7
Mozhaysky,stalin,cosmetic,agency,7
Babushkinsky,khrushchev,no_renovation,agency,7
Dorogomilovo,stalin,cosmetic,agency,7
Nagorny,khrushchev,no_renovation,agency,7
Novogireyevo,khrushchev,euro,owner,7
Tsaritsyno,panel,no_renovation,agency,7
Krasnopakhorskoye,brick,cosmetic,owner,7
Golovinsky,stalin,no_renovation,owner,7
Orekhovo-Borisovo Severnoye,monolith,euro,owner,7
Savyolovsky,modern_panel,euro,owner,7
Shcherbinka,modern_panel,no_renovation,agency,7
Khamovniki,brick,no_renovation,agency,7
Severnoye Izmaylovo,brick,no_renovation,owner,7
Strogino,panel,no_renovation,agency,7
Troitsk,modern_panel,no_renovation,agency,7
Mozhaysky,stalin,cosmetic,owner,7
Shchapovskoye,brick,no_renovation,owner,7
Ochakovo-Matveyevskoye,panel,euro,owner,7
Kievsky,modern_panel,euro,owner,7
Sosenskoye,brick,no_renovation,owner,7
Ostankinsky,monolith,cosmetic,owner,7
Chertanovo Severnoye,panel,no_renovation,owner,7
Kuntsevo,panel,euro,owner,7
Zapadnoye Degunino,modern_panel,euro,owner,7
Nagorny,monolith,designer,agency,7
Zyablikovo,brick,euro,owner,7
Mosrentgen,monolith,designer,agency,7
Bibirevo,panel,no_renovation,owner,7
Basmanny,brick,no_renovation,owner,7
Shcherbinka,modern_panel,designer,agency,7
Zyablikovo,panel,euro,agency,7
Dorogomilovo,monolith,euro,owner,7
Konkovo,brick,euro,agency,7
Altufyevsky,monolith,no_renovation,owner,7
Khoroshyovsky,monolith,designer,owner,7
Kuntsevo,khrushchev,no_renovation,agency,7
Donskoy,panel,designer,agency,7
Kokoshkino,monolith,no_renovation,agency,7
Metrogorodok,brick,no_renovation,agency,7
Voskresenskoye,monolith,euro,owner,7
Severnoye Butovo,brick,no_renovation,owner,7
Sviblovo,monolith,euro,owner,7
Mosrentgen,modern_panel,no_renovation,owner,7
Rogovskoye,panel,designer,agency,7
Severnoye Izmaylovo,modern_panel,designer,agency,7
Krylatskoye,panel,euro,owner,7
Rostokino,modern_panel,euro,owner,7
Moskovsky,khrushchev,euro,agency,7
Filyovsky Park,khrushchev,no_renovation,agency,7
Sosenskoye,monolith,euro,agency,7
Yuzhnoye Butovo,modern_panel,no_renovation,owner,7
Koptevo,stalin,cosmetic,agency,7
Sviblovo,khrushchev,no_renovation,agency,7
Babushkinsky,panel,designer,agency,7
Tyoply Stan,brick,cosmetic,owner,7
Begovoy,panel,cosmetic,owner,7
Krylatskoye,brick,cosmetic,agency,7
Sokolinaya Gora,panel,cosmetic,owner,7
Novokosino,panel,no_renovation,agency,7
Nagatinsky Zaton,monolith,euro,owner,7
Tsaritsyno,brick,no_renovation,owner,7
Novogireyevo,khrushchev,no_renovation,agency,7
Golovinsky,monolith,no_renovation,agency,7
Marushkinskoye,monolith,no_renovation,owner,7
Mitino,monolith,euro,owner,7
Voronovskoye,panel,designer,agency,7
Sokol,panel,euro,owner,7
Losinoostrovsky,monolith,euro,owner,7
Severnoye Butovo,brick,no_renovation,agency,7
Altufyevsky,stalin,cosmetic,owner,7
Khovrino,brick,no_renovation,agency,7
Kuntsevo,brick,cosmetic,owner,7
Zamoskvorechye,modern_panel,no_renovation,owner,7
Marfino,monolith,no_renovation,owner,7
Mozhaysky,panel,euro,owner,7
Ostankinsky,monolith,euro,owner,7
Konkovo,monolith,no_renovation,owner,7
Troparyovo-Nikulino,panel,euro,owner,7
Pokrovskoye-Streshnevo,stalin,cosmetic,agency,7
Voronovskoye,stalin,cosmetic,agency,7
Bibirevo,brick,designer,agency,7
Khovrino,modern_panel,cosmetic,owner,7
Orekhovo-Borisovo Yuzhnoye,modern_panel,no_renovation,owner,7
Yaroslavsky,modern_panel,euro,owner,7
Obruchevsky,panel,no_renovation,owner,7
Dmitrovsky,panel,euro,owner,7
Brateyevo,brick,euro,owner,7
Vnukovo,modern_panel,designer,agency,7
Moskvorechye-Saburovo,modern_panel,designer,agency,7
Desyonovskoye,monolith,no_renovation,owner,7
Basmanny,monolith,euro,owner,7
Voronovskoye,brick,designer,agency,7
Vostochnoye Izmaylovo,khrushchev,cosmetic,owner,7
Tsaritsyno,stalin,cosmetic,agency,7
Cheryomushki,panel,designer,agency,7
Severnoye Medvedkovo,khrushchev,cosmetic,owner,7
Savyolovsky,panel,designer,agency,7
Troitsk,brick,cosmetic,owner,7
Timiryazevsky,khrushchev,cosmetic,owner,7
Perovo,panel,no_renovation,owner,7
Voskresenskoye,panel,euro,owner,7
Desyonovskoye,modern_panel,no_renovation,owner,7
Shchukino,panel,euro,owner,7
Maryina Roshcha,panel,no_renovation,owner,7
Chertanovo Yuzhnoye,khrushchev,no_renovation,owner,7
Shcherbinka,khrushchev,no_renovation,agency,7
Voronovskoye,panel,no_renovation,owner,7
Voykovsky,brick,no_renovation,agency,7
Chertanovo Tsentralnoye,stalin,cosmetic,agency,7
Maryina Roshcha,khrushchev,no_renovation,agency,7
Ivanovskoye,brick,cosmetic,owner,7
Nagorny,stalin,cosmetic,agency,7
Tagansky,panel,designer,agency,7
Strogino,modern_panel,designer,agency,7
Brateyevo,stalin,euro,agency,7
Chertanovo Yuzhnoye,panel,no_renovation,owner,7
Maryina Roshcha,modern_panel,no_renovation,owner,7
Otradnoye,brick,no_renovation,agency,7
Zapadnoye Degunino,monolith,no_renovation,owner,7
Khovrino,brick,euro,owner,7
Chertanovo Yuzhnoye,modern_panel,euro,owner,7
Kosino-Ukhtomsky,brick,euro,owner,7
Yuzhnoye Medvedkovo,modern_panel,no_renovation,agency,7
Levoberezhny,khrushchev,no_renovation,agency,7
Donskoy,modern_panel,euro,owner,7
Yasenevo,monolith,cosmetic,owner,7
Marushkinskoye,stalin,euro,agency,7
Ramenki,stalin,euro,agency,7
Strogino,khrushchev,euro,owner,7
Obruchevsky,khrushchev,no_renovation,agency,6
Voykovsky,stalin,euro,owner,6
Gagarinsky,modern_panel,no_renovation,owner,6
Yuzhnoye Butovo,khrushchev,euro,owner,6
Molzhaninovsky,stalin,no_renovation,agency,6
Krasnoselsky,stalin,euro,agency,6
Zapadnoye Degunino,panel,no_renovation,owner,6
Aeroport,panel,no_renovation,owner,6
Alekseevsky,brick,no_renovation,agency,6
Tsaritsyno,monolith,designer,owner,6
Yasenevo,khrushchev,no_renovation,agency,6
Moskvorechye-Saburovo,khrushchev,cosmetic,owner,6
Sosenskoye,panel,no_renovation,owner,6
Nagorny,modern_panel,cosmetic,owner,6
Golyanovo,panel,cosmetic,owner,6
Cheryomushki,stalin,cosmetic,agency,6
Bibirevo,stalin,euro,owner,6
Pervomayskoye,brick,euro,owner,6
Sviblovo,modern_panel,designer,agency,6
Krasnoselsky,panel,euro,owner,6
Timiryazevsky,brick,euro,owner,6
Nagatino-Sadovniki,khrushchev,euro,owner,6
Mikhaylovo-Yartsevskoye,brick,designer,agency,6
Vostochnoye Izmaylovo,brick,designer,agency,6
Gagarinsky,stalin,designer,agency,6
Shcherbinka,brick,designer,agency,6
Veshnyaki,stalin,cosmetic,agency,6
Kurkino,monolith,no_renovation,owner,6
Maryina Roshcha,monolith,euro,owner,6
Sosenskoye,panel,designer,agency,6
Losinoostrovsky,panel,designer,agency,6
Koptevo,stalin,euro,agency,6
Molzhaninovsky,modern_panel,designer,agency,6
Dmitrovsky,monolith,euro,owner,6
Brateyevo,modern_panel,euro,owner,6
Severnoye Butovo,khrushchev,designer,agency,6
Novo-Peredelkino,brick,euro,owner,6
Ryazanovskoye,modern_panel,euro,agency,6
Obruchevsky,stalin,cosmetic,owner,6
Donskoy,khrushchev,no_renovation,owner,6
Troitsk,modern_panel,euro,owner,6
Losinoostrovsky,panel,no_renovation,owner,6
Mikhaylovo-Yartsevskoye,monolith,euro,owner,6
Preobrazhenskoye,brick,designer,agency,6
Severnoye Butovo,monolith,designer,agency,6
Golyanovo,monolith,no_renovation,agency,6
Golyanovo,stalin,cosmetic,owner,6
Chertanovo Yuzhnoye,monolith,euro,owner,6
Tsaritsyno,panel,no_renovation,owner,6
Shchapovskoye,panel,euro,owner,6
Tyoply Stan,khrushchev,no_renovation,owner,6
Butyrsky,khrushchev,euro,agency,6
Khoroshyovo-Mnyovniki,khrushchev,cosmetic,owner,6
Danilovsky,stalin,cosmetic,owner,6
Prospekt Vernadskogo,khrushchev,euro,owner,6
Orekhovo-Borisovo Severnoye,panel,designer,agency,6
Khoroshyovo-Mnyovniki,khrushchev,no_renovation,owner,6
Yakimanka,stalin,cosmetic,owner,6
Novokosino,khrushchev,no_renovation,agency,6
Severnoye Medvedkovo,modern_panel,no_renovation,owner,6
Kievsky,brick,designer,agency,6
Marfino,modern_panel,no_renovation,owner,6
Lianozovo,brick,euro,owner,6
Molzhaninovsky,brick,designer,owner,6
Biryulyovo Zapadnoye,panel,euro,owner,6
Tsaritsyno,modern_panel,no_renovation,agency,6
Kuntsevo,khrushchev,euro,owner,6
Filyovsky Park,brick,cosmetic,owner,6
Marfino,panel,designer,agency,6
Bibirevo,khrushchev,no_renovation,agency,6
Novofyodorovskoye,modern_panel,no_renovation,agency,6
Mozhaysky,panel,no_renovation,agency,6
Metrogorodok,khrushchev,no_renovation,agency,6
Voronovskoye,brick,no_renovation,agency,6
Pokrovskoye-Streshnevo,brick,euro,owner,6
Filyovsky Park,stalin,euro,agency,6
Donskoy,stalin,euro,agency,6
Prospekt Vernadskogo,stalin,no_renovation,agency,6
Desyonovskoye,monolith,cosmetic,owner,6
Chertanovo Severnoye,modern_panel,no_renovation,agency,6
Kurkino,monolith,cosmetic,owner,6
Novokosino,monolith,designer,owner,6
Kurkino,monolith,no_renovation,agency,6
Khovrino,modern_panel,designer,agency,6
Savyolovsky,khrushchev,cosmetic,owner,6
Arbat,brick,no_renovation,owner,6
Chertanovo Severnoye,monolith,no_renovation,owner,6
Yuzhnoye Tushino,modern_panel,cosmetic,owner,6
Klyonovskoye,brick,euro,owner,6
Vostochnoye Izmaylovo,panel,no_renovation,owner,6
Yakimanka,stalin,no_renovation,agency,6
Troparyovo-Nikulino,stalin,euro,agency,6
Moskovsky,brick,designer,agency,6
Krasnopakhorskoye,monolith,euro,owner,6
Bogorodskoye,panel,euro,owner,6
Obruchevsky,brick,no_renovation,owner,6
Pokrovskoye-Streshnevo,stalin,cosmetic,owner,6
Golyanovo,panel,euro,owner,6
Filyovsky Park,brick,euro,owner,6
Obruchevsky,brick,designer,agency,6
Khovrino,panel,no_renovation,owner,6
Donskoy,panel,no_renovation,owner,6
Nagatino-Sadovniki,brick,no_renovation,agency,6
Kurkino,khrushchev,euro,owner,6
Biryulyovo Vostochnoye,brick,no_renovation,agency,6
Golyanovo,stalin,cosmetic,agency,6
Shcherbinka,khrushchev,cosmetic,owner,6
Shchukino,brick,euro,owner,6
Losinoostrovsky,brick,no_renovation,agency,6
Vnukovskoye,modern_panel,designer,agency,6
Lianozovo,brick,no_renovation,agency,6
Filimonkovskoye,panel,no_renovation,owner,6
Akademichesky,brick,no_renovation,owner,6
Biryulyovo Vostochnoye,khrushchev,no_renovation,owner,6
Kuntsevo,monolith,designer,agency,6
Zyablikovo,monolith,designer,agency,6
Sokol,monolith,designer,agency,6
Yuzhnoye Medvedkovo,stalin,euro,agency,6
Vostochnoye Izmaylovo,modern_panel,designer,agency,6
Shcherbinka,panel,designer,agency,6
Ostankinsky,panel,designer,agency,6
Mikhaylovo-Yartsevskoye,stalin,no_renovation,agency,6
Presnensky,monolith,designer,agency,6
Rogovskoye,modern_panel,designer,agency,6
Yuzhnoye Medvedkovo,stalin,cosmetic,agency,6
Obruchevsky,khrushchev,cosmetic,owner,6
Brateyevo,monolith,euro,owner,6
Brateyevo,khrushchev,cosmetic,owner,6
Basmanny,modern_panel,no_renovation,owner,6
Severny,modern_panel,euro,owner,6
Dmitrovsky,modern_panel,designer,owner,6
Moskvorechye-Saburovo,modern_panel,euro,owner,6
Sokolinaya Gora,modern_panel,no_renovation,owner,6
Kurkino,stalin,euro,agency,6
Nagatinsky Zaton,stalin,cosmetic,agency,6
Arbat,stalin,cosmetic,agency,6
Severnoye Medvedkovo,brick,cosmetic,owner,6
Pervomayskoye,panel,designer,agency,6
Voykovsky,khrushchev,euro,owner,6
Strogino,stalin,euro,agency,6
Dorogomilovo,panel,no_renovation,owner,6
Biryulyovo Vostochnoye,khrushchev,cosmetic,owner,6
Sokolniki,khrushchev,euro,owner,6
Severnoye Medvedkovo,stalin,cosmetic,owner,6
Krasnoselsky,monolith,euro,owner,6
Chertanovo Tsentralnoye,stalin,euro,agency,6
Meshchansky,modern_panel,no_renovation,owner,6
Sokolniki,khrushchev,cosmetic,owner,6
Orekhovo-Borisovo Severnoye,panel,no_renovation,agency,6
Preobrazhenskoye,stalin,no_renovation,agency,6
Yaroslavsky,khrushchev,euro,owner,6
Khovrino,stalin,euro,agency,6
Voykovsky,brick,designer,agency,6
Filimonkovskoye,khrushchev,cosmetic,owner,6
Moskovsky,modern_panel,no_renovation,owner,6
Ramenki,modern_panel,designer,agency,6
Begovoy,brick,designer,agency,6
Novo-Peredelkino,monolith,no_renovation,owner,6
Otradnoye,panel,euro,owner,6
Zapadnoye Degunino,brick,no_renovation,owner,6
Moskvorechye-Saburovo,modern_panel,no_renovation,owner,6
Vostochnoye Izmaylovo,panel,euro,owner,6
Presnensky,khrushchev,designer,agency,6
Altufyevsky,panel,no_renovation,owner,6
Lomonosovsky,panel,no_renovation,agency,6
Izmaylovo,modern_panel,euro,owner,6
Kosino-Ukhtomsky,khrushchev,no_renovation,agency,6
Tverskoy,panel,euro,owner,6
Biryulyovo Zapadnoye,monolith,cosmetic,owner,6
Filimonkovskoye,modern_panel,no_renovation,agency,6
Shchapovskoye,brick,no_renovation,agency,6
Dmitrovsky,brick,no_renovation,owner,6
Severnoye Izmaylovo,brick,euro,owner,6
Orekhovo-Borisovo Yuzhnoye,khrushchev,euro,agency,6
Biryulyovo Vostochnoye,modern_panel,designer,agency,6
Tyoply Stan,brick,no_renovation,owner,6
Ivanovskoye,stalin,cosmetic,owner,6
Otradnoye,panel,designer,agency,6
Severnoye Izmaylovo,panel,designer,agency,6
Obruchevsky,brick,euro,owner,6
Altufyevsky,brick,cosmetic,owner,6
Zelenograd,stalin,no_renovation,agency,6
Yakimanka,brick,designer,agency,6
Bibirevo,brick,designer,owner,6
Otradnoye,khrushchev,no_renovation,owner,6
Nagorny,khrushchev,no_renovation,owner,6
Novo-Peredelkino,khrushchev,cosmetic,owner,6
Chertanovo Yuzhnoye,brick,no_renovation,owner,6
Zyuzino,panel,designer,agency,6
Vostochny,khrushchev,designer,agency,6
Marfino,khrushchev,designer,agency,6
Severnoye Tushino,panel,cosmetic,owner,6
Brateyevo,monolith,no_renovation,agency,6
Zelenograd,panel,cosmetic,owner,6
Izmaylovo,brick,cosmetic,owner,6
Biryulyovo Vostochnoye,monolith,no_renovation,owner,6
Vostochny,panel,no_renovation,owner,6
Filimonkovskoye,stalin,no_renovation,agency,6
Rogovskoye,stalin,cosmetic,owner,6
Sviblovo,modern_panel,no_renovation,agency,6
Severnoye Izmaylovo,monolith,designer,owner,6
Kosino-Ukhtomsky,khrushchev,euro,owner,6
Tsaritsyno,monolith,no_renovation,agency,6
Troitsk,panel,cosmetic,owner,6
Gagarinsky,modern_panel,euro,owner,6
Meshchansky,stalin,euro,agency,6
Kokoshkino,panel,no_renovation,agency,6
Ostankinsky,brick,euro,owner,6
Filyovsky Park,modern_panel,no_renovation,owner,6
Novokosino,modern_panel,no_renovation,owner,6
Zamoskvorechye,monolith,euro,owner,6
Klyonovskoye,panel,no_renovation,owner,6
Chertanovo Severnoye,brick,no_renovation,owner,6
Biryulyovo Zapadnoye,monolith,euro,owner,6
Meshchansky,panel,no_renovation,agency,6
Desyonovskoye,modern_panel,designer,agency,6
Ostankinsky,modern_panel,no_renovation,agency,6
Otradnoye,khrushchev,no_renovation,agency,6
Dorogomilovo,monolith,designer,agency,6
Severnoye Tushino,khrushchev,no_renovation,owner,6
Akademichesky,modern_panel,no_renovation,owner,6
Prospekt Vernadskogo,modern_panel,no_renovation,owner,6
Severnoye Izmaylovo,modern_panel,euro,owner,6
Sokol,panel,designer,owner,6
Rostokino,stalin,no_renovation,agency,6
Vostochnoye Izmaylovo,brick,designer,owner,6
Krasnoselsky,stalin,euro,owner,6
Chertanovo Tsentralnoye,khrushchev,designer,agency,6
Khovrino,brick,no_renovation,owner,6
Perovo,khrushchev,euro,agency,6
Arbat,monolith,euro,owner,6
Voykovsky,panel,cosmetic,owner,6
Tyoply Stan,modern_panel,designer,agency,6
Obruchevsky,khrushchev,designer,agency,6
Filyovsky Park,monolith,designer,agency,6
Ramenki,brick,designer,agency,6
Dmitrovsky,panel,cosmetic,owner,6
Severnoye Tushino,modern_panel,designer,agency,6
Losinoostrovsky,brick,euro,owner,6
Babushkinsky,panel,euro,owner,6
Kotlovka,stalin,cosmetic,agency,6
Meshchansky,panel,no_renovation,owner,6
Ivanovskoye,modern_panel,designer,agency,6
Biryulyovo Zapadnoye,panel,designer,agency,6
Zamoskvorechye,brick,designer,agency,6
Sokolinaya Gora,stalin,euro,agency,6
Begovoy,modern_panel,no_renovation,agency,6
Yuzhnoye Medvedkovo,khrushchev,euro,owner,6
Begovoy,panel,designer,agency,6
Tagansky,brick,euro,owner,6
Novogireyevo,modern_panel,designer,agency,6
Meshchansky,stalin,cosmetic,agency,6
Sviblovo,brick,euro,owner,6
Yakimanka,stalin,cosmetic,agency,6
Perovo,brick,no_renovation,agency,6
Sosenskoye,khrushchev,designer,agency,6
Akademichesky,khrushchev,euro,owner,6
Kuntsevo,stalin,cosmetic,agency,6
Novogireyevo,stalin,cosmetic,agency,6
Ryazanovskoye,modern_panel,no_renovation,owner,6
Mikhaylovo-Yartsevskoye,panel,designer,agency,6
Beskudnikovsky,modern_panel,designer,agency,6
Brateyevo,modern_panel,no_renovation,owner,6
Zelenograd,modern_panel,no_renovation,agency,6
Ryazanovskoye,monolith,designer,agency,6
Chertanovo Severnoye,panel,designer,agency,6
Severnoye Izmaylovo,khrushchev,no_renovation,agency,6
Ostankinsky,khrushchev,designer,agency,6
Sosenskoye,modern_panel,cosmetic,owner,6
Sokolinaya Gora,stalin,designer,agency,6
Danilovsky,monolith,designer,agency,6
Novogireyevo,monolith,euro,owner,6
Akademichesky,brick,euro,owner,6
Donskoy,stalin,no_renovation,agency,6
Tagansky,monolith,euro,owner,6
Vnukovskoye,panel,no_renovation,owner,6
Severnoye Tushino,panel,designer,agency,6
Ostankinsky,brick,no_renovation,agency,6
Strogino,brick,designer,agency,6
Sosenskoye,monolith,no_renovation,owner,6
Vnukovskoye,panel,no_renovation,agency,6
Mikhaylovo-Yartsevskoye,monolith,designer,agency,6
Babushkinsky,monolith,euro,owner,6
Yakimanka,modern_panel,no_renovation,owner,6
Maryina Roshcha,brick,no_renovation,agency,6
Yuzhnoye Tushino,khrushchev,no_renovation,agency,6
Shchukino,panel,no_renovation,owner,6
Kotlovka,panel,designer,owner,6
Shcherbinka,khrushchev,euro,owner,6
Yasenevo,khrushchev,designer,owner,6
Mozhaysky,monolith,designer,agency,6
Chertanovo Severnoye,stalin,cosmetic,agency,6
Novofyodorovskoye,brick,cosmetic,owner,6
Otradnoye,panel,cosmetic,owner,6
Sokolniki,khrushchev,no_renovation,owner,6
Losinoostrovsky,brick,no_renovation,owner,6
Biryulyovo Zapadnoye,brick,cosmetic,agency,6
Konkovo,monolith,designer,owner,6
Kotlovka,khrushchev,euro,agency,6
Vnukovskoye,panel,euro,owner,6
Brateyevo,monolith,no_renovation,owner,6
Presnensky,panel,designer,agency,6
Vostochny,panel,cosmetic,owner,6
Kokoshkino,modern_panel,no_renovation,agency,6
Tverskoy,modern_panel,designer,owner,6
Preobrazhenskoye,modern_panel,euro,owner,6
Danilovsky,panel,euro,owner,6
Severnoye Medvedkovo,stalin,cosmetic,agency,6
Beskudnikovsky,khrushchev,euro,owner,6
Maryina Roshcha,khrushchev,cosmetic,owner,6
Zelenograd,brick,designer,agency,6
Cheryomushki,brick,euro,owner,6
Yakimanka,monolith,no_renovation,owner,6
Troparyovo-Nikulino,khrushchev,cosmetic,owner,6
Vostochny,panel,designer,agency,6
Babushkinsky,modern_panel,euro,owner,6
Troparyovo-Nikulino,stalin,cosmetic,owner,6
Filyovsky Park,modern_panel,euro,owner,6
Sviblovo,stalin,cosmetic,owner,6
Arbat,brick,euro,owner,6
Klyonovskoye,modern_panel,no_renovation,agency,6
Biryulyovo Zapadnoye,panel,no_renovation,owner,6
Krasnoselsky,khrushchev,no_renovation,agency,6
Dorogomilovo,stalin,euro,agency,6
Shcherbinka,khrushchev,designer,agency,6
Golyanovo,brick,euro,owner,6
Mitino,brick,euro,owner,6
Levoberezhny,khrushchev,euro,owner,6
Alekseevsky,khrushchev,euro,owner,6
Ochakovo-Matveyevskoye,modern_panel,euro,owner,6
Veshnyaki,khrushchev,cosmetic,owner,6
Marushkinskoye,khrushchev,cosmetic,owner,6
Voykovsky,khrushchev,euro,agency,6
Gagarinsky,khrushchev,no_renovation,agency,6
Donskoy,khrushchev,cosmetic,owner,6
Novogireyevo,modern_panel,euro,owner,6
Yuzhnoye Tushino,brick,no_renovation,owner,6
Khamovniki,stalin,no_renovation,agency,6
Vostochny,khrushchev,euro,owner,6
Zamoskvorechye,panel,no_renovation,agency,6
Presnensky,modern_panel,designer,agency,6
Klyonovskoye,modern_panel,no_renovation,owner,6
Biryulyovo Vostochnoye,khrushchev,euro,owner,6
Begovoy,brick,no_renovation,owner,6
Ochakovo-Matveyevskoye,brick,designer,agency,6
Cheryomushki,khrushchev,designer,agency,6
Troitsk,khrushchev,designer,owner,6
Novo-Peredelkino,khrushchev,designer,agency,6
Mikhaylovo-Yartsevskoye,khrushchev,cosmetic,owner,6
Nagorny,monolith,euro,owner,6
Zyablikovo,modern_panel,cosmetic,owner,6
Khoroshyovsky,stalin,euro,agency,6
Mozhaysky,khrushchev,euro,owner,6
Zelenograd,monolith,euro,owner,6
Lomonosovsky,brick,euro,owner,6
Izmaylovo,stalin,cosmetic,owner,6
Severny,panel,no_renovation,owner,6
Shchukino,khrushchev,euro,owner,6
Akademichesky,monolith,euro,owner,6
Yuzhnoye Tushino,panel,euro,owner,6
Severnoye Medvedkovo,modern_panel,euro,owner,6
Orekhovo-Borisovo Yuzhnoye,stalin,euro,owner,6
Orekhovo-Borisovo Yuzhnoye,modern_panel,designer,agency,6
Solntsevo,modern_panel,euro,owner,6
Khovrino,panel,euro,owner,6
Ivanovskoye,khrushchev,no_renovation,agency,6
Severnoye Izmaylovo,monolith,designer,agency,6
Yuzhnoye Butovo,panel,no_renovation,owner,6
Donskoy,panel,no_renovation,agency,6
Mosrentgen,brick,no_renovation,agency,6
Beskudnikovsky,khrushchev,no_renovation,agency,6
Basmanny,khrushchev,no_renovation,agency,6
Brateyevo,brick,no_renovation,owner,6
Biryulyovo Zapadnoye,khrushchev,no_renovation,owner,6
Kosino-Ukhtomsky,modern_panel,no_renovation,agency,6
Aeroport,monolith,no_renovation,agency,6
Brateyevo,khrushchev,designer,agency,6
Khoroshyovsky,stalin,cosmetic,agency,6
Arbat,stalin,no_renovation,agency,6
Rogovskoye,brick,cosmetic,owner,6
Sviblovo,khrushchev,no_renovation,owner,6
Arbat,panel,euro,owner,6
Molzhaninovsky,modern_panel,euro,owner,6
Biryulyovo Vostochnoye,modern_panel,designer,owner,6
Maryina Roshcha,panel,euro,owner,6
Losinoostrovsky,khrushchev,cosmetic,owner,6
Kuntsevo,monolith,euro,owner,6
Tagansky,stalin,no_renovation,agency,6
Filyovsky Park,monolith,euro,owner,6
Yuzhnoye Medvedkovo,modern_panel,designer,owner,6
Nagorny,brick,cosmetic,owner,6
Shchapovskoye,panel,designer,agency,6
Altufyevsky,khrushchev,no_renovation,agency,6
Shchapovskoye,panel,no_renovation,owner,6
Levoberezhny,stalin,euro,owner,6
Koptevo,brick,no_renovation,owner,6
Yuzhnoye Butovo,khrushchev,designer,agency,6
Bogorodskoye,modern_panel,designer,agency,6
Vnukovo,panel,designer,owner,6
Bogorodskoye,brick,designer,agency,6
Rostokino,panel,designer,agency,6
Yakimanka,modern_panel,designer,agency,6
Bogorodskoye,stalin,euro,agency,6
Shchapovskoye,monolith,designer,agency,6
Butyrsky,brick,no_renovation,agency,6
Mitino,brick,no_renovation,owner,6
Kievsky,monolith,no_renovation,owner,6
Altufyevsky,monolith,designer,agency,6
Tagansky,panel,no_renovation,agency,6
Savyolovsky,modern_panel,designer,agency,6
Bibirevo,monolith,designer,agency,6
Golyanovo,khrushchev,no_renovation,owner,6
Timiryazevsky,khrushchev,no_renovation,agency,6
Novo-Peredelkino,stalin,euro,agency,6
Sosenskoye,modern_panel,designer,agency,6
Levoberezhny,khrushchev,euro,agency,6
Chertanovo Yuzhnoye,brick,euro,owner,6
Chertanovo Severnoye,khrushchev,no_renovation,agency,6
Pokrovskoye-Streshnevo,modern_panel,designer,agency,6
Alekseevsky,khrushchev,euro,agency,6
Tverskoy,brick,euro,owner,6
Timiryazevsky,brick,no_renovation,agency,6
Sokol,modern_panel,no_renovation,agency,6
Presnensky,khrushchev,no_renovation,agency,6
Zapadnoye Degunino,modern_panel,cosmetic,owner,6
Mosrentgen,monolith,cosmetic,owner,6
Mosrentgen,khrushchev,no_renovation,agency,6
Molzhaninovsky,stalin,euro,agency,6
Beskudnikovsky,brick,designer,agency,6
Biryulyovo Zapadnoye,modern_panel,no_renovation,owner,6
Moskovsky,panel,euro,owner,6
Ivanovskoye,monolith,designer,agency,6
Lianozovo,modern_panel,designer,agency,6
Danilovsky,brick,no_renovation,owner,6
Obruchevsky,monolith,designer,agency,6
Zelenograd,khrushchev,no_renovation,agency,6
Vnukovo,monolith,cosmetic,owner,6
Troparyovo-Nikulino,khrushchev,euro,agency,6
Khamovniki,khrushchev,euro,owner,6
Novokosino,brick,no_renovation,owner,6
Pervomayskoye,brick,no_renovation,owner,6
Marfino,modern_panel,no_renovation,agency,6
Strogino,khrushchev,designer,agency,6
Rostokino,monolith,designer,owner,6
Voykovsky,khrushchev,no_renovation,owner,6
Ramenki,panel,no_renovation,agency,6
Perovo,khrushchev,no_renovation,agency,6
Tyoply Stan,panel,no_renovation,owner,6
Tagansky,khrushchev,designer,agency,6
Molzhaninovsky,brick,no_renovation,owner,6
Kievsky,khrushchev,no_renovation,agency,6
Chertanovo Severnoye,monolith,designer,agency,6
Dorogomilovo,brick,designer,agency,5
Severny,panel,euro,owner,5
Krylatskoye,stalin,euro,agency,5
Ostankinsky,modern_panel,no_renovation,owner,5
Troitsk,stalin,euro,agency,5
Metrogorodok,stalin,no_renovation,agency,5
Desyonovskoye,modern_panel,designer,owner,5
Maryina Roshcha,modern_panel,euro,owner,5
Gagarinsky,monolith,designer,agency,5
Savyolovsky,modern_panel,cosmetic,owner,5
Novogireyevo,panel,no_renovation,owner,5
Tverskoy,modern_panel,designer,agency,5
Chertanovo Severnoye,modern_panel,euro,owner,5
Desyonovskoye,brick,euro,owner,5
Khamovniki,monolith,designer,agency,5
Troitsk,brick,designer,agency,5
Pervomayskoye,stalin,no_renovation,agency,5
Khovrino,khrushchev,no_renovation,owner,5
Tverskoy,khrushchev,no_renovation,owner,5
Beskudnikovsky,brick,no_renovation,owner,5
Moskovsky,panel,designer,owner,5
Chertanovo Tsentralnoye,stalin,no_renovation,agency,5
Moskvorechye-Saburovo,panel,no_renovation,owner,5
Krasnopakhorskoye,brick,designer,agency,5
Butyrsky,panel,no_renovation,owner,5
Nagorny,khrushchev,designer,agency,5
Sokol,panel,designer,agency,5
Lianozovo,panel,designer,owner,5
Troparyovo-Nikulino,monolith,no_renovation,owner,5
Yuzhnoye Tushino,khrushchev,euro,owner,5
Mikhaylovo-Yartsevskoye,modern_panel,no_renovation,owner,5
Troparyovo-Nikulino,modern_panel,designer,agency,5
Golovinsky,modern_panel,euro,owner,5
Shchapovskoye,khrushchev,no_renovation,agency,5
Strogino,stalin,no_renovation,agency,5
Danilovsky,modern_panel,designer,agency,5
Zapadnoye Degunino,monolith,cosmetic,owner,5
Klyonovskoye,khrushchev,no_renovation,owner,5
Sokolinaya Gora,stalin,cosmetic,owner,5
Strogino,panel,euro,owner,5
Vnukovskoye,modern_panel,no_renovation,owner,5
Konkovo,modern_panel,no_renovation,owner,5
Novokosino,brick,designer,agency,5
Marfino,modern_panel,designer,agency,5
Voykovsky,brick,designer,owner,5
Novokosino,khrushchev,euro,agency,5
Kotlovka,stalin,cosmetic,owner,5
Gagarinsky,stalin,no_renovation,agency,5
Ramenki,modern_panel,euro,owner,5
Marfino,brick,no_renovation,agency,5
Ramenki,panel,euro,owner,5
Kuntsevo,panel,designer,agency,5
Sosenskoye,modern_panel,no_renovation,owner,5
Sokolniki,panel,no_renovation,owner,5
Maryina Roshcha,brick,no_renovation,owner,5
Krasnopakhorskoye,panel,no_renovation,owner,5
Desyonovskoye,brick,designer,agency,5
Mitino,monolith,no_renovation,owner,5
Obruchevsky,khrushchev,euro,owner,5
Yaroslavsky,brick,no_renovation,owner,5
Zyuzino,brick,no_renovation,owner,5
Filimonkovskoye,khrushchev,euro,owner,5
Basmanny,khrushchev,no_renovation,owner,5
Losinoostrovsky,modern_panel,euro,owner,5
Pokrovskoye-Streshnevo,stalin,euro,owner,5
Chertanovo Severnoye,panel,euro,owner,5
Levoberezhny,stalin,euro,agency,5
Severnoye Tushino,monolith,designer,agency,5
Golovinsky,modern_panel,designer,agency,5
Yaroslavsky,stalin,no_renovation,owner,5
Nagatino-Sadovniki,monolith,euro,owner,5
Lomonosovsky,stalin,euro,owner,5
Perovo,khrushchev,no_renovation,owner,5
Konkovo,modern_panel,designer,owner,5
Dmitrovsky,modern_panel,no_renovation,owner,5
Ochakovo-Matveyevskoye,modern_panel,designer,agency,5
Izmaylovo,khrushchev,no_renovation,owner,5
Bogorodskoye,brick,cosmetic,owner,5
Sviblovo,khrushchev,designer,agency,5
Filimonkovskoye,monolith,designer,agency,5
Zamoskvorechye,khrushchev,no_renovation,agency,5
Basmanny,panel,no_renovation,owner,5
Krasnopakhorskoye,stalin,cosmetic,owner,5
Nagatino-Sadovniki,khrushchev,cosmetic,owner,5
Khoroshyovo-Mnyovniki,modern_panel,euro,owner,5
Novo-Peredelkino,panel,euro,owner,5
Timiryazevsky,stalin,euro,agency,5
Golyanovo,brick,no_renovation,agency,5
Severnoye Izmaylovo,stalin,euro,owner,5
Yuzhnoye Tushino,monolith,designer,agency,5
Zelenograd,brick,no_renovation,owner,5
Nagatinsky Zaton,khrushchev,no_renovation,owner,5
Pervomayskoye,modern_panel,designer,agency,5
Metrogorodok,panel,euro,owner,5
Zyablikovo,modern_panel,no_renovation,owner,5
Pervomayskoye,monolith,euro,owner,5
Kotlovka,monolith,euro,owner,5
Beskudnikovsky,monolith,designer,owner,5
Zyuzino,brick,designer,agency,5
Timiryazevsky,khrushchev,euro,owner,5
Dmitrovsky,modern_panel,designer,agency,5
Ivanovskoye,stalin,cosmetic,agency,5
Voskresenskoye,stalin,designer,agency,5
Solntsevo,khrushchev,designer,owner,5
Koptevo,khrushchev,no_renovation,agency,5
Cheryomushki,stalin,euro,agency,5
Shcherbinka,stalin,cosmetic,owner,5
Konkovo,khrushchev,designer,agency,5
Krasnopakhorskoye,panel,no_renovation,agency,5
Moskvorechye-Saburovo,khrushchev,no_renovation,agency,5
Mosrentgen,monolith,no_renovation,owner,5
Tsaritsyno,stalin,euro,owner,5
Krasnopakhorskoye,brick,no_renovation,owner,5
Sokol,stalin,euro,owner,5
Voronovskoye,brick,no_renovation,owner,5
Golovinsky,monolith,no_renovation,owner,5
Nagorny,brick,no_renovation,agency,5
Vnukovo,stalin,euro,agency,5
Marfino,khrushchev,no_renovation,agency,5
Marushkinskoye,khrushchev,designer,agency,5
Alekseevsky,khrushchev,cosmetic,owner,5
Arbat,khrushchev,no_renovation,owner,5
Rostokino,khrushchev,cosmetic,owner,5
Moskvorechye-Saburovo,stalin,euro,agency,5
Yaroslavsky,stalin,cosmetic,agency,5
Severnoye Butovo,khrushchev,no_renovation,agency,5
Koptevo,khrushchev,euro,owner,5
Golovinsky,khrushchev,no_renovation,agency,5
Sokolinaya Gora,panel,no_renovation,owner,5
Marfino,monolith,no_renovation,agency,5
Konkovo,monolith,euro,owner,5
Kotlovka,stalin,euro,agency,5
Sviblovo,monolith,no_renovation,owner,5
Ivanovskoye,panel,designer,owner,5
Marfino,modern_panel,designer,owner,5
Sosenskoye,modern_panel,designer,owner,5
Sokolinaya Gora,panel,designer,agency,5
Zyuzino,khrushchev,cosmetic,owner,5
Rogovskoye,khrushchev,designer,agency,5
Troparyovo-Nikulino,monolith,designer,agency,5
Dorogomilovo,khrushchev,no_renovation,agency,5
Shchukino,stalin,euro,agency,5
Bogorodskoye,monolith,no_renovation,agency,5
Koptevo,panel,euro,owner,5
Otradnoye,monolith,designer,agency,5
Sosenskoye,khrushchev,euro,owner,5
Gagarinsky,modern_panel,cosmetic,owner,5
Tverskoy,khrushchev,designer,agency,5
Novogireyevo,stalin,no_renovation,agency,5
Golovinsky,stalin,no_renovation,agency,5
Perovo,stalin,euro,owner,5
Obruchevsky,modern_panel,no_renovation,agency,5
Izmaylovo,panel,designer,agency,5
Zyablikovo,stalin,euro,owner,5
Metrogorodok,brick,euro,owner,5
Meshchansky,modern_panel,euro,owner,5
Pokrovskoye-Streshnevo,panel,no_renovation,owner,5
Levoberezhny,modern_panel,designer,agency,5
Mitino,panel,no_renovation,owner,5
Maryina Roshcha,khrushchev,euro,owner,5
Pokrovskoye-Streshnevo,monolith,no_renovation,owner,5
Ochakovo-Matveyevskoye,panel,designer,owner,5
Pokrovskoye-Streshnevo,khrushchev,euro,owner,5
Troitsk,khrushchev,no_renovation,agency,5
Veshnyaki,brick,no_renovation,owner,5
Novofyodorovskoye,modern_panel,no_renovation,owner,5
Shchukino,modern_panel,designer,agency,5
Lomonosovsky,monolith,designer,agency,5
Krylatskoye,monolith,no_renovation,agency,5
Golyanovo,modern_panel,designer,agency,5
Sokol,stalin,cosmetic,owner,5
Losinoostrovsky,stalin,no_renovation,agency,5
Rostokino,stalin,cosmetic,owner,5
Khamovniki,panel,designer,agency,5
Kuntsevo,stalin,no_renovation,agency,5
Shchapovskoye,brick,designer,agency,5
Perovo,modern_panel,no_renovation,owner,5
Zyuzino,brick,euro,owner,5
Krylatskoye,monolith,no_renovation,owner,5
Koptevo,modern_panel,designer,owner,5
Voykovsky,modern_panel,no_renovation,owner,5
Ivanovskoye,khrushchev,designer,agency,5
Losinoostrovsky,modern_panel,designer,owner,5
Chertanovo Tsentralnoye,brick,designer,agency,5
Sokolniki,modern_panel,designer,agency,5
Zamoskvorechye,panel,designer,agency,5
Sviblovo,brick,designer,owner,5
Danilovsky,brick,euro,owner,5
Kokoshkino,stalin,cosmetic,agency,5
Mikhaylovo-Yartsevskoye,stalin,cosmetic,owner,5
Pervomayskoye,panel,no_renovation,owner,5
Zelenograd,stalin,cosmetic,agency,5
Sokolniki,brick,no_renovation,owner,5
Biryulyovo Zapadnoye,stalin,cosmetic,owner,5
Nagatinsky Zaton,modern_panel,designer,agency,5
Chertanovo Yuzhnoye,khrushchev,euro,owner,5
Gagarinsky,panel,no_renovation,owner,5
Basmanny,khrushchev,euro,owner,5
Altufyevsky,brick,no_renovation,agency,5
Tagansky,brick,designer,owner,5
Ramenki,brick,no_renovation,owner,5
Pervomayskoye,modern_panel,euro,owner,5
Pervomayskoye,monolith,designer,agency,5
Molzhaninovsky,monolith,no_renovation,owner,5
Obruchevsky,brick,designer,owner,5
Prospekt Vernadskogo,brick,cosmetic,owner,5
Mikhaylovo-Yartsevskoye,brick,no_renovation,agency,5
Bibirevo,panel,designer,agency,5
Akademichesky,khrushchev,designer,owner,5
Veshnyaki,modern_panel,designer,owner,5
Ryazanovskoye,panel,designer,agency,5
Nagorny,modern_panel,designer,agency,5
Izmaylovo,brick,no_renovation,agency,5
Konkovo,stalin,euro,owner,5
Butyrsky,khrushchev,no_renovation,agency,5
Yuzhnoye Medvedkovo,brick,euro,owner,5
Begovoy,khrushchev,designer,agency,5
Ochakovo-Matveyevskoye,panel,designer,agency,5
Beskudnikovsky,panel,designer,agency,5
Ivanovskoye,panel,no_renovation,owner,5
Chertanovo Yuzhnoye,stalin,cosmetic,owner,5
Kievsky,brick,no_renovation,agency,5
Marfino,panel,no_renovation,owner,5
Shchapovskoye,stalin,designer,agency,5
Filimonkovskoye,stalin,cosmetic,agency,5
Lianozovo,stalin,cosmetic,agency,5
Yuzhnoye Tushino,brick,euro,owner,5
Krylatskoye,monolith,designer,agency,5
Ryazanovskoye,panel,no_renovation,owner,5
Babushkinsky,brick,designer,agency,5
Yakimanka,stalin,euro,agency,5
Losinoostrovsky,stalin,cosmetic,agency,5
Donskoy,modern_panel,no_renovation,owner,5
Nagorny,monolith,no_renovation,owner,5
Ochakovo-Matveyevskoye,monolith,no_renovation,agency,5
Voskresenskoye,stalin,cosmetic,agency,5
Ramenki,khrushchev,designer,agency,5
Alekseevsky,stalin,cosmetic,owner,5
Khovrino,stalin,no_renovation,agency,5
Troitsk,monolith,designer,agency,5
Zapadnoye Degunino,brick,no_renovation,agency,5
Aeroport,modern_panel,euro,owner,5
Filyovsky Park,stalin,no_renovation,agency,5
Troitsk,stalin,no_renovation,agency,5
Beskudnikovsky,panel,no_renovation,owner,5
Severnoye Tushino,stalin,euro,agency,5
Khamovniki,modern_panel,euro,owner,5
Novofyodorovskoye,monolith,no_renovation,owner,5
Rogovskoye,brick,no_renovation,owner,5
Levoberezhny,panel,designer,agency,5
Gagarinsky,brick,no_renovation,owner,5
Shchapovskoye,modern_panel,designer,agency,5
Zapadnoye Degunino,panel,designer,agency,5
Kosino-Ukhtomsky,monolith,no_renovation,owner,5
Lomonosovsky,modern_panel,designer,agency,5
Yuzhnoye Tushino,monolith,no_renovation,owner,5
Yasenevo,khrushchev,designer,agency,5
Izmaylovo,stalin,euro,agency,5
Khoroshyovo-Mnyovniki,monolith,no_renovation,agency,5
Obruchevsky,modern_panel,euro,owner,5
Chertanovo Tsentralnoye,monolith,no_renovation,owner,5
Yuzhnoye Medvedkovo,monolith,designer,agency,5
Obruchevsky,monolith,euro,owner,5
Khovrino,stalin,euro,owner,5
Krasnoselsky,modern_panel,designer,owner,5
Marushkinskoye,stalin,cosmetic,agency,5
Severny,modern_panel,no_renovation,owner,5
Voykovsky,brick,no_renovation,owner,5
Ryazanovskoye,modern_panel,designer,agency,5
Moskovsky,stalin,cosmetic,agency,5
Mikhaylovo-Yartsevskoye,brick,no_renovation,owner,5
Brateyevo,khrushchev,no_renovation,owner,5
Cheryomushki,brick,no_renovation,owner,5
Fili-Davydkovo,monolith,designer,agency,5
Yuzhnoye Medvedkovo,stalin,no_renovation,agency,5
Novofyodorovskoye,modern_panel,designer,agency,5
Yuzhnoye Butovo,panel,designer,agency,5
Donskoy,monolith,no_renovation,owner,5
Ramenki,stalin,no_renovation,agency,5
Tsaritsyno,monolith,no_renovation,owner,5
Altufyevsky,stalin,no_renovation,owner,5
Krylatskoye,modern_panel,no_renovation,owner,5
Shcherbinka,monolith,designer,agency,5
Kuntsevo,brick,no_renovation,owner,5
Timiryazevsky,modern_panel,no_renovation,owner,5
Filimonkovskoye,brick,no_renovation,owner,5
Lianozovo,panel,designer,agency,5
Filimonkovskoye,monolith,designer,owner,5
Krasnoselsky,monolith,designer,agency,5
Voykovsky,modern_panel,cosmetic,owner,5
Filimonkovskoye,modern_panel,designer,agency,5
Kosino-Ukhtomsky,modern_panel,euro,owner,5
Shcherbinka,stalin,euro,owner,5
Aeroport,brick,no_renovation,owner,5
Zelenograd,panel,designer,agency,5
Danilovsky,modern_panel,no_renovation,owner,5
Zyablikovo,khrushchev,no_renovation,owner,5
Novofyodorovskoye,brick,no_renovation,owner,5
Strogino,khrushchev,no_renovation,agency,5
Severnoye Butovo,brick,designer,owner,5
Orekhovo-Borisovo Severnoye,panel,euro,owner,5
Veshnyaki,monolith,no_renovation,owner,5
Severnoye Tushino,brick,no_renovation,owner,5
Akademichesky,monolith,designer,owner,5
Losinoostrovsky,modern_panel,no_renovation,owner,5
Lomonosovsky,stalin,cosmetic,owner,5
Gagarinsky,stalin,cosmetic,owner,5
Ostankinsky,modern_panel,designer,owner,5
Shcherbinka,monolith,designer,owner,5
Yuzhnoye Medvedkovo,monolith,euro,owner,5
Desyonovskoye,monolith,designer,agency,5
Chertanovo Yuzhnoye,brick,no_renovation,agency,5
Marfino,brick,cosmetic,owner,5
Donskoy,panel,cosmetic,owner,5
Tyoply Stan,panel,euro,owner,5
Chertanovo Yuzhnoye,khrushchev,cosmetic,owner,5
Ochakovo-Matveyevskoye,monolith,designer,agency,5
Perovo,monolith,no_renovation,owner,5
Fili-Davydkovo,khrushchev,cosmetic,owner,5
Vnukovskoye,brick,euro,owner,5
Moskovsky,khrushchev,no_renovation,owner,5
Severnoye Izmaylovo,modern_panel,no_renovation,owner,5
Novo-Peredelkino,modern_panel,designer,agency,5
Yakimanka,khrushchev,euro,owner,5
Yuzhnoye Medvedkovo,khrushchev,no_renovation,owner,5
Yasenevo,stalin,euro,owner,5
Orekhovo-Borisovo Severnoye,monolith,no_renovation,owner,5
Aeroport,modern_panel,no_renovation,agency,5
Cheryomushki,khrushchev,euro,owner,5
Kievsky,panel,no_renovation,owner,5
Novokosino,stalin,cosmetic,owner,5
Desyonovskoye,stalin,euro,agency,5
Presnensky,brick,designer,owner,5
Kokoshkino,monolith,no_renovation,owner,5
Rostokino,panel,designer,owner,5
Preobrazhenskoye,monolith,designer,agency,5
Metrogorodok,panel,designer,agency,5
Vostochny,modern_panel,designer,agency,5
Rostokino,modern_panel,designer,owner,5
Tagansky,brick,no_renovation,owner,5
Obruchevsky,panel,euro,owner,5
Vostochnoye Izmaylovo,khrushchev,euro,owner,5
Tsaritsyno,brick,designer,agency,5
Krasnoselsky,modern_panel,designer,agency,5
Losinoostrovsky,stalin,euro,agency,5
Severnoye Izmaylovo,khrushchev,euro,owner,5
Bibirevo,monolith,no_renovation,owner,5
Izmaylovo,stalin,no_renovation,agency,5
Basmanny,monolith,designer,agency,5
Severny,brick,designer,agency,5
Yasenevo,modern_panel,no_renovation,owner,5
Ivanovskoye,brick,designer,agency,5
Yuzhnoye Medvedkovo,panel,no_renovation,owner,5
Strogino,brick,no_renovation,owner,5
Chertanovo Tsentralnoye,modern_panel,euro,owner,5
Orekhovo-Borisovo Severnoye,khrushchev,no_renovation,agency,5
Krylatskoye,khrushchev,cosmetic,owner,5
Filimonkovskoye,stalin,cosmetic,owner,5
Molzhaninovsky,khrushchev,no_renovation,agency,5
Kotlovka,khrushchev,euro,owner,5
Ostankinsky,khrushchev,no_renovation,owner,5
Basmanny,brick,no_renovation,agency,5
Krasnoselsky,brick,designer,agency,5
Biryulyovo Zapadnoye,panel,designer,owner,5
Sokolinaya Gora,brick,cosmetic,owner,5
Golyanovo,khrushchev,designer,agency,5
Kotlovka,brick,no_renovation,owner,5
Biryulyovo Vostochnoye,brick,cosmetic,owner,5
Solntsevo,khrushchev,cosmetic,owner,5
Marushkinskoye,khrushchev,euro,owner,5
Severnoye Butovo,stalin,cosmetic,owner,5
Kotlovka,khrushchev,cosmetic,owner,5
Konkovo,stalin,no_renovation,agency,5
Voskresenskoye,monolith,no_renovation,owner,5
Khamovniki,khrushchev,no_renovation,owner,5
Khoroshyovsky,khrushchev,cosmetic,owner,5
Zelenograd,stalin,euro,agency,5
Dorogomilovo,modern_panel,no_renovation,owner,5
Nagatino-Sadovniki,modern_panel,designer,agency,5
Yuzhnoye Tushino,panel,designer,owner,5
Severny,stalin,euro,agency,5
Fili-Davydkovo,brick,no_renovation,owner,5
Krasnopakhorskoye,brick,designer,owner,5
Krasnoselsky,modern_panel,no_renovation,owner,5
Sokolniki,brick,euro,owner,5
Troparyovo-Nikulino,khrushchev,designer,agency,5
Moskvorechye-Saburovo,stalin,no_renovation,owner,5
Kosino-Ukhtomsky,modern_panel,designer,agency,5
Konkovo,panel,designer,agency,5
Mozhaysky,khrushchev,cosmetic,owner,5
Levoberezhny,panel,no_renovation,owner,5
Butyrsky,modern_panel,euro,owner,5
Altufyevsky,khrushchev,euro,owner,5
Kurkino,panel,no_renovation,owner,5
Vnukovskoye,monolith,no_renovation,owner,5
Yaroslavsky,monolith,designer,owner,5
Pokrovskoye-Streshnevo,panel,designer,agency,5
Sokolniki,panel,designer,agency,5
Arbat,monolith,no_renovation,owner,5
Kotlovka,brick,designer,agency,5
Yuzhnoye Butovo,brick,euro,owner,5
Kurkino,brick,euro,owner,5
Sviblovo,monolith,designer,owner,5
Vnukovo,monolith,no_renovation,owner,5
Kievsky,khrushchev,no_renovation,owner,5
Khoroshyovo-Mnyovniki,panel,no_renovation,owner,5
Timiryazevsky,brick,cosmetic,owner,5
Khoroshyovsky,panel,designer,owner,5
Biryulyovo Vostochnoye,khrushchev,no_renovation,agency,5
Meshchansky,panel,designer,owner,5
Rostokino,brick,no_renovation,owner,5
Chertanovo Tsentralnoye,panel,designer,agency,5
Babushkinsky,khrushchev,no_renovation,owner,5
Vostochny,modern_panel,euro,owner,5
Shchapovskoye,brick,designer,owner,5
Moskovsky,stalin,euro,agency,5
Kosino-Ukhtomsky,stalin,no_renovation,agency,5
Kotlovka,brick,designer,owner,5
Ramenki,brick,euro,owner,5
Chertanovo Yuzhnoye,modern_panel,no_renovation,owner,5
Krasnoselsky,modern_panel,no_renovation,agency,5
Severnoye Izmaylovo,monolith,no_renovation,owner,5
Tagansky,panel,no_renovation,owner,5
Chertanovo Severnoye,stalin,euro,owner,5
Mozhaysky,panel,designer,agency,5
Filyovsky Park,modern_panel,designer,agency,5
Sosenskoye,stalin,no_renovation,agency,5
Bogorodskoye,brick,no_renovation,owner,5
Akademichesky,panel,designer,owner,5
Vostochny,modern_panel,designer,owner,5
Nagorny,monolith,designer,owner,5
Dorogomilovo,monolith,no_renovation,owner,5
Konkovo,brick,no_renovation,owner,5
Desyonovskoye,panel,designer,agency,5
Alekseevsky,khrushchev,designer,agency,5
Aeroport,brick,euro,owner,5
Veshnyaki,stalin,no_renovation,agency,5
Mitino,modern_panel,designer,agency,5
Konkovo,stalin,euro,agency,5
Khoroshyovo-Mnyovniki,stalin,designer,agency,5
Novofyodorovskoye,khrushchev,no_renovation,owner,5
Pervomayskoye,modern_panel,designer,owner,5
Vnukovo,brick,designer,owner,5
Vostochny,stalin,cosmetic,owner,5
Biryulyovo Vostochnoye,stalin,no_renovation,agency,5
Metrogorodok,modern_panel,designer,owner,5
Metrogorodok,stalin,cosmetic,owner,5
Marushkinskoye,khrushchev,designer,owner,5
Severnoye Izmaylovo,stalin,no_renovation,agency,5
Mosrentgen,modern_panel,designer,agency,5
Biryulyovo Zapadnoye,stalin,euro,owner,5
Kuntsevo,modern_panel,designer,agency,5
Chertanovo Tsentralnoye,modern_panel,no_renovation,owner,5
Kosino-Ukhtomsky,panel,euro,owner,5
Altufyevsky,stalin,euro,owner,5
Sokol,monolith,euro,owner,5
Losinoostrovsky,stalin,euro,owner,5
Voykovsky,monolith,designer,owner,5
Prospekt Vernadskogo,panel,no_renovation,owner,5
Presnensky,brick,no_renovation,owner,5
Preobrazhenskoye,khrushchev,designer,agency,5
Yuzhnoye Butovo,brick,designer,agency,5
Mikhaylovo-Yartsevskoye,khrushchev,designer,agency,5
Filimonkovskoye,khrushchev,no_renovation,owner,5
Voskresenskoye,stalin,no_renovation,agency,5
Butyrsky,brick,euro,owner,5
Vnukovo,modern_panel,no_renovation,agency,5
Kosino-Ukhtomsky,khrushchev,no_renovation,owner,5
Savyolovsky,stalin,cosmetic,agency,5
Butyrsky,panel,designer,agency,5
Zyuzino,khrushchev,no_renovation,owner,5
Troitsk,panel,no_renovation,owner,5
Kievsky,stalin,cosmetic,owner,5
Marfino,brick,designer,agency,5
Aeroport,panel,designer,agency,5
Veshnyaki,khrushchev,no_renovation,owner,5
Khoroshyovsky,modern_panel,designer,agency,5
Yaroslavsky,khrushchev,designer,agency,5
Rogovskoye,brick,euro,owner,5
Preobrazhenskoye,modern_panel,designer,agency,5
Kosino-Ukhtomsky,stalin,cosmetic,owner,5
Pervomayskoye,brick,designer,agency,5
Kievsky,modern_panel,designer,owner,5
Metrogorodok,monolith,designer,agency,5
Orekhovo-Borisovo Yuzhnoye,stalin,no_renovation,owner,5
Zelenograd,stalin,no_renovation,owner,4
Sokolinaya Gora,khrushchev,no_renovation,owner,4
Shchukino,brick,designer,agency,4
Obruchevsky,stalin,no_renovation,agency,4
Kokoshkino,brick,euro,owner,4
Marushkinskoye,panel,designer,owner,4
Zamoskvorechye,panel,no_renovation,owner,4
Severny,panel,designer,owner,4
Novogireyevo,stalin,euro,agency,4
Orekhovo-Borisovo Severnoye,modern_panel,designer,owner,4
Voskresenskoye,panel,no_renovation,agency,4
Nagorny,stalin,cosmetic,owner,4
Beskudnikovsky,brick,euro,owner,4
Altufyevsky,stalin,designer,agency,4
Khamovniki,khrushchev,no_renovation,agency,4
Arbat,brick,designer,agency,4
Severnoye Tushino,khrushchev,euro,owner,4
Marfino,brick,no_renovation,owner,4
Biryulyovo Vostochnoye,brick,designer,agency,4
Preobrazhenskoye,stalin,designer,agency,4
Kotlovka,modern_panel,designer,owner,4
Novogireyevo,stalin,cosmetic,owner,4
Yaroslavsky,khrushchev,no_renovation,agency,4
Mozhaysky,stalin,no_renovation,agency,4
Filimonkovskoye,stalin,no_renovation,owner,4
Pokrovskoye-Streshnevo,modern_panel,no_renovation,owner,4
Khoroshyovo-Mnyovniki,brick,no_renovation,agency,4
Tyoply Stan,monolith,no_renovation,owner,4
Yuzhnoye Tushino,modern_panel,designer,owner,4
Lomonosovsky,monolith,euro,owner,4
Sokolinaya Gora,brick,designer,agency,4
Novogireyevo,brick,no_renovation,owner,4
Sviblovo,panel,designer,owner,4
Chertanovo Yuzhnoye,modern_panel,designer,agency,4
Severny,monolith,designer,owner,4
Babushkinsky,brick,no_renovation,owner,4
Nagatino-Sadovniki,panel,no_renovation,owner,4
Maryina Roshcha,panel,designer,agency,4
Perovo,brick,designer,agency,4
Golovinsky,panel,no_renovation,owner,4
Aeroport,monolith,designer,agency,4
Kievsky,stalin,cosmetic,agency,4
Chertanovo Tsentralnoye,brick,euro,owner,4
Solntsevo,khrushchev,no_renovation,owner,4
Vnukovo,monolith,designer,agency,4
Gagarinsky,modern_panel,designer,agency,4
Sokolinaya Gora,stalin,designer,owner,4
Solntsevo,monolith,designer,agency,4
Chertanovo Yuzhnoye,stalin,euro,agency,4
Yuzhnoye Butovo,stalin,euro,agency,4
Bibirevo,modern_panel,designer,owner,4
Losinoostrovsky,monolith,designer,agency,4
Novo-Peredelkino,brick,designer,agency,4
Chertanovo Tsentralnoye,monolith,euro,owner,4
Beskudnikovsky,brick,no_renovation,agency,4
Gagarinsky,monolith,euro,owner,4
Pokrovskoye-Streshnevo,monolith,designer,agency,4
Brateyevo,brick,designer,agency,4
Marushkinskoye,brick,no_renovation,owner,4
Maryina Roshcha,stalin,euro,agency,4
Filyovsky Park,monolith,designer,owner,4
Solntsevo,monolith,no_renovation,owner,4
Beskudnikovsky,khrushchev,designer,agency,4
Kokoshkino,panel,no_renovation,owner,4
Krylatskoye,panel,designer,owner,4
Aeroport,stalin,no_renovation,agency,4
Mikhaylovo-Yartsevskoye,stalin,cosmetic,agency,4
Maryina Roshcha,khrushchev,designer,agency,4
Rostokino,panel,no_renovation,owner,4
Troitsk,stalin,no_renovation,owner,4
Prospekt Vernadskogo,stalin,no_renovation,owner,4
Orekhovo-Borisovo Severnoye,modern_panel,euro,owner,4
Ostankinsky,monolith,designer,agency,4
Metrogorodok,modern_panel,designer,agency,4
Vostochnoye Izmaylovo,khrushchev,designer,owner,4
Khoroshyovsky,panel,designer,agency,4
Mozhaysky,brick,designer,owner,4
Troitsk,khrushchev,designer,agency,4
Shcherbinka,stalin,euro,agency,4
Levoberezhny,stalin,cosmetic,owner,4
Novokosino,panel,designer,owner,4
Ochakovo-Matveyevskoye,stalin,euro,owner,4
Orekhovo-Borisovo Severnoye,stalin,euro,agency,4
Dmitrovsky,stalin,cosmetic,owner,4
Zapadnoye Degunino,brick,designer,agency,4
Kievsky,khrushchev,cosmetic,owner,4
Bogorodskoye,modern_panel,designer,owner,4
Altufyevsky,modern_panel,designer,agency,4
Babushkinsky,stalin,euro,owner,4
Orekhovo-Borisovo Yuzhnoye,stalin,cosmetic,owner,4
Dorogomilovo,monolith,designer,owner,4
Solntsevo,stalin,cosmetic,owner,4
Rogovskoye,monolith,euro,owner,4
Yasenevo,monolith,no_renovation,owner,4
Danilovsky,brick,designer,owner,4
Zelenograd,khrushchev,designer,agency,4
Kuntsevo,khrushchev,designer,agency,4
Golyanovo,stalin,euro,agency,4
Filyovsky Park,khrushchev,cosmetic,owner,4
Filyovsky Park,brick,designer,owner,4
Tagansky,khrushchev,euro,owner,4
Tagansky,brick,designer,agency,4
Veshnyaki,panel,no_renovation,owner,4
Losinoostrovsky,stalin,cosmetic,owner,4
Basmanny,panel,designer,agency,4
Biryulyovo Vostochnoye,khrushchev,designer,agency,4
Rostokino,stalin,designer,agency,4
Mozhaysky,modern_panel,no_renovation,owner,4
Yuzhnoye Tushino,brick,designer,agency,4
Bibirevo,modern_panel,designer,agency,4
Nagatinsky Zaton,stalin,no_renovation,agency,4
Presnensky,khrushchev,no_renovation,owner,4
Meshchansky,brick,designer,owner,4
Strogino,modern_panel,euro,owner,4
Voykovsky,stalin,cosmetic,owner,4
Ramenki,khrushchev,cosmetic,owner,4
Golovinsky,brick,no_renovation,owner,4
Levoberezhny,brick,no_renovation,owner,4
Bibirevo,stalin,cosmetic,agency,4
Golyanovo,brick,designer,agency,4
Novokosino,khrushchev,euro,owner,4
Mosrentgen,khrushchev,euro,owner,4
Krylatskoye,stalin,designer,agency,4
Ryazanovskoye,brick,no_renovation,agency,4
Ivanovskoye,monolith,designer,owner,4
Losinoostrovsky,khrushchev,designer,agency,4
Vostochnoye Izmaylovo,monolith,euro,owner,4
Arbat,stalin,euro,owner,4
Timiryazevsky,monolith,designer,agency,4
Butyrsky,stalin,cosmetic,owner,4
Konkovo,khrushchev,no_renovation,owner,4
Konkovo,modern_panel,designer,agency,4
Biryulyovo Vostochnoye,stalin,euro,owner,4
Tyoply Stan,stalin,cosmetic,owner,4
Solntsevo,brick,no_renovation,owner,4
Vostochny,brick,no_renovation,owner,4
Zelenograd,stalin,euro,owner,4
Severnoye Tushino,panel,no_renovation,owner,4
Timiryazevsky,khrushchev,no_renovation,owner,4
Alekseevsky,brick,no_renovation,owner,4
Perovo,stalin,no_renovation,owner,4
Babushkinsky,modern_panel,designer,agency,4
Butyrsky,monolith,no_renovation,owner,4
Kosino-Ukhtomsky,stalin,euro,owner,4
Moskovsky,brick,euro,owner,4
Brateyevo,monolith,designer,owner,4
Vnukovo,panel,no_renovation,owner,4
Mozhaysky,khrushchev,no_renovation,agency,4
Vostochny,khrushchev,no_renovation,owner,4
Danilovsky,brick,cosmetic,owner,4
Yasenevo,panel,designer,agency,4
Ryazanovskoye,stalin,euro,agency,4
Chertanovo Tsentralnoye,stalin,euro,owner,4
Mozhaysky,brick,designer,agency,4
Tsaritsyno,stalin,cosmetic,owner,4
Tverskoy,monolith,designer,agency,4
Obruchevsky,khrushchev,no_renovation,owner,4
Butyrsky,stalin,no_renovation,owner,4
Filyovsky Park,brick,no_renovation,agency,4
Dmitrovsky,panel,no_renovation,owner,4
Mosrentgen,khrushchev,designer,agency,4
Biryulyovo Vostochnoye,modern_panel,no_renovation,owner,4
Yuzhnoye Tushino,khrushchev,cosmetic,owner,4
Nagatinsky Zaton,stalin,designer,owner,4
Kurkino,khrushchev,no_renovation,owner,4
Severnoye Tushino,modern_panel,euro,owner,4
Pokrovskoye-Streshnevo,khrushchev,no_renovation,owner,4
Vostochnoye Izmaylovo,modern_panel,no_renovation,owner,4
Nagatino-Sadovniki,stalin,euro,owner,4
Voronovskoye,modern_panel,designer,owner,4
Ostankinsky,brick,no_renovation,owner,4
Chertanovo Tsentralnoye,panel,designer,owner,4
Tverskoy,stalin,euro,owner,4
Rostokino,monolith,no_renovation,agency,4
Bogorodskoye,panel,designer,agency,4
Zamoskvorechye,stalin,no_renovation,agency,4
Arbat,khrushchev,designer,agency,4
Bibirevo,stalin,cosmetic,owner,4
Moskovsky,stalin,no_renovation,agency,4
Prospekt Vernadskogo,khrushchev,cosmetic,owner,4
Zyablikovo,khrushchev,no_renovation,agency,4
Vnukovo,brick,no_renovation,owner,4
Chertanovo Tsentralnoye,khrushchev,no_renovation,owner,4
Danilovsky,panel,designer,owner,4
Zapadnoye Degunino,khrushchev,euro,owner,4
Vnukovo,brick,euro,owner,4
Sokolniki,panel,cosmetic,owner,4
Vnukovo,stalin,no_renovation,agency,4
Dmitrovsky,khrushchev,no_renovation,owner,4
Vnukovo,khrushchev,no_renovation,owner,4
Severnoye Butovo,monolith,no_renovation,owner,4
Begovoy,brick,euro,owner,4
Vnukovskoye,brick,designer,agency,4
Orekhovo-Borisovo Severnoye,stalin,no_renovation,owner,4
Bogorodskoye,khrushchev,euro,owner,4
Donskoy,modern_panel,designer,agency,4
Novo-Peredelkino,khrushchev,euro,owner,4
Orekhovo-Borisovo Severnoye,khrushchev,designer,owner,4
Sviblovo,brick,no_renovation,owner,4
Koptevo,stalin,no_renovation,agency,4
Zapadnoye Degunino,stalin,cosmetic,agency,4
Nagorny,modern_panel,no_renovation,owner,4
Mikhaylovo-Yartsevskoye,stalin,euro,agency,4
Sokolniki,monolith,no_renovation,owner,4
Klyonovskoye,stalin,no_renovation,agency,4
Voskresenskoye,khrushchev,no_renovation,owner,4
Savyolovsky,brick,euro,owner,4
Beskudnikovsky,stalin,euro,agency,4
Koptevo,modern_panel,no_renovation,owner,4
Krasnopakhorskoye,brick,euro,owner,4
Khoroshyovsky,monolith,no_renovation,owner,4
Yuzhnoye Butovo,panel,cosmetic,owner,4
Sokol,modern_panel,designer,agency,4
Levoberezhny,brick,euro,owner,4
Shcherbinka,khrushchev,no_renovation,owner,4
Zapadnoye Degunino,stalin,no_renovation,agency,4
Zamoskvorechye,modern_panel,designer,agency,4
Kievsky,modern_panel,designer,agency,4
Klyonovskoye,stalin,cosmetic,agency,4
Solntsevo,stalin,designer,agency,4
Nagorny,khrushchev,designer,owner,4
Mitino,khrushchev,no_renovation,owner,4
Molzhaninovsky,stalin,euro,owner,4
Severnoye Tushino,monolith,no_renovation,owner,4
Golovinsky,panel,designer,agency,4
Nagatinsky Zaton,modern_panel,no_renovation,owner,4
Mozhaysky,panel,designer,owner,4
Levoberezhny,stalin,cosmetic,agency,4
Moskvorechye-Saburovo,khrushchev,euro,owner,4
Yaroslavsky,brick,no_renovation,agency,4
Novo-Peredelkino,monolith,designer,agency,4
Basmanny,brick,cosmetic,owner,4
Orekhovo-Borisovo Yuzhnoye,panel,no_renovation,owner,4
Cheryomushki,modern_panel,designer,owner,4
Vnukovskoye,khrushchev,no_renovation,agency,4
Kotlovka,khrushchev,no_renovation,agency,4
Chertanovo Tsentralnoye,modern_panel,designer,agency,4
Timiryazevsky,brick,designer,agency,4
Izmaylovo,brick,designer,agency,4
Ivanovskoye,panel,designer,agency,4
Zelenograd,stalin,cosmetic,owner,4
Kievsky,stalin,no_renovation,owner,4
Pokrovskoye-Streshnevo,khrushchev,designer,agency,4
Krylatskoye,khrushchev,designer,owner,4
Khoroshyovo-Mnyovniki,stalin,no_renovation,agency,4
Ivanovskoye,brick,designer,owner,4
Khovrino,panel,designer,owner,4
Altufyevsky,khrushchev,no_renovation,owner,4
Khoroshyovo-Mnyovniki,khrushchev,euro,owner,4
Novo-Peredelkino,panel,no_renovation,owner,4
Chertanovo Yuzhnoye,khrushchev,designer,agency,4
Kosino-Ukhtomsky,brick,no_renovation,owner,4
Mosrentgen,panel,euro,owner,4
Khoroshyovo-Mnyovniki,panel,designer,owner,4
Presnensky,stalin,no_renovation,agency,4
Novogireyevo,khrushchev,designer,owner,4
Troitsk,khrushchev,euro,owner,4
Severnoye Tushino,stalin,euro,owner,4
Savyolovsky,brick,designer,agency,4
Brateyevo,modern_panel,designer,agency,4
Pervomayskoye,khrushchev,designer,owner,4
Nagatino-Sadovniki,stalin,cosmetic,owner,4
Dorogomilovo,khrushchev,euro,owner,4
Rostokino,khrushchev,designer,owner,4
Savyolovsky,khrushchev,no_renovation,owner,4
Kurkino,brick,no_renovation,owner,4
Shchapovskoye,khrushchev,euro,owner,4
Chertanovo Tsentralnoye,brick,no_renovation,owner,4
Sokolinaya Gora,brick,no_renovation,owner,4
Khoroshyovsky,brick,no_renovation,owner,4
Ryazanovskoye,khrushchev,designer,agency,4
Marfino,stalin,cosmetic,owner,4
Maryina Roshcha,stalin,cosmetic,owner,4
Savyolovsky,brick,designer,owner,4
Sokolinaya Gora,khrushchev,cosmetic,owner,4
Kokoshkino,modern_panel,euro,owner,4
Begovoy,stalin,euro,agency,4
Krasnoselsky,stalin,cosmetic,agency,4
Biryulyovo Vostochnoye,stalin,euro,agency,4
Marushkinskoye,panel,designer,agency,4
Cheryomushki,stalin,cosmetic,owner,4
Severnoye Butovo,modern_panel,no_renovation,owner,4
Khamovniki,modern_panel,designer,owner,4
Perovo,khrushchev,euro,owner,4
Veshnyaki,stalin,no_renovation,owner,4
Yuzhnoye Tushino,khrushchev,no_renovation,owner,4
Izmaylovo,panel,no_renovation,owner,4
Voykovsky,panel,designer,owner,4
Severnoye Butovo,stalin,no_renovation,owner,4
Brateyevo,stalin,cosmetic,owner,4
Vostochnoye Izmaylovo,modern_panel,designer,owner,4
Preobrazhenskoye,stalin,cosmetic,owner,4
Yasenevo,modern_panel,designer,agency,4
Yaroslavsky,monolith,designer,agency,4
Preobrazhenskoye,stalin,euro,agency,4
Ryazanovskoye,modern_panel,designer,owner,4
Novo-Peredelkino,panel,designer,agency,4
Vnukovskoye,stalin,no_renovation,agency,4
Lianozovo,khrushchev,euro,owner,4
Veshnyaki,modern_panel,euro,owner,4
Alekseevsky,panel,no_renovation,owner,4
Danilovsky,modern_panel,euro,owner,4
Meshchansky,stalin,no_renovation,agency,4
Pokrovskoye-Streshnevo,stalin,no_renovation,agency,4
Dorogomilovo,stalin,euro,owner,4
Vnukovskoye,khrushchev,designer,agency,4
Dorogomilovo,panel,euro,owner,4
Bogorodskoye,modern_panel,no_renovation,owner,4
Mitino,stalin,cosmetic,owner,4
Yuzhnoye Tushino,panel,no_renovation,owner,4
Bogorodskoye,khrushchev,no_renovation,owner,4
Voskresenskoye,modern_panel,no_renovation,owner,4
Kurkino,modern_panel,designer,agency,4
Zyablikovo,modern_panel,designer,owner,4
Voronovskoye,stalin,cosmetic,owner,4
Mosrentgen,stalin,cosmetic,owner,4
Shchukino,brick,no_renovation,owner,4
Bogorodskoye,panel,no_renovation,owner,4
Severny,modern_panel,designer,agency,4
Mitino,stalin,cosmetic,agency,4
Prospekt Vernadskogo,panel,euro,owner,4
Severnoye Tushino,modern_panel,no_renovation,owner,4
Nagatino-Sadovniki,modern_panel,cosmetic,owner,4
Orekhovo-Borisovo Severnoye,stalin,no_renovation,agency,4
Zamoskvorechye,brick,no_renovation,owner,4
Nagatinsky Zaton,monolith,designer,owner,4
Prospekt Vernadskogo,brick,designer,agency,4
Khovrino,panel,cosmetic,owner,4
Meshchansky,stalin,cosmetic,owner,4
Beskudnikovsky,brick,designer,owner,4
Ryazanovskoye,stalin,cosmetic,owner,4
Tverskoy,brick,no_renovation,owner,4
Vnukovskoye,modern_panel,designer,owner,4
Begovoy,panel,no_renovation,owner,4
Klyonovskoye,monolith,designer,owner,4
Levoberezhny,modern_panel,no_renovation,owner,4
Severnoye Tushino,stalin,no_renovation,agency,4
Strogino,monolith,designer,agency,4
Krylatskoye,modern_panel,designer,agency,4
Tyoply Stan,panel,designer,agency,4
Aeroport,khrushchev,designer,agency,4
Izmaylovo,monolith,designer,agency,4
Metrogorodok,monolith,designer,owner,4
Konkovo,stalin,no_renovation,owner,4
Marfino,brick,euro,owner,4
Gagarinsky,khrushchev,designer,agency,4
Voykovsky,monolith,designer,agency,4
Sviblovo,stalin,euro,agency,4
Akademichesky,panel,no_renovation,owner,4
Ostankinsky,stalin,cosmetic,owner,4
Dorogomilovo,khrushchev,no_renovation,owner,4
Beskudnikovsky,stalin,cosmetic,owner,4
Danilovsky,stalin,euro,owner,4
Zyuzino,modern_panel,no_renovation,owner,4
Otradnoye,khrushchev,designer,agency,4
Gagarinsky,stalin,euro,owner,4
Chertanovo Severnoye,khrushchev,designer,owner,4
Kuntsevo,monolith,no_renovation,owner,4
Sokolinaya Gora,modern_panel,designer,agency,4
Butyrsky,khrushchev,designer,agency,4
Fili-Davydkovo,panel,designer,owner,4
Zelenograd,panel,designer,owner,4
Savyolovsky,monolith,designer,owner,4
Fili-Davydkovo,modern_panel,no_renovation,owner,4
Ivanovskoye,stalin,euro,agency,4
Akademichesky,stalin,euro,agency,4
Mosrentgen,modern_panel,euro,owner,4
Yuzhnoye Tushino,stalin,no_renovation,agency,4
Filyovsky Park,panel,no_renovation,owner,4
Nagatinsky Zaton,stalin,cosmetic,owner,4
Veshnyaki,monolith,designer,agency,4
Desyonovskoye,khrushchev,no_renovation,owner,4
Nagatino-Sadovniki,panel,designer,owner,4
Strogino,modern_panel,no_renovation,owner,4
Meshchansky,khrushchev,designer,agency,4
Orekhovo-Borisovo Yuzhnoye,monolith,no_renovation,owner,4
Yuzhnoye Butovo,monolith,no_renovation,owner,4
Voykovsky,modern_panel,designer,owner,4
Mikhaylovo-Yartsevskoye,monolith,designer,owner,4
Altufyevsky,stalin,euro,agency,4
Savyolovsky,panel,no_renovation,owner,4
Klyonovskoye,khrushchev,designer,agency,4
Klyonovskoye,stalin,cosmetic,owner,4
Troitsk,stalin,euro,owner,4
Lomonosovsky,khrushchev,no_renovation,owner,4
Mozhaysky,khrushchev,no_renovation,owner,4
Marfino,stalin,cosmetic,agency,4
Prospekt Vernadskogo,stalin,cosmetic,owner,4
Meshchansky,khrushchev,designer,owner,4
Perovo,monolith,euro,owner,4
Sokolniki,stalin,euro,agency,4
Kotlovka,brick,euro,owner,4
Tagansky,modern_panel,no_renovation,owner,4
Severnoye Tushino,khrushchev,designer,agency,4
Cheryomushki,monolith,designer,agency,4
Kievsky,khrushchev,designer,agency,4
Yakimanka,brick,no_renovation,owner,4
Moskovsky,khrushchev,designer,agency,4
Severnoye Butovo,panel,euro,owner,4
Vnukovskoye,monolith,euro,owner,4
Rogovskoye,panel,euro,owner,4
Klyonovskoye,stalin,euro,agency,4
Alekseevsky,stalin,euro,owner,4
Veshnyaki,panel,designer,owner,4
Alekseevsky,stalin,euro,agency,4
Novofyodorovskoye,panel,no_renovation,owner,4
Zyuzino,stalin,euro,owner,4
Veshnyaki,panel,euro,owner,4
Meshchansky,brick,designer,agency,4
Metrogorodok,modern_panel,no_renovation,owner,4
Chertanovo Yuzhnoye,monolith,no_renovation,owner,4
Alekseevsky,monolith,designer,owner,4
Nagatinsky Zaton,modern_panel,no_renovation,agency,4
Bogorodskoye,monolith,no_renovation,owner,4
Khoroshyovo-Mnyovniki,brick,euro,owner,4
Aeroport,khrushchev,no_renovation,owner,4
Novogireyevo,stalin,euro,owner,4
Marushkinskoye,khrushchev,no_renovation,owner,4
Zapadnoye Degunino,modern_panel,no_renovation,owner,4
Chertanovo Tsentralnoye,brick,designer,owner,4
Filimonkovskoye,stalin,euro,owner,4
Pervomayskoye,stalin,cosmetic,owner,4
Vnukovo,modern_panel,euro,owner,4
Pokrovskoye-Streshnevo,brick,designer,agency,4
Chertanovo Yuzhnoye,stalin,no_renovation,owner,4
Novofyodorovskoye,khrushchev,no_renovation,agency,4
Vostochny,stalin,cosmetic,agency,4
Ostankinsky,brick,designer,agency,4
Voronovskoye,panel,euro,agency,4
Bibirevo,brick,no_renovation,owner,4
Aeroport,monolith,designer,owner,4
Marfino,brick,designer,owner,4
Sokolniki,monolith,designer,owner,4
Nagatinsky Zaton,brick,euro,owner,4
Preobrazhenskoye,khrushchev,cosmetic,owner,4
Klyonovskoye,monolith,designer,agency,4
Koptevo,modern_panel,designer,agency,4
Rostokino,stalin,euro,owner,4
Butyrsky,khrushchev,designer,owner,4
Kievsky,khrushchev,designer,owner,4
Severnoye Tushino,khrushchev,no_renovation,agency,4
Yuzhnoye Tushino,khrushchev,designer,owner,4
Marushkinskoye,modern_panel,no_renovation,owner,4
Zelenograd,brick,euro,owner,4
Voskresenskoye,monolith,designer,owner,4
Zyablikovo,brick,designer,owner,4
Filimonkovskoye,panel,designer,agency,4
Ivanovskoye,stalin,no_renovation,agency,4
Golyanovo,monolith,designer,agency,4
Perovo,khrushchev,designer,agency,4
Kosino-Ukhtomsky,khrushchev,designer,agency,4
Troparyovo-Nikulino,brick,euro,owner,4
Zyuzino,panel,no_renovation,owner,4
Yuzhnoye Butovo,stalin,no_renovation,owner,4
Dmitrovsky,stalin,euro,agency,4
Voskresenskoye,panel,designer,agency,4
Arbat,stalin,cosmetic,owner,4
Koptevo,monolith,no_renovation,owner,4
Izmaylovo,monolith,no_renovation,owner,4
Begovoy,brick,designer,owner,4
Kuntsevo,brick,designer,agency,4
Moskovsky,panel,designer,agency,4
Pervomayskoye,monolith,no_renovation,agency,4
Voronovskoye,monolith,no_renovation,agency,4
Kosino-Ukhtomsky,stalin,euro,agency,4
Obruchevsky,panel,designer,owner,4
Severny,modern_panel,no_renovation,agency,4
Khamovniki,stalin,euro,owner,4
Cheryomushki,stalin,no_renovation,owner,4
Voskresenskoye,panel,no_renovation,owner,4
Altufyevsky,modern_panel,no_renovation,owner,4
Voskresenskoye,brick,no_renovation,owner,4
Ochakovo-Matveyevskoye,stalin,cosmetic,owner,4
Brateyevo,panel,designer,owner,4
Voykovsky,khrushchev,designer,agency,4
Kuntsevo,modern_panel,euro,owner,4
Zapadnoye Degunino,khrushchev,no_renovation,agency,4
Severny,khrushchev,no_renovation,agency,4
Fili-Davydkovo,brick,designer,agency,4
Mitino,modern_panel,euro,owner,4
Metrogorodok,stalin,no_renovation,owner,4
Yuzhnoye Tushino,modern_panel,no_renovation,owner,4
Perovo,modern_panel,designer,owner,4
Novokosino,stalin,euro,agency,4
Severnoye Butovo,khrushchev,designer,owner,4
Rostokino,modern_panel,no_renovation,owner,4
Brateyevo,panel,no_renovation,owner,4
Strogino,monolith,designer,owner,4
Kotlovka,modern_panel,designer,agency,4
Yuzhnoye Medvedkovo,stalin,cosmetic,owner,4
Zapadnoye Degunino,monolith,designer,owner,4
Voskresenskoye,modern_panel,designer,agency,4
Nagatino-Sadovniki,monolith,designer,owner,4
Kokoshkino,brick,no_renovation,owner,4
Severnoye Izmaylovo,khrushchev,euro,agency,4
Sviblovo,khrushchev,euro,owner,4
Biryulyovo Vostochnoye,panel,no_renovation,owner,4
Troitsk,panel,designer,agency,4
Mozhaysky,modern_panel,designer,agency,4
Meshchansky,stalin,euro,owner,4
Novokosino,stalin,euro,owner,4
Moskvorechye-Saburovo,monolith,designer,owner,4
Shchapovskoye,stalin,cosmetic,owner,4
Voykovsky,panel,no_renovation,owner,4
Levoberezhny,monolith,euro,owner,3
Ochakovo-Matveyevskoye,monolith,euro,owner,3
Khamovniki,panel,no_renovation,owner,3
Voronovskoye,monolith,no_renovation,owner,3
Butyrsky,panel,designer,owner,3
Begovoy,stalin,cosmetic,owner,3
Lomonosovsky,stalin,no_renovation,agency,3
Kurkino,panel,designer,owner,3
Sosenskoye,stalin,designer,agency,3
Solntsevo,modern_panel,designer,owner,3
Preobrazhenskoye,monolith,designer,owner,3
Otradnoye,stalin,designer,agency,3
Preobrazhenskoye,brick,designer,owner,3
Krasnoselsky,stalin,cosmetic,owner,3
Obruchevsky,stalin,euro,owner,3
Yaroslavsky,modern_panel,designer,agency,3
Altufyevsky,khrushchev,designer,agency,3
Novofyodorovskoye,modern_panel,designer,owner,3
Koptevo,khrushchev,designer,agency,3
Voskresenskoye,khrushchev,no_renovation,agency,3
Krasnoselsky,panel,designer,agency,3
Zyuzino,monolith,designer,agency,3
Golovinsky,khrushchev,no_renovation,owner,3
Krasnopakhorskoye,khrushchev,designer,owner,3
Rostokino,khrushchev,designer,agency,3
Presnensky,monolith,designer,owner,3
Obruchevsky,brick,no_renovation,agency,3
Golyanovo,panel,designer,agency,3
Basmanny,khrushchev,designer,agency,3
Perovo,panel,designer,owner,3
Yakimanka,khrushchev,no_renovation,agency,3
Presnensky,stalin,euro,owner,3
Vostochnoye Izmaylovo,monolith,designer,agency,3
Kokoshkino,panel,designer,owner,3
Babushkinsky,brick,designer,owner,3
Chertanovo Tsentralnoye,monolith,designer,owner,3
Nagatino-Sadovniki,brick,euro,owner,3
Yaroslavsky,stalin,no_renovation,agency,3
Zyablikovo,stalin,designer,agency,3
Ostankinsky,stalin,euro,agency,3
Butyrsky,monolith,designer,owner,3
Vostochnoye Izmaylovo,stalin,no_renovation,owner,3
Maryina Roshcha,monolith,designer,agency,3
Dmitrovsky,monolith,no_renovation,agency,3
Prospekt Vernadskogo,stalin,designer,owner,3
Severny,monolith,designer,agency,3
Kurkino,modern_panel,designer,owner,3
Tverskoy,brick,designer,agency,3
Kokoshkino,panel,designer,agency,3
Nagorny,panel,no_renovation,owner,3
Severnoye Medvedkovo,panel,designer,owner,3
Yaroslavsky,stalin,cosmetic,owner,3
Dmitrovsky,monolith,no_renovation,owner,3
Ochakovo-Matveyevskoye,monolith,no_renovation,owner,3
Sviblovo,stalin,euro,owner,3
Nagorny,khrushchev,euro,owner,3
Maryina Roshcha,stalin,euro,owner,3
Perovo,stalin,euro,agency,3
Desyonovskoye,stalin,euro,owner,3
Prospekt Vernadskogo,khrushchev,designer,agency,3
Voronovskoye,stalin,no_renovation,agency,3
Pokrovskoye-Streshnevo,stalin,euro,agency,3
Biryulyovo Zapadnoye,khrushchev,designer,agency,3
Biryulyovo Zapadnoye,stalin,designer,agency,3
Sviblovo,brick,designer,agency,3
Moskvorechye-Saburovo,panel,designer,agency,3
Moskvorechye-Saburovo,stalin,euro,owner,3
Veshnyaki,modern_panel,designer,agency,3
Krasnoselsky,panel,no_renovation,owner,3
Levoberezhny,khrushchev,designer,agency,3
Perovo,modern_panel,designer,agency,3
Filimonkovskoye,brick,cosmetic,owner,3
Yuzhnoye Butovo,khrushchev,cosmetic,owner,3
Krasnoselsky,stalin,designer,agency,3
Obruchevsky,stalin,no_renovation,owner,3
Tverskoy,stalin,no_renovation,agency,3
Donskoy,stalin,cosmetic,owner,3
Altufyevsky,panel,designer,agency,3
Sviblovo,monolith,designer,agency,3
Sokol,stalin,no_renovation,agency,3
Severnoye Medvedkovo,khrushchev,designer,agency,3
Severnoye Butovo,khrushchev,no_renovation,owner,3
Severnoye Izmaylovo,brick,designer,owner,3
Golovinsky,stalin,cosmetic,owner,3
Kurkino,stalin,cosmetic,owner,3
Zyablikovo,panel,designer,agency,3
Basmanny,modern_panel,designer,owner,3
Vostochnoye Izmaylovo,panel,designer,agency,3
Golyanovo,modern_panel,designer,owner,3
Zapadnoye Degunino,stalin,no_renovation,owner,3
Vostochny,stalin,no_renovation,owner,3
Tyoply Stan,brick,designer,agency,3
Sokol,khrushchev,no_renovation,owner,3
Yakimanka,monolith,designer,agency,3
Vostochny,brick,designer,owner,3
Shchapovskoye,brick,euro,owner,3
Novo-Peredelkino,brick,no_renovation,owner,3
Ryazanovskoye,khrushchev,no_renovation,owner,3
Rostokino,stalin,no_renovation,owner,3
Sosenskoye,khrushchev,no_renovation,owner,3
Rogovskoye,monolith,designer,agency,3
Vostochnoye Izmaylovo,monolith,no_renovation,owner,3
Severnoye Medvedkovo,brick,no_renovation,owner,3
Donskoy,monolith,designer,agency,3
Khovrino,brick,designer,agency,3
Troparyovo-Nikulino,brick,designer,agency,3
Solntsevo,stalin,euro,owner,3
Sokol,stalin,euro,agency,3
Tyoply Stan,stalin,euro,agency,3
Novogireyevo,brick,designer,agency,3
Maryina Roshcha,monolith,designer,owner,3
Sosenskoye,panel,designer,owner,3
Solntsevo,brick,designer,agency,3
Krasnoselsky,brick,euro,owner,3
Novogireyevo,panel,designer,agency,3
Novokosino,khrushchev,designer,agency,3
Begovoy,monolith,designer,agency,3
Bibirevo,khrushchev,designer,agency,3
Novo-Peredelkino,brick,designer,owner,3
Koptevo,stalin,cosmetic,owner,3
Zapadnoye Degunino,modern_panel,designer,agency,3
Gagarinsky,khrushchev,euro,owner,3
Voronovskoye,monolith,designer,owner,3
Nagorny,stalin,no_renovation,agency,3
Mosrentgen,stalin,euro,agency,3
Ochakovo-Matveyevskoye,stalin,no_renovation,owner,3
Moskovsky,brick,no_renovation,owner,3
Zamoskvorechye,khrushchev,designer,agency,3
Zyuzino,monolith,no_renovation,owner,3
Troitsk,stalin,cosmetic,agency,3
Novofyodorovskoye,stalin,euro,agency,3
Nagatino-Sadovniki,monolith,no_renovation,owner,3
Molzhaninovsky,monolith,designer,agency,3
Tverskoy,brick,designer,owner,3
Zelenograd,monolith,designer,owner,3
Akademichesky,khrushchev,no_renovation,owner,3
Golyanovo,monolith,euro,owner,3
Kotlovka,panel,designer,agency,3
Novo-Peredelkino,modern_panel,designer,owner,3
Yuzhnoye Medvedkovo,panel,designer,owner,3
Ochakovo-Matveyevskoye,brick,no_renovation,owner,3
Izmaylovo,modern_panel,designer,agency,3
Tagansky,monolith,designer,agency,3
Lomonosovsky,panel,designer,owner,3
Lianozovo,panel,no_renovation,owner,3
Vnukovskoye,panel,designer,agency,3
Nagatinsky Zaton,panel,no_renovation,owner,3
Vnukovskoye,brick,no_renovation,owner,3
Krasnoselsky,stalin,no_renovation,agency,3
Filimonkovskoye,monolith,euro,owner,3
Metrogorodok,khrushchev,no_renovation,owner,3
Lianozovo,stalin,euro,owner,3
Akademichesky,stalin,euro,owner,3
Orekhovo-Borisovo Yuzhnoye,khrushchev,no_renovation,owner,3
Tagansky,monolith,designer,owner,3
Severnoye Butovo,panel,designer,owner,3
Izmaylovo,brick,no_renovation,owner,3
Alekseevsky,modern_panel,designer,agency,3
Bibirevo,panel,designer,owner,3
Mozhaysky,panel,no_renovation,owner,3
Molzhaninovsky,modern_panel,no_renovation,owner,3
Vnukovo,stalin,euro,owner,3
Timiryazevsky,modern_panel,designer,owner,3
Tverskoy,stalin,cosmetic,owner,3
Shchapovskoye,stalin,euro,agency,3
Yuzhnoye Medvedkovo,brick,no_renovation,owner,3
Moskovsky,khrushchev,euro,owner,3
Savyolovsky,monolith,no_renovation,owner,3
Sosenskoye,stalin,no_renovation,owner,3
Fili-Davydkovo,stalin,no_renovation,agency,3
Khoroshyovo-Mnyovniki,panel,euro,owner,3
Kosino-Ukhtomsky,stalin,designer,agency,3
Aeroport,modern_panel,designer,agency,3
Otradnoye,brick,designer,agency,3
Zelenograd,modern_panel,euro,owner,3
Severnoye Tushino,brick,designer,owner,3
Vnukovo,modern_panel,no_renovation,owner,3
Novokosino,stalin,designer,agency,3
Novofyodorovskoye,brick,designer,owner,3
Rogovskoye,modern_panel,no_renovation,owner,3
Koptevo,panel,designer,agency,3
Shchukino,khrushchev,no_renovation,owner,3
Yuzhnoye Tushino,panel,designer,agency,3
Obruchevsky,modern_panel,designer,agency,3
Shchukino,stalin,designer,owner,3
Khoroshyovsky,modern_panel,no_renovation,owner,3
Vostochnoye Izmaylovo,stalin,no_renovation,agency,3
Aeroport,khrushchev,euro,owner,3
Savyolovsky,modern_panel,designer,owner,3
Lianozovo,modern_panel,no_renovation,owner,3
Rostokino,monolith,designer,agency,3
Chertanovo Severnoye,brick,designer,agency,3
Desyonovskoye,stalin,no_renovation,agency,3
Biryulyovo Vostochnoye,khrushchev,designer,owner,3
Butyrsky,khrushchev,no_renovation,owner,3
Lianozovo,khrushchev,euro,agency,3
Novofyodorovskoye,monolith,designer,owner,3
Koptevo,khrushchev,designer,owner,3
Losinoostrovsky,modern_panel,designer,agency,3
Lomonosovsky,monolith,designer,owner,3
Zamoskvorechye,stalin,euro,agency,3
Donskoy,khrushchev,designer,agency,3
Krylatskoye,stalin,cosmetic,owner,3
Orekhovo-Borisovo Severnoye,khrushchev,no_renovation,owner,3
Moskvorechye-Saburovo,monolith,no_renovation,owner,3
Kosino-Ukhtomsky,brick,no_renovation,agency,3
Arbat,modern_panel,designer,owner,3
Troparyovo-Nikulino,stalin,no_renovation,agency,3
Veshnyaki,khrushchev,designer,agency,3
Zyablikovo,brick,no_renovation,owner,3
Bibirevo,khrushchev,euro,owner,3
Nagatino-Sadovniki,stalin,designer,agency,3
Troitsk,stalin,designer,agency,3
Nagatino-Sadovniki,stalin,no_renovation,agency,3
Ivanovskoye,stalin,euro,owner,3
Timiryazevsky,stalin,no_renovation,owner,3
Golovinsky,monolith,designer,agency,3
Sokolinaya Gora,stalin,no_renovation,agency,3
Mikhaylovo-Yartsevskoye,khrushchev,no_renovation,owner,3
Levoberezhny,stalin,no_renovation,agency,3
Kuntsevo,stalin,euro,owner,3
Severnoye Butovo,panel,designer,agency,3
Losinoostrovsky,monolith,designer,owner,3
Orekhovo-Borisovo Severnoye,modern_panel,no_renovation,owner,3
Yakimanka,khrushchev,designer,agency,3
Biryulyovo Vostochnoye,stalin,cosmetic,owner,3
Savyolovsky,stalin,euro,agency,3
Krasnoselsky,khrushchev,no_renovation,owner,3
Nagatinsky Zaton,brick,designer,agency,3
Severnoye Butovo,stalin,designer,owner,3
Bogorodskoye,stalin,euro,owner,3
Danilovsky,monolith,designer,owner,3
Zapadnoye Degunino,stalin,euro,agency,3
Pervomayskoye,stalin,designer,agency,3
Tsaritsyno,khrushchev,no_renovation,owner,3
Pokrovskoye-Streshnevo,panel,designer,owner,3
Otradnoye,stalin,no_renovation,agency,3
Vostochnoye Izmaylovo,khrushchev,designer,agency,3
Marfino,khrushchev,euro,owner,3
Aeroport,stalin,cosmetic,owner,3
Bogorodskoye,brick,designer,owner,3
Severnoye Izmaylovo,stalin,euro,agency,3
Basmanny,monolith,designer,owner,3
Khoroshyovo-Mnyovniki,stalin,euro,owner,3
Meshchansky,khrushchev,no_renovation,agency,3
Vostochnoye Izmaylovo,modern_panel,no_renovation,agency,3
Severnoye Butovo,brick,euro,owner,3
Voronovskoye,stalin,euro,agency,3
Nagatino-Sadovniki,monolith,designer,agency,3
Tyoply Stan,stalin,cosmetic,agency,3
Mozhaysky,brick,no_renovation,owner,3
Donskoy,stalin,designer,agency,3
Dorogomilovo,brick,no_renovation,owner,3
Ivanovskoye,modern_panel,designer,owner,3
Yuzhnoye Medvedkovo,khrushchev,designer,agency,3
Tyoply Stan,stalin,no_renovation,agency,3
Khovrino,monolith,designer,owner,3
Pervomayskoye,stalin,euro,agency,3
Troparyovo-Nikulino,stalin,cosmetic,agency,3
Novo-Peredelkino,modern_panel,no_renovation,owner,3
Vostochny,monolith,no_renovation,owner,3
Losinoostrovsky,khrushchev,designer,owner,3
Brateyevo,stalin,no_renovation,agency,3
Khamovniki,stalin,cosmetic,owner,3
Levoberezhny,monolith,no_renovation,owner,3
Babushkinsky,panel,designer,owner,3
Orekhovo-Borisovo Yuzhnoye,panel,designer,agency,3
Klyonovskoye,stalin,designer,agency,3
Timiryazevsky,stalin,designer,owner,3
Voronovskoye,khrushchev,designer,agency,3
Krylatskoye,panel,designer,agency,3
Fili-Davydkovo,stalin,euro,owner,3
Krylatskoye,panel,no_renovation,owner,3
Savyolovsky,stalin,cosmetic,owner,3
Marfino,monolith,designer,owner,3
Shcherbinka,stalin,no_renovation,owner,3
Brateyevo,modern_panel,designer,owner,3
Rogovskoye,modern_panel,designer,owner,3
Moskvorechye-Saburovo,monolith,euro,owner,3
Orekhovo-Borisovo Severnoye,monolith,designer,owner,3
Severnoye Izmaylovo,khrushchev,designer,agency,3
Vostochny,khrushchev,designer,owner,3
Severnoye Medvedkovo,stalin,no_renovation,agency,3
Gagarinsky,panel,designer,agency,3
Timiryazevsky,modern_panel,designer,agency,3
Alekseevsky,brick,designer,agency,3
Kuntsevo,modern_panel,no_renovation,owner,3
Ramenki,panel,designer,agency,3
Izmaylovo,stalin,cosmetic,agency,3
Severnoye Medvedkovo,modern_panel,designer,agency,3
Yasenevo,stalin,no_renovation,agency,3
Krasnopakhorskoye,modern_panel,designer,owner,3
Kuntsevo,monolith,designer,owner,3
Alekseevsky,stalin,no_renovation,agency,3
Dmitrovsky,panel,designer,agency,3
Novofyodorovskoye,brick,euro,owner,3
Tsaritsyno,panel,designer,agency,3
Troparyovo-Nikulino,khrushchev,designer,owner,3
Sokol,brick,designer,agency,3
Filyovsky Park,monolith,no_renovation,owner,3
Timiryazevsky,stalin,euro,owner,3
Zyablikovo,stalin,euro,agency,3
Arbat,panel,designer,agency,3
Rogovskoye,brick,designer,agency,3
Ramenki,stalin,designer,agency,3
Tsaritsyno,khrushchev,designer,agency,3
Zyablikovo,modern_panel,designer,agency,3
Zapadnoye Degunino,monolith,designer,agency,3
Shchukino,stalin,cosmetic,owner,3
Koptevo,monolith,designer,agency,3
Troparyovo-Nikulino,modern_panel,no_renovation,owner,3
Otradnoye,stalin,euro,agency,3
Orekhovo-Borisovo Yuzhnoye,panel,designer,owner,3
Khoroshyovsky,brick,euro,owner,3
Bibirevo,stalin,no_renovation,agency,3
Lomonosovsky,brick,designer,agency,3
Mosrentgen,brick,designer,owner,3
Timiryazevsky,stalin,no_renovation,agency,3
Arbat,khrushchev,designer,owner,3
Nagatinsky Zaton,stalin,designer,agency,3
Preobrazhenskoye,panel,designer,owner,3
Arbat,brick,designer,owner,3
Severnoye Izmaylovo,modern_panel,designer,owner,3
Prospekt Vernadskogo,modern_panel,designer,agency,3
Ostankinsky,stalin,euro,owner,3
Meshchansky,brick,no_renovation,owner,3
Yuzhnoye Butovo,khrushchev,no_renovation,owner,3
Khovrino,khrushchev,euro,owner,3
Yuzhnoye Medvedkovo,monolith,no_renovation,owner,3
Yaroslavsky,stalin,euro,owner,3
Ryazanovskoye,stalin,cosmetic,agency,3
Kokoshkino,khrushchev,no_renovation,owner,3
Altufyevsky,khrushchev,designer,owner,3
Vostochny,modern_panel,cosmetic,owner,3
Cheryomushki,stalin,no_renovation,agency,3
Krasnopakhorskoye,stalin,no_renovation,owner,3
Kurkino,stalin,no_renovation,owner,3
Khovrino,stalin,cosmetic,owner,3
Basmanny,stalin,designer,agency,3
Shchukino,modern_panel,no_renovation,owner,3
Otradnoye,monolith,designer,owner,3
Presnensky,stalin,cosmetic,owner,3
Alekseevsky,monolith,no_renovation,owner,3
Kurkino,khrushchev,designer,agency,3
Orekhovo-Borisovo Severnoye,monolith,designer,agency,3
Khoroshyovsky,modern_panel,euro,owner,3
Cheryomushki,khrushchev,designer,owner,3
Shcherbinka,modern_panel,euro,owner,3
Yuzhnoye Tushino,stalin,no_renovation,owner,3
Perovo,brick,designer,owner,3
Desyonovskoye,brick,designer,owner,3
Filimonkovskoye,stalin,designer,agency,3
Golyanovo,monolith,designer,owner,3
Kuntsevo,khrushchev,designer,owner,3
Severnoye Medvedkovo,khrushchev,no_renovation,owner,3
Akademichesky,khrushchev,designer,agency,3
Voskresenskoye,modern_panel,designer,owner,3
Vnukovskoye,brick,designer,owner,3
Ivanovskoye,stalin,designer,agency,3
Prospekt Vernadskogo,brick,euro,owner,3
Strogino,stalin,cosmetic,owner,3
Vostochnoye Izmaylovo,stalin,designer,agency,3
Begovoy,khrushchev,no_renovation,owner,3
Rogovskoye,monolith,no_renovation,owner,3
Biryulyovo Zapadnoye,monolith,no_renovation,owner,3
Timiryazevsky,panel,designer,owner,3
Biryulyovo Zapadnoye,stalin,no_renovation,agency,3
Chertanovo Tsentralnoye,monolith,designer,agency,3
Perovo,stalin,cosmetic,owner,3
Severnoye Tushino,brick,designer,agency,3
Golyanovo,khrushchev,designer,owner,3
Ryazanovskoye,brick,euro,owner,3
Mozhaysky,khrushchev,designer,agency,3
Zyuzino,stalin,no_renovation,agency,3
Konkovo,stalin,designer,agency,3
Bogorodskoye,khrushchev,designer,owner,3
Tsaritsyno,modern_panel,designer,owner,3
Golyanovo,panel,designer,owner,3
Novo-Peredelkino,monolith,euro,owner,3
Tagansky,stalin,euro,agency,3
Moskvorechye-Saburovo,brick,no_renovation,owner,3
Perovo,brick,no_renovation,owner,3
Zamoskvorechye,stalin,cosmetic,agency,3
Yaroslavsky,khrushchev,no_renovation,owner,3
Kurkino,panel,designer,agency,3
Biryulyovo Zapadnoye,stalin,euro,agency,3
Filyovsky Park,monolith,no_renovation,agency,3
Orekhovo-Borisovo Yuzhnoye,khrushchev,designer,owner,3
Vostochnoye Izmaylovo,khrushchev,no_renovation,owner,3
Kievsky,stalin,euro,owner,3
Yuzhnoye Medvedkovo,modern_panel,designer,agency,3
Troparyovo-Nikulino,brick,designer,owner,3
Akademichesky,brick,designer,agency,3
Severnoye Tushino,panel,designer,owner,3
Basmanny,khrushchev,designer,owner,3
Orekhovo-Borisovo Severnoye,brick,no_renovation,owner,3
Marfino,monolith,designer,agency,3
Sviblovo,khrushchev,designer,owner,3
Severnoye Medvedkovo,modern_panel,designer,owner,3
Danilovsky,khrushchev,designer,agency,3
Zapadnoye Degunino,modern_panel,designer,owner,3
Marushkinskoye,stalin,designer,agency,3
Kuntsevo,panel,no_renovation,owner,3
Basmanny,stalin,euro,owner,3
Solntsevo,brick,designer,owner,3
Lomonosovsky,modern_panel,designer,owner,3
Babushkinsky,monolith,no_renovation,owner,3
Zapadnoye Degunino,panel,designer,owner,3
Mosrentgen,stalin,euro,owner,3
Sviblovo,stalin,no_renovation,owner,3
Yuzhnoye Butovo,brick,no_renovation,owner,3
Yuzhnoye Tushino,modern_panel,designer,agency,3
Mitino,modern_panel,designer,owner,3
Brateyevo,stalin,no_renovation,owner,3
Golovinsky,monolith,designer,owner,3
Novogireyevo,monolith,cosmetic,owner,3
Beskudnikovsky,stalin,cosmetic,agency,3
Rogovskoye,khrushchev,no_renovation,owner,3
Zyablikovo,brick,designer,agency,3
Yuzhnoye Medvedkovo,modern_panel,no_renovation,owner,3
Donskoy,panel,designer,owner,3
Zyablikovo,stalin,no_renovation,agency,3
Yuzhnoye Medvedkovo,stalin,euro,owner,3
Khoroshyovsky,monolith,designer,agency,3
Fili-Davydkovo,monolith,designer,owner,3
Khovrino,khrushchev,designer,owner,3
Kotlovka,khrushchev,no_renovation,owner,3
Zapadnoye Degunino,stalin,euro,owner,3
Khamovniki,khrushchev,designer,agency,3
Arbat,modern_panel,designer,agency,3
Butyrsky,brick,designer,owner,3
Levoberezhny,brick,designer,owner,3
Sokol,khrushchev,euro,owner,3
Tsaritsyno,brick,designer,owner,3
Sosenskoye,monolith,designer,agency,3
Yuzhnoye Medvedkovo,stalin,designer,agency,3
Preobrazhenskoye,stalin,euro,owner,3
Khovrino,panel,designer,agency,3
Levoberezhny,modern_panel,designer,owner,3
Tverskoy,panel,no_renovation,owner,3
Severnoye Izmaylovo,stalin,no_renovation,owner,3
Cheryomushki,khrushchev,no_renovation,owner,3
Voronovskoye,modern_panel,no_renovation,owner,3
Dmitrovsky,brick,euro,owner,3
Biryulyovo Zapadnoye,monolith,designer,agency,3
Fili-Davydkovo,panel,designer,agency,3
Marfino,khrushchev,designer,owner,3
Mitino,khrushchev,euro,owner,3
Nagatinsky Zaton,panel,designer,owner,3
Kievsky,stalin,no_renovation,agency,3
Prospekt Vernadskogo,modern_panel,designer,owner,3
Obruchevsky,monolith,designer,owner,3
Nagatino-Sadovniki,brick,designer,owner,3
Aeroport,modern_panel,designer,owner,3
Butyrsky,modern_panel,designer,agency,3
Dorogomilovo,stalin,no_renovation,agency,3
Losinoostrovsky,brick,designer,owner,3
Dmitrovsky,khrushchev,designer,owner,3
Shchapovskoye,modern_panel,no_renovation,owner,3
Ochakovo-Matveyevskoye,modern_panel,designer,owner,3
Khoroshyovsky,khrushchev,designer,agency,3
Bogorodskoye,stalin,no_renovation,agency,3
Butyrsky,stalin,no_renovation,agency,3
Savyolovsky,stalin,no_renovation,owner,3
Donskoy,khrushchev,euro,owner,3
Zelenograd,khrushchev,euro,owner,3
Novo-Peredelkino,stalin,no_renovation,agency,3
Babushkinsky,stalin,cosmetic,owner,3
Otradnoye,stalin,cosmetic,owner,3
Klyonovskoye,brick,no_renovation,owner,3
Lomonosovsky,panel,designer,agency,3
Voskresenskoye,khrushchev,designer,owner,3
Troitsk,stalin,cosmetic,owner,3
Dmitrovsky,brick,designer,agency,3
Voronovskoye,stalin,euro,owner,3
Nagatino-Sadovniki,brick,no_renovation,owner,3
Nagorny,modern_panel,designer,owner,3
Kokoshkino,khrushchev,no_renovation,agency,3
Dmitrovsky,monolith,designer,owner,3
Molzhaninovsky,monolith,designer,owner,3
Prospekt Vernadskogo,khrushchev,no_renovation,owner,3
Chertanovo Tsentralnoye,panel,no_renovation,owner,3
Kievsky,stalin,euro,agency,3
Ryazanovskoye,brick,designer,agency,3
Otradnoye,modern_panel,designer,agency,3
Khamovniki,modern_panel,no_renovation,owner,3
Kokoshkino,stalin,euro,owner,3
Kotlovka,khrushchev,designer,owner,3
Bibirevo,monolith,designer,owner,3
Cheryomushki,monolith,designer,owner,3
Severnoye Medvedkovo,monolith,designer,owner,3
Yaroslavsky,stalin,designer,agency,3
Kurkino,stalin,designer,agency,3
Gagarinsky,monolith,designer,owner,3
Voskresenskoye,khrushchev,designer,agency,3
Severnoye Butovo,stalin,cosmetic,agency,3
Kosino-Ukhtomsky,panel,designer,agency,3
Shchukino,khrushchev,designer,owner,3
Beskudnikovsky,stalin,designer,owner,3
Konkovo,stalin,designer,owner,3
Kokoshkino,monolith,designer,owner,3
Marfino,panel,designer,owner,3
Vostochny,modern_panel,no_renovation,owner,3
Tyoply Stan,stalin,designer,agency,3
Beskudnikovsky,stalin,no_renovation,agency,3
Novokosino,monolith,designer,agency,3
Altufyevsky,stalin,no_renovation,agency,3
Ostankinsky,stalin,no_renovation,agency,3
Khoroshyovo-Mnyovniki,brick,designer,agency,3
Ryazanovskoye,monolith,designer,owner,3
Shchukino,stalin,euro,owner,3
Ivanovskoye,modern_panel,no_renovation,owner,3
Alekseevsky,stalin,no_renovation,owner,3
Zamoskvorechye,stalin,euro,owner,3
Arbat,panel,designer,owner,3
Novofyodorovskoye,stalin,cosmetic,owner,3
Mozhaysky,brick,euro,owner,3
Bibirevo,khrushchev,no_renovation,owner,3
Moskovsky,modern_panel,designer,agency,3
Tsaritsyno,panel,designer,owner,3
Biryulyovo Vostochnoye,monolith,designer,agency,3
Chertanovo Yuzhnoye,stalin,euro,owner,3
Timiryazevsky,stalin,cosmetic,owner,3
Novogireyevo,khrushchev,designer,agency,3
Metrogorodok,panel,no_renovation,owner,3
Severnoye Medvedkovo,stalin,euro,agency,3
Orekhovo-Borisovo Yuzhnoye,monolith,designer,owner,3
Golyanovo,khrushchev,cosmetic,owner,3
Novo-Peredelkino,khrushchev,designer,owner,3
Preobrazhenskoye,stalin,cosmetic,agency,3
Shcherbinka,modern_panel,designer,owner,2
Severnoye Butovo,modern_panel,designer,agency,2
Aeroport,brick,designer,agency,2
Alekseevsky,modern_panel,designer,owner,2
Kuntsevo,stalin,cosmetic,owner,2
Novofyodorovskoye,khrushchev,designer,agency,2
Kosino-Ukhtomsky,stalin,no_renovation,owner,2
Orekhovo-Borisovo Yuzhnoye,stalin,no_renovation,agency,2
Ochakovo-Matveyevskoye,panel,no_renovation,owner,2
Voskresenskoye,panel,designer,owner,2
Vostochny,panel,designer,owner,2
Gagarinsky,modern_panel,designer,owner,2
Alekseevsky,stalin,designer,owner,2
Filimonkovskoye,brick,designer,agency,2
Ryazanovskoye,panel,designer,owner,2
Filimonkovskoye,stalin,designer,owner,2
Orekhovo-Borisovo Severnoye,panel,designer,owner,2
Vnukovo,stalin,no_renovation,owner,2
Strogino,panel,designer,owner,2
Tyoply Stan,modern_panel,designer,owner,2
Tsaritsyno,stalin,no_renovation,agency,2
Danilovsky,modern_panel,designer,owner,2
Ryazanovskoye,stalin,designer,owner,2
Losinoostrovsky,stalin,designer,agency,2
Begovoy,modern_panel,no_renovation,owner,2
Kokoshkino,khrushchev,designer,owner,2
Ramenki,stalin,cosmetic,owner,2
Mosrentgen,monolith,designer,owner,2
Novofyodorovskoye,stalin,designer,agency,2
Aeroport,stalin,designer,agency,2
Chertanovo Yuzhnoye,modern_panel,designer,owner,2
Izmaylovo,brick,designer,owner,2
Tagansky,khrushchev,no_renovation,owner,2
Strogino,stalin,euro,owner,2
Sviblovo,modern_panel,designer,owner,2
Dmitrovsky,monolith,designer,agency,2
Savyolovsky,stalin,no_renovation,agency,2
Golovinsky,stalin,euro,owner,2
Pokrovskoye-Streshnevo,khrushchev,designer,owner,2
Tagansky,stalin,no_renovation,owner,2
Solntsevo,panel,designer,agency,2
Krylatskoye,monolith,designer,owner,2
Novokosino,panel,no_renovation,owner,2
Basmanny,panel,designer,owner,2
Yaroslavsky,khrushchev,designer,owner,2
Kosino-Ukhtomsky,khrushchev,designer,owner,2
Preobrazhenskoye,khrushchev,designer,owner,2
Ryazanovskoye,stalin,no_renovation,agency,2
Zamoskvorechye,monolith,designer,owner,2
Zelenograd,modern_panel,designer,owner,2
Lianozovo,brick,designer,owner,2
Voronovskoye,brick,designer,owner,2
Strogino,khrushchev,no_renovation,owner,2
Orekhovo-Borisovo Severnoye,stalin,euro,owner,2
Arbat,monolith,designer,agency,2
Krasnoselsky,brick,no_renovation,owner,2
Lianozovo,modern_panel,designer,owner,2
Severnoye Butovo,stalin,no_renovation,agency,2
Marfino,stalin,euro,owner,2
Novofyodorovskoye,stalin,euro,owner,2
Zapadnoye Degunino,khrushchev,no_renovation,owner,2
Khoroshyovo-Mnyovniki,khrushchev,designer,agency,2
Troparyovo-Nikulino,brick,no_renovation,owner,2
Marfino,stalin,no_renovation,owner,2
Izmaylovo,monolith,designer,owner,2
Zyuzino,monolith,designer,owner,2
Golovinsky,stalin,designer,agency,2
Shchukino,monolith,designer,owner,2
Begovoy,stalin,euro,owner,2
Khamovniki,panel,designer,owner,2
Khoroshyovsky,brick,designer,owner,2
Fili-Davydkovo,khrushchev,designer,owner,2
Zamoskvorechye,stalin,no_renovation,owner,2
Yakimanka,panel,designer,agency,2
Novogireyevo,brick,euro,owner,2
Biryulyovo Zapadnoye,brick,designer,agency,2
Severnoye Izmaylovo,stalin,cosmetic,owner,2
Yuzhnoye Butovo,modern_panel,designer,agency,2
Novofyodorovskoye,khrushchev,designer,owner,2
Chertanovo Severnoye,stalin,euro,agency,2
Vnukovo,stalin,designer,agency,2
Losinoostrovsky,brick,designer,agency,2
Tsaritsyno,stalin,designer,agency,2
Levoberezhny,khrushchev,no_renovation,owner,2
Krylatskoye,brick,designer,owner,2
Nagorny,stalin,designer,agency,2
Yuzhnoye Tushino,brick,designer,owner,2
Kievsky,brick,no_renovation,owner,2
Mozhaysky,stalin,euro,owner,2
Ostankinsky,khrushchev,designer,owner,2
Beskudnikovsky,stalin,no_renovation,owner,2
Presnensky,brick,designer,agency,2
Tsaritsyno,stalin,designer,owner,2
Maryina Roshcha,modern_panel,designer,owner,2
Maryina Roshcha,khrushchev,designer,owner,2
Khoroshyovo-Mnyovniki,stalin,cosmetic,owner,2
Moskovsky,stalin,euro,owner,2
Koptevo,panel,designer,owner,2
Otradnoye,stalin,no_renovation,owner,2
Butyrsky,stalin,euro,owner,2
Akademichesky,brick,designer,owner,2
Sokolinaya Gora,panel,designer,owner,2
Akademichesky,panel,designer,agency,2
Bogorodskoye,stalin,no_renovation,owner,2
Perovo,monolith,designer,owner,2
Sokolinaya Gora,khrushchev,designer,agency,2
Severny,khrushchev,euro,owner,2
Metrogorodok,brick,no_renovation,owner,2
Yuzhnoye Medvedkovo,stalin,no_renovation,owner,2
Krasnoselsky,stalin,designer,owner,2
Severnoye Medvedkovo,stalin,designer,agency,2
Severny,stalin,designer,agency,2
Kotlovka,stalin,no_renovation,agency,2
Mitino,brick,designer,agency,2
Maryina Roshcha,brick,designer,agency,2
Rostokino,stalin,euro,agency,2
Zyuzino,modern_panel,designer,owner,2
Nagorny,brick,designer,agency,2
Ivanovskoye,khrushchev,designer,owner,2
Filimonkovskoye,khrushchev,designer,owner,2
Vnukovo,brick,designer,agency,2
Ramenki,stalin,euro,owner,2
Shchapovskoye,stalin,designer,owner,2
Solntsevo,monolith,designer,owner,2
Mikhaylovo-Yartsevskoye,brick,designer,owner,2
Nagorny,panel,designer,agency,2
Otradnoye,modern_panel,designer,owner,2
Ostankinsky,stalin,no_renovation,owner,2
Shcherbinka,panel,no_renovation,owner,2
Fili-Davydkovo,khrushchev,no_renovation,owner,2
Levoberezhny,stalin,no_renovation,owner,2
Tverskoy,monolith,designer,owner,2
Metrogorodok,stalin,euro,owner,2
Vostochny,monolith,designer,owner,2
Solntsevo,stalin,no_renovation,owner,2
Novogireyevo,brick,designer,owner,2
Klyonovskoye,stalin,euro,owner,2
Novokosino,modern_panel,designer,owner,2
Sosenskoye,brick,designer,owner,2
Fili-Davydkovo,monolith,no_renovation,owner,2
Presnensky,stalin,designer,agency,2
Kuntsevo,panel,designer,owner,2
Severny,stalin,euro,owner,2
Zyuzino,khrushchev,designer,agency,2
Ostankinsky,monolith,designer,owner,2
Troitsk,modern_panel,designer,owner,2
Tagansky,stalin,designer,agency,2
Ramenki,monolith,no_renovation,owner,2
Arbat,monolith,designer,owner,2
Losinoostrovsky,stalin,designer,owner,2
Preobrazhenskoye,panel,no_renovation,owner,2
Desyonovskoye,brick,no_renovation,owner,2
Konkovo,brick,designer,owner,2
Golyanovo,modern_panel,no_renovation,owner,2
Moskovsky,stalin,cosmetic,owner,2
Rogovskoye,khrushchev,designer,owner,2
Troparyovo-Nikulino,panel,designer,agency,2
Marfino,stalin,designer,agency,2
Beskudnikovsky,modern_panel,designer,owner,2
Krasnopakhorskoye,stalin,euro,owner,2
Altufyevsky,brick,euro,owner,2
Mikhaylovo-Yartsevskoye,khrushchev,designer,owner,2
Vnukovskoye,khrushchev,no_renovation,owner,2
Veshnyaki,stalin,euro,agency,2
Shchapovskoye,modern_panel,designer,owner,2
Severnoye Medvedkovo,brick,designer,agency,2
Arbat,stalin,designer,owner,2
Mosrentgen,stalin,no_renovation,owner,2
Marushkinskoye,stalin,designer,owner,2
Chertanovo Severnoye,khrushchev,no_renovation,owner,2
Severny,brick,designer,owner,2
Mikhaylovo-Yartsevskoye,stalin,designer,owner,2
Vostochnoye Izmaylovo,stalin,cosmetic,owner,2
Novokosino,brick,designer,owner,2
Moskovsky,monolith,no_renovation,owner,2
Sosenskoye,stalin,euro,owner,2
Fili-Davydkovo,stalin,designer,owner,2
Chertanovo Tsentralnoye,stalin,designer,agency,2
Prospekt Vernadskogo,stalin,euro,owner,2
Chertanovo Severnoye,stalin,no_renovation,agency,2
Danilovsky,khrushchev,designer,owner,2
Novofyodorovskoye,panel,designer,owner,2
Zelenograd,khrushchev,no_renovation,owner,2
Khoroshyovo-Mnyovniki,stalin,no_renovation,owner,2
Severnoye Butovo,modern_panel,designer,owner,2
Kotlovka,stalin,no_renovation,owner,2
Obruchevsky,stalin,euro,agency,2
Meshchansky,stalin,no_renovation,owner,2
Mitino,stalin,euro,agency,2
Kurkino,monolith,designer,owner,2
Shchapovskoye,khrushchev,designer,owner,2
Chertanovo Yuzhnoye,monolith,designer,owner,2
Cheryomushki,stalin,euro,owner,2
Filyovsky Park,stalin,designer,owner,2
Orekhovo-Borisovo Severnoye,brick,designer,owner,2
Donskoy,brick,designer,owner,2
Sokolinaya Gora,brick,designer,owner,2
Savyolovsky,brick,no_renovation,owner,2
Khamovniki,khrushchev,designer,owner,2
Sviblovo,stalin,designer,agency,2
Krylatskoye,stalin,no_renovation,agency,2
Yuzhnoye Tushino,khrushchev,designer,agency,2
Bogorodskoye,stalin,designer,agency,2
Obruchevsky,monolith,no_renovation,owner,2
Solntsevo,stalin,no_renovation,agency,2
Khoroshyovsky,khrushchev,designer,owner,2
Novogireyevo,monolith,designer,owner,2
Mosrentgen,panel,designer,owner,2
Cheryomushki,stalin,designer,owner,2
Ramenki,khrushchev,designer,owner,2
Marushkinskoye,brick,designer,agency,2
Zamoskvorechye,stalin,cosmetic,owner,2
Voskresenskoye,stalin,euro,agency,2
Solntsevo,khrushchev,designer,agency,2
Dorogomilovo,khrushchev,designer,owner,2
Sosenskoye,brick,designer,agency,2
Nagatinsky Zaton,stalin,euro,agency,2
Kurkino,brick,designer,agency,2
Krasnopakhorskoye,stalin,no_renovation,agency,2
Tagansky,khrushchev,designer,owner,2
Khoroshyovo-Mnyovniki,brick,no_renovation,owner,2
Chertanovo Severnoye,panel,designer,owner,2
Yuzhnoye Medvedkovo,monolith,designer,owner,2
Begovoy,monolith,designer,owner,2
Vostochny,stalin,euro,owner,2
Krylatskoye,modern_panel,designer,owner,2
Pervomayskoye,monolith,designer,owner,2
Biryulyovo Vostochnoye,monolith,designer,owner,2
Sokolniki,khrushchev,designer,agency,2
Severnoye Butovo,monolith,designer,owner,2
Pokrovskoye-Streshnevo,brick,designer,owner,2
Novogireyevo,monolith,no_renovation,owner,2
Zelenograd,stalin,designer,agency,2
Sokolinaya Gora,monolith,designer,owner,2
Kokoshkino,modern_panel,designer,agency,2
Fili-Davydkovo,khrushchev,euro,owner,2
Vnukovskoye,panel,designer,owner,2
Tyoply Stan,stalin,no_renovation,owner,2
Novokosino,modern_panel,designer,agency,2
Yuzhnoye Butovo,modern_panel,designer,owner,2
Kievsky,brick,designer,owner,2
Sokolinaya Gora,brick,euro,owner,2
Voykovsky,stalin,designer,owner,2
Beskudnikovsky,stalin,euro,owner,2
Ostankinsky,panel,euro,owner,2
Biryulyovo Zapadnoye,monolith,designer,owner,2
Strogino,panel,designer,agency,2
Yuzhnoye Butovo,stalin,designer,agency,2
Troitsk,panel,designer,owner,2
Voykovsky,stalin,no_renovation,agency,2
Khoroshyovo-Mnyovniki,monolith,designer,agency,2
Desyonovskoye,stalin,designer,owner,2
Krasnopakhorskoye,panel,designer,owner,2
Babushkinsky,monolith,designer,agency,2
Konkovo,stalin,cosmetic,owner,2
Nagorny,stalin,designer,owner,2
Koptevo,stalin,no_renovation,owner,2
Danilovsky,panel,designer,agency,2
Bibirevo,stalin,designer,owner,2
Yakimanka,khrushchev,no_renovation,owner,2
Kosino-Ukhtomsky,khrushchev,cosmetic,owner,2
Cheryomushki,brick,designer,owner,2
Konkovo,khrushchev,designer,owner,2
Vnukovo,stalin,cosmetic,owner,2
Lianozovo,stalin,no_renovation,owner,2
Voskresenskoye,stalin,no_renovation,owner,2
Troitsk,stalin,designer,owner,2
Moskvorechye-Saburovo,brick,designer,owner,2
Savyolovsky,panel,designer,owner,2
Akademichesky,monolith,no_renovation,owner,2
Voskresenskoye,stalin,cosmetic,owner,2
Tsaritsyno,modern_panel,no_renovation,owner,2
Perovo,panel,designer,agency,2
Shchukino,monolith,no_renovation,owner,2
Timiryazevsky,brick,designer,owner,2
Veshnyaki,modern_panel,no_renovation,owner,2
Chertanovo Severnoye,stalin,no_renovation,owner,2
Kuntsevo,brick,designer,owner,2
Vostochnoye Izmaylovo,panel,designer,owner,2
Metrogorodok,brick,designer,owner,2
Gagarinsky,panel,designer,owner,2
Ryazanovskoye,stalin,designer,agency,2
Veshnyaki,khrushchev,designer,owner,2
Mitino,khrushchev,designer,agency,2
Khoroshyovsky,stalin,euro,owner,2
Timiryazevsky,monolith,designer,owner,2
Filyovsky Park,stalin,cosmetic,agency,2
Nagatinsky Zaton,khrushchev,designer,owner,2
Novo-Peredelkino,khrushchev,no_renovation,owner,2
Kurkino,khrushchev,designer,owner,2
Pervomayskoye,khrushchev,designer,agency,2
Yakimanka,stalin,no_renovation,owner,2
Savyolovsky,stalin,euro,owner,2
Yuzhnoye Butovo,stalin,cosmetic,owner,2
Zyuzino,modern_panel,designer,agency,2
Troparyovo-Nikulino,panel,designer,owner,2
Metrogorodok,stalin,euro,agency,2
Aeroport,brick,designer,owner,2
Chertanovo Tsentralnoye,modern_panel,designer,owner,2
Khamovniki,monolith,no_renovation,owner,2
Beskudnikovsky,panel,designer,owner,2
Sokol,modern_panel,designer,owner,2
Moskovsky,stalin,no_renovation,owner,2
Khovrino,modern_panel,designer,owner,2
Lianozovo,stalin,no_renovation,agency,2
Tverskoy,stalin,no_renovation,owner,2
Babushkinsky,monolith,designer,owner,2
Strogino,modern_panel,designer,owner,2
Ochakovo-Matveyevskoye,stalin,designer,owner,2
Lianozovo,khrushchev,designer,owner,2
Pokrovskoye-Streshnevo,stalin,designer,agency,2
Severnoye Medvedkovo,brick,designer,owner,2
Fili-Davydkovo,khrushchev,designer,agency,2
Zyuzino,khrushchev,designer,owner,2
Biryulyovo Zapadnoye,khrushchev,designer,owner,2
Kokoshkino,monolith,designer,agency,2
Yasenevo,modern_panel,designer,owner,2
Filyovsky Park,modern_panel,designer,owner,2
Chertanovo Yuzhnoye,panel,designer,agency,2
Basmanny,stalin,cosmetic,owner,2
Vnukovskoye,monolith,designer,owner,2
Kosino-Ukhtomsky,modern_panel,designer,owner,2
Marushkinskoye,stalin,no_renovation,agency,2
Pervomayskoye,monolith,no_renovation,owner,2
Voykovsky,stalin,no_renovation,owner,2
Pokrovskoye-Streshnevo,modern_panel,designer,owner,2
Molzhaninovsky,brick,designer,agency,2
Vostochny,stalin,euro,agency,2
Shchukino,brick,designer,owner,2
Begovoy,khrushchev,designer,owner,2
Marushkinskoye,modern_panel,designer,owner,2
Nagatinsky Zaton,brick,no_renovation,owner,2
Zapadnoye Degunino,stalin,cosmetic,owner,2
Khamovniki,stalin,designer,agency,2
Vostochny,stalin,designer,agency,2
Marushkinskoye,stalin,no_renovation,owner,2
Shchapovskoye,panel,designer,owner,2
Koptevo,brick,designer,owner,2
Filyovsky Park,stalin,euro,owner,2
Khoroshyovo-Mnyovniki,monolith,designer,owner,2
Fili-Davydkovo,modern_panel,designer,agency,2
Mozhaysky,stalin,designer,owner,2
Sokolinaya Gora,monolith,euro,owner,2
Tyoply Stan,brick,designer,owner,2
Troitsk,monolith,no_renovation,owner,2
Perovo,monolith,designer,agency,2
Zyuzino,brick,designer,owner,2
Troitsk,brick,designer,owner,2
Preobrazhenskoye,stalin,no_renovation,owner,2
Preobrazhenskoye,monolith,no_renovation,owner,2
Troparyovo-Nikulino,monolith,designer,owner,2
Nagatino-Sadovniki,brick,designer,agency,2
Altufyevsky,monolith,designer,owner,2
Severnoye Tushino,stalin,designer,agency,2
Sokolinaya Gora,khrushchev,no_renovation,agency,2
Brateyevo,brick,designer,owner,2
Konkovo,panel,designer,owner,2
Filyovsky Park,stalin,no_renovation,owner,2
Timiryazevsky,khrushchev,designer,agency,2
Marushkinskoye,stalin,euro,owner,2
Meshchansky,brick,no_renovation,agency,2
Vostochnoye Izmaylovo,monolith,designer,owner,2
Ramenki,khrushchev,no_renovation,owner,2
Nagatinsky Zaton,khrushchev,euro,owner,2
Dorogomilovo,brick,designer,owner,2
Fili-Davydkovo,stalin,designer,agency,2
Chertanovo Severnoye,stalin,designer,agency,2
Severny,khrushchev,designer,agency,2
Altufyevsky,panel,designer,owner,2
Butyrsky,modern_panel,designer,owner,2
Sosenskoye,monolith,designer,owner,2
Moskvorechye-Saburovo,khrushchev,designer,owner,2
Yuzhnoye Butovo,khrushchev,designer,owner,2
Troitsk,modern_panel,designer,agency,2
Ryazanovskoye,stalin,no_renovation,owner,2
Sokolinaya Gora,stalin,euro,owner,2
Marfino,stalin,no_renovation,agency,2
Orekhovo-Borisovo Severnoye,brick,cosmetic,owner,2
Basmanny,stalin,designer,owner,2
Fili-Davydkovo,stalin,cosmetic,owner,2
Lomonosovsky,monolith,no_renovation,owner,2
Arbat,stalin,designer,agency,2
Tverskoy,panel,designer,owner,2
Vnukovo,khrushchev,designer,agency,2
Gagarinsky,stalin,no_renovation,owner,2
Khamovniki,monolith,designer,owner,2
Veshnyaki,brick,designer,owner,2
Pokrovskoye-Streshnevo,brick,no_renovation,owner,2
Meshchansky,modern_panel,designer,owner,2
Krasnoselsky,brick,designer,owner,2
Khoroshyovsky,stalin,no_renovation,agency,2
Shcherbinka,stalin,no_renovation,agency,2
Donskoy,stalin,euro,owner,2
Severnoye Butovo,stalin,euro,owner,2
Zelenograd,monolith,no_renovation,owner,2
Lianozovo,khrushchev,no_renovation,owner,2
Ostankinsky,modern_panel,designer,agency,2
Lomonosovsky,panel,no_renovation,owner,2
Izmaylovo,khrushchev,designer,agency,2
Ochakovo-Matveyevskoye,brick,designer,owner,2
Ostankinsky,panel,designer,owner,2
Dorogomilovo,stalin,no_renovation,owner,2
Veshnyaki,brick,designer,agency,2
Ochakovo-Matveyevskoye,stalin,no_renovation,agency,2
Nagorny,brick,designer,owner,2
Maryina Roshcha,brick,designer,owner,2
Voykovsky,khrushchev,designer,owner,2
Beskudnikovsky,stalin,designer,agency,2
Strogino,khrushchev,designer,owner,2
Ochakovo-Matveyevskoye,khrushchev,euro,owner,2
Lomonosovsky,brick,designer,owner,2
Losinoostrovsky,monolith,no_renovation,owner,2
Meshchansky,monolith,designer,owner,2
Alekseevsky,panel,designer,owner,2
Lianozovo,khrushchev,designer,agency,2
Alekseevsky,monolith,designer,agency,2
Severnoye Izmaylovo,stalin,designer,agency,2
Kokoshkino,brick,designer,owner,2
Ivanovskoye,khrushchev,euro,owner,2
Khoroshyovo-Mnyovniki,modern_panel,no_renovation,owner,2
Yuzhnoye Medvedkovo,brick,designer,agency,2
Chertanovo Yuzhnoye,monolith,designer,agency,2
Shchapovskoye,stalin,no_renovation,owner,2
Sokolinaya Gora,monolith,designer,agency,2
Kievsky,monolith,designer,agency,2
Vostochnoye Izmaylovo,stalin,euro,owner,2
Orekhovo-Borisovo Yuzhnoye,stalin,designer,agency,2
Yasenevo,monolith,designer,owner,2
Mitino,brick,designer,owner,2
Shchapovskoye,khrushchev,designer,agency,2
Timiryazevsky,stalin,designer,agency,2
Akademichesky,stalin,no_renovation,agency,2
Klyonovskoye,brick,designer,owner,2
Bibirevo,stalin,no_renovation,owner,2
Nagatino-Sadovniki,stalin,euro,agency,2
Klyonovskoye,panel,designer,owner,2
Moskvorechye-Saburovo,panel,designer,owner,2
Krasnoselsky,monolith,designer,owner,2
Dmitrovsky,khrushchev,designer,agency,2
Klyonovskoye,khrushchev,designer,owner,2
Vnukovskoye,stalin,euro,owner,2
Orekhovo-Borisovo Severnoye,stalin,cosmetic,owner,2
Orekhovo-Borisovo Severnoye,stalin,designer,agency,2
Shchukino,panel,designer,owner,2
Mosrentgen,khrushchev,no_renovation,owner,2
Filyovsky Park,stalin,cosmetic,owner,2
Vostochny,stalin,no_renovation,agency,1
Zapadnoye Degunino,stalin,designer,owner,1
Dorogomilovo,stalin,designer,agency,1
Maryina Roshcha,stalin,no_renovation,owner,1
Mikhaylovo-Yartsevskoye,stalin,no_renovation,owner,1
Severnoye Tushino,stalin,designer,owner,1
Novo-Peredelkino,stalin,designer,owner,1
Tagansky,stalin,euro,owner,1
Nagatino-Sadovniki,modern_panel,no_renovation,owner,1
Rogovskoye,khrushchev,euro,owner,1
Perovo,stalin,designer,agency,1
Strogino,stalin,designer,owner,1
Altufyevsky,stalin,designer,owner,1
Yuzhnoye Butovo,stalin,euro,owner,1
Marushkinskoye,monolith,designer,owner,1
Ryazanovskoye,khrushchev,designer,owner,1
Otradnoye,stalin,designer,owner,1
Fili-Davydkovo,stalin,no_renovation,owner,1
Sosenskoye,stalin,designer,owner,1
Zyablikovo,panel,designer,owner,1
Novo-Peredelkino,stalin,no_renovation,owner,1
Donskoy,khrushchev,designer,owner,1
Donskoy,modern_panel,designer,owner,1
Bogorodskoye,monolith,designer,owner,1
Biryulyovo Zapadnoye,brick,designer,owner,1
Babushkinsky,modern_panel,designer,owner,1
Pervomayskoye,stalin,euro,owner,1
Alekseevsky,brick,designer,owner,1
Moskovsky,monolith,designer,agency,1
Mozhaysky,monolith,designer,owner,1
Fili-Davydkovo,brick,designer,owner,1
Otradnoye,modern_panel,no_renovation,owner,1
Khoroshyovo-Mnyovniki,brick,designer,owner,1
Yuzhnoye Butovo,panel,designer,owner,1
Ivanovskoye,brick,no_renovation,owner,1
Tverskoy,khrushchev,designer,owner,1
Molzhaninovsky,stalin,cosmetic,agency,1
Troparyovo-Nikulino,stalin,designer,agency,1
Pervomayskoye,khrushchev,no_renovation,owner,1
Kievsky,modern_panel,no_renovation,owner,1
Kurkino,brick,designer,owner,1
Otradnoye,brick,designer,owner,1
Shcherbinka,khrushchev,designer,owner,1
Moskovsky,stalin,designer,owner,1
Golyanovo,stalin,designer,agency,1
Aeroport,stalin,euro,owner,1
Ochakovo-Matveyevskoye,stalin,designer,agency,1
Cheryomushki,panel,designer,owner,1
Vnukovskoye,stalin,designer,agency,1
Yakimanka,monolith,designer,owner,1
Krylatskoye,stalin,designer,owner,1
Kotlovka,monolith,designer,owner,1
Maryina Roshcha,stalin,designer,agency,1
Khoroshyovo-Mnyovniki,khrushchev,designer,owner,1
Gagarinsky,khrushchev,designer,owner,1
Danilovsky,brick,designer,agency,1
Prospekt Vernadskogo,brick,designer,owner,1
Tyoply Stan,monolith,designer,owner,1
Marushkinskoye,monolith,designer,agency,1
Chertanovo Yuzhnoye,stalin,no_renovation,agency,1
Orekhovo-Borisovo Yuzhnoye,stalin,designer,owner,1
Alekseevsky,khrushchev,designer,owner,1
Yuzhnoye Medvedkovo,stalin,designer,owner,1
Mosrentgen,khrushchev,designer,owner,1
Prospekt Vernadskogo,panel,designer,owner,1
Biryulyovo Vostochnoye,brick,designer,owner,1
Rogovskoye,brick,designer,owner,1
Yuzhnoye Tushino,stalin,euro,owner,1
Moskvorechye-Saburovo,stalin,no_renovation,agency,1
Novofyodorovskoye,stalin,no_renovation,owner,1
Severnoye Medvedkovo,stalin,euro,owner,1
Prospekt Vernadskogo,monolith,designer,owner,1
Savyolovsky,stalin,designer,owner,1
Zamoskvorechye,stalin,designer,owner,1
Nagorny,panel,designer,owner,1
Kotlovka,stalin,euro,owner,1
Sokol,stalin,designer,owner,1
Sokolinaya Gora,khrushchev,designer,owner,1
Lomonosovsky,khrushchev,designer,agency,1
Obruchevsky,stalin,designer,agency,1
Sokolniki,stalin,no_renovation,agency,1
Molzhaninovsky,khrushchev,designer,agency,1
Khoroshyovsky,stalin,cosmetic,owner,1
Sosenskoye,stalin,cosmetic,owner,1
Rogovskoye,stalin,no_renovation,owner,1
Severnoye Butovo,brick,designer,agency,1
Basmanny,stalin,no_renovation,agency,1
Babushkinsky,stalin,no_renovation,agency,1
Vostochny,stalin,designer,owner,1
Presnensky,stalin,no_renovation,owner,1
Maryina Roshcha,panel,designer,owner,1
Tverskoy,stalin,designer,agency,1
Meshchansky,monolith,designer,agency,1
Zamoskvorechye,stalin,designer,agency,1
Bogorodskoye,stalin,cosmetic,owner,1
Zyablikovo,stalin,designer,owner,1
Sokolniki,modern_panel,designer,owner,1
Savyolovsky,modern_panel,no_renovation,owner,1
Zyuzino,stalin,cosmetic,owner,1
Aeroport,stalin,no_renovation,owner,1
Aeroport,panel,designer,owner,1
Krylatskoye,stalin,euro,owner,1
Kosino-Ukhtomsky,brick,designer,owner,1
Moskovsky,monolith,designer,owner,1
Mitino,stalin,euro,owner,1
Pokrovskoye-Streshnevo,monolith,designer,owner,1
Brateyevo,stalin,designer,agency,1
Troparyovo-Nikulino,stalin,euro,owner,1
Ramenki,modern_panel,no_renovation,owner,1
Orekhovo-Borisovo Yuzhnoye,modern_panel,designer,owner,1
Koptevo,panel,no_renovation,owner,1
Voronovskoye,stalin,designer,agency,1
Yaroslavsky,modern_panel,designer,owner,1
Meshchansky,stalin,designer,owner,1
Begovoy,panel,designer,owner,1
Donskoy,monolith,designer,owner,1
Molzhaninovsky,khrushchev,designer,owner,1
Strogino,monolith,no_renovation,owner,1
Krasnoselsky,panel,designer,owner,1
Sokol,stalin,designer,agency,1
Yuzhnoye Butovo,stalin,designer,owner,1
Golovinsky,khrushchev,designer,agency,1
Kievsky,stalin,designer,agency,1
Rostokino,brick,designer,agency,1
Prospekt Vernadskogo,stalin,designer,agency,1
Aeroport,khrushchev,designer,owner,1
Voskresenskoye,stalin,euro,owner,1
Perovo,khrushchev,designer,owner,1
Klyonovskoye,stalin,no_renovation,owner,1
Ivanovskoye,monolith,no_renovation,owner,1
Sokolniki,stalin,designer,owner,1
Severny,modern_panel,designer,owner,1
Shcherbinka,stalin,designer,agency,1
Shchukino,stalin,designer,agency,1
Severnoye Tushino,brick,euro,owner,1
Severnoye Medvedkovo,stalin,designer,owner,1
Yuzhnoye Tushino,stalin,euro,agency,1
Khovrino,stalin,no_renovation,owner,1
Severnoye Butovo,stalin,designer,agency,1
Shchukino,stalin,no_renovation,agency,1
Bibirevo,khrushchev,designer,owner,1
Troitsk,brick,no_renovation,owner,1
Mozhaysky,khrushchev,designer,owner,1
Otradnoye,khrushchev,designer,owner,1
Chertanovo Yuzhnoye,stalin,designer,owner,1
Kokoshkino,stalin,euro,agency,1
Tsaritsyno,khrushchev,designer,owner,1
Tagansky,modern_panel,designer,agency,1
Voskresenskoye,monolith,designer,agency,1
Novo-Peredelkino,stalin,designer,agency,1
Vostochnoye Izmaylovo,stalin,designer,owner,1
Yakimanka,panel,designer,owner,1
Sokolinaya Gora,modern_panel,designer,owner,1
Kievsky,stalin,designer,owner,1
Yasenevo,stalin,no_renovation,owner,1
Koptevo,brick,designer,agency,1
Arbat,stalin,no_renovation,owner,1
Gagarinsky,brick,euro,owner,1
Beskudnikovsky,khrushchev,no_renovation,owner,1
Yuzhnoye Medvedkovo,khrushchev,designer,owner,1
Cheryomushki,stalin,designer,agency,1
Chertanovo Yuzhnoye,khrushchev,designer,owner,1
Nagatinsky Zaton,stalin,no_renovation,owner,1
Zelenograd,brick,designer,owner,1
Kievsky,panel,designer,owner,1
Troitsk,monolith,designer,owner,1
Mozhaysky,stalin,no_renovation,owner,1
Levoberezhny,panel,designer,owner,1
Basmanny,stalin,no_renovation,owner,1
Maryina Roshcha,modern_panel,designer,agency,1
Rogovskoye,stalin,no_renovation,agency,1
Shcherbinka,brick,designer,owner,1
Kokoshkino,stalin,no_renovation,agency,1
Vnukovo,khrushchev,designer,owner,1
Brateyevo,stalin,euro,owner,1
Bibirevo,stalin,designer,agency,1
Ryazanovskoye,brick,no_renovation,owner,1
Khoroshyovo-Mnyovniki,modern_panel,designer,owner,1
Shchapovskoye,stalin,euro,owner,1
Zapadnoye Degunino,stalin,designer,agency,1
Voronovskoye,stalin,designer,owner,1
Shchukino,panel,designer,agency,1
Perovo,stalin,no_renovation,agency,1
Dmitrovsky,stalin,no_renovation,owner,1
Kurkino,stalin,euro,owner,1
Vostochny,brick,designer,agency,1
Molzhaninovsky,modern_panel,designer,owner,1
Lomonosovsky,stalin,designer,owner,1
Dmitrovsky,brick,designer,owner,1
Novokosino,khrushchev,designer,owner,1
Levoberezhny,stalin,designer,owner,1
Moskvorechye-Saburovo,khrushchev,no_renovation,owner,1
Vostochnoye Izmaylovo,brick,no_renovation,owner,1
Preobrazhenskoye,stalin,designer,owner,1
Ramenki,panel,designer,owner,1
Pervomayskoye,modern_panel,no_renovation,owner,1
Kokoshkino,stalin,designer,owner,1
Marushkinskoye,stalin,cosmetic,owner,1
Nagorny,stalin,no_renovation,owner,1
Nagatinsky Zaton,brick,designer,owner,1
Orekhovo-Borisovo Severnoye,khrushchev,designer,agency,1
Khoroshyovsky,stalin,designer,agency,1
Nagatinsky Zaton,stalin,euro,owner,1
Nagorny,stalin,euro,owner,1
Pokrovskoye-Streshnevo,stalin,designer,owner,1
Desyonovskoye,khrushchev,euro,owner,1
Filyovsky Park,khrushchev,designer,owner,1
Khovrino,khrushchev,designer,agency,1
Metrogorodok,khrushchev,designer,agency,1
Chertanovo Yuzhnoye,stalin,designer,agency,1
Ryazanovskoye,brick,designer,owner,1
Begovoy,stalin,designer,owner,1
Sokol,khrushchev,designer,agency,1
Veshnyaki,stalin,designer,agency,1
Desyonovskoye,monolith,designer,owner,1
Krasnopakhorskoye,monolith,designer,owner,1
Desyonovskoye,khrushchev,designer,owner,1
Yakimanka,modern_panel,designer,owner,1
Severny,stalin,cosmetic,agency,1
Obruchevsky,panel,designer,agency,1
Losinoostrovsky,khrushchev,no_renovation,owner,1
Biryulyovo Vostochnoye,stalin,cosmetic,agency,1
Molzhaninovsky,stalin,no_renovation,owner,1
Novogireyevo,stalin,no_renovation,owner,1
Akademichesky,stalin,cosmetic,owner,1
Sokolniki,brick,designer,owner,1
Ostankinsky,brick,designer,owner,1
Marushkinskoye,brick,designer,owner,1
Yakimanka,brick,designer,owner,1
Orekhovo-Borisovo Yuzhnoye,brick,designer,agency,1
Novo-Peredelkino,panel,designer,owner,1
Klyonovskoye,modern_panel,designer,owner,1
Tagansky,stalin,designer,owner,1
Meshchansky,stalin,designer,agency,1
Yuzhnoye Tushino,monolith,designer,owner,1
Lomonosovsky,stalin,no_renovation,owner,1
Ramenki,stalin,designer,owner,1
Sokolniki,stalin,no_renovation,owner,1
Sokolniki,panel,designer,owner,1
Dorogomilovo,khrushchev,designer,agency,1
Voskresenskoye,brick,designer,agency,1
Khoroshyovsky,stalin,designer,owner,1
Yakimanka,stalin,designer,agency,1
Tagansky,panel,designer,owner,1
Zyuzino,stalin,designer,agency,1
Rostokino,brick,designer,owner,1
Severny,stalin,no_renovation,owner,1
Vnukovskoye,stalin,cosmetic,owner,1
Kurkino,stalin,designer,owner,1
Kuntsevo,khrushchev,no_renovation,owner,1
Zyuzino,stalin,designer,owner,1
Chertanovo Severnoye,monolith,designer,owner,1
Babushkinsky,khrushchev,designer,agency,1
Krasnopakhorskoye,khrushchev,designer,agency,1
Dorogomilovo,panel,designer,owner,1
Begovoy,stalin,no_renovation,agency,1
Mikhaylovo-Yartsevskoye,stalin,designer,agency,1
Otradnoye,stalin,euro,owner,1
Dmitrovsky,stalin,designer,agency,1
Butyrsky,brick,no_renovation,owner,1
Obruchevsky,modern_panel,designer,owner,1
Akademichesky,modern_panel,designer,owner,1
Strogino,brick,designer,owner,1
Molzhaninovsky,stalin,designer,agency,1
Zamoskvorechye,brick,designer,owner,1
Butyrsky,stalin,designer,agency,1
Izmaylovo,stalin,designer,agency,1
Dmitrovsky,stalin,designer,owner,1
Dorogomilovo,modern_panel,designer,owner,1
Pokrovskoye-Streshnevo,stalin,no_renovation,owner,1
Kokoshkino,stalin,designer,agency,1
Yasenevo,panel,designer,owner,1
Yuzhnoye Medvedkovo,brick,designer,owner,1
Altufyevsky,brick,designer,owner,1
Vnukovo,monolith,designer,owner,1
Filimonkovskoye,khrushchev,designer,agency,1
Nagatino-Sadovniki,stalin,designer,owner,1
Moskovsky,khrushchev,designer,owner,1
Donskoy,stalin,no_renovation,owner,1
Tsaritsyno,stalin,no_renovation,owner,1
Shchukino,modern_panel,designer,owner,1
Khoroshyovsky,stalin,no_renovation,owner,1
Pervomayskoye,stalin,no_renovation,owner,1
Voykovsky,stalin,designer,agency,1
Solntsevo,panel,designer,owner,1
Yaroslavsky,stalin,euro,agency,1
Golyanovo,stalin,no_renovation,owner,1
Troparyovo-Nikulino,khrushchev,no_renovation,owner,1
Yaroslavsky,brick,designer,owner,1
Lomonosovsky,stalin,designer,agency,1
Rostokino,stalin,designer,owner,1
Golovinsky,stalin,designer,owner,1
Nagatinsky Zaton,modern_panel,designer,owner,1
Mitino,stalin,no_renovation,owner,1
Sokolniki,stalin,cosmetic,owner,1
Troitsk,khrushchev,no_renovation,owner,1
Yasenevo,brick,designer,owner,1
Perovo,stalin,designer,owner,1
Zyuzino,panel,designer,owner,1
Tagansky,stalin,cosmetic,owner,1
Metrogorodok,panel,designer,owner,1
Severnoye Tushino,modern_panel,designer,owner,1
Severnoye Tushino,monolith,designer,owner,1
Krasnopakhorskoye,stalin,designer,owner,1
Marfino,stalin,designer,owner,1
Presnensky,modern_panel,designer,owner,1
Ostankinsky,stalin,designer,agency,1
Severnoye Izmaylovo,panel,designer,owner,1
Chertanovo Tsentralnoye,stalin,cosmetic,owner,1
Zyablikovo,stalin,no_renovation,owner,1
Khamovniki,stalin,no_renovation,owner,1
Losinoostrovsky,panel,designer,owner,1
Akademichesky,stalin,no_renovation,owner,1
Biryulyovo Zapadnoye,stalin,no_renovation,owner,1
Begovoy,stalin,no_renovation,owner,1
Izmaylovo,modern_panel,designer,owner,1
Voronovskoye,khrushchev,designer,owner,1
Biryulyovo Zapadnoye,stalin,designer,owner,1
Yakimanka,stalin,designer,owner,1
Vnukovo,stalin,designer,owner,1
Otradnoye,brick,no_renovation,owner,1
Kosino-Ukhtomsky,monolith,designer,owner,1
Tyoply Stan,panel,designer,owner,1
Novofyodorovskoye,stalin,no_renovation,agency,1
Brateyevo,khrushchev,designer,owner,1
Severnoye Tushino,khrushchev,designer,owner,1
Koptevo,stalin,euro,owner,1
Novogireyevo,stalin,designer,agency,1
Akademichesky,stalin,designer,owner,1
Ramenki,monolith,designer,agency,1
Solntsevo,stalin,designer,owner,1
Gagarinsky,brick,designer,agency,1
Moskovsky,brick,designer,owner,1
Khoroshyovo-Mnyovniki,panel,designer,agency,1
Shchapovskoye,monolith,designer,owner,1
Zapadnoye Degunino,khrushchev,designer,owner,1
Kokoshkino,modern_panel,designer,owner,1
Nagatino-Sadovniki,modern_panel,designer,owner,1
Sokolniki,stalin,designer,agency,1
Zamoskvorechye,modern_panel,designer,owner,1
Dmitrovsky,stalin,euro,owner,1
Yuzhnoye Butovo,monolith,designer,owner,1
Sokolniki,stalin,euro,owner,1
Ochakovo-Matveyevskoye,khrushchev,designer,agency,1
Otradnoye,panel,designer,owner,1
Golovinsky,modern_panel,designer,owner,1
Mozhaysky,modern_panel,designer,owner,1
Ryazanovskoye,stalin,euro,owner,1
Severnoye Tushino,stalin,no_renovation,owner,1
Maryina Roshcha,stalin,designer,owner,1
Begovoy,modern_panel,designer,owner,1
Beskudnikovsky,modern_panel,no_renovation,owner,1
Khamovniki,brick,designer,owner,1
Kuntsevo,stalin,designer,agency,1
Ostankinsky,stalin,designer,owner,1
Lianozovo,brick,no_renovation,owner,1
Troparyovo-Nikulino,stalin,no_renovation,owner,1
Izmaylovo,khrushchev,designer,owner,1
Mitino,khrushchev,designer,owner,1
Moskovsky,stalin,designer,agency,1
Presnensky,khrushchev,designer,owner,1
Sokol,khrushchev,designer,owner,1
Izmaylovo,stalin,euro,owner,1
Rogovskoye,monolith,designer,owner,1
Yakimanka,khrushchev,designer,owner,1
Severny,stalin,cosmetic,owner,1
Fili-Davydkovo,modern_panel,designer,owner,1
Krasnopakhorskoye,modern_panel,no_renovation,owner,1
Kosino-Ukhtomsky,panel,designer,owner,1
Vnukovskoye,monolith,designer,agency,1
Zelenograd,modern_panel,designer,agency,1
Yaroslavsky,panel,designer,owner,1
Kuntsevo,stalin,no_renovation,owner,1
Lomonosovsky,khrushchev,designer,owner,1
Mikhaylovo-Yartsevskoye,stalin,euro,owner,1
Mosrentgen,stalin,designer,agency,1
Krasnoselsky,khrushchev,designer,agency,1
Yakimanka,stalin,euro,owner,1
Presnensky,panel,designer,owner,1
Akademichesky,stalin,designer,agency,1
Levoberezhny,brick,designer,agency,1
Novo-Peredelkino,stalin,euro,owner,1
Novogireyevo,panel,designer,owner,1
Filimonkovskoye,brick,designer,owner,1
Pervomayskoye,panel,designer,owner,1
Biryulyovo Vostochnoye,stalin,no_renovation,owner,1
Sokol,brick,designer,owner,1
Bogorodskoye,panel,designer,owner,1
Shchukino,stalin,no_renovation,owner,1
Mosrentgen,panel,no_renovation,owner,1
Desyonovskoye,stalin,designer,agency,1
Novokosino,stalin,designer,owner,1
Orekhovo-Borisovo Yuzhnoye,brick,no_renovation,owner,1
Levoberezhny,khrushchev,designer,owner,1
Mitino,monolith,designer,owner,1
Kotlovka,stalin,designer,agency,1
Severny,khrushchev,designer,owner,1
Mitino,stalin,no_renovation,agency,1
Kotlovka,khrushchev,designer,agency,1
Sokolniki,khrushchev,designer,owner,1
Losinoostrovsky,stalin,no_renovation,owner,1
Sokolniki,brick,designer,agency,1
Ramenki,monolith,designer,owner,1
Mitino,panel,designer,owner,1
Metrogorodok,stalin,designer,agency,1
